PILOT_FLY_OPS,OTH_FLT_FLY_OPS,TRAIN_FLY_OPS,PERS_EXP_FLY_OPS,PRO_FLY_OPS,INTERCHG_FLY_OPS,FUEL_FLY_OPS,OIL_FLY_OPS,RENTAL_FLY_OPS,OTHER_FLY_OPS,INS_FLY_OPS,BENEFITS_FLY_OPS,INCIDENT_FLY_OPS,PAY_TAX_FLY_OPS,OTH_TAX_FLY_OPS,OTHER_EXP_FLY_OPS,TOT_FLY_OPS,AIRFRAME_LABOR,ENGINE_LABOR,AIRFRAME_REPAIR,ENGINE_REPAIRS,INTERCHG_CHARG,AIRFRAME_MATERIALS,ENGINE_MATERIALS,AIRFRAME_ALLOW,AIRFRAME_OVERHAULS,ENGINE_ALLOW,ENGINE_OVERHAULS,TOT_DIR_MAINT,AP_MT_BURDEN,TOT_FLT_MAINT_MEMO,NET_OBSOL_PARTS,AIRFRAME_DEP,ENGINE_DEP,PARTS_DEP,ENG_PARTS_DEP,OTH_FLT_EQUIP_DEP,OTH_FLT_EQUIP_DEP_GRP_I,FLT_EQUIP_A_EXP,FLY_OPS_EXP_I_A,TOT_AIR_OP_EXPENSES,DEV_N_PREOP_EXP,OTH_INTANGIBLES,EQUIP_N_HANGAR_DEP,G_PROP_DEP,CAP_LEASES_DEP,TOTAL_AIR_HOURS,AIR_DAYS_ASSIGN,AIR_FUELS_ISSUED,AIRCRAFT_CONFIG,AIRCRAFT_GROUP,AIRCRAFT_TYPE,AIRLINE_ID,UNIQUE_CARRIER,UNIQUE_CARRIER_NAME,CARRIER,CARRIER_NAME,UNIQUE_CARRIER_ENTITY,REGION,CARRIER_GROUP_NEW,CARRIER_GROUP,YEAR,QUARTER
,,,,,,,,,,,,,,,,,,,,,,,,,,,,,,,,,,,,,,,,,,,,,,0.00,0.00,0.00,1,3,390,21652,27Q,"Jet Aviation Flight Services, Inc.",27Q,"Jet Aviation Flight Services, Inc.",11046,I,2,2,2025,1
,,,,,,,,,,,,,,,,,,,,,,,,,,,,,,,,,,,,,,,,,,,,,,0.00,0.00,0.00,1,3,390,21652,27Q,"Jet Aviation Flight Services, Inc.",27Q,"Jet Aviation Flight Services, Inc.",11046,I,2,2,2025,2
,,,,,,,,,,,,,,,,,,,,,,,,,,,,,,,,,,,,,,,,,,,,,,0.00,0.00,0.00,1,3,390,21652,27Q,"Jet Aviation Flight Services, Inc.",27Q,"Jet Aviation Flight Services, Inc.",11046,I,2,2,2025,3
,,,,,,,,,,,,,,,,,,,,,,,,,,,,,,,,,,,,,,,,,,,,,,0.00,0.00,0.00,1,3,390,21652,27Q,"Jet Aviation Flight Services, Inc.",27Q,"Jet Aviation Flight Services, Inc.",11046,I,2,2,2025,4
,,,,,,,,,,,,,,,,,,,,,,,,,,,,,,,,,,,,,,,,,,,,,,0.00,0.00,0.00,1,6,515,21652,27Q,"Jet Aviation Flight Services, Inc.",27Q,"Jet Aviation Flight Services, Inc.",11046,I,2,2,2025,3
,,,,,,,,,,,,,,,,,,,,,,,,,,,,,,,,,,,,,,,,,,,,,,0.00,0.00,0.00,1,6,515,21652,27Q,"Jet Aviation Flight Services, Inc.",27Q,"Jet Aviation Flight Services, Inc.",11046,I,2,2,2025,4
,,,,,,,,,,,,,,,,,,,,,,,,,,,,,,,,,,,,,,,,,,,,,,0.00,0.00,0.00,1,6,641,21652,27Q,"Jet Aviation Flight Services, Inc.",27Q,"Jet Aviation Flight Services, Inc.",11046,I,2,2,2025,1
,,,,,,,,,,,,,,,,,,,,,,,,,,,,,,,,,,,,,,,,,,,,,,0.00,0.00,0.00,1,6,641,21652,27Q,"Jet Aviation Flight Services, Inc.",27Q,"Jet Aviation Flight Services, Inc.",11046,I,2,2,2025,2
,,,,,,,,,,,,,,,,,,,,,,,,,,,,,,,,,,,,,,,,,,,,,,0.00,0.00,0.00,1,6,648,21652,27Q,"Jet Aviation Flight Services, Inc.",27Q,"Jet Aviation Flight Services, Inc.",11046,I,2,2,2025,4
,,,,,,,,,,,,,,,,,,,,,,,,,,,,,,,,,,,,,,,,,,,,,,0.00,0.00,0.00,1,6,667,21652,27Q,"Jet Aviation Flight Services, Inc.",27Q,"Jet Aviation Flight Services, Inc.",11046,I,2,2,2025,1
,,,,,,,,,,,,,,,,,,,,,,,,,,,,,,,,,,,,,,,,,,,,,,0.00,0.00,0.00,1,6,667,21652,27Q,"Jet Aviation Flight Services, Inc.",27Q,"Jet Aviation Flight Services, Inc.",11046,I,2,2,2025,2
,,,,,,,,,,,,,,,,,,,,,,,,,,,,,,,,,,,,,,,,,,,,,,0.00,0.00,0.00,1,6,669,21652,27Q,"Jet Aviation Flight Services, Inc.",27Q,"Jet Aviation Flight Services, Inc.",01194,D,2,2,2025,1
,,,,,,,,,,,,,,,,,,,,,,,,,,,,,,,,,,,,,,,,,,,,,,0.00,0.00,0.00,1,6,669,21652,27Q,"Jet Aviation Flight Services, Inc.",27Q,"Jet Aviation Flight Services, Inc.",01194,D,2,2,2025,2
,,,,,,,,,,,,,,,,,,,,,,,,,,,,,,,,,,,,,,,,,,,,,,0.00,0.00,0.00,1,6,669,21652,27Q,"Jet Aviation Flight Services, Inc.",27Q,"Jet Aviation Flight Services, Inc.",01194,D,2,2,2025,3
,,,,,,,,,,,,,,,,,,,,,,,,,,,,,,,,,,,,,,,,,,,,,,0.00,0.00,0.00,1,6,669,21652,27Q,"Jet Aviation Flight Services, Inc.",27Q,"Jet Aviation Flight Services, Inc.",01194,D,2,2,2025,4
,,,,,,,,,,,,,,,,,,,,,,,,,,,,,,,,,,,,,,,,,,,,,,0.00,0.00,0.00,1,6,669,21652,27Q,"Jet Aviation Flight Services, Inc.",27Q,"Jet Aviation Flight Services, Inc.",11046,I,2,2,2025,1
,,,,,,,,,,,,,,,,,,,,,,,,,,,,,,,,,,,,,,,,,,,,,,0.00,0.00,0.00,1,6,669,21652,27Q,"Jet Aviation Flight Services, Inc.",27Q,"Jet Aviation Flight Services, Inc.",11046,I,2,2,2025,2
,,,,,,,,,,,,,,,,,,,,,,,,,,,,,,,,,,,,,,,,,,,,,,0.00,0.00,0.00,1,6,669,21652,27Q,"Jet Aviation Flight Services, Inc.",27Q,"Jet Aviation Flight Services, Inc.",11046,I,2,2,2025,3
,,,,,,,,,,,,,,,,,,,,,,,,,,,,,,,,,,,,,,,,,,,,,,0.00,0.00,0.00,1,6,669,21652,27Q,"Jet Aviation Flight Services, Inc.",27Q,"Jet Aviation Flight Services, Inc.",11046,I,2,2,2025,4
,,,,,,,,,,,,,,,,,,,,,,,,,,,,,,,,,,,,,,,,,,,,,,0.00,0.00,0.00,1,6,671,21652,27Q,"Jet Aviation Flight Services, Inc.",27Q,"Jet Aviation Flight Services, Inc.",11046,I,2,2,2025,1
,,,,,,,,,,,,,,,,,,,,,,,,,,,,,,,,,,,,,,,,,,,,,,0.00,0.00,0.00,1,6,671,21652,27Q,"Jet Aviation Flight Services, Inc.",27Q,"Jet Aviation Flight Services, Inc.",11046,I,2,2,2025,2
,,,,,,,,,,,,,,,,,,,,,,,,,,,,,,,,,,,,,,,,,,,,,,0.00,0.00,0.00,1,6,671,21652,27Q,"Jet Aviation Flight Services, Inc.",27Q,"Jet Aviation Flight Services, Inc.",11046,I,2,2,2025,3
,,,,,,,,,,,,,,,,,,,,,,,,,,,,,,,,,,,,,,,,,,,,,,0.00,0.00,0.00,1,6,671,21652,27Q,"Jet Aviation Flight Services, Inc.",27Q,"Jet Aviation Flight Services, Inc.",11046,I,2,2,2025,4
,,,,,,,,,,,,,,,,,,,,,,,,,,,,,,,,,,,,,,,,,,,,,,0.00,0.00,0.00,1,6,672,21652,27Q,"Jet Aviation Flight Services, Inc.",27Q,"Jet Aviation Flight Services, Inc.",01194,D,2,2,2025,1
,,,,,,,,,,,,,,,,,,,,,,,,,,,,,,,,,,,,,,,,,,,,,,0.00,0.00,0.00,1,6,672,21652,27Q,"Jet Aviation Flight Services, Inc.",27Q,"Jet Aviation Flight Services, Inc.",01194,D,2,2,2025,2
,,,,,,,,,,,,,,,,,,,,,,,,,,,,,,,,,,,,,,,,,,,,,,0.00,0.00,0.00,1,6,672,21652,27Q,"Jet Aviation Flight Services, Inc.",27Q,"Jet Aviation Flight Services, Inc.",01194,D,2,2,2025,3
,,,,,,,,,,,,,,,,,,,,,,,,,,,,,,,,,,,,,,,,,,,,,,0.00,0.00,0.00,1,6,672,21652,27Q,"Jet Aviation Flight Services, Inc.",27Q,"Jet Aviation Flight Services, Inc.",01194,D,2,2,2025,4
,,,,,,,,,,,,,,,,,,,,,,,,,,,,,,,,,,,,,,,,,,,,,,0.00,0.00,0.00,1,6,672,21652,27Q,"Jet Aviation Flight Services, Inc.",27Q,"Jet Aviation Flight Services, Inc.",11046,I,2,2,2025,1
,,,,,,,,,,,,,,,,,,,,,,,,,,,,,,,,,,,,,,,,,,,,,,0.00,0.00,0.00,1,6,672,21652,27Q,"Jet Aviation Flight Services, Inc.",27Q,"Jet Aviation Flight Services, Inc.",11046,I,2,2,2025,2
,,,,,,,,,,,,,,,,,,,,,,,,,,,,,,,,,,,,,,,,,,,,,,0.00,0.00,0.00,1,6,672,21652,27Q,"Jet Aviation Flight Services, Inc.",27Q,"Jet Aviation Flight Services, Inc.",11046,I,2,2,2025,3
,,,,,,,,,,,,,,,,,,,,,,,,,,,,,,,,,,,,,,,,,,,,,,0.00,0.00,0.00,1,6,672,21652,27Q,"Jet Aviation Flight Services, Inc.",27Q,"Jet Aviation Flight Services, Inc.",11046,I,2,2,2025,4
,,,,,,,,,,,,,,,,,,,,,,,,,,,,,,,,,,,,,,,,,,,,,,0.00,0.00,0.00,1,6,682,21652,27Q,"Jet Aviation Flight Services, Inc.",27Q,"Jet Aviation Flight Services, Inc.",01194,D,2,2,2025,2
,,,,,,,,,,,,,,,,,,,,,,,,,,,,,,,,,,,,,,,,,,,,,,0.00,0.00,0.00,1,6,682,21652,27Q,"Jet Aviation Flight Services, Inc.",27Q,"Jet Aviation Flight Services, Inc.",11046,I,2,2,2025,2
,,,,,,,,,,,,,,,,,,,,,,,,,,,,,,,,,,,,,,,,,,,,,,0.00,0.00,0.00,1,6,682,21652,27Q,"Jet Aviation Flight Services, Inc.",27Q,"Jet Aviation Flight Services, Inc.",11046,I,2,2,2025,3
,,,,,,,,,,,,,,,,,,,,,,,,,,,,,,,,,,,,,,,,,,,,,,0.00,0.00,0.00,1,6,682,21652,27Q,"Jet Aviation Flight Services, Inc.",27Q,"Jet Aviation Flight Services, Inc.",11046,I,2,2,2025,4
,,,,,,,,,,,,,,,,,,,,,,,,,,,,,,,,,,,,,,,,,,,,,,0.00,0.00,0.00,1,6,684,21652,27Q,"Jet Aviation Flight Services, Inc.",27Q,"Jet Aviation Flight Services, Inc.",01194,D,2,2,2025,1
,,,,,,,,,,,,,,,,,,,,,,,,,,,,,,,,,,,,,,,,,,,,,,0.00,0.00,0.00,1,6,684,21652,27Q,"Jet Aviation Flight Services, Inc.",27Q,"Jet Aviation Flight Services, Inc.",01194,D,2,2,2025,2
,,,,,,,,,,,,,,,,,,,,,,,,,,,,,,,,,,,,,,,,,,,,,,0.00,0.00,0.00,1,6,684,21652,27Q,"Jet Aviation Flight Services, Inc.",27Q,"Jet Aviation Flight Services, Inc.",01194,D,2,2,2025,3
,,,,,,,,,,,,,,,,,,,,,,,,,,,,,,,,,,,,,,,,,,,,,,0.00,0.00,0.00,1,6,684,21652,27Q,"Jet Aviation Flight Services, Inc.",27Q,"Jet Aviation Flight Services, Inc.",01194,D,2,2,2025,4
,,,,,,,,,,,,,,,,,,,,,,,,,,,,,,,,,,,,,,,,,,,,,,0.00,0.00,0.00,1,6,684,21652,27Q,"Jet Aviation Flight Services, Inc.",27Q,"Jet Aviation Flight Services, Inc.",11046,I,2,2,2025,1
,,,,,,,,,,,,,,,,,,,,,,,,,,,,,,,,,,,,,,,,,,,,,,0.00,0.00,0.00,1,6,684,21652,27Q,"Jet Aviation Flight Services, Inc.",27Q,"Jet Aviation Flight Services, Inc.",11046,I,2,2,2025,2
,,,,,,,,,,,,,,,,,,,,,,,,,,,,,,,,,,,,,,,,,,,,,,0.00,0.00,0.00,1,6,684,21652,27Q,"Jet Aviation Flight Services, Inc.",27Q,"Jet Aviation Flight Services, Inc.",11046,I,2,2,2025,3
,,,,,,,,,,,,,,,,,,,,,,,,,,,,,,,,,,,,,,,,,,,,,,0.00,0.00,0.00,1,6,684,21652,27Q,"Jet Aviation Flight Services, Inc.",27Q,"Jet Aviation Flight Services, Inc.",11046,I,2,2,2025,4
,,,,,,,,,,,,,,,,,,,,,,,,,,,,,,,,,,,,,,,,,,,,,,0.00,0.00,0.00,1,6,745,21652,27Q,"Jet Aviation Flight Services, Inc.",27Q,"Jet Aviation Flight Services, Inc.",11046,I,2,2,2025,1
,,,,,,,,,,,,,,,,,,,,,,,,,,,,,,,,,,,,,,,,,,,,,,0.00,0.00,0.00,1,6,745,21652,27Q,"Jet Aviation Flight Services, Inc.",27Q,"Jet Aviation Flight Services, Inc.",11046,I,2,2,2025,2
,,,,,,,,,,,,,,,,,,,,,,,,,,,,,,,,,,,,,,,,,,,,,,0.00,0.00,0.00,1,6,751,21652,27Q,"Jet Aviation Flight Services, Inc.",27Q,"Jet Aviation Flight Services, Inc.",11046,I,2,2,2025,1
,,,,,,,,,,,,,,,,,,,,,,,,,,,,,,,,,,,,,,,,,,,,,,0.00,0.00,0.00,1,6,751,21652,27Q,"Jet Aviation Flight Services, Inc.",27Q,"Jet Aviation Flight Services, Inc.",11046,I,2,2,2025,3
,,,,,,,,,,,,,,,,,,,,,,,,,,,,,,,,,,,,,,,,,,,,,,0.00,0.00,0.00,1,7,770,21652,27Q,"Jet Aviation Flight Services, Inc.",27Q,"Jet Aviation Flight Services, Inc.",11046,I,2,2,2025,2
,,,,,,,,,,,,,,,,,,,,,,,,,,,,,,,,,,,,,,,,,,,,,,0.00,0.00,0.00,1,7,775,21652,27Q,"Jet Aviation Flight Services, Inc.",27Q,"Jet Aviation Flight Services, Inc.",11046,I,2,2,2025,1
,,,,,,,,,,,,,,,,,,,,,,,,,,,,,,,,,,,,,,,,,,,,,,0.00,0.00,0.00,3,6,665,21652,27Q,"Jet Aviation Flight Services, Inc.",27Q,"Jet Aviation Flight Services, Inc.",01194,D,2,2,2025,1
,,,,,,,,,,,,,,,,,,,,,,,,,,,,,,,,,,,,,,,,,,,,,,0.00,0.00,0.00,3,6,665,21652,27Q,"Jet Aviation Flight Services, Inc.",27Q,"Jet Aviation Flight Services, Inc.",01194,D,2,2,2025,2
,,,,,,,,,,,,,,,,,,,,,,,,,,,,,,,,,,,,,,,,,,,,,,0.00,0.00,0.00,3,6,665,21652,27Q,"Jet Aviation Flight Services, Inc.",27Q,"Jet Aviation Flight Services, Inc.",01194,D,2,2,2025,4
,,,,,,,,,,,,,,,,,,,,,,,,,,,,,,,,,,,,,,,,,,,,,,0.00,0.00,0.00,3,6,665,21652,27Q,"Jet Aviation Flight Services, Inc.",27Q,"Jet Aviation Flight Services, Inc.",11046,I,2,2,2025,1
,,,,,,,,,,,,,,,,,,,,,,,,,,,,,,,,,,,,,,,,,,,,,,0.00,0.00,0.00,3,6,665,21652,27Q,"Jet Aviation Flight Services, Inc.",27Q,"Jet Aviation Flight Services, Inc.",11046,I,2,2,2025,4
,,,,,,,,,,,,,,,,,,,,,,,,,,,,,,,,,,,,,,,,,,,,,,0.00,0.00,0.53,1,4,892,21652,27Q,"Jet Aviation Flight Services, Inc.",27Q,"Jet Aviation Flight Services, Inc.",11046,I,2,2,2025,4
,,,,,,,,,,,,,,,,,,,,,,,,,,,,,,,,,,,,,,,,,,,,,,0.01,0.01,2.01,1,7,770,21652,27Q,"Jet Aviation Flight Services, Inc.",27Q,"Jet Aviation Flight Services, Inc.",11046,I,2,2,2025,1
,,,,,,,,,,,,,,,,,,,,,,,,,,,,,,,,,,,,,,,,,,,,,,0.01,0.01,2.87,1,6,641,21652,27Q,"Jet Aviation Flight Services, Inc.",27Q,"Jet Aviation Flight Services, Inc.",11046,I,2,2,2025,3
,,,,,,,,,,,,,,,,,,,,,,,,,,,,,,,,,,,,,,,,,,,,,,0.01,0.01,3.30,1,6,745,21652,27Q,"Jet Aviation Flight Services, Inc.",27Q,"Jet Aviation Flight Services, Inc.",11046,I,2,2,2025,3
,,,,,,,,,,,,,,,,,,,,,,,,,,,,,,,,,,,,,,,,,,,,,,0.02,0.00,1.98,1,6,751,21652,27Q,"Jet Aviation Flight Services, Inc.",27Q,"Jet Aviation Flight Services, Inc.",11046,I,2,2,2025,4
,,,,,,,,,,,,,,,,,,,,,,,,,,,,,,,,,,,,,,,,,,,,,,0.02,0.01,2.43,1,6,648,21652,27Q,"Jet Aviation Flight Services, Inc.",27Q,"Jet Aviation Flight Services, Inc.",11046,I,2,2,2025,3
,,,,,,,,,,,,,,,,,,,,,,,,,,,,,,,,,,,,,,,,,,,,,,0.02,0.01,3.67,1,6,648,21652,27Q,"Jet Aviation Flight Services, Inc.",27Q,"Jet Aviation Flight Services, Inc.",11046,I,2,2,2025,2
,,,,,,,,,,,,,,,,,,,,,,,,,,,,,,,,,,,,,,,,,,,,,,0.03,0.00,0.80,1,6,745,21652,27Q,"Jet Aviation Flight Services, Inc.",27Q,"Jet Aviation Flight Services, Inc.",11046,I,2,2,2025,4
,,,,,,,,,,,,,,,,,,,,,,,,,,,,,,,,,,,,,,,,,,,,,,0.03,0.01,2.04,1,6,688,21652,27Q,"Jet Aviation Flight Services, Inc.",27Q,"Jet Aviation Flight Services, Inc.",11046,I,2,2,2025,2
,,,,,,,,,,,,,,,,,,,,,,,,,,,,,,,,,,,,,,,,,,,,,,0.03,0.01,5.71,1,6,751,21652,27Q,"Jet Aviation Flight Services, Inc.",27Q,"Jet Aviation Flight Services, Inc.",11046,I,2,2,2025,2
,,,,,,,,,,,,,,,,,,,,,,,,,,,,,,,,,,,,,,,,,,,,,,0.03,0.02,4.49,1,6,648,21652,27Q,"Jet Aviation Flight Services, Inc.",27Q,"Jet Aviation Flight Services, Inc.",11046,I,2,2,2025,1
,,,,,,,,,,,,,,,,,,,,,,,,,,,,,,,,,,,,,,,,,,,,,,0.04,0.01,4.03,1,6,609,21652,27Q,"Jet Aviation Flight Services, Inc.",27Q,"Jet Aviation Flight Services, Inc.",11046,I,2,2,2025,1
,,,,,,,,,,,,,,,,,,,,,,,,,,,,,,,,,,,,,,,,,,,,,,0.04,0.02,5.41,1,6,515,21652,27Q,"Jet Aviation Flight Services, Inc.",27Q,"Jet Aviation Flight Services, Inc.",11046,I,2,2,2025,2
,,,,,,,,,,,,,,,,,,,,,,,,,,,,,,,,,,,,,,,,,,,,,,0.04,0.02,6.03,1,7,770,21652,27Q,"Jet Aviation Flight Services, Inc.",27Q,"Jet Aviation Flight Services, Inc.",11046,I,2,2,2025,4
,,,,,,,,,,,,,,,,,,,,,,,,,,,,,,,,,,,,,,,,,,,,,,0.04,0.03,10.16,1,6,609,21652,27Q,"Jet Aviation Flight Services, Inc.",27Q,"Jet Aviation Flight Services, Inc.",11046,I,2,2,2025,3
,,,,,,,,,,,,,,,,,,,,,,,,,,,,,,,,,,,,,,,,,,,,,,0.04,0.03,11.32,1,6,609,21652,27Q,"Jet Aviation Flight Services, Inc.",27Q,"Jet Aviation Flight Services, Inc.",11046,I,2,2,2025,2
,,,,,,,,,,,,,,,,,,,,,,,,,,,,,,,,,,,,,,,,,,,,,,0.04,0.03,12.34,1,6,667,21652,27Q,"Jet Aviation Flight Services, Inc.",27Q,"Jet Aviation Flight Services, Inc.",11046,I,2,2,2025,3
,,,,,,,,,,,,,,,,,,,,,,,,,,,,,,,,,,,,,,,,,,,,,,0.05,0.01,1.53,3,6,665,21652,27Q,"Jet Aviation Flight Services, Inc.",27Q,"Jet Aviation Flight Services, Inc.",11046,I,2,2,2025,3
,,,,,,,,,,,,,,,,,,,,,,,,,,,,,,,,,,,,,,,,,,,,,,0.05,0.01,1.58,3,6,665,21652,27Q,"Jet Aviation Flight Services, Inc.",27Q,"Jet Aviation Flight Services, Inc.",01194,D,2,2,2025,3
,,,,,,,,,,,,,,,,,,,,,,,,,,,,,,,,,,,,,,,,,,,,,,0.05,0.01,5.17,1,6,515,21652,27Q,"Jet Aviation Flight Services, Inc.",27Q,"Jet Aviation Flight Services, Inc.",11046,I,2,2,2025,1
,,,,,,,,,,,,,,,,,,,,,,,,,,,,,,,,,,,,,,,,,,,,,,0.05,0.03,12.27,1,6,688,21652,27Q,"Jet Aviation Flight Services, Inc.",27Q,"Jet Aviation Flight Services, Inc.",11046,I,2,2,2025,1
,,,,,,,,,,,,,,,,,,,,,,,,,,,,,,,,,,,,,,,,,,,,,,0.05,0.04,23.76,1,6,658,21652,27Q,"Jet Aviation Flight Services, Inc.",27Q,"Jet Aviation Flight Services, Inc.",11046,I,2,2,2025,1
,,,,,,,,,,,,,,,,,,,,,,,,,,,,,,,,,,,,,,,,,,,,,,0.06,0.03,13.71,1,6,751,21652,27Q,"Jet Aviation Flight Services, Inc.",27Q,"Jet Aviation Flight Services, Inc.",01194,D,2,2,2025,2
,,,,,,,,,,,,,,,,,,,,,,,,,,,,,,,,,,,,,,,,,,,,,,0.06,0.03,14.69,1,7,775,21652,27Q,"Jet Aviation Flight Services, Inc.",27Q,"Jet Aviation Flight Services, Inc.",11046,I,2,2,2025,3
,,,,,,,,,,,,,,,,,,,,,,,,,,,,,,,,,,,,,,,,,,,,,,0.06,0.04,19.49,1,6,667,21652,27Q,"Jet Aviation Flight Services, Inc.",27Q,"Jet Aviation Flight Services, Inc.",11046,I,2,2,2025,4
,,,,,,,,,,,,,,,,,,,,,,,,,,,,,,,,,,,,,,,,,,,,,,0.07,0.01,1.68,1,6,682,21652,27Q,"Jet Aviation Flight Services, Inc.",27Q,"Jet Aviation Flight Services, Inc.",11046,I,2,2,2025,1
,,,,,,,,,,,,,,,,,,,,,,,,,,,,,,,,,,,,,,,,,,,,,,0.07,0.01,5.20,1,6,751,21652,27Q,"Jet Aviation Flight Services, Inc.",27Q,"Jet Aviation Flight Services, Inc.",01194,D,2,2,2025,4
,,,,,,,,,,,,,,,,,,,,,,,,,,,,,,,,,,,,,,,,,,,,,,0.07,0.02,11.41,1,6,750,21652,27Q,"Jet Aviation Flight Services, Inc.",27Q,"Jet Aviation Flight Services, Inc.",11046,I,2,2,2025,3
,,,,,,,,,,,,,,,,,,,,,,,,,,,,,,,,,,,,,,,,,,,,,,0.07,0.03,8.62,1,6,609,21652,27Q,"Jet Aviation Flight Services, Inc.",27Q,"Jet Aviation Flight Services, Inc.",11046,I,2,2,2025,4
,,,,,,,,,,,,,,,,,,,,,,,,,,,,,,,,,,,,,,,,,,,,,,0.07,0.04,21.67,1,6,750,21652,27Q,"Jet Aviation Flight Services, Inc.",27Q,"Jet Aviation Flight Services, Inc.",11046,I,2,2,2025,2
,,,,,,,,,,,,,,,,,,,,,,,,,,,,,,,,,,,,,,,,,,,,,,0.07,0.06,29.14,1,7,775,21652,27Q,"Jet Aviation Flight Services, Inc.",27Q,"Jet Aviation Flight Services, Inc.",11046,I,2,2,2025,4
,,,,,,,,,,,,,,,,,,,,,,,,,,,,,,,,,,,,,,,,,,,,,,0.07,0.06,45.89,1,6,641,21652,27Q,"Jet Aviation Flight Services, Inc.",27Q,"Jet Aviation Flight Services, Inc.",01194,D,2,2,2025,4
,,,,,,,,,,,,,,,,,,,,,,,,,,,,,,,,,,,,,,,,,,,,,,0.08,0.03,14.90,1,6,688,21652,27Q,"Jet Aviation Flight Services, Inc.",27Q,"Jet Aviation Flight Services, Inc.",11046,I,2,2,2025,4
,,,,,,,,,,,,,,,,,,,,,,,,,,,,,,,,,,,,,,,,,,,,,,0.08,0.03,15.83,1,6,641,21652,27Q,"Jet Aviation Flight Services, Inc.",27Q,"Jet Aviation Flight Services, Inc.",01194,D,2,2,2025,3
,,,,,,,,,,,,,,,,,,,,,,,,,,,,,,,,,,,,,,,,,,,,,,0.08,0.04,17.67,1,6,688,21652,27Q,"Jet Aviation Flight Services, Inc.",27Q,"Jet Aviation Flight Services, Inc.",11046,I,2,2,2025,3
,,,,,,,,,,,,,,,,,,,,,,,,,,,,,,,,,,,,,,,,,,,,,,0.09,0.00,0.74,1,3,390,21652,27Q,"Jet Aviation Flight Services, Inc.",27Q,"Jet Aviation Flight Services, Inc.",01194,D,2,2,2025,1
,,,,,,,,,,,,,,,,,,,,,,,,,,,,,,,,,,,,,,,,,,,,,,0.09,0.00,1.43,3,6,665,21652,27Q,"Jet Aviation Flight Services, Inc.",27Q,"Jet Aviation Flight Services, Inc.",11046,I,2,2,2025,2
,,,,,,,,,,,,,,,,,,,,,,,,,,,,,,,,,,,,,,,,,,,,,,0.09,0.01,0.78,1,3,390,21652,27Q,"Jet Aviation Flight Services, Inc.",27Q,"Jet Aviation Flight Services, Inc.",01194,D,2,2,2025,4
,,,,,,,,,,,,,,,,,,,,,,,,,,,,,,,,,,,,,,,,,,,,,,0.09,0.01,0.93,1,3,390,21652,27Q,"Jet Aviation Flight Services, Inc.",27Q,"Jet Aviation Flight Services, Inc.",01194,D,2,2,2025,3
,,,,,,,,,,,,,,,,,,,,,,,,,,,,,,,,,,,,,,,,,,,,,,0.09,0.01,1.72,1,3,390,21652,27Q,"Jet Aviation Flight Services, Inc.",27Q,"Jet Aviation Flight Services, Inc.",01194,D,2,2,2025,2
,,,,,,,,,,,,,,,,,,,,,,,,,,,,,,,,,,,,,,,,,,,,,,0.09,0.01,3.49,1,7,770,21652,27Q,"Jet Aviation Flight Services, Inc.",27Q,"Jet Aviation Flight Services, Inc.",11046,I,2,2,2025,3
,,,,,,,,,,,,,,,,,,,,,,,,,,,,,,,,,,,,,,,,,,,,,,0.09,0.01,4.30,1,6,515,21652,27Q,"Jet Aviation Flight Services, Inc.",27Q,"Jet Aviation Flight Services, Inc.",01194,D,2,2,2025,3
,,,,,,,,,,,,,,,,,,,,,,,,,,,,,,,,,,,,,,,,,,,,,,0.09,0.02,5.49,1,6,682,21652,27Q,"Jet Aviation Flight Services, Inc.",27Q,"Jet Aviation Flight Services, Inc.",01194,D,2,2,2025,4
,,,,,,,,,,,,,,,,,,,,,,,,,,,,,,,,,,,,,,,,,,,,,,0.09,0.02,9.57,1,6,751,21652,27Q,"Jet Aviation Flight Services, Inc.",27Q,"Jet Aviation Flight Services, Inc.",01194,D,2,2,2025,3
,,,,,,,,,,,,,,,,,,,,,,,,,,,,,,,,,,,,,,,,,,,,,,0.09,0.02,11.04,1,6,671,21652,27Q,"Jet Aviation Flight Services, Inc.",27Q,"Jet Aviation Flight Services, Inc.",01194,D,2,2,2025,1
,,,,,,,,,,,,,,,,,,,,,,,,,,,,,,,,,,,,,,,,,,,,,,0.09,0.03,9.17,1,6,745,21652,27Q,"Jet Aviation Flight Services, Inc.",27Q,"Jet Aviation Flight Services, Inc.",01194,D,2,2,2025,1
,,,,,,,,,,,,,,,,,,,,,,,,,,,,,,,,,,,,,,,,,,,,,,0.09,0.03,13.34,1,6,641,21652,27Q,"Jet Aviation Flight Services, Inc.",27Q,"Jet Aviation Flight Services, Inc.",01194,D,2,2,2025,2
,,,,,,,,,,,,,,,,,,,,,,,,,,,,,,,,,,,,,,,,,,,,,,0.09,0.03,18.84,1,6,751,21652,27Q,"Jet Aviation Flight Services, Inc.",27Q,"Jet Aviation Flight Services, Inc.",01194,D,2,2,2025,1
,,,,,,,,,,,,,,,,,,,,,,,,,,,,,,,,,,,,,,,,,,,,,,0.09,0.04,18.72,1,6,671,21652,27Q,"Jet Aviation Flight Services, Inc.",27Q,"Jet Aviation Flight Services, Inc.",01194,D,2,2,2025,4
,,,,,,,,,,,,,,,,,,,,,,,,,,,,,,,,,,,,,,,,,,,,,,0.09,0.04,24.58,1,6,641,21652,27Q,"Jet Aviation Flight Services, Inc.",27Q,"Jet Aviation Flight Services, Inc.",01194,D,2,2,2025,1
,,,,,,,,,,,,,,,,,,,,,,,,,,,,,,,,,,,,,,,,,,,,,,0.09,0.05,13.02,1,6,515,21652,27Q,"Jet Aviation Flight Services, Inc.",27Q,"Jet Aviation Flight Services, Inc.",01194,D,2,2,2025,4
,,,,,,,,,,,,,,,,,,,,,,,,,,,,,,,,,,,,,,,,,,,,,,0.09,0.05,16.60,1,6,745,21652,27Q,"Jet Aviation Flight Services, Inc.",27Q,"Jet Aviation Flight Services, Inc.",01194,D,2,2,2025,2
,,,,,,,,,,,,,,,,,,,,,,,,,,,,,,,,,,,,,,,,,,,,,,0.09,0.06,10.01,1,4,892,21652,27Q,"Jet Aviation Flight Services, Inc.",27Q,"Jet Aviation Flight Services, Inc.",01194,D,2,2,2025,4
,,,,,,,,,,,,,,,,,,,,,,,,,,,,,,,,,,,,,,,,,,,,,,0.09,0.06,29.44,1,6,667,21652,27Q,"Jet Aviation Flight Services, Inc.",27Q,"Jet Aviation Flight Services, Inc.",01194,D,2,2,2025,2
,,,,,,,,,,,,,,,,,,,,,,,,,,,,,,,,,,,,,,,,,,,,,,0.09,0.09,33.88,1,7,770,21652,27Q,"Jet Aviation Flight Services, Inc.",27Q,"Jet Aviation Flight Services, Inc.",01194,D,2,2,2025,2
,,,,,,,,,,,,,,,,,,,,,,,,,,,,,,,,,,,,,,,,,,,,,,0.10,0.03,15.56,1,6,658,21652,27Q,"Jet Aviation Flight Services, Inc.",27Q,"Jet Aviation Flight Services, Inc.",11046,I,2,2,2025,2
,,,,,,,,,,,,,,,,,,,,,,,,,,,,,,,,,,,,,,,,,,,,,,0.10,0.03,17.40,1,6,658,21652,27Q,"Jet Aviation Flight Services, Inc.",27Q,"Jet Aviation Flight Services, Inc.",11046,I,2,2,2025,4
,,,,,,,,,,,,,,,,,,,,,,,,,,,,,,,,,,,,,,,,,,,,,,0.10,0.08,28.45,1,7,770,21652,27Q,"Jet Aviation Flight Services, Inc.",27Q,"Jet Aviation Flight Services, Inc.",01194,D,2,2,2025,3
,,,,,,,,,,,,,,,,,,,,,,,,,,,,,,,,,,,,,,,,,,,,,,0.11,0.02,11.14,1,6,641,21652,27Q,"Jet Aviation Flight Services, Inc.",27Q,"Jet Aviation Flight Services, Inc.",11046,I,2,2,2025,4
,,,,,,,,,,,,,,,,,,,,,,,,,,,,,,,,,,,,,,,,,,,,,,0.11,0.05,24.47,1,6,750,21652,27Q,"Jet Aviation Flight Services, Inc.",27Q,"Jet Aviation Flight Services, Inc.",01194,D,2,2,2025,3
,,,,,,,,,,,,,,,,,,,,,,,,,,,,,,,,,,,,,,,,,,,,,,0.12,0.04,14.83,1,6,609,21652,27Q,"Jet Aviation Flight Services, Inc.",27Q,"Jet Aviation Flight Services, Inc.",01194,D,2,2,2025,4
,,,,,,,,,,,,,,,,,,,,,,,,,,,,,,,,,,,,,,,,,,,,,,0.12,0.05,19.51,1,6,750,21652,27Q,"Jet Aviation Flight Services, Inc.",27Q,"Jet Aviation Flight Services, Inc.",11046,I,2,2,2025,4
,,,,,,,,,,,,,,,,,,,,,,,,,,,,,,,,,,,,,,,,,,,,,,0.13,0.03,11.85,1,6,667,21652,27Q,"Jet Aviation Flight Services, Inc.",27Q,"Jet Aviation Flight Services, Inc.",01194,D,2,2,2025,4
,,,,,,,,,,,,,,,,,,,,,,,,,,,,,,,,,,,,,,,,,,,,,,0.13,0.04,23.60,1,6,658,21652,27Q,"Jet Aviation Flight Services, Inc.",27Q,"Jet Aviation Flight Services, Inc.",11046,I,2,2,2025,3
,,,,,,,,,,,,,,,,,,,,,,,,,,,,,,,,,,,,,,,,,,,,,,0.13,0.05,25.25,1,6,515,21652,27Q,"Jet Aviation Flight Services, Inc.",27Q,"Jet Aviation Flight Services, Inc.",01194,D,2,2,2025,1
,,,,,,,,,,,,,,,,,,,,,,,,,,,,,,,,,,,,,,,,,,,,,,0.13,0.11,49.45,1,7,775,21652,27Q,"Jet Aviation Flight Services, Inc.",27Q,"Jet Aviation Flight Services, Inc.",11046,I,2,2,2025,2
,,,,,,,,,,,,,,,,,,,,,,,,,,,,,,,,,,,,,,,,,,,,,,0.14,0.04,12.37,1,6,667,21652,27Q,"Jet Aviation Flight Services, Inc.",27Q,"Jet Aviation Flight Services, Inc.",01194,D,2,2,2025,3
,,,,,,,,,,,,,,,,,,,,,,,,,,,,,,,,,,,,,,,,,,,,,,0.14,0.05,16.20,1,6,609,21652,27Q,"Jet Aviation Flight Services, Inc.",27Q,"Jet Aviation Flight Services, Inc.",01194,D,2,2,2025,3
,,,,,,,,,,,,,,,,,,,,,,,,,,,,,,,,,,,,,,,,,,,,,,0.14,0.05,17.42,1,6,515,21652,27Q,"Jet Aviation Flight Services, Inc.",27Q,"Jet Aviation Flight Services, Inc.",01194,D,2,2,2025,2
,,,,,,,,,,,,,,,,,,,,,,,,,,,,,,,,,,,,,,,,,,,,,,0.14,0.06,20.10,1,6,609,21652,27Q,"Jet Aviation Flight Services, Inc.",27Q,"Jet Aviation Flight Services, Inc.",01194,D,2,2,2025,1
,,,,,,,,,,,,,,,,,,,,,,,,,,,,,,,,,,,,,,,,,,,,,,0.14,0.07,32.31,1,6,609,21652,27Q,"Jet Aviation Flight Services, Inc.",27Q,"Jet Aviation Flight Services, Inc.",01194,D,2,2,2025,2
,,,,,,,,,,,,,,,,,,,,,,,,,,,,,,,,,,,,,,,,,,,,,,0.14,0.09,32.31,1,7,770,21652,27Q,"Jet Aviation Flight Services, Inc.",27Q,"Jet Aviation Flight Services, Inc.",01194,D,2,2,2025,4
,,,,,,,,,,,,,,,,,,,,,,,,,,,,,,,,,,,,,,,,,,,,,,0.15,0.07,20.10,1,6,648,21652,27Q,"Jet Aviation Flight Services, Inc.",27Q,"Jet Aviation Flight Services, Inc.",01194,D,2,2,2025,1
,,,,,,,,,,,,,,,,,,,,,,,,,,,,,,,,,,,,,,,,,,,,,,0.15,0.08,41.95,1,6,750,21652,27Q,"Jet Aviation Flight Services, Inc.",27Q,"Jet Aviation Flight Services, Inc.",11046,I,2,2,2025,1
,,,,,,,,,,,,,,,,,,,,,,,,,,,,,,,,,,,,,,,,,,,,,,0.16,0.07,21.88,1,6,745,21652,27Q,"Jet Aviation Flight Services, Inc.",27Q,"Jet Aviation Flight Services, Inc.",01194,D,2,2,2025,4
,,,,,,,,,,,,,,,,,,,,,,,,,,,,,,,,,,,,,,,,,,,,,,0.17,0.07,19.51,1,6,648,21652,27Q,"Jet Aviation Flight Services, Inc.",27Q,"Jet Aviation Flight Services, Inc.",01194,D,2,2,2025,3
,,,,,,,,,,,,,,,,,,,,,,,,,,,,,,,,,,,,,,,,,,,,,,0.17,0.08,40.21,1,6,658,21652,27Q,"Jet Aviation Flight Services, Inc.",27Q,"Jet Aviation Flight Services, Inc.",01194,D,2,2,2025,2
,,,,,,,,,,,,,,,,,,,,,,,,,,,,,,,,,,,,,,,,,,,,,,0.17,0.09,31.30,1,6,745,21652,27Q,"Jet Aviation Flight Services, Inc.",27Q,"Jet Aviation Flight Services, Inc.",01194,D,2,2,2025,3
,,,,,,,,,,,,,,,,,,,,,,,,,,,,,,,,,,,,,,,,,,,,,,0.17,0.11,39.85,1,7,770,21652,27Q,"Jet Aviation Flight Services, Inc.",27Q,"Jet Aviation Flight Services, Inc.",01194,D,2,2,2025,1
,,,,,,,,,,,,,,,,,,,,,,,,,,,,,,,,,,,,,,,,,,,,,,0.18,0.02,5.92,1,6,682,21652,27Q,"Jet Aviation Flight Services, Inc.",27Q,"Jet Aviation Flight Services, Inc.",01194,D,2,2,2025,3
,,,,,,,,,,,,,,,,,,,,,,,,,,,,,,,,,,,,,,,,,,,,,,0.18,0.04,20.44,1,6,667,21652,27Q,"Jet Aviation Flight Services, Inc.",27Q,"Jet Aviation Flight Services, Inc.",01194,D,2,2,2025,1
,,,,,,,,,,,,,,,,,,,,,,,,,,,,,,,,,,,,,,,,,,,,,,0.18,0.06,26.13,1,6,671,21652,27Q,"Jet Aviation Flight Services, Inc.",27Q,"Jet Aviation Flight Services, Inc.",01194,D,2,2,2025,2
,,,,,,,,,,,,,,,,,,,,,,,,,,,,,,,,,,,,,,,,,,,,,,0.18,0.11,30.19,1,6,648,21652,27Q,"Jet Aviation Flight Services, Inc.",27Q,"Jet Aviation Flight Services, Inc.",01194,D,2,2,2025,4
,,,,,,,,,,,,,,,,,,,,,,,,,,,,,,,,,,,,,,,,,,,,,,0.19,0.02,5.01,1,6,682,21652,27Q,"Jet Aviation Flight Services, Inc.",27Q,"Jet Aviation Flight Services, Inc.",01194,D,2,2,2025,1
,,,,,,,,,,,,,,,,,,,,,,,,,,,,,,,,,,,,,,,,,,,,,,0.20,0.06,37.12,1,6,750,21652,27Q,"Jet Aviation Flight Services, Inc.",27Q,"Jet Aviation Flight Services, Inc.",01194,D,2,2,2025,2
,,,,,,,,,,,,,,,,,,,,,,,,,,,,,,,,,,,,,,,,,,,,,,0.23,0.14,67.95,1,7,775,21652,27Q,"Jet Aviation Flight Services, Inc.",27Q,"Jet Aviation Flight Services, Inc.",01194,D,2,2,2025,2
,,,,,,,,,,,,,,,,,,,,,,,,,,,,,,,,,,,,,,,,,,,,,,0.25,0.09,26.92,1,6,648,21652,27Q,"Jet Aviation Flight Services, Inc.",27Q,"Jet Aviation Flight Services, Inc.",01194,D,2,2,2025,2
,,,,,,,,,,,,,,,,,,,,,,,,,,,,,,,,,,,,,,,,,,,,,,0.27,0.07,37.29,1,6,658,21652,27Q,"Jet Aviation Flight Services, Inc.",27Q,"Jet Aviation Flight Services, Inc.",01194,D,2,2,2025,4
,,,,,,,,,,,,,,,,,,,,,,,,,,,,,,,,,,,,,,,,,,,,,,0.28,0.10,47.04,1,6,688,21652,27Q,"Jet Aviation Flight Services, Inc.",27Q,"Jet Aviation Flight Services, Inc.",01194,D,2,2,2025,3
,,,,,,,,,,,,,,,,,,,,,,,,,,,,,,,,,,,,,,,,,,,,,,0.29,0.16,91.49,1,6,750,21652,27Q,"Jet Aviation Flight Services, Inc.",27Q,"Jet Aviation Flight Services, Inc.",01194,D,2,2,2025,1
,,,,,,,,,,,,,,,,,,,,,,,,,,,,,,,,,,,,,,,,,,,,,,0.30,0.12,60.57,1,6,658,21652,27Q,"Jet Aviation Flight Services, Inc.",27Q,"Jet Aviation Flight Services, Inc.",01194,D,2,2,2025,1
,,,,,,,,,,,,,,,,,,,,,,,,,,,,,,,,,,,,,,,,,,,,,,0.30,0.14,65.21,1,7,775,21652,27Q,"Jet Aviation Flight Services, Inc.",27Q,"Jet Aviation Flight Services, Inc.",01194,D,2,2,2025,4
,,,,,,,,,,,,,,,,,,,,,,,,,,,,,,,,,,,,,,,,,,,,,,0.33,0.09,51.46,1,6,658,21652,27Q,"Jet Aviation Flight Services, Inc.",27Q,"Jet Aviation Flight Services, Inc.",01194,D,2,2,2025,3
,,,,,,,,,,,,,,,,,,,,,,,,,,,,,,,,,,,,,,,,,,,,,,0.36,0.09,41.99,1,6,671,21652,27Q,"Jet Aviation Flight Services, Inc.",27Q,"Jet Aviation Flight Services, Inc.",01194,D,2,2,2025,3
,,,,,,,,,,,,,,,,,,,,,,,,,,,,,,,,,,,,,,,,,,,,,,0.37,0.14,59.06,1,6,688,21652,27Q,"Jet Aviation Flight Services, Inc.",27Q,"Jet Aviation Flight Services, Inc.",01194,D,2,2,2025,4
,,,,,,,,,,,,,,,,,,,,,,,,,,,,,,,,,,,,,,,,,,,,,,0.40,0.14,63.04,1,6,688,21652,27Q,"Jet Aviation Flight Services, Inc.",27Q,"Jet Aviation Flight Services, Inc.",01194,D,2,2,2025,1
,,,,,,,,,,,,,,,,,,,,,,,,,,,,,,,,,,,,,,,,,,,,,,0.40,0.14,64.17,1,7,775,21652,27Q,"Jet Aviation Flight Services, Inc.",27Q,"Jet Aviation Flight Services, Inc.",01194,D,2,2,2025,3
,,,,,,,,,,,,,,,,,,,,,,,,,,,,,,,,,,,,,,,,,,,,,,0.42,0.14,63.88,1,6,688,21652,27Q,"Jet Aviation Flight Services, Inc.",27Q,"Jet Aviation Flight Services, Inc.",01194,D,2,2,2025,2
,,,,,,,,,,,,,,,,,,,,,,,,,,,,,,,,,,,,,,,,,,,,,,0.43,0.13,89.61,1,6,750,21652,27Q,"Jet Aviation Flight Services, Inc.",27Q,"Jet Aviation Flight Services, Inc.",01194,D,2,2,2025,4
,,,,,,,,,,,,,,,,,,,,,,,,,,,,,,,,,,,,,,,,,,,,,,0.45,0.19,85.42,1,7,775,21652,27Q,"Jet Aviation Flight Services, Inc.",27Q,"Jet Aviation Flight Services, Inc.",01194,D,2,2,2025,1
,,,,,,,,,,,,,,,,,,,,,,,,,,,,,,,,,,,,,,,,,,,,0.00,,,,,9,9,999,20100,PO,Polar Air Cargo Airways,PO,Polar Air Cargo Airways,06758,D,3,3,2025,3
,,,,,,,,,,,,,,,,,,,,,,,,,,,,,,,,,,,,,,,,,,,,0.00,,,,,9,9,999,20100,PO,Polar Air Cargo Airways,PO,Polar Air Cargo Airways,06758,D,3,3,2025,4
,,,,,,,,,,,,,,,,,,,,,,,,,,,,,,,,,,,,,,,,,,,,0.00,,,,,9,9,999,20100,PO,Polar Air Cargo Airways,PO,Polar Air Cargo Airways,16757,A,3,3,2025,1
,,,,,,,,,,,,,,,,,,,,,,,,,,,,,,,,,,,,,,,,,,,,0.00,,,,,9,9,999,20100,PO,Polar Air Cargo Airways,PO,Polar Air Cargo Airways,16757,A,3,3,2025,2
,,,,,,,,,,,,,,,,,,,,,,,,,,,,,,,,,,,,,,,,,,,,0.00,,,,,9,9,999,20100,PO,Polar Air Cargo Airways,PO,Polar Air Cargo Airways,16757,A,3,3,2025,3
,,,,,,,,,,,,,,,,,,,,,,,,,,,,,,,,,,,,,,,,,,,,0.00,,,,,9,9,999,20100,PO,Polar Air Cargo Airways,PO,Polar Air Cargo Airways,16757,A,3,3,2025,4
,,,,,,,,,,,,,,,,,,,,,,,,,,,,,,,,,,,,,,,,,,,,0.00,,,,,9,9,999,20100,PO,Polar Air Cargo Airways,PO,Polar Air Cargo Airways,16758,P,3,3,2025,3
,,,,,,,,,,,,,,,,,,,,,,,,,,,,,,,,,,,,,,,,,,,,0.00,,,,,9,9,999,20100,PO,Polar Air Cargo Airways,PO,Polar Air Cargo Airways,16758,P,3,3,2025,4
,,,,,,,,,,,,,,,,,,,,,,,,,,,,,,,,,,,,,,,,,,,,48.79,,,,,9,9,999,20100,PO,Polar Air Cargo Airways,PO,Polar Air Cargo Airways,06758,D,3,3,2025,1
,,,,,,,,,,,,,,,,,,,,,,,,,,,,,,,,,,,,,,,,,,,,62.85,,,,,9,9,999,20195,WI,Sky Lease Cargo,WI,Sky Lease Cargo,16884,I,2,2,2025,3
,,,,,,,,,,,,,,,,,,,,,,,,,,,,,,,,,,,,,,,,,,,,67.07,,,,,9,9,999,20195,WI,Sky Lease Cargo,WI,Sky Lease Cargo,16884,I,2,2,2025,4
,,,,,,,,,,,,,,,,,,,,,,,,,,,,,,,,,,,,,,,,,,,,73.15,,,,,9,9,999,20195,WI,Sky Lease Cargo,WI,Sky Lease Cargo,16884,I,2,2,2025,2
,,,,,,,,,,,,,,,,,,,,,,,,,,,,,,,,,,,,,,,,,,,,74.88,,,,,9,9,999,20195,WI,Sky Lease Cargo,WI,Sky Lease Cargo,16884,I,2,2,2025,1
,,,,,,,,,,,,,,,,,,,,,,,,,,,,,,,,,,,,,,,,,,,,232.15,,,,,9,9,999,20100,PO,Polar Air Cargo Airways,PO,Polar Air Cargo Airways,16758,P,3,3,2025,1
,,,,,,,,,,,,,,,,,,,,,,,,,,,,,,,,,,,,,,,,,,,,458.20,,,,,9,9,999,20100,PO,Polar Air Cargo Airways,PO,Polar Air Cargo Airways,06758,D,3,3,2025,2
,,,,,,,,,,,,,,,,,,,,,,,,,,,,,,,,,,,,,,,,,,,,585.31,,,,,9,9,999,20100,PO,Polar Air Cargo Airways,PO,Polar Air Cargo Airways,16758,P,3,3,2025,2
,,,,,,,,,,,,,,,,,,,,,,,,,,,,,,,,,,,,,,,,,,,0.00,475.53,0.00,,,,9,9,999,19917,5X,United Parcel Service,5X,United Parcel Service,16912,L,3,3,2025,4
,,,,,,,,,,,,,,,,,,,,,,,,,,,,,,,,,,,,,,,,,,,0.00,503.32,0.00,,,,9,9,999,19917,5X,United Parcel Service,5X,United Parcel Service,16912,L,3,3,2025,3
,,,,,,,,,,,,,,,,,,,,,,,,,,,,,,,,,,,,,,,,,,,0.00,527.26,0.00,,,,9,9,999,19917,5X,United Parcel Service,5X,United Parcel Service,16912,L,3,3,2025,2
,,,,,,,,,,,,,,,,,,,,,,,,,,,,,,,,,,,,,,,,,,,0.00,544.53,0.00,,,,9,9,999,19917,5X,United Parcel Service,5X,United Parcel Service,16912,L,3,3,2025,1
,,,,,,,,,,,,,,,,,,,,,,,,,,,,,,,,,,,,,,,,,,,0.00,1938.29,0.00,,,,9,9,999,19917,5X,United Parcel Service,5X,United Parcel Service,16911,A,3,3,2025,4
,,,,,,,,,,,,,,,,,,,,,,,,,,,,,,,,,,,,,,,,,,,0.00,2131.41,0.00,,,,9,9,999,19917,5X,United Parcel Service,5X,United Parcel Service,16911,A,3,3,2025,3
,,,,,,,,,,,,,,,,,,,,,,,,,,,,,,,,,,,,,,,,,,,0.00,2192.73,0.00,,,,9,9,999,19917,5X,United Parcel Service,5X,United Parcel Service,16911,A,3,3,2025,2
,,,,,,,,,,,,,,,,,,,,,,,,,,,,,,,,,,,,,,,,,,,0.00,2221.58,0.00,,,,9,9,999,19917,5X,United Parcel Service,5X,United Parcel Service,16911,A,3,3,2025,1
,,,,,,,,,,,,,,,,,,,,,,,,,,,,,,,,,,,,,,,,,,,0.00,2742.88,0.00,,,,9,9,999,19917,5X,United Parcel Service,5X,United Parcel Service,16913,P,3,3,2025,2
,,,,,,,,,,,,,,,,,,,,,,,,,,,,,,,,,,,,,,,,,,,0.00,2849.46,0.00,,,,9,9,999,19917,5X,United Parcel Service,5X,United Parcel Service,16913,P,3,3,2025,1
,,,,,,,,,,,,,,,,,,,,,,,,,,,,,,,,,,,,,,,,,,,0.00,2866.89,0.00,,,,9,9,999,19917,5X,United Parcel Service,5X,United Parcel Service,16913,P,3,3,2025,4
,,,,,,,,,,,,,,,,,,,,,,,,,,,,,,,,,,,,,,,,,,,0.00,2979.89,0.00,,,,9,9,999,19917,5X,United Parcel Service,5X,United Parcel Service,16913,P,3,3,2025,3
,,,,,,,,,,,,,,,,,,,,,,,,,,,,,,,,,,,,,,,,,,,0.00,10917.23,0.00,,,,9,9,999,19917,5X,United Parcel Service,5X,United Parcel Service,06910,D,3,3,2025,2
,,,,,,,,,,,,,,,,,,,,,,,,,,,,,,,,,,,,,,,,,,,0.00,11037.08,0.00,,,,9,9,999,19917,5X,United Parcel Service,5X,United Parcel Service,06910,D,3,3,2025,3
,,,,,,,,,,,,,,,,,,,,,,,,,,,,,,,,,,,,,,,,,,,0.00,11040.63,0.00,,,,9,9,999,19917,5X,United Parcel Service,5X,United Parcel Service,06910,D,3,3,2025,4
,,,,,,,,,,,,,,,,,,,,,,,,,,,,,,,,,,,,,,,,,,,0.00,11788.00,0.00,,,,9,9,999,19917,5X,United Parcel Service,5X,United Parcel Service,06910,D,3,3,2025,1
,,,,,,,,,,,,,,,,,,,,,,,,,,,,,,,,,,,,,,,,,,,75.77,14.23,,,,,9,9,999,20370,KAQ,Kalitta Air LLC,KAQ,Kalitta Air LLC,06683,D,3,3,2025,3
,,,,,,,,,,,,,,,,,,,,,,,,,,,,,,,,,,,,,,,,,,,75.83,13.89,,,,,9,9,999,20370,KAQ,Kalitta Air LLC,KAQ,Kalitta Air LLC,06683,D,3,3,2025,1
,,,,,,,,,,,,,,,,,,,,,,,,,,,,,,,,,,,,,,,,,,,81.87,15.29,,,,,9,9,999,20370,KAQ,Kalitta Air LLC,KAQ,Kalitta Air LLC,06683,D,3,3,2025,2
,,,,,,,,,,,,,,,,,,,,,,,,,,,,,,,,,,,,,,,,,,,121.89,22.59,,,,,9,9,999,20370,KAQ,Kalitta Air LLC,KAQ,Kalitta Air LLC,06683,D,3,3,2025,4
,,,,,,,,,,,,,,,,,,,,,,,,,,,,,,,,,,,,,,,,,,,2780.26,515.34,,,,,9,9,999,20370,KAQ,Kalitta Air LLC,KAQ,Kalitta Air LLC,16683,I,3,3,2025,4
,,,,,,,,,,,,,,,,,,,,,,,,,,,,,,,,,,,,,,,,,,,2838.61,533.19,,,,,9,9,999,20370,KAQ,Kalitta Air LLC,KAQ,Kalitta Air LLC,16683,I,3,3,2025,3
,,,,,,,,,,,,,,,,,,,,,,,,,,,,,,,,,,,,,,,,,,,2840.57,520.45,,,,,9,9,999,20370,KAQ,Kalitta Air LLC,KAQ,Kalitta Air LLC,16683,I,3,3,2025,1
,,,,,,,,,,,,,,,,,,,,,,,,,,,,,,,,,,,,,,,,,,,2842.04,530.70,,,,,9,9,999,20370,KAQ,Kalitta Air LLC,KAQ,Kalitta Air LLC,16683,I,3,3,2025,2
,,,,,,,,,,,,,,,,,,,,,,,,,,,,,,,,,,,,,,,,,,0.00,4.04,4.65,0.00,,,,9,9,999,20453,ABX,ABX Air Inc,ABX,ABX Air Inc,11009,A,2,2,2025,2
,,,,,,,,,,,,,,,,,,,,,,,,,,,,,,,,,,,,,,,,,,0.00,5.63,7.44,0.00,,,,9,9,999,20453,ABX,ABX Air Inc,ABX,ABX Air Inc,11009,A,2,2,2025,1
,,,,,,,,,,,,,,,,,,,,,,,,,,,,,,,,,,,,,,,,,,0.00,8.11,9.34,0.00,,,,9,9,999,20453,ABX,ABX Air Inc,ABX,ABX Air Inc,11009,A,2,2,2025,3
,,,,,,,,,,,,,,,,,,,,,,,,,,,,,,,,,,,,,,,,,,0.00,18.20,21.05,0.00,,,,9,9,999,20453,ABX,ABX Air Inc,ABX,ABX Air Inc,11009,A,2,2,2025,4
,,,,,,,,,,,,,,,,,,,,,,,,,,,,,,,,,,,,,,,,,,0.00,50.71,67.02,0.00,,,,9,9,999,20453,ABX,ABX Air Inc,ABX,ABX Air Inc,80006,D,2,2,2025,1
,,,,,,,,,,,,,,,,,,,,,,,,,,,,,,,,,,,,,,,,,,0.00,53.39,61.49,0.00,,,,9,9,999,20453,ABX,ABX Air Inc,ABX,ABX Air Inc,80006,D,2,2,2025,3
,,,,,,,,,,,,,,,,,,,,,,,,,,,,,,,,,,,,,,,,,,0.00,57.46,66.18,0.00,,,,9,9,999,20453,ABX,ABX Air Inc,ABX,ABX Air Inc,80006,D,2,2,2025,2
,,,,,,,,,,,,,,,,,,,,,,,,,,,,,,,,,,,,,,,,,,0.00,101.05,116.88,0.00,,,,9,9,999,20453,ABX,ABX Air Inc,ABX,ABX Air Inc,80006,D,2,2,2025,4
,,,,,,,,,,,,,,,,,,,,,,,,,,,,,,,,,,,,,,,,,,0.00,3505.00,9335.00,0.00,,,,9,9,999,20107,FX,Federal Express Corporation,FX,Federal Express Corporation,16195,L,3,3,2025,1
,,,,,,,,,,,,,,,,,,,,,,,,,,,,,,,,,,,,,,,,,,0.00,3637.00,9318.00,6.00,,,,9,9,999,20107,FX,Federal Express Corporation,FX,Federal Express Corporation,16195,L,3,3,2025,4
,,,,,,,,,,,,,,,,,,,,,,,,,,,,,,,,,,,,,,,,,,0.00,3854.00,9184.00,2.00,,,,9,9,999,20107,FX,Federal Express Corporation,FX,Federal Express Corporation,16195,L,3,3,2025,2
,,,,,,,,,,,,,,,,,,,,,,,,,,,,,,,,,,,,,,,,,,0.00,4027.00,10091.00,1.00,,,,9,9,999,20107,FX,Federal Express Corporation,FX,Federal Express Corporation,16195,L,3,3,2025,3
,,,,,,,,,,,,,,,,,,,,,,,,,,,,,,,,,,,,,,,,,,0.00,12427.00,51854.00,0.00,,,,9,9,999,20107,FX,Federal Express Corporation,FX,Federal Express Corporation,16196,A,3,3,2025,1
,,,,,,,,,,,,,,,,,,,,,,,,,,,,,,,,,,,,,,,,,,0.00,12840.00,54259.00,11.00,,,,9,9,999,20107,FX,Federal Express Corporation,FX,Federal Express Corporation,16196,A,3,3,2025,2
,,,,,,,,,,,,,,,,,,,,,,,,,,,,,,,,,,,,,,,,,,0.00,15154.00,51363.00,5.00,,,,9,9,999,20107,FX,Federal Express Corporation,FX,Federal Express Corporation,16196,A,3,3,2025,3
,,,,,,,,,,,,,,,,,,,,,,,,,,,,,,,,,,,,,,,,,,0.00,16607.00,48611.00,31.00,,,,9,9,999,20107,FX,Federal Express Corporation,FX,Federal Express Corporation,16196,A,3,3,2025,4
,,,,,,,,,,,,,,,,,,,,,,,,,,,,,,,,,,,,,,,,,,0.00,18680.00,30718.00,11.00,,,,9,9,999,20107,FX,Federal Express Corporation,FX,Federal Express Corporation,16197,P,3,3,2025,2
,,,,,,,,,,,,,,,,,,,,,,,,,,,,,,,,,,,,,,,,,,0.00,18979.00,30834.00,0.00,,,,9,9,999,20107,FX,Federal Express Corporation,FX,Federal Express Corporation,16197,P,3,3,2025,1
,,,,,,,,,,,,,,,,,,,,,,,,,,,,,,,,,,,,,,,,,,0.00,22012.00,30106.00,6.00,,,,9,9,999,20107,FX,Federal Express Corporation,FX,Federal Express Corporation,16197,P,3,3,2025,3
,,,,,,,,,,,,,,,,,,,,,,,,,,,,,,,,,,,,,,,,,,0.00,23575.00,26761.00,35.00,,,,9,9,999,20107,FX,Federal Express Corporation,FX,Federal Express Corporation,16197,P,3,3,2025,4
,,,,,,,,,,,,,,,,,,,,,,,,,,,,,,,,,,,,,,,,,,9585.18,0.00,840.33,,,,,9,9,999,20007,5Y,Atlas Air Inc.,5Y,Atlas Air Inc.,06087,D,3,3,2025,2
,,,,,,,,,,,,,,,,,,,,,,,,,,,,,,,,,,,,,,,,,,10139.93,0.00,743.63,,,,,9,9,999,20007,5Y,Atlas Air Inc.,5Y,Atlas Air Inc.,06087,D,3,3,2025,3
,,,,,,,,,,,,,,,,,,,,,,,,,,,,,,,,,,,,,,,,,,10469.62,0.00,1149.53,,,,,9,9,999,20007,5Y,Atlas Air Inc.,5Y,Atlas Air Inc.,06087,D,3,3,2025,1
,,,,,,,,,,,,,,,,,,,,,,,,,,,,,,,,,,,,,,,,,,12587.86,0.00,854.14,,,,,9,9,999,20007,5Y,Atlas Air Inc.,5Y,Atlas Air Inc.,06087,D,3,3,2025,4
,,,,,,,,,,,,,,,,,,,,,,,,,,,,,,,,,,,,,,,,,,23731.36,0.00,2605.62,,,,,9,9,999,20007,5Y,Atlas Air Inc.,5Y,Atlas Air Inc.,16087,I,3,3,2025,1
,,,,,,,,,,,,,,,,,,,,,,,,,,,,,,,,,,,,,,,,,,28057.61,0.00,2459.79,,,,,9,9,999,20007,5Y,Atlas Air Inc.,5Y,Atlas Air Inc.,16087,I,3,3,2025,2
,,,,,,,,,,,,,,,,,,,,,,,,,,,,,,,,,,,,,,,,,,31997.70,0.00,2346.60,,,,,9,9,999,20007,5Y,Atlas Air Inc.,5Y,Atlas Air Inc.,16087,I,3,3,2025,3
,,,,,,,,,,,,,,,,,,,,,,,,,,,,,,,,,,,,,,,,,,34800.34,0.00,2361.34,,,,,9,9,999,20007,5Y,Atlas Air Inc.,5Y,Atlas Air Inc.,16087,I,3,3,2025,4
,,,,,,,,,,,,,,,,,,,,,,,,,,,,,,,,,,,,,,,,,0.00,,39691.00,67459.00,0.00,,,,9,9,999,20107,FX,Federal Express Corporation,FX,Federal Express Corporation,06200,D,3,3,2025,1
,,,,,,,,,,,,,,,,,,,,,,,,,,,,,,,,,,,,,,,,,0.00,,41835.00,72476.00,25.00,,,,9,9,999,20107,FX,Federal Express Corporation,FX,Federal Express Corporation,06200,D,3,3,2025,2
,,,,,,,,,,,,,,,,,,,,,,,,,,,,,,,,,,,,,,,,,0.00,,44978.00,67240.00,12.00,,,,9,9,999,20107,FX,Federal Express Corporation,FX,Federal Express Corporation,06200,D,3,3,2025,3
,,,,,,,,,,,,,,,,,,,,,,,,,,,,,,,,,,,,,,,,,0.00,,46482.00,58424.00,71.00,,,,9,9,999,20107,FX,Federal Express Corporation,FX,Federal Express Corporation,06200,D,3,3,2025,4
,,,,,,,,,,,,,,,,,,,,,,,,,,,,,,,,,,,,,,,,,0.00,0.00,0.00,0.00,0.00,,,,9,9,999,19687,QX,Horizon Air,QX,Horizon Air,11023,L,2,2,2025,1
,,,,,,,,,,,,,,,,,,,,,,,,,,,,,,,,,,,,,,,,,0.00,0.00,0.00,0.00,0.00,,,,9,9,999,19687,QX,Horizon Air,QX,Horizon Air,11023,L,2,2,2025,2
,,,,,,,,,,,,,,,,,,,,,,,,,,,,,,,,,,,,,,,,,0.00,0.00,0.00,0.00,0.00,,,,9,9,999,19687,QX,Horizon Air,QX,Horizon Air,11023,L,2,2,2025,3
,,,,,,,,,,,,,,,,,,,,,,,,,,,,,,,,,,,,,,,,,0.00,0.00,0.00,0.00,0.00,,,,9,9,999,19687,QX,Horizon Air,QX,Horizon Air,11023,L,2,2,2025,4
,,,,,,,,,,,,,,,,,,,,,,,,,,,,,,,,,,,,,,,,,0.00,0.00,0.00,0.00,0.00,,,,9,9,999,20169,L2,Lynden Air Cargo Airlines,L2,Lynden Air Cargo Airlines,11040,I,2,2,2025,1
,,,,,,,,,,,,,,,,,,,,,,,,,,,,,,,,,,,,,,,,,0.00,0.00,0.00,0.00,0.00,,,,9,9,999,20169,L2,Lynden Air Cargo Airlines,L2,Lynden Air Cargo Airlines,11040,I,2,2,2025,2
,,,,,,,,,,,,,,,,,,,,,,,,,,,,,,,,,,,,,,,,,0.00,0.00,0.00,0.00,0.00,,,,9,9,999,20169,L2,Lynden Air Cargo Airlines,L2,Lynden Air Cargo Airlines,11040,I,2,2,2025,3
,,,,,,,,,,,,,,,,,,,,,,,,,,,,,,,,,,,,,,,,,0.00,0.00,0.00,0.00,0.00,,,,9,9,999,20169,L2,Lynden Air Cargo Airlines,L2,Lynden Air Cargo Airlines,11040,I,2,2,2025,4
,,,,,,,,,,,,,,,,,,,,,,,,,,,,,,,,,,,,,,,,,0.00,0.00,0.00,0.00,0.00,,,,9,9,999,20310,WL,"Caribbean Sun Airlines, Inc. d/b/a World Atlantic Airlines",WL,"Caribbean Sun Airlines, Inc. d/b/a World Atlantic Airlines",06076,D,1,1,2025,1
,,,,,,,,,,,,,,,,,,,,,,,,,,,,,,,,,,,,,,,,,0.00,0.00,0.00,0.00,0.00,,,,9,9,999,20310,WL,"Caribbean Sun Airlines, Inc. d/b/a World Atlantic Airlines",WL,"Caribbean Sun Airlines, Inc. d/b/a World Atlantic Airlines",06076,D,1,1,2025,3
,,,,,,,,,,,,,,,,,,,,,,,,,,,,,,,,,,,,,,,,,0.00,0.00,0.00,0.00,0.00,,,,9,9,999,20310,WL,"Caribbean Sun Airlines, Inc. d/b/a World Atlantic Airlines",WL,"Caribbean Sun Airlines, Inc. d/b/a World Atlantic Airlines",06076,D,1,1,2025,4
,,,,,,,,,,,,,,,,,,,,,,,,,,,,,,,,,,,,,,,,,0.00,0.00,0.00,0.00,0.00,,,,9,9,999,20310,WL,"Caribbean Sun Airlines, Inc. d/b/a World Atlantic Airlines",WL,"Caribbean Sun Airlines, Inc. d/b/a World Atlantic Airlines",16076,I,1,1,2025,1
,,,,,,,,,,,,,,,,,,,,,,,,,,,,,,,,,,,,,,,,,0.00,0.00,0.00,0.00,0.00,,,,9,9,999,20310,WL,"Caribbean Sun Airlines, Inc. d/b/a World Atlantic Airlines",WL,"Caribbean Sun Airlines, Inc. d/b/a World Atlantic Airlines",16076,I,1,1,2025,3
,,,,,,,,,,,,,,,,,,,,,,,,,,,,,,,,,,,,,,,,,0.00,0.00,0.00,0.00,0.00,,,,9,9,999,20310,WL,"Caribbean Sun Airlines, Inc. d/b/a World Atlantic Airlines",WL,"Caribbean Sun Airlines, Inc. d/b/a World Atlantic Airlines",16076,I,1,1,2025,4
,,,,,,,,,,,,,,,,,,,,,,,,,,,,,,,,,,,,,,,,,0.00,0.00,0.00,0.00,0.00,,,,9,9,999,20405,N8,National Air Cargo Group Inc d/ba National Airlines,N8,National Air Cargo Group Inc d/ba National Airlines,07029,D,2,2,2025,1
,,,,,,,,,,,,,,,,,,,,,,,,,,,,,,,,,,,,,,,,,0.00,0.00,0.00,0.00,0.00,,,,9,9,999,20405,N8,National Air Cargo Group Inc d/ba National Airlines,N8,National Air Cargo Group Inc d/ba National Airlines,07029,D,2,2,2025,2
,,,,,,,,,,,,,,,,,,,,,,,,,,,,,,,,,,,,,,,,,0.00,0.00,0.00,0.00,0.00,,,,9,9,999,20405,N8,National Air Cargo Group Inc d/ba National Airlines,N8,National Air Cargo Group Inc d/ba National Airlines,07029,D,2,2,2025,3
,,,,,,,,,,,,,,,,,,,,,,,,,,,,,,,,,,,,,,,,,0.00,0.00,0.00,0.00,0.00,,,,9,9,999,20405,N8,National Air Cargo Group Inc d/ba National Airlines,N8,National Air Cargo Group Inc d/ba National Airlines,07029,D,2,2,2025,4
,,,,,,,,,,,,,,,,,,,,,,,,,,,,,,,,,,,,,,,,,0.00,0.00,0.00,0.00,0.00,,,,9,9,999,20405,N8,National Air Cargo Group Inc d/ba National Airlines,N8,National Air Cargo Group Inc d/ba National Airlines,11049,I,2,2,2025,1
,,,,,,,,,,,,,,,,,,,,,,,,,,,,,,,,,,,,,,,,,0.00,0.00,0.00,0.00,0.00,,,,9,9,999,20405,N8,National Air Cargo Group Inc d/ba National Airlines,N8,National Air Cargo Group Inc d/ba National Airlines,11049,I,2,2,2025,2
,,,,,,,,,,,,,,,,,,,,,,,,,,,,,,,,,,,,,,,,,0.00,0.00,0.00,0.00,0.00,,,,9,9,999,20405,N8,National Air Cargo Group Inc d/ba National Airlines,N8,National Air Cargo Group Inc d/ba National Airlines,11049,I,2,2,2025,3
,,,,,,,,,,,,,,,,,,,,,,,,,,,,,,,,,,,,,,,,,0.00,0.00,0.00,0.00,0.00,,,,9,9,999,20405,N8,National Air Cargo Group Inc d/ba National Airlines,N8,National Air Cargo Group Inc d/ba National Airlines,11049,I,2,2,2025,4
,,,,,,,,,,,,,,,,,,,,,,,,,,,,,,,,,,,,,,,,,0.00,0.00,0.00,0.00,0.00,,,,9,9,999,20452,YX,Republic Airline,YX,Republic Airline,11029,L,3,3,2025,1
,,,,,,,,,,,,,,,,,,,,,,,,,,,,,,,,,,,,,,,,,0.00,0.00,0.00,0.81,0.42,,,,9,9,999,20363,9E,Endeavor Air Inc.,9E,Endeavor Air Inc.,11027,L,2,2,2025,3
,,,,,,,,,,,,,,,,,,,,,,,,,,,,,,,,,,,,,,,,,0.00,0.00,0.00,1.66,0.74,,,,9,9,999,20363,9E,Endeavor Air Inc.,9E,Endeavor Air Inc.,11027,L,2,2,2025,4
,,,,,,,,,,,,,,,,,,,,,,,,,,,,,,,,,,,,,,,,,0.00,0.00,0.00,2.30,1.42,,,,9,9,999,20363,9E,Endeavor Air Inc.,9E,Endeavor Air Inc.,11027,L,2,2,2025,2
,,,,,,,,,,,,,,,,,,,,,,,,,,,,,,,,,,,,,,,,,0.00,0.00,0.00,3.17,2.57,,,,9,9,999,20363,9E,Endeavor Air Inc.,9E,Endeavor Air Inc.,11027,L,2,2,2025,1
,,,,,,,,,,,,,,,,,,,,,,,,,,,,,,,,,,,,,,,,,0.00,0.00,0.00,10.80,72.32,,,,9,9,999,21974,3EQ,"Scott Aviation, LLC  d/b/a  Silver Air",3EQ,"Scott Aviation, LLC  d/b/a  Silver Air",01234,D,2,2,2025,1
,,,,,,,,,,,,,,,,,,,,,,,,,,,,,,,,,,,,,,,,,0.00,0.00,0.00,11.87,43.11,,,,9,9,999,21974,3EQ,"Scott Aviation, LLC  d/b/a  Silver Air",3EQ,"Scott Aviation, LLC  d/b/a  Silver Air",01234,D,2,2,2025,4
,,,,,,,,,,,,,,,,,,,,,,,,,,,,,,,,,,,,,,,,,0.00,0.00,0.00,12.43,72.33,,,,9,9,999,21974,3EQ,"Scott Aviation, LLC  d/b/a  Silver Air",3EQ,"Scott Aviation, LLC  d/b/a  Silver Air",01234,D,2,2,2025,2
,,,,,,,,,,,,,,,,,,,,,,,,,,,,,,,,,,,,,,,,,0.00,0.00,0.00,12.43,72.33,,,,9,9,999,21974,3EQ,"Scott Aviation, LLC  d/b/a  Silver Air",3EQ,"Scott Aviation, LLC  d/b/a  Silver Air",01234,D,2,2,2025,3
,,,,,,,,,,,,,,,,,,,,,,,,,,,,,,,,,,,,,,,,,0.00,0.00,0.00,12.45,0.00,,,,9,9,999,20378,YV,Mesa Airlines Inc.,YV,Mesa Airlines Inc.,11022,L,2,2,2025,4
,,,,,,,,,,,,,,,,,,,,,,,,,,,,,,,,,,,,,,,,,0.00,0.00,0.00,61.91,0.00,,,,9,9,999,20500,G7,GoJet Airlines LLC d/b/a United Express,G7,GoJet Airlines LLC d/b/a United Express,07041,D,2,2,2025,4
,,,,,,,,,,,,,,,,,,,,,,,,,,,,,,,,,,,,,,,,,0.00,0.00,0.00,69.10,0.00,,,,9,9,999,20500,G7,GoJet Airlines LLC d/b/a United Express,G7,GoJet Airlines LLC d/b/a United Express,07041,D,2,2,2025,2
,,,,,,,,,,,,,,,,,,,,,,,,,,,,,,,,,,,,,,,,,0.00,0.00,0.00,69.12,0.00,,,,9,9,999,20500,G7,GoJet Airlines LLC d/b/a United Express,G7,GoJet Airlines LLC d/b/a United Express,07041,D,2,2,2025,1
,,,,,,,,,,,,,,,,,,,,,,,,,,,,,,,,,,,,,,,,,0.00,0.00,0.00,70.57,0.00,,,,9,9,999,20500,G7,GoJet Airlines LLC d/b/a United Express,G7,GoJet Airlines LLC d/b/a United Express,07041,D,2,2,2025,3
,,,,,,,,,,,,,,,,,,,,,,,,,,,,,,,,,,,,,,,,,0.00,0.00,0.00,88.07,0.00,,,,9,9,999,20398,MQ,Envoy Air,MQ,Envoy Air,16820,L,3,3,2025,1
,,,,,,,,,,,,,,,,,,,,,,,,,,,,,,,,,,,,,,,,,0.00,0.00,0.00,128.43,182.46,,,,9,9,999,22085,GCA,"Global Crossing Airlines, Inc.",GCA,"Global Crossing Airlines, Inc.",01287,D,2,2,2025,4
,,,,,,,,,,,,,,,,,,,,,,,,,,,,,,,,,,,,,,,,,0.00,0.00,0.00,164.39,0.00,,,,9,9,999,20398,MQ,Envoy Air,MQ,Envoy Air,16820,L,3,3,2025,3
,,,,,,,,,,,,,,,,,,,,,,,,,,,,,,,,,,,,,,,,,0.00,0.00,0.00,183.85,0.00,,,,9,9,999,20398,MQ,Envoy Air,MQ,Envoy Air,16820,L,3,3,2025,2
,,,,,,,,,,,,,,,,,,,,,,,,,,,,,,,,,,,,,,,,,0.00,0.00,0.00,186.57,170.65,,,,9,9,999,22085,GCA,"Global Crossing Airlines, Inc.",GCA,"Global Crossing Airlines, Inc.",01227,S,2,2,2025,1
,,,,,,,,,,,,,,,,,,,,,,,,,,,,,,,,,,,,,,,,,0.00,0.00,0.00,196.33,170.65,,,,9,9,999,22085,GCA,"Global Crossing Airlines, Inc.",GCA,"Global Crossing Airlines, Inc.",01287,D,2,2,2025,2
,,,,,,,,,,,,,,,,,,,,,,,,,,,,,,,,,,,,,,,,,0.00,0.00,0.00,202.82,0.00,,,,9,9,999,20398,MQ,Envoy Air,MQ,Envoy Air,16820,L,3,3,2025,4
,,,,,,,,,,,,,,,,,,,,,,,,,,,,,,,,,,,,,,,,,0.00,0.00,0.00,276.60,191.85,,,,9,9,999,22085,GCA,"Global Crossing Airlines, Inc.",GCA,"Global Crossing Airlines, Inc.",01287,D,2,2,2025,3
,,,,,,,,,,,,,,,,,,,,,,,,,,,,,,,,,,,,,,,,,0.00,0.00,0.00,292.89,237.56,,,,9,9,999,20363,9E,Endeavor Air Inc.,9E,Endeavor Air Inc.,07024,D,2,2,2025,1
,,,,,,,,,,,,,,,,,,,,,,,,,,,,,,,,,,,,,,,,,0.00,0.00,0.00,313.20,0.00,,,,9,9,999,20378,YV,Mesa Airlines Inc.,YV,Mesa Airlines Inc.,06689,D,2,2,2025,4
,,,,,,,,,,,,,,,,,,,,,,,,,,,,,,,,,,,,,,,,,0.00,0.00,0.00,324.29,200.24,,,,9,9,999,20363,9E,Endeavor Air Inc.,9E,Endeavor Air Inc.,07024,D,2,2,2025,2
,,,,,,,,,,,,,,,,,,,,,,,,,,,,,,,,,,,,,,,,,0.00,0.00,0.00,347.91,182.00,,,,9,9,999,20363,9E,Endeavor Air Inc.,9E,Endeavor Air Inc.,07024,D,2,2,2025,3
,,,,,,,,,,,,,,,,,,,,,,,,,,,,,,,,,,,,,,,,,0.00,0.00,0.00,407.04,181.68,,,,9,9,999,20363,9E,Endeavor Air Inc.,9E,Endeavor Air Inc.,07024,D,2,2,2025,4
,,,,,,,,,,,,,,,,,,,,,,,,,,,,,,,,,,,,,,,,,0.00,0.00,0.00,1661.02,0.00,,,,9,9,999,20398,MQ,Envoy Air,MQ,Envoy Air,06820,D,3,3,2025,1
,,,,,,,,,,,,,,,,,,,,,,,,,,,,,,,,,,,,,,,,,0.00,0.00,0.00,1697.78,0.00,,,,9,9,999,20398,MQ,Envoy Air,MQ,Envoy Air,06820,D,3,3,2025,2
,,,,,,,,,,,,,,,,,,,,,,,,,,,,,,,,,,,,,,,,,0.00,0.00,0.00,1879.87,0.00,,,,9,9,999,20398,MQ,Envoy Air,MQ,Envoy Air,06820,D,3,3,2025,3
,,,,,,,,,,,,,,,,,,,,,,,,,,,,,,,,,,,,,,,,,0.00,0.00,0.00,1881.56,0.00,,,,9,9,999,20398,MQ,Envoy Air,MQ,Envoy Air,06820,D,3,3,2025,4
,,,,,,,,,,,,,,,,,,,,,,,,,,,,,,,,,,,,,,,,,0.00,0.00,0.23,5.65,0.00,,,,9,9,999,20445,C5,CommuteAir LLC dba CommuteAir,C5,CommuteAir LLC dba CommuteAir,11059,L,2,2,2025,2
,,,,,,,,,,,,,,,,,,,,,,,,,,,,,,,,,,,,,,,,,0.00,0.00,0.24,0.39,0.00,,,,9,9,999,20452,YX,Republic Airline,YX,Republic Airline,11029,L,3,3,2025,4
,,,,,,,,,,,,,,,,,,,,,,,,,,,,,,,,,,,,,,,,,0.00,0.00,0.25,0.40,0.00,,,,9,9,999,20452,YX,Republic Airline,YX,Republic Airline,11029,L,3,3,2025,3
,,,,,,,,,,,,,,,,,,,,,,,,,,,,,,,,,,,,,,,,,0.00,0.00,0.36,15.17,0.00,,,,9,9,999,20445,C5,CommuteAir LLC dba CommuteAir,C5,CommuteAir LLC dba CommuteAir,11059,L,2,2,2025,4
,,,,,,,,,,,,,,,,,,,,,,,,,,,,,,,,,,,,,,,,,0.00,0.00,0.40,0.98,0.00,,,,9,9,999,20378,YV,Mesa Airlines Inc.,YV,Mesa Airlines Inc.,11022,L,2,2,2025,1
,,,,,,,,,,,,,,,,,,,,,,,,,,,,,,,,,,,,,,,,,0.00,0.00,0.42,14.19,0.00,,,,9,9,999,20445,C5,CommuteAir LLC dba CommuteAir,C5,CommuteAir LLC dba CommuteAir,11059,L,2,2,2025,3
,,,,,,,,,,,,,,,,,,,,,,,,,,,,,,,,,,,,,,,,,0.00,0.00,0.47,0.79,0.00,,,,9,9,999,20452,YX,Republic Airline,YX,Republic Airline,11029,L,3,3,2025,2
,,,,,,,,,,,,,,,,,,,,,,,,,,,,,,,,,,,,,,,,,0.00,0.00,0.52,9.01,0.00,,,,9,9,999,20445,C5,CommuteAir LLC dba CommuteAir,C5,CommuteAir LLC dba CommuteAir,11059,L,2,2,2025,1
,,,,,,,,,,,,,,,,,,,,,,,,,,,,,,,,,,,,,,,,,0.00,0.00,0.77,1.84,0.00,,,,9,9,999,20378,YV,Mesa Airlines Inc.,YV,Mesa Airlines Inc.,11022,L,2,2,2025,2
,,,,,,,,,,,,,,,,,,,,,,,,,,,,,,,,,,,,,,,,,0.00,0.00,0.79,1.47,0.00,,,,9,9,999,20378,YV,Mesa Airlines Inc.,YV,Mesa Airlines Inc.,11022,L,2,2,2025,3
,,,,,,,,,,,,,,,,,,,,,,,,,,,,,,,,,,,,,,,,,0.00,0.00,0.94,0.00,0.00,,,,9,9,999,20397,OH,PSA Airlines Inc.,OH,PSA Airlines Inc.,11030,L,2,2,2025,4
,,,,,,,,,,,,,,,,,,,,,,,,,,,,,,,,,,,,,,,,,0.00,0.00,2.12,156.18,0.00,,,,9,9,999,20377,X9,Omni Air International LLC,X9,Omni Air International LLC,06738,D,2,2,2025,2
,,,,,,,,,,,,,,,,,,,,,,,,,,,,,,,,,,,,,,,,,0.00,0.00,2.67,150.22,0.00,,,,9,9,999,20377,X9,Omni Air International LLC,X9,Omni Air International LLC,06738,D,2,2,2025,3
,,,,,,,,,,,,,,,,,,,,,,,,,,,,,,,,,,,,,,,,,0.00,0.00,3.44,0.00,0.00,,,,9,9,999,20397,OH,PSA Airlines Inc.,OH,PSA Airlines Inc.,11030,L,2,2,2025,2
,,,,,,,,,,,,,,,,,,,,,,,,,,,,,,,,,,,,,,,,,0.00,0.00,3.64,0.00,0.00,,,,9,9,999,20397,OH,PSA Airlines Inc.,OH,PSA Airlines Inc.,11030,L,2,2,2025,1
,,,,,,,,,,,,,,,,,,,,,,,,,,,,,,,,,,,,,,,,,0.00,0.00,4.50,4.25,0.00,,,,9,9,999,19874,8C,Air Transport International,8C,Air Transport International,16028,A,2,2,2025,1
,,,,,,,,,,,,,,,,,,,,,,,,,,,,,,,,,,,,,,,,,0.00,0.00,5.47,915.66,0.00,,,,9,9,999,20377,X9,Omni Air International LLC,X9,Omni Air International LLC,06738,D,2,2,2025,4
,,,,,,,,,,,,,,,,,,,,,,,,,,,,,,,,,,,,,,,,,0.00,0.00,6.24,5.27,0.00,,,,9,9,999,19874,8C,Air Transport International,8C,Air Transport International,16028,A,2,2,2025,3
,,,,,,,,,,,,,,,,,,,,,,,,,,,,,,,,,,,,,,,,,0.00,0.00,6.29,326.55,0.00,,,,9,9,999,20377,X9,Omni Air International LLC,X9,Omni Air International LLC,06738,D,2,2,2025,1
,,,,,,,,,,,,,,,,,,,,,,,,,,,,,,,,,,,,,,,,,0.00,0.00,6.38,102.04,0.00,,,,9,9,999,19874,8C,Air Transport International,8C,Air Transport International,16028,A,2,2,2025,4
,,,,,,,,,,,,,,,,,,,,,,,,,,,,,,,,,,,,,,,,,0.00,0.00,7.01,5.42,0.00,,,,9,9,999,19874,8C,Air Transport International,8C,Air Transport International,16028,A,2,2,2025,2
,,,,,,,,,,,,,,,,,,,,,,,,,,,,,,,,,,,,,,,,,0.00,0.00,9.52,0.00,0.00,,,,9,9,999,20397,OH,PSA Airlines Inc.,OH,PSA Airlines Inc.,11030,L,2,2,2025,3
,,,,,,,,,,,,,,,,,,,,,,,,,,,,,,,,,,,,,,,,,0.00,0.00,10.56,447.33,0.00,,,,9,9,999,20445,C5,CommuteAir LLC dba CommuteAir,C5,CommuteAir LLC dba CommuteAir,06944,D,2,2,2025,4
,,,,,,,,,,,,,,,,,,,,,,,,,,,,,,,,,,,,,,,,,0.00,0.00,13.62,465.93,0.00,,,,9,9,999,20445,C5,CommuteAir LLC dba CommuteAir,C5,CommuteAir LLC dba CommuteAir,06944,D,2,2,2025,3
,,,,,,,,,,,,,,,,,,,,,,,,,,,,,,,,,,,,,,,,,0.00,0.00,16.72,416.53,0.00,,,,9,9,999,20445,C5,CommuteAir LLC dba CommuteAir,C5,CommuteAir LLC dba CommuteAir,06944,D,2,2,2025,2
,,,,,,,,,,,,,,,,,,,,,,,,,,,,,,,,,,,,,,,,,0.00,0.00,18.00,1704.00,0.00,,,,9,9,999,19930,AS,Alaska Airlines Inc.,AS,Alaska Airlines Inc.,16031,L,3,3,2025,3
,,,,,,,,,,,,,,,,,,,,,,,,,,,,,,,,,,,,,,,,,0.00,0.00,19.41,334.25,0.00,,,,9,9,999,20445,C5,CommuteAir LLC dba CommuteAir,C5,CommuteAir LLC dba CommuteAir,06944,D,2,2,2025,1
,,,,,,,,,,,,,,,,,,,,,,,,,,,,,,,,,,,,,,,,,0.00,0.00,21.49,64.57,0.00,,,,9,9,999,20378,YV,Mesa Airlines Inc.,YV,Mesa Airlines Inc.,06689,D,2,2,2025,3
,,,,,,,,,,,,,,,,,,,,,,,,,,,,,,,,,,,,,,,,,0.00,0.00,21.51,81.36,0.00,,,,9,9,999,20378,YV,Mesa Airlines Inc.,YV,Mesa Airlines Inc.,06689,D,2,2,2025,2
,,,,,,,,,,,,,,,,,,,,,,,,,,,,,,,,,,,,,,,,,0.00,0.00,21.87,89.19,0.00,,,,9,9,999,20378,YV,Mesa Airlines Inc.,YV,Mesa Airlines Inc.,06689,D,2,2,2025,1
,,,,,,,,,,,,,,,,,,,,,,,,,,,,,,,,,,,,,,,,,0.00,0.00,29.00,2534.00,0.00,,,,9,9,999,19930,AS,Alaska Airlines Inc.,AS,Alaska Airlines Inc.,16031,L,3,3,2025,2
,,,,,,,,,,,,,,,,,,,,,,,,,,,,,,,,,,,,,,,,,0.00,0.00,32.00,3159.00,0.00,,,,9,9,999,19930,AS,Alaska Airlines Inc.,AS,Alaska Airlines Inc.,16031,L,3,3,2025,4
,,,,,,,,,,,,,,,,,,,,,,,,,,,,,,,,,,,,,,,,,0.00,0.00,35.67,25.35,0.00,,,,9,9,999,20169,L2,Lynden Air Cargo Airlines,L2,Lynden Air Cargo Airlines,06699,D,2,2,2025,4
,,,,,,,,,,,,,,,,,,,,,,,,,,,,,,,,,,,,,,,,,0.00,0.00,39.68,25.35,0.00,,,,9,9,999,20169,L2,Lynden Air Cargo Airlines,L2,Lynden Air Cargo Airlines,06699,D,2,2,2025,3
,,,,,,,,,,,,,,,,,,,,,,,,,,,,,,,,,,,,,,,,,0.00,0.00,44.80,7498.93,0.00,,,,9,9,999,20377,X9,Omni Air International LLC,X9,Omni Air International LLC,16736,I,2,2,2025,4
,,,,,,,,,,,,,,,,,,,,,,,,,,,,,,,,,,,,,,,,,0.00,0.00,56.00,4015.00,0.00,,,,9,9,999,19930,AS,Alaska Airlines Inc.,AS,Alaska Airlines Inc.,16031,L,3,3,2025,1
,,,,,,,,,,,,,,,,,,,,,,,,,,,,,,,,,,,,,,,,,0.00,0.00,68.56,5057.27,0.00,,,,9,9,999,20377,X9,Omni Air International LLC,X9,Omni Air International LLC,16736,I,2,2,2025,2
,,,,,,,,,,,,,,,,,,,,,,,,,,,,,,,,,,,,,,,,,0.00,0.00,71.16,4010.36,0.00,,,,9,9,999,20377,X9,Omni Air International LLC,X9,Omni Air International LLC,16736,I,2,2,2025,3
,,,,,,,,,,,,,,,,,,,,,,,,,,,,,,,,,,,,,,,,,0.00,0.00,72.00,463.00,0.00,,,,9,9,999,19687,QX,Horizon Air,QX,Horizon Air,06580,D,2,2,2025,4
,,,,,,,,,,,,,,,,,,,,,,,,,,,,,,,,,,,,,,,,,0.00,0.00,72.00,546.00,0.00,,,,9,9,999,19687,QX,Horizon Air,QX,Horizon Air,06580,D,2,2,2025,1
,,,,,,,,,,,,,,,,,,,,,,,,,,,,,,,,,,,,,,,,,0.00,0.00,73.00,502.00,0.00,,,,9,9,999,19687,QX,Horizon Air,QX,Horizon Air,06580,D,2,2,2025,3
,,,,,,,,,,,,,,,,,,,,,,,,,,,,,,,,,,,,,,,,,0.00,0.00,73.00,542.00,0.00,,,,9,9,999,19687,QX,Horizon Air,QX,Horizon Air,06580,D,2,2,2025,2
,,,,,,,,,,,,,,,,,,,,,,,,,,,,,,,,,,,,,,,,,0.00,0.00,79.03,21.65,0.00,,,,9,9,999,20169,L2,Lynden Air Cargo Airlines,L2,Lynden Air Cargo Airlines,06699,D,2,2,2025,2
,,,,,,,,,,,,,,,,,,,,,,,,,,,,,,,,,,,,,,,,,0.00,0.00,81.05,13.10,0.00,,,,9,9,999,20169,L2,Lynden Air Cargo Airlines,L2,Lynden Air Cargo Airlines,06699,D,2,2,2025,1
,,,,,,,,,,,,,,,,,,,,,,,,,,,,,,,,,,,,,,,,,0.00,0.00,86.47,1842.03,6.66,,,,9,9,999,19690,HA,Hawaiian Airlines Inc.,HA,Hawaiian Airlines Inc.,15375,P,3,3,2025,2
,,,,,,,,,,,,,,,,,,,,,,,,,,,,,,,,,,,,,,,,,0.00,0.00,104.09,5403.10,0.00,,,,9,9,999,20377,X9,Omni Air International LLC,X9,Omni Air International LLC,16736,I,2,2,2025,1
,,,,,,,,,,,,,,,,,,,,,,,,,,,,,,,,,,,,,,,,,0.00,0.00,107.98,2097.53,7.04,,,,9,9,999,19690,HA,Hawaiian Airlines Inc.,HA,Hawaiian Airlines Inc.,15375,P,3,3,2025,1
,,,,,,,,,,,,,,,,,,,,,,,,,,,,,,,,,,,,,,,,,0.00,0.00,219.34,755.80,0.00,,,,9,9,999,22080,MX,Breeze Aviation Group DBA  Breeze,MX,Breeze Aviation Group DBA  Breeze,01268,D,2,2,2025,1
,,,,,,,,,,,,,,,,,,,,,,,,,,,,,,,,,,,,,,,,,0.00,0.00,235.05,411.39,0.00,,,,9,9,999,22080,MX,Breeze Aviation Group DBA  Breeze,MX,Breeze Aviation Group DBA  Breeze,01268,D,2,2,2025,2
,,,,,,,,,,,,,,,,,,,,,,,,,,,,,,,,,,,,,,,,,0.00,0.00,259.44,111.53,0.00,,,,9,9,999,19874,8C,Air Transport International,8C,Air Transport International,06029,D,2,2,2025,1
,,,,,,,,,,,,,,,,,,,,,,,,,,,,,,,,,,,,,,,,,0.00,0.00,282.63,404.75,0.00,,,,9,9,999,22080,MX,Breeze Aviation Group DBA  Breeze,MX,Breeze Aviation Group DBA  Breeze,01268,D,2,2,2025,3
,,,,,,,,,,,,,,,,,,,,,,,,,,,,,,,,,,,,,,,,,0.00,0.00,294.12,6143.89,22.00,,,,9,9,999,19690,HA,Hawaiian Airlines Inc.,HA,Hawaiian Airlines Inc.,05375,D,3,3,2025,2
,,,,,,,,,,,,,,,,,,,,,,,,,,,,,,,,,,,,,,,,,0.00,0.00,311.81,427.27,0.00,,,,9,9,999,22080,MX,Breeze Aviation Group DBA  Breeze,MX,Breeze Aviation Group DBA  Breeze,01268,D,2,2,2025,4
,,,,,,,,,,,,,,,,,,,,,,,,,,,,,,,,,,,,,,,,,0.00,0.00,340.62,6503.18,21.62,,,,9,9,999,19690,HA,Hawaiian Airlines Inc.,HA,Hawaiian Airlines Inc.,05375,D,3,3,2025,1
,,,,,,,,,,,,,,,,,,,,,,,,,,,,,,,,,,,,,,,,,0.00,0.00,344.07,86.45,0.00,,,,9,9,999,19874,8C,Air Transport International,8C,Air Transport International,06029,D,2,2,2025,4
,,,,,,,,,,,,,,,,,,,,,,,,,,,,,,,,,,,,,,,,,0.00,0.00,350.00,34075.00,0.00,,,,9,9,999,19930,AS,Alaska Airlines Inc.,AS,Alaska Airlines Inc.,06031,D,3,3,2025,4
,,,,,,,,,,,,,,,,,,,,,,,,,,,,,,,,,,,,,,,,,0.00,0.00,351.12,141.21,0.00,,,,9,9,999,19874,8C,Air Transport International,8C,Air Transport International,06029,D,2,2,2025,2
,,,,,,,,,,,,,,,,,,,,,,,,,,,,,,,,,,,,,,,,,0.00,0.00,352.63,140.65,0.00,,,,9,9,999,19874,8C,Air Transport International,8C,Air Transport International,06029,D,2,2,2025,3
,,,,,,,,,,,,,,,,,,,,,,,,,,,,,,,,,,,,,,,,,0.00,0.00,357.00,34447.00,0.00,,,,9,9,999,19930,AS,Alaska Airlines Inc.,AS,Alaska Airlines Inc.,06031,D,3,3,2025,3
,,,,,,,,,,,,,,,,,,,,,,,,,,,,,,,,,,,,,,,,,0.00,0.00,375.82,0.00,0.00,,,,9,9,999,20397,OH,PSA Airlines Inc.,OH,PSA Airlines Inc.,07028,D,2,2,2025,4
,,,,,,,,,,,,,,,,,,,,,,,,,,,,,,,,,,,,,,,,,0.00,0.00,377.00,32489.00,0.00,,,,9,9,999,19930,AS,Alaska Airlines Inc.,AS,Alaska Airlines Inc.,06031,D,3,3,2025,2
,,,,,,,,,,,,,,,,,,,,,,,,,,,,,,,,,,,,,,,,,0.00,0.00,394.95,0.00,0.00,,,,9,9,999,20397,OH,PSA Airlines Inc.,OH,PSA Airlines Inc.,07028,D,2,2,2025,2
,,,,,,,,,,,,,,,,,,,,,,,,,,,,,,,,,,,,,,,,,0.00,0.00,408.80,0.00,0.00,,,,9,9,999,20397,OH,PSA Airlines Inc.,OH,PSA Airlines Inc.,07028,D,2,2,2025,1
,,,,,,,,,,,,,,,,,,,,,,,,,,,,,,,,,,,,,,,,,0.00,0.00,410.00,29522.00,0.00,,,,9,9,999,19930,AS,Alaska Airlines Inc.,AS,Alaska Airlines Inc.,06031,D,3,3,2025,1
,,,,,,,,,,,,,,,,,,,,,,,,,,,,,,,,,,,,,,,,,0.00,0.00,448.72,1623.12,0.00,,,,9,9,999,20416,NK,Spirit Air Lines,NK,Spirit Air Lines,16831,L,3,3,2025,1
,,,,,,,,,,,,,,,,,,,,,,,,,,,,,,,,,,,,,,,,,0.00,0.00,472.42,25.28,0.00,,,,9,9,999,21634,KH,Aloha Air Cargo,KH,Aloha Air Cargo,01146,D,2,2,2025,1
,,,,,,,,,,,,,,,,,,,,,,,,,,,,,,,,,,,,,,,,,0.00,0.00,472.90,1830.22,0.00,,,,9,9,999,20416,NK,Spirit Air Lines,NK,Spirit Air Lines,16831,L,3,3,2025,2
,,,,,,,,,,,,,,,,,,,,,,,,,,,,,,,,,,,,,,,,,0.00,0.00,481.46,27.63,0.00,,,,9,9,999,21634,KH,Aloha Air Cargo,KH,Aloha Air Cargo,01146,D,2,2,2025,2
,,,,,,,,,,,,,,,,,,,,,,,,,,,,,,,,,,,,,,,,,0.00,0.00,503.90,29.59,0.00,,,,9,9,999,21634,KH,Aloha Air Cargo,KH,Aloha Air Cargo,01146,D,2,2,2025,3
,,,,,,,,,,,,,,,,,,,,,,,,,,,,,,,,,,,,,,,,,0.00,0.00,512.12,29.85,0.00,,,,9,9,999,21634,KH,Aloha Air Cargo,KH,Aloha Air Cargo,01146,D,2,2,2025,4
,,,,,,,,,,,,,,,,,,,,,,,,,,,,,,,,,,,,,,,,,0.00,0.00,546.65,1976.45,0.00,,,,9,9,999,20416,NK,Spirit Air Lines,NK,Spirit Air Lines,16831,L,3,3,2025,3
,,,,,,,,,,,,,,,,,,,,,,,,,,,,,,,,,,,,,,,,,0.00,0.00,619.45,1974.19,0.00,,,,9,9,999,20416,NK,Spirit Air Lines,NK,Spirit Air Lines,16831,L,3,3,2025,4
,,,,,,,,,,,,,,,,,,,,,,,,,,,,,,,,,,,,,,,,,0.00,0.00,634.89,967.51,0.00,,,,9,9,999,20427,PT,Piedmont Airlines,PT,Piedmont Airlines,06918,D,2,2,2025,4
,,,,,,,,,,,,,,,,,,,,,,,,,,,,,,,,,,,,,,,,,0.00,0.00,642.66,962.31,0.00,,,,9,9,999,20427,PT,Piedmont Airlines,PT,Piedmont Airlines,06918,D,2,2,2025,3
,,,,,,,,,,,,,,,,,,,,,,,,,,,,,,,,,,,,,,,,,0.00,0.00,647.69,997.12,0.00,,,,9,9,999,20427,PT,Piedmont Airlines,PT,Piedmont Airlines,06918,D,2,2,2025,2
,,,,,,,,,,,,,,,,,,,,,,,,,,,,,,,,,,,,,,,,,0.00,0.00,664.81,957.69,0.00,,,,9,9,999,20427,PT,Piedmont Airlines,PT,Piedmont Airlines,06918,D,2,2,2025,1
,,,,,,,,,,,,,,,,,,,,,,,,,,,,,,,,,,,,,,,,,0.00,0.00,1062.97,0.00,0.00,,,,9,9,999,20151,M6,Amerijet International,M6,Amerijet International,06052,D,2,2,2025,4
,,,,,,,,,,,,,,,,,,,,,,,,,,,,,,,,,,,,,,,,,0.00,0.00,1215.08,0.00,0.00,,,,9,9,999,20151,M6,Amerijet International,M6,Amerijet International,06052,D,2,2,2025,3
,,,,,,,,,,,,,,,,,,,,,,,,,,,,,,,,,,,,,,,,,0.00,0.00,1252.71,0.00,0.00,,,,9,9,999,20151,M6,Amerijet International,M6,Amerijet International,06052,D,2,2,2025,2
,,,,,,,,,,,,,,,,,,,,,,,,,,,,,,,,,,,,,,,,,0.00,0.00,1393.94,0.00,0.00,,,,9,9,999,20151,M6,Amerijet International,M6,Amerijet International,06052,D,2,2,2025,1
,,,,,,,,,,,,,,,,,,,,,,,,,,,,,,,,,,,,,,,,,0.00,0.00,1726.56,2869.58,0.00,,,,9,9,999,20452,YX,Republic Airline,YX,Republic Airline,06003,D,3,3,2025,3
,,,,,,,,,,,,,,,,,,,,,,,,,,,,,,,,,,,,,,,,,0.00,0.00,1729.38,2856.04,0.00,,,,9,9,999,20452,YX,Republic Airline,YX,Republic Airline,06003,D,3,3,2025,4
,,,,,,,,,,,,,,,,,,,,,,,,,,,,,,,,,,,,,,,,,0.00,0.00,1745.17,3183.13,0.00,,,,9,9,999,20452,YX,Republic Airline,YX,Republic Airline,06003,D,3,3,2025,1
,,,,,,,,,,,,,,,,,,,,,,,,,,,,,,,,,,,,,,,,,0.00,0.00,1746.81,2963.88,0.00,,,,9,9,999,20452,YX,Republic Airline,YX,Republic Airline,06003,D,3,3,2025,2
,,,,,,,,,,,,,,,,,,,,,,,,,,,,,,,,,,,,,,,,,0.00,0.00,2029.60,0.00,0.00,,,,9,9,999,20397,OH,PSA Airlines Inc.,OH,PSA Airlines Inc.,07028,D,2,2,2025,3
,,,,,,,,,,,,,,,,,,,,,,,,,,,,,,,,,,,,,,,,,0.00,0.00,2497.22,0.00,0.00,,,,9,9,999,20151,M6,Amerijet International,M6,Amerijet International,16052,L,2,2,2025,1
,,,,,,,,,,,,,,,,,,,,,,,,,,,,,,,,,,,,,,,,,0.00,0.00,2611.59,0.00,0.00,,,,9,9,999,20151,M6,Amerijet International,M6,Amerijet International,16052,L,2,2,2025,2
,,,,,,,,,,,,,,,,,,,,,,,,,,,,,,,,,,,,,,,,,0.00,0.00,2701.54,0.00,0.00,,,,9,9,999,20151,M6,Amerijet International,M6,Amerijet International,16052,L,2,2,2025,3
,,,,,,,,,,,,,,,,,,,,,,,,,,,,,,,,,,,,,,,,,0.00,0.00,2837.79,0.00,0.00,,,,9,9,999,20151,M6,Amerijet International,M6,Amerijet International,16052,L,2,2,2025,4
,,,,,,,,,,,,,,,,,,,,,,,,,,,,,,,,,,,,,,,,,0.00,0.00,3482.89,11099.93,0.00,,,,9,9,999,20416,NK,Spirit Air Lines,NK,Spirit Air Lines,06830,D,3,3,2025,4
,,,,,,,,,,,,,,,,,,,,,,,,,,,,,,,,,,,,,,,,,0.00,0.00,3630.58,13132.50,0.00,,,,9,9,999,20416,NK,Spirit Air Lines,NK,Spirit Air Lines,06830,D,3,3,2025,1
,,,,,,,,,,,,,,,,,,,,,,,,,,,,,,,,,,,,,,,,,0.00,0.00,3690.96,13344.85,0.00,,,,9,9,999,20416,NK,Spirit Air Lines,NK,Spirit Air Lines,06830,D,3,3,2025,3
,,,,,,,,,,,,,,,,,,,,,,,,,,,,,,,,,,,,,,,,,0.00,0.00,4074.25,15768.06,0.00,,,,9,9,999,20416,NK,Spirit Air Lines,NK,Spirit Air Lines,06830,D,3,3,2025,2
,,,,,,,,,,,,,,,,,,,,,,,,,,,,,,,,,,,,,,,,,0.00,1.21,7.77,102.14,0.00,,,,9,9,999,20436,F9,Frontier Airlines Inc.,F9,Frontier Airlines Inc.,16461,L,3,3,2025,4
,,,,,,,,,,,,,,,,,,,,,,,,,,,,,,,,,,,,,,,,,0.00,1.80,10.77,108.85,0.00,,,,9,9,999,20436,F9,Frontier Airlines Inc.,F9,Frontier Airlines Inc.,16461,L,3,3,2025,3
,,,,,,,,,,,,,,,,,,,,,,,,,,,,,,,,,,,,,,,,,0.00,2.98,14.04,117.27,0.00,,,,9,9,999,20436,F9,Frontier Airlines Inc.,F9,Frontier Airlines Inc.,16461,L,3,3,2025,1
,,,,,,,,,,,,,,,,,,,,,,,,,,,,,,,,,,,,,,,,,0.00,3.03,15.49,125.43,0.00,,,,9,9,999,20436,F9,Frontier Airlines Inc.,F9,Frontier Airlines Inc.,16461,L,3,3,2025,2
,,,,,,,,,,,,,,,,,,,,,,,,,,,,,,,,,,,,,,,,,0.00,10.88,0.00,72.90,0.00,,,,9,9,999,20046,ZW,Air Wisconsin Airlines Corp,ZW,Air Wisconsin Airlines Corp,06024,D,2,2,2025,3
,,,,,,,,,,,,,,,,,,,,,,,,,,,,,,,,,,,,,,,,,0.00,10.88,0.00,76.45,0.00,,,,9,9,999,20046,ZW,Air Wisconsin Airlines Corp,ZW,Air Wisconsin Airlines Corp,06024,D,2,2,2025,4
,,,,,,,,,,,,,,,,,,,,,,,,,,,,,,,,,,,,,,,,,0.00,11.96,1258.94,0.00,0.00,,,,9,9,999,21629,KD,Western Global,KD,Western Global,11042,I,2,2,2025,4
,,,,,,,,,,,,,,,,,,,,,,,,,,,,,,,,,,,,,,,,,0.00,13.07,1266.53,0.00,0.00,,,,9,9,999,21629,KD,Western Global,KD,Western Global,11042,I,2,2,2025,3
,,,,,,,,,,,,,,,,,,,,,,,,,,,,,,,,,,,,,,,,,0.00,14.20,315.56,54.28,0.00,,,,9,9,999,20108,NC,Northern Air Cargo Inc.,NC,Northern Air Cargo Inc.,06721,D,2,2,2025,1
,,,,,,,,,,,,,,,,,,,,,,,,,,,,,,,,,,,,,,,,,0.00,14.42,0.00,80.64,0.00,,,,9,9,999,20046,ZW,Air Wisconsin Airlines Corp,ZW,Air Wisconsin Airlines Corp,06024,D,2,2,2025,2
,,,,,,,,,,,,,,,,,,,,,,,,,,,,,,,,,,,,,,,,,0.00,14.73,114.73,250.09,0.00,,,,9,9,999,20108,NC,Northern Air Cargo Inc.,NC,Northern Air Cargo Inc.,06721,D,2,2,2025,2
,,,,,,,,,,,,,,,,,,,,,,,,,,,,,,,,,,,,,,,,,0.00,17.17,1269.64,0.00,0.00,,,,9,9,999,21629,KD,Western Global,KD,Western Global,11042,I,2,2,2025,2
,,,,,,,,,,,,,,,,,,,,,,,,,,,,,,,,,,,,,,,,,0.00,20.00,314.80,49.00,0.00,,,,9,9,999,20108,NC,Northern Air Cargo Inc.,NC,Northern Air Cargo Inc.,06721,D,2,2,2025,4
,,,,,,,,,,,,,,,,,,,,,,,,,,,,,,,,,,,,,,,,,0.00,20.00,320.29,54.67,0.00,,,,9,9,999,20108,NC,Northern Air Cargo Inc.,NC,Northern Air Cargo Inc.,06721,D,2,2,2025,3
,,,,,,,,,,,,,,,,,,,,,,,,,,,,,,,,,,,,,,,,,0.00,20.24,0.00,48.63,0.00,,,,9,9,999,20304,OO,SkyWest Airlines Inc.,OO,SkyWest Airlines Inc.,11025,L,3,3,2025,3
,,,,,,,,,,,,,,,,,,,,,,,,,,,,,,,,,,,,,,,,,0.00,21.34,28.48,15.46,0.00,,,,9,9,999,20401,3M,Silver Airways,3M,Silver Airways,11056,I,2,2,2025,1
,,,,,,,,,,,,,,,,,,,,,,,,,,,,,,,,,,,,,,,,,0.00,21.70,0.00,48.48,0.00,,,,9,9,999,20304,OO,SkyWest Airlines Inc.,OO,SkyWest Airlines Inc.,11025,L,3,3,2025,2
,,,,,,,,,,,,,,,,,,,,,,,,,,,,,,,,,,,,,,,,,0.00,22.11,0.00,57.48,0.00,,,,9,9,999,20304,OO,SkyWest Airlines Inc.,OO,SkyWest Airlines Inc.,11025,L,3,3,2025,4
,,,,,,,,,,,,,,,,,,,,,,,,,,,,,,,,,,,,,,,,,0.00,22.14,1258.07,0.00,0.00,,,,9,9,999,21629,KD,Western Global,KD,Western Global,11042,I,2,2,2025,1
,,,,,,,,,,,,,,,,,,,,,,,,,,,,,,,,,,,,,,,,,0.00,26.48,10.11,57.80,0.00,,,,9,9,999,20422,SY,Sun Country Airlines d/b/a MN Airlines,SY,Sun Country Airlines d/b/a MN Airlines,16795,L,3,3,2025,3
,,,,,,,,,,,,,,,,,,,,,,,,,,,,,,,,,,,,,,,,,0.00,30.62,28.92,1.82,0.00,,,,9,9,999,21492,1BQ,"Eastern Airlines f/k/a Dynamic Airways, LLC",1BQ,"Eastern Airlines f/k/a Dynamic Airways, LLC",01159,D,1,1,2025,4
,,,,,,,,,,,,,,,,,,,,,,,,,,,,,,,,,,,,,,,,,0.00,33.60,0.00,81.43,0.00,,,,9,9,999,20304,OO,SkyWest Airlines Inc.,OO,SkyWest Airlines Inc.,11025,L,3,3,2025,1
,,,,,,,,,,,,,,,,,,,,,,,,,,,,,,,,,,,,,,,,,0.00,34.67,46.26,25.11,0.00,,,,9,9,999,20401,3M,Silver Airways,3M,Silver Airways,06888,D,2,2,2025,1
,,,,,,,,,,,,,,,,,,,,,,,,,,,,,,,,,,,,,,,,,0.00,34.73,14.79,81.37,0.00,,,,9,9,999,20422,SY,Sun Country Airlines d/b/a MN Airlines,SY,Sun Country Airlines d/b/a MN Airlines,16795,L,3,3,2025,2
,,,,,,,,,,,,,,,,,,,,,,,,,,,,,,,,,,,,,,,,,0.00,45.15,42.65,2.69,0.00,,,,9,9,999,21492,1BQ,"Eastern Airlines f/k/a Dynamic Airways, LLC",1BQ,"Eastern Airlines f/k/a Dynamic Airways, LLC",11019,I,1,1,2025,4
,,,,,,,,,,,,,,,,,,,,,,,,,,,,,,,,,,,,,,,,,0.00,46.12,25.83,1.46,0.00,,,,9,9,999,21492,1BQ,"Eastern Airlines f/k/a Dynamic Airways, LLC",1BQ,"Eastern Airlines f/k/a Dynamic Airways, LLC",01159,D,1,1,2025,2
,,,,,,,,,,,,,,,,,,,,,,,,,,,,,,,,,,,,,,,,,0.00,50.17,27.88,126.42,0.00,,,,9,9,999,20422,SY,Sun Country Airlines d/b/a MN Airlines,SY,Sun Country Airlines d/b/a MN Airlines,16795,L,3,3,2025,4
,,,,,,,,,,,,,,,,,,,,,,,,,,,,,,,,,,,,,,,,,0.00,65.63,36.76,2.08,0.00,,,,9,9,999,21492,1BQ,"Eastern Airlines f/k/a Dynamic Airways, LLC",1BQ,"Eastern Airlines f/k/a Dynamic Airways, LLC",01159,D,1,1,2025,3
,,,,,,,,,,,,,,,,,,,,,,,,,,,,,,,,,,,,,,,,,0.00,67.49,0.00,3966.62,4.34,,,,9,9,999,19805,AA,American Airlines Inc.,AA,American Airlines Inc.,10052,P,3,3,2025,2
,,,,,,,,,,,,,,,,,,,,,,,,,,,,,,,,,,,,,,,,,0.00,70.32,0.00,4229.43,3.79,,,,9,9,999,19805,AA,American Airlines Inc.,AA,American Airlines Inc.,10052,P,3,3,2025,3
,,,,,,,,,,,,,,,,,,,,,,,,,,,,,,,,,,,,,,,,,0.00,72.88,40.82,2.31,0.00,,,,9,9,999,21492,1BQ,"Eastern Airlines f/k/a Dynamic Airways, LLC",1BQ,"Eastern Airlines f/k/a Dynamic Airways, LLC",11019,I,1,1,2025,3
,,,,,,,,,,,,,,,,,,,,,,,,,,,,,,,,,,,,,,,,,0.00,78.00,22.00,3105.00,0.00,,,,9,9,999,19393,WN,Southwest Airlines Co.,WN,Southwest Airlines Co.,11033,L,3,3,2025,4
,,,,,,,,,,,,,,,,,,,,,,,,,,,,,,,,,,,,,,,,,0.00,83.06,43.86,2.67,0.00,,,,9,9,999,21492,1BQ,"Eastern Airlines f/k/a Dynamic Airways, LLC",1BQ,"Eastern Airlines f/k/a Dynamic Airways, LLC",01159,D,1,1,2025,1
,,,,,,,,,,,,,,,,,,,,,,,,,,,,,,,,,,,,,,,,,0.00,85.37,45.08,2.74,0.00,,,,9,9,999,21492,1BQ,"Eastern Airlines f/k/a Dynamic Airways, LLC",1BQ,"Eastern Airlines f/k/a Dynamic Airways, LLC",11019,I,1,1,2025,1
,,,,,,,,,,,,,,,,,,,,,,,,,,,,,,,,,,,,,,,,,0.00,86.00,23.00,3274.00,0.00,,,,9,9,999,19393,WN,Southwest Airlines Co.,WN,Southwest Airlines Co.,11033,L,3,3,2025,3
,,,,,,,,,,,,,,,,,,,,,,,,,,,,,,,,,,,,,,,,,0.00,88.56,386.94,2830.25,0.00,,,,9,9,999,20436,F9,Frontier Airlines Inc.,F9,Frontier Airlines Inc.,06460,D,3,3,2025,2
,,,,,,,,,,,,,,,,,,,,,,,,,,,,,,,,,,,,,,,,,0.00,88.60,379.22,3102.96,0.00,,,,9,9,999,20436,F9,Frontier Airlines Inc.,F9,Frontier Airlines Inc.,06460,D,3,3,2025,1
,,,,,,,,,,,,,,,,,,,,,,,,,,,,,,,,,,,,,,,,,0.00,89.79,401.66,3381.58,0.00,,,,9,9,999,20436,F9,Frontier Airlines Inc.,F9,Frontier Airlines Inc.,06460,D,3,3,2025,3
,,,,,,,,,,,,,,,,,,,,,,,,,,,,,,,,,,,,,,,,,0.00,90.37,407.78,4084.16,0.00,,,,9,9,999,20436,F9,Frontier Airlines Inc.,F9,Frontier Airlines Inc.,06460,D,3,3,2025,4
,,,,,,,,,,,,,,,,,,,,,,,,,,,,,,,,,,,,,,,,,0.00,92.42,51.75,2.93,0.00,,,,9,9,999,21492,1BQ,"Eastern Airlines f/k/a Dynamic Airways, LLC",1BQ,"Eastern Airlines f/k/a Dynamic Airways, LLC",11019,I,1,1,2025,2
,,,,,,,,,,,,,,,,,,,,,,,,,,,,,,,,,,,,,,,,,0.00,93.10,0.00,5597.73,3.41,,,,9,9,999,19805,AA,American Airlines Inc.,AA,American Airlines Inc.,10052,P,3,3,2025,4
,,,,,,,,,,,,,,,,,,,,,,,,,,,,,,,,,,,,,,,,,0.00,98.32,0.00,5695.06,6.34,,,,9,9,999,19805,AA,American Airlines Inc.,AA,American Airlines Inc.,10052,P,3,3,2025,1
,,,,,,,,,,,,,,,,,,,,,,,,,,,,,,,,,,,,,,,,,0.00,106.33,36.14,236.81,0.00,,,,9,9,999,20422,SY,Sun Country Airlines d/b/a MN Airlines,SY,Sun Country Airlines d/b/a MN Airlines,16795,L,3,3,2025,1
,,,,,,,,,,,,,,,,,,,,,,,,,,,,,,,,,,,,,,,,,0.00,120.00,30.00,3729.00,0.00,,,,9,9,999,19393,WN,Southwest Airlines Co.,WN,Southwest Airlines Co.,11033,L,3,3,2025,1
,,,,,,,,,,,,,,,,,,,,,,,,,,,,,,,,,,,,,,,,,0.00,122.00,31.00,3961.00,0.00,,,,9,9,999,19393,WN,Southwest Airlines Co.,WN,Southwest Airlines Co.,11033,L,3,3,2025,2
,,,,,,,,,,,,,,,,,,,,,,,,,,,,,,,,,,,,,,,,,0.00,152.98,0.00,96.46,0.00,,,,9,9,999,20046,ZW,Air Wisconsin Airlines Corp,ZW,Air Wisconsin Airlines Corp,06024,D,2,2,2025,1
,,,,,,,,,,,,,,,,,,,,,,,,,,,,,,,,,,,,,,,,,0.00,229.01,0.00,13757.13,12.89,,,,9,9,999,19805,AA,American Airlines Inc.,AA,American Airlines Inc.,10050,L,3,3,2025,3
,,,,,,,,,,,,,,,,,,,,,,,,,,,,,,,,,,,,,,,,,0.00,238.25,0.00,13812.87,15.36,,,,9,9,999,19805,AA,American Airlines Inc.,AA,American Airlines Inc.,10049,A,3,3,2025,1
,,,,,,,,,,,,,,,,,,,,,,,,,,,,,,,,,,,,,,,,,0.00,251.81,0.00,14802.78,16.20,,,,9,9,999,19805,AA,American Airlines Inc.,AA,American Airlines Inc.,10050,L,3,3,2025,2
,,,,,,,,,,,,,,,,,,,,,,,,,,,,,,,,,,,,,,,,,0.00,279.64,0.00,16845.93,10.23,,,,9,9,999,19805,AA,American Airlines Inc.,AA,American Airlines Inc.,10049,A,3,3,2025,4
,,,,,,,,,,,,,,,,,,,,,,,,,,,,,,,,,,,,,,,,,0.00,294.04,0.00,17674.25,10.77,,,,9,9,999,19805,AA,American Airlines Inc.,AA,American Airlines Inc.,10050,L,3,3,2025,4
,,,,,,,,,,,,,,,,,,,,,,,,,,,,,,,,,,,,,,,,,0.00,295.41,36.23,77.26,10.40,,,,9,9,999,20207,XP,TEM Enterprises dba  Avelo Airlines,XP,TEM Enterprises dba  Avelo Airlines,06144,D,2,2,2025,1
,,,,,,,,,,,,,,,,,,,,,,,,,,,,,,,,,,,,,,,,,0.00,314.15,37.82,60.37,-19.52,,,,9,9,999,20207,XP,TEM Enterprises dba  Avelo Airlines,XP,TEM Enterprises dba  Avelo Airlines,06144,D,2,2,2025,2
,,,,,,,,,,,,,,,,,,,,,,,,,,,,,,,,,,,,,,,,,0.00,328.56,39.74,57.51,10.40,,,,9,9,999,20207,XP,TEM Enterprises dba  Avelo Airlines,XP,TEM Enterprises dba  Avelo Airlines,06144,D,2,2,2025,3
,,,,,,,,,,,,,,,,,,,,,,,,,,,,,,,,,,,,,,,,,0.00,347.64,0.00,20146.78,22.41,,,,9,9,999,19805,AA,American Airlines Inc.,AA,American Airlines Inc.,10050,L,3,3,2025,1
,,,,,,,,,,,,,,,,,,,,,,,,,,,,,,,,,,,,,,,,,0.00,356.96,38.83,48.02,10.32,,,,9,9,999,20207,XP,TEM Enterprises dba  Avelo Airlines,XP,TEM Enterprises dba  Avelo Airlines,06144,D,2,2,2025,4
,,,,,,,,,,,,,,,,,,,,,,,,,,,,,,,,,,,,,,,,,0.00,360.06,0.00,21167.97,23.16,,,,9,9,999,19805,AA,American Airlines Inc.,AA,American Airlines Inc.,10049,A,3,3,2025,2
,,,,,,,,,,,,,,,,,,,,,,,,,,,,,,,,,,,,,,,,,0.00,402.83,0.00,24215.18,22.09,,,,9,9,999,19805,AA,American Airlines Inc.,AA,American Airlines Inc.,10049,A,3,3,2025,3
,,,,,,,,,,,,,,,,,,,,,,,,,,,,,,,,,,,,,,,,,0.00,601.86,49.54,404.51,0.00,,,,9,9,999,20409,B6,JetBlue Airways,B6,JetBlue Airways,10875,A,3,3,2025,1
,,,,,,,,,,,,,,,,,,,,,,,,,,,,,,,,,,,,,,,,,0.00,700.14,63.71,587.64,0.00,,,,9,9,999,20409,B6,JetBlue Airways,B6,JetBlue Airways,10875,A,3,3,2025,4
,,,,,,,,,,,,,,,,,,,,,,,,,,,,,,,,,,,,,,,,,0.00,818.31,0.00,4161.16,0.00,,,,9,9,999,20304,OO,SkyWest Airlines Inc.,OO,SkyWest Airlines Inc.,06700,D,3,3,2025,4
,,,,,,,,,,,,,,,,,,,,,,,,,,,,,,,,,,,,,,,,,0.00,821.56,0.00,3952.72,0.00,,,,9,9,999,20304,OO,SkyWest Airlines Inc.,OO,SkyWest Airlines Inc.,06700,D,3,3,2025,3
,,,,,,,,,,,,,,,,,,,,,,,,,,,,,,,,,,,,,,,,,0.00,824.48,0.00,3858.82,0.00,,,,9,9,999,20304,OO,SkyWest Airlines Inc.,OO,SkyWest Airlines Inc.,06700,D,3,3,2025,2
,,,,,,,,,,,,,,,,,,,,,,,,,,,,,,,,,,,,,,,,,0.00,845.43,0.00,3926.39,0.00,,,,9,9,999,20304,OO,SkyWest Airlines Inc.,OO,SkyWest Airlines Inc.,06700,D,3,3,2025,1
,,,,,,,,,,,,,,,,,,,,,,,,,,,,,,,,,,,,,,,,,0.00,893.67,221.01,1898.27,0.00,,,,9,9,999,20422,SY,Sun Country Airlines d/b/a MN Airlines,SY,Sun Country Airlines d/b/a MN Airlines,06795,D,3,3,2025,1
,,,,,,,,,,,,,,,,,,,,,,,,,,,,,,,,,,,,,,,,,0.00,949.83,285.37,2187.75,0.00,,,,9,9,999,20422,SY,Sun Country Airlines d/b/a MN Airlines,SY,Sun Country Airlines d/b/a MN Airlines,06795,D,3,3,2025,4
,,,,,,,,,,,,,,,,,,,,,,,,,,,,,,,,,,,,,,,,,0.00,950.11,79.28,680.25,0.00,,,,9,9,999,20409,B6,JetBlue Airways,B6,JetBlue Airways,10875,A,3,3,2025,2
,,,,,,,,,,,,,,,,,,,,,,,,,,,,,,,,,,,,,,,,,0.00,965.27,268.46,2094.66,0.00,,,,9,9,999,20422,SY,Sun Country Airlines d/b/a MN Airlines,SY,Sun Country Airlines d/b/a MN Airlines,06795,D,3,3,2025,2
,,,,,,,,,,,,,,,,,,,,,,,,,,,,,,,,,,,,,,,,,0.00,973.53,273.14,2229.70,0.00,,,,9,9,999,20422,SY,Sun Country Airlines d/b/a MN Airlines,SY,Sun Country Airlines d/b/a MN Airlines,06795,D,3,3,2025,3
,,,,,,,,,,,,,,,,,,,,,,,,,,,,,,,,,,,,,,,,,0.00,1118.09,98.22,864.32,0.00,,,,9,9,999,20409,B6,JetBlue Airways,B6,JetBlue Airways,10875,A,3,3,2025,3
,,,,,,,,,,,,,,,,,,,,,,,,,,,,,,,,,,,,,,,,,0.00,1154.50,0.00,69403.98,63.31,,,,9,9,999,19805,AA,American Airlines Inc.,AA,American Airlines Inc.,0A050,D,3,3,2025,3
,,,,,,,,,,,,,,,,,,,,,,,,,,,,,,,,,,,,,,,,,0.00,1163.57,0.00,67457.31,75.03,,,,9,9,999,19805,AA,American Airlines Inc.,AA,American Airlines Inc.,0A050,D,3,3,2025,1
,,,,,,,,,,,,,,,,,,,,,,,,,,,,,,,,,,,,,,,,,0.00,1172.85,0.00,68934.42,75.44,,,,9,9,999,19805,AA,American Airlines Inc.,AA,American Airlines Inc.,0A050,D,3,3,2025,2
,,,,,,,,,,,,,,,,,,,,,,,,,,,,,,,,,,,,,,,,,0.00,1189.87,0.00,71621.06,43.55,,,,9,9,999,19805,AA,American Airlines Inc.,AA,American Airlines Inc.,0A050,D,3,3,2025,4
,,,,,,,,,,,,,,,,,,,,,,,,,,,,,,,,,,,,,,,,,0.00,3514.00,951.00,133504.00,0.00,,,,9,9,999,19393,WN,Southwest Airlines Co.,WN,Southwest Airlines Co.,06725,D,3,3,2025,3
,,,,,,,,,,,,,,,,,,,,,,,,,,,,,,,,,,,,,,,,,0.00,3522.00,971.00,140232.00,0.00,,,,9,9,999,19393,WN,Southwest Airlines Co.,WN,Southwest Airlines Co.,06725,D,3,3,2025,4
,,,,,,,,,,,,,,,,,,,,,,,,,,,,,,,,,,,,,,,,,0.00,3683.48,335.16,3456.19,0.00,,,,9,9,999,20409,B6,JetBlue Airways,B6,JetBlue Airways,16673,L,3,3,2025,4
,,,,,,,,,,,,,,,,,,,,,,,,,,,,,,,,,,,,,,,,,0.00,3744.00,938.00,121683.00,0.00,,,,9,9,999,19393,WN,Southwest Airlines Co.,WN,Southwest Airlines Co.,06725,D,3,3,2025,2
,,,,,,,,,,,,,,,,,,,,,,,,,,,,,,,,,,,,,,,,,0.00,3746.00,938.00,116000.00,0.00,,,,9,9,999,19393,WN,Southwest Airlines Co.,WN,Southwest Airlines Co.,06725,D,3,3,2025,1
,,,,,,,,,,,,,,,,,,,,,,,,,,,,,,,,,,,,,,,,,0.00,4266.80,356.03,3496.26,0.00,,,,9,9,999,20409,B6,JetBlue Airways,B6,JetBlue Airways,16673,L,3,3,2025,2
,,,,,,,,,,,,,,,,,,,,,,,,,,,,,,,,,,,,,,,,,0.00,4310.57,378.66,3860.19,0.00,,,,9,9,999,20409,B6,JetBlue Airways,B6,JetBlue Airways,16673,L,3,3,2025,3
,,,,,,,,,,,,,,,,,,,,,,,,,,,,,,,,,,,,,,,,,0.00,4357.80,358.71,3346.12,0.00,,,,9,9,999,20409,B6,JetBlue Airways,B6,JetBlue Airways,16673,L,3,3,2025,1
,,,,,,,,,,,,,,,,,,,,,,,,,,,,,,,,,,,,,,,,,0.00,10576.18,929.07,9976.86,0.00,,,,9,9,999,20409,B6,JetBlue Airways,B6,JetBlue Airways,06673,D,3,3,2025,3
,,,,,,,,,,,,,,,,,,,,,,,,,,,,,,,,,,,,,,,,,0.00,10985.21,999.56,10709.32,0.00,,,,9,9,999,20409,B6,JetBlue Airways,B6,JetBlue Airways,06673,D,3,3,2025,4
,,,,,,,,,,,,,,,,,,,,,,,,,,,,,,,,,,,,,,,,,0.00,12179.73,1016.31,10447.22,0.00,,,,9,9,999,20409,B6,JetBlue Airways,B6,JetBlue Airways,06673,D,3,3,2025,2
,,,,,,,,,,,,,,,,,,,,,,,,,,,,,,,,,,,,,,,,,0.00,12402.57,1020.92,9916.43,0.00,,,,9,9,999,20409,B6,JetBlue Airways,B6,JetBlue Airways,06673,D,3,3,2025,1
,,,,,,,,,,,,,,,,,,,,,,,,,,,,,,,,,,,,,,,,,129.52,806.82,,20216.63,1540.79,,,,9,9,999,19977,UA,United Air Lines Inc.,UA,United Air Lines Inc.,10876,L,3,3,2025,1
,,,,,,,,,,,,,,,,,,,,,,,,,,,,,,,,,,,,,,,,,173.68,1081.92,,20845.87,2066.15,,,,9,9,999,19977,UA,United Air Lines Inc.,UA,United Air Lines Inc.,10877,P,3,3,2025,1
,,,,,,,,,,,,,,,,,,,,,,,,,,,,,,,,,,,,,,,,,178.20,614.58,,15451.67,1173.52,,,,9,9,999,19977,UA,United Air Lines Inc.,UA,United Air Lines Inc.,10876,L,3,3,2025,3
,,,,,,,,,,,,,,,,,,,,,,,,,,,,,,,,,,,,,,,,,185.26,1154.04,47.69,23858.45,2203.88,,,,9,9,999,19977,UA,United Air Lines Inc.,UA,United Air Lines Inc.,10874,A,3,3,2025,1
,,,,,,,,,,,,,,,,,,,,,,,,,,,,,,,,,,,,,,,,,195.48,674.16,,17490.65,1287.27,,,,9,9,999,19977,UA,United Air Lines Inc.,UA,United Air Lines Inc.,10876,L,3,3,2025,2
,,,,,,,,,,,,,,,,,,,,,,,,,,,,,,,,,,,,,,,,,199.36,711.42,,17440.06,1250.97,,,,9,9,999,19977,UA,United Air Lines Inc.,UA,United Air Lines Inc.,10876,L,3,3,2025,4
,,,,,,,,,,,,,,,,,,,,,,,,,,,,,,,,,,,,,,,,,249.11,859.13,,16214.55,1640.47,,,,9,9,999,19977,UA,United Air Lines Inc.,UA,United Air Lines Inc.,10877,P,3,3,2025,3
,,,,,,,,,,,,,,,,,,,,,,,,,,,,,,,,,,,,,,,,,256.33,884.02,,17473.66,1687.98,,,,9,9,999,19977,UA,United Air Lines Inc.,UA,United Air Lines Inc.,10877,P,3,3,2025,2
,,,,,,,,,,,,,,,,,,,,,,,,,,,,,,,,,,,,,,,,,288.61,1029.92,,19380.95,1811.01,,,,9,9,999,19977,UA,United Air Lines Inc.,UA,United Air Lines Inc.,10877,P,3,3,2025,4
,,,,,,,,,,,,,,,,,,,,,,,,,,,,,,,,,,,,,,,,,403.03,1438.23,124.04,28525.44,2529.00,,,,9,9,999,19977,UA,United Air Lines Inc.,UA,United Air Lines Inc.,10874,A,3,3,2025,4
,,,,,,,,,,,,,,,,,,,,,,,,,,,,,,,,,,,,,,,,,475.99,1641.58,28.80,34592.89,3134.49,,,,9,9,999,19977,UA,United Air Lines Inc.,UA,United Air Lines Inc.,10874,A,3,3,2025,2
,,,,,,,,,,,,,,,,,,,,,,,,,,,,,,,,,,,,,,,,,508.18,1752.62,,35426.10,3346.54,,,,9,9,999,19977,UA,United Air Lines Inc.,UA,United Air Lines Inc.,10874,A,3,3,2025,3
,,,,,,,,,,,,,,,,,,,,,,,,,,,,,,,,,,,,,,,,,594.46,3703.00,,100083.66,7071.65,,,,9,9,999,19977,UA,United Air Lines Inc.,UA,United Air Lines Inc.,0A875,D,3,3,2025,1
,,,,,,,,,,,,,,,,,,,,,,,,,,,,,,,,,,,,,,,,,999.34,3566.20,,96411.37,6270.82,,,,9,9,999,19977,UA,United Air Lines Inc.,UA,United Air Lines Inc.,0A875,D,3,3,2025,4
,,,,,,,,,,,,,,,,,,,,,,,,,,,,,,,,,,,,,,,,,1020.48,3519.44,,95729.39,6720.18,,,,9,9,999,19977,UA,United Air Lines Inc.,UA,United Air Lines Inc.,0A875,D,3,3,2025,3
,,,,,,,,,,,,,,,,,,,,,,,,,,,,,,,,,,,,,,,,,1028.19,3546.02,,98560.92,6770.90,,,,9,9,999,19977,UA,United Air Lines Inc.,UA,United Air Lines Inc.,0A875,D,3,3,2025,2
,,,,,,,,,,,,,,,,,,,,,,,,,,,,,,,,,,,,,,,,,2607.00,0.00,408.00,1946.00,0.00,,,,9,9,999,19690,HA,Hawaiian Airlines Inc.,HA,Hawaiian Airlines Inc.,15375,P,3,3,2025,3
,,,,,,,,,,,,,,,,,,,,,,,,,,,,,,,,,,,,,,,,,2671.00,0.00,72.00,1121.00,0.00,,,,9,9,999,19690,HA,Hawaiian Airlines Inc.,HA,Hawaiian Airlines Inc.,15375,P,3,3,2025,4
,,,,,,,,,,,,,,,,,,,,,,,,,,,,,,,,,,,,,,,,,3276.00,0.00,97.00,4425.00,0.00,,,,9,9,999,19790,DL,Delta Air Lines Inc.,DL,Delta Air Lines Inc.,10262,P,3,3,2025,2
,,,,,,,,,,,,,,,,,,,,,,,,,,,,,,,,,,,,,,,,,3549.00,0.00,100.00,4582.00,0.00,,,,9,9,999,19790,DL,Delta Air Lines Inc.,DL,Delta Air Lines Inc.,10262,P,3,3,2025,3
,,,,,,,,,,,,,,,,,,,,,,,,,,,,,,,,,,,,,,,,,4050.00,0.00,113.00,5301.00,0.00,,,,9,9,999,19790,DL,Delta Air Lines Inc.,DL,Delta Air Lines Inc.,10262,P,3,3,2025,1
,,,,,,,,,,,,,,,,,,,,,,,,,,,,,,,,,,,,,,,,,4240.00,0.00,115.00,5218.00,0.00,,,,9,9,999,19790,DL,Delta Air Lines Inc.,DL,Delta Air Lines Inc.,10262,P,3,3,2025,4
,,,,,,,,,,,,,,,,,,,,,,,,,,,,,,,,,,,,,,,,,4611.41,0.00,2129.99,1115.62,0.00,,,,9,9,999,20368,G4,Allegiant Air,G4,Allegiant Air,06035,D,3,3,2025,1
,,,,,,,,,,,,,,,,,,,,,,,,,,,,,,,,,,,,,,,,,4662.65,0.00,1943.61,1161.91,0.00,,,,9,9,999,20368,G4,Allegiant Air,G4,Allegiant Air,06035,D,3,3,2025,4
,,,,,,,,,,,,,,,,,,,,,,,,,,,,,,,,,,,,,,,,,4669.48,0.00,2043.90,1134.53,0.00,,,,9,9,999,20368,G4,Allegiant Air,G4,Allegiant Air,06035,D,3,3,2025,2
,,,,,,,,,,,,,,,,,,,,,,,,,,,,,,,,,,,,,,,,,4736.27,0.00,1992.52,1139.51,0.00,,,,9,9,999,20368,G4,Allegiant Air,G4,Allegiant Air,06035,D,3,3,2025,3
,,,,,,,,,,,,,,,,,,,,,,,,,,,,,,,,,,,,,,,,,4948.00,0.00,140.00,6388.00,0.00,,,,9,9,999,19790,DL,Delta Air Lines Inc.,DL,Delta Air Lines Inc.,10260,L,3,3,2025,3
,,,,,,,,,,,,,,,,,,,,,,,,,,,,,,,,,,,,,,,,,5858.00,0.00,173.00,7913.00,0.00,,,,9,9,999,19790,DL,Delta Air Lines Inc.,DL,Delta Air Lines Inc.,10260,L,3,3,2025,2
,,,,,,,,,,,,,,,,,,,,,,,,,,,,,,,,,,,,,,,,,6524.00,0.00,177.00,8029.00,0.00,,,,9,9,999,19790,DL,Delta Air Lines Inc.,DL,Delta Air Lines Inc.,10260,L,3,3,2025,4
,,,,,,,,,,,,,,,,,,,,,,,,,,,,,,,,,,,,,,,,,8614.00,0.00,241.00,11276.00,0.00,,,,9,9,999,19790,DL,Delta Air Lines Inc.,DL,Delta Air Lines Inc.,10261,A,3,3,2025,1
,,,,,,,,,,,,,,,,,,,,,,,,,,,,,,,,,,,,,,,,,9550.00,0.00,267.00,12501.00,0.00,,,,9,9,999,19790,DL,Delta Air Lines Inc.,DL,Delta Air Lines Inc.,10260,L,3,3,2025,1
,,,,,,,,,,,,,,,,,,,,,,,,,,,,,,,,,,,,,,,,,11341.00,0.00,305.00,4759.00,0.00,,,,9,9,999,19690,HA,Hawaiian Airlines Inc.,HA,Hawaiian Airlines Inc.,05375,D,3,3,2025,4
,,,,,,,,,,,,,,,,,,,,,,,,,,,,,,,,,,,,,,,,,11595.00,0.00,314.00,14270.00,0.00,,,,9,9,999,19790,DL,Delta Air Lines Inc.,DL,Delta Air Lines Inc.,10261,A,3,3,2025,4
,,,,,,,,,,,,,,,,,,,,,,,,,,,,,,,,,,,,,,,,,12241.00,0.00,1918.00,9139.00,0.00,,,,9,9,999,19690,HA,Hawaiian Airlines Inc.,HA,Hawaiian Airlines Inc.,05375,D,3,3,2025,3
,,,,,,,,,,,,,,,,,,,,,,,,,,,,,,,,,,,,,,,,,12617.00,0.00,372.00,17042.00,0.00,,,,9,9,999,19790,DL,Delta Air Lines Inc.,DL,Delta Air Lines Inc.,10261,A,3,3,2025,2
,,,,,,,,,,,,,,,,,,,,,,,,,,,,,,,,,,,,,,,,,14636.00,0.00,413.00,18895.00,0.00,,,,9,9,999,19790,DL,Delta Air Lines Inc.,DL,Delta Air Lines Inc.,10261,A,3,3,2025,3
,,,,,,,,,,,,,,,,,,,,,,,,,,,,,,,,,,,,,,,,,55752.00,0.00,1643.00,75306.00,0.00,,,,9,9,999,19790,DL,Delta Air Lines Inc.,DL,Delta Air Lines Inc.,01260,D,3,3,2025,2
,,,,,,,,,,,,,,,,,,,,,,,,,,,,,,,,,,,,,,,,,56034.00,0.00,1569.00,73350.00,0.00,,,,9,9,999,19790,DL,Delta Air Lines Inc.,DL,Delta Air Lines Inc.,01260,D,3,3,2025,1
,,,,,,,,,,,,,,,,,,,,,,,,,,,,,,,,,,,,,,,,,58184.00,0.00,1641.00,75115.00,0.00,,,,9,9,999,19790,DL,Delta Air Lines Inc.,DL,Delta Air Lines Inc.,01260,D,3,3,2025,3
,,,,,,,,,,,,,,,,,,,,,,,,,,,,,,,,,,,,,,,,,62499.00,0.00,1693.00,76919.00,0.00,,,,9,9,999,19790,DL,Delta Air Lines Inc.,DL,Delta Air Lines Inc.,01260,D,3,3,2025,4
,,,,,,,,0.00,,,,,,,,0.00,,,,,,,,,,,,,,,,,,,,,,,,0.00,,,,,,0.00,0.00,,2,1,110,20107,FX,Federal Express Corporation,FX,Federal Express Corporation,16197,P,3,3,2025,1
,,,,,,,,0.00,,,,,,,,0.00,,,,,,,,,,,,,,,,,,,,,,,,0.00,,,,,,0.00,0.00,,2,1,110,20107,FX,Federal Express Corporation,FX,Federal Express Corporation,16197,P,3,3,2025,2
,,,,,,,,0.00,,,,,,,,0.00,,,,,,,,,,,,,,,,,,,,,,,,0.00,,,,,,0.00,0.00,,2,1,110,20107,FX,Federal Express Corporation,FX,Federal Express Corporation,16197,P,3,3,2025,3
,,,,,,,,0.00,,,,,,,,0.00,,,,,,,,,,,,,,,,,,,,,,,,0.00,,,,,,0.00,0.00,,2,1,110,20107,FX,Federal Express Corporation,FX,Federal Express Corporation,16197,P,3,3,2025,4
,,,,,,,,0.00,,0.00,,,,0.00,,0.00,,,,,,,,,,,,,,,,0.00,0.00,,,,,,,0.00,,,,,,0.00,0.00,,2,4,416,20107,FX,Federal Express Corporation,FX,Federal Express Corporation,16197,P,3,3,2025,1
,,,,,,,,0.00,,0.00,,,,0.00,,0.00,,,,,,,,,,,,,,,,0.00,0.00,,,,,,,0.00,,,,,,0.00,0.00,,2,4,416,20107,FX,Federal Express Corporation,FX,Federal Express Corporation,16197,P,3,3,2025,2
,,,,,,,,0.00,,0.00,,,,0.00,,0.00,,,,,,,,,,,,,,,,0.00,0.00,,,,,,,0.00,,,,,,0.00,0.00,,2,4,416,20107,FX,Federal Express Corporation,FX,Federal Express Corporation,16197,P,3,3,2025,3
,,,,,,,,0.00,,0.00,,,,0.00,,0.00,,,,,,,,,,,,,,,,0.00,0.00,,,,,,,0.00,,,,,,0.00,0.00,,2,4,416,20107,FX,Federal Express Corporation,FX,Federal Express Corporation,16197,P,3,3,2025,4
,,,,,,,,0.00,,0.00,,,,0.00,,0.00,,,,,,,,,,0.00,,0.00,0.00,0.00,,0.00,0.00,,,,,,,0.00,,,,,,0.00,,,2,4,416,20107,FX,Federal Express Corporation,FX,Federal Express Corporation,16196,A,3,3,2025,1
,,,,,,,,0.00,,0.00,,,,0.00,,0.00,,,,,,,,,,0.00,,0.00,0.00,0.00,,0.00,0.00,,,,,,,0.00,,,,,,0.00,,,2,4,416,20107,FX,Federal Express Corporation,FX,Federal Express Corporation,16196,A,3,3,2025,2
,,,,,,,,0.00,,0.00,,,,0.00,,0.00,,,,,,,,,,0.00,,0.00,0.00,0.00,,0.00,0.00,,,,,,,0.00,,,,,,0.00,,,2,4,416,20107,FX,Federal Express Corporation,FX,Federal Express Corporation,16196,A,3,3,2025,3
,,,,,,,,0.00,,0.00,,,,0.00,,0.00,,,,,,,,,,0.00,,0.00,0.00,0.00,,0.00,0.00,,,,,,,0.00,,,,,,0.00,,,2,4,416,20107,FX,Federal Express Corporation,FX,Federal Express Corporation,16196,A,3,3,2025,4
,,,,,,,,9375.00,,,,,,,,9375.00,,,,,,,,,,,,,,,,,,,,,,,,9375.00,,,,,,2.11,4.38,,2,1,110,20107,FX,Federal Express Corporation,FX,Federal Express Corporation,16196,A,3,3,2025,1
,,,,,,,,10798.00,,,,,,,,10798.00,,,,,,,,,,,,,,,,,,,,,,,,10798.00,,,,,,2.44,4.85,,2,1,110,20107,FX,Federal Express Corporation,FX,Federal Express Corporation,16196,A,3,3,2025,2
,,,,,,,,13114.00,,,,,,,,13114.00,,,,,,,,,,,,,,,,,,,,,,,,13114.00,,,,,,3.14,1.84,,2,1,110,20107,FX,Federal Express Corporation,FX,Federal Express Corporation,16195,L,3,3,2025,3
,,,,,,,,13485.00,,,,,,,,13485.00,,,,,,,,,,,,,,,,,,,,,,,,13485.00,,,,,,3.11,1.89,,2,1,110,20107,FX,Federal Express Corporation,FX,Federal Express Corporation,16195,L,3,3,2025,1
,,,,,,,,14323.00,,,,,,,,14323.00,,,,,,,,,,,,,,,,,,,,,,,,14323.00,,,,,,3.15,1.84,,2,1,110,20107,FX,Federal Express Corporation,FX,Federal Express Corporation,16195,L,3,3,2025,4
,,,,,,,,15300.00,,,,,,,,15300.00,,,,,,,,,,,,,,,,,,,,,,,,15300.00,,,,,,2.70,4.97,,2,1,110,20107,FX,Federal Express Corporation,FX,Federal Express Corporation,16196,A,3,3,2025,3
,,,,,,,,17578.00,,,,,,,,17578.00,,,,,,,,,,,,,,,,,,,,,,,,17578.00,,,,,,3.18,1.82,,2,1,110,20107,FX,Federal Express Corporation,FX,Federal Express Corporation,16195,L,3,3,2025,2
,,,,,,,,24362.00,,,,,,,,24362.00,,,,,,,,,,,,,,,,,,,,,,,,24362.00,,,,,,2.39,4.97,,2,1,110,20107,FX,Federal Express Corporation,FX,Federal Express Corporation,16196,A,3,3,2025,4
,,,,,,0.00,,,,,,,,0.00,0.00,0.00,,,,,,,,,,,,,,,,,,,,,,,,0.00,,,,,,,,0.00,2,7,715,20107,FX,Federal Express Corporation,FX,Federal Express Corporation,16196,A,3,3,2025,1
,,,,,,0.00,,,,,,,,0.00,0.00,0.00,,,,,,,,,,,,,,,,,,,,,,,,0.00,,,,,,,,0.00,2,7,715,20107,FX,Federal Express Corporation,FX,Federal Express Corporation,16196,A,3,3,2025,2
,,,,,,0.00,,,,,,,,0.00,0.00,0.00,,,,,,,,,,,,,,,,,,,,,,,,0.00,,,,,,,,0.00,2,7,715,20107,FX,Federal Express Corporation,FX,Federal Express Corporation,16196,A,3,3,2025,3
,,,,,,0.00,,,,,,,,0.00,0.00,0.00,,,,,,,,,,,,,,,,,,,,,,,,0.00,,,,,,,,0.00,2,7,715,20107,FX,Federal Express Corporation,FX,Federal Express Corporation,16196,A,3,3,2025,4
,,,,,,0.00,,,,,,,,0.00,0.00,0.00,0.00,0.00,0.00,0.00,,0.00,0.00,0.00,,0.00,,0.00,0.00,0.00,,0.00,0.00,0.00,0.00,,,,,0.00,,,,,,0.00,0.00,0.00,2,7,730,20107,FX,Federal Express Corporation,FX,Federal Express Corporation,16196,A,3,3,2025,1
,,,,,,0.00,,,,,,,,0.00,0.00,0.00,0.00,0.00,0.00,0.00,,0.00,0.00,0.00,,0.00,,0.00,0.00,0.00,,0.00,0.00,0.00,0.00,,,,,0.00,,,,,,0.00,0.00,0.00,2,7,730,20107,FX,Federal Express Corporation,FX,Federal Express Corporation,16196,A,3,3,2025,2
,,,,,,0.00,,,,,,,,0.00,0.00,0.00,0.00,0.00,0.00,0.00,,0.00,0.00,0.00,,0.00,,0.00,0.00,0.00,,0.00,0.00,0.00,0.00,,,,,0.00,,,,,,0.00,0.00,0.00,2,7,730,20107,FX,Federal Express Corporation,FX,Federal Express Corporation,16196,A,3,3,2025,3
,,,,,,0.00,,,,,,,,0.00,0.00,0.00,0.00,0.00,0.00,0.00,,0.00,0.00,0.00,,0.00,,0.00,0.00,0.00,,0.00,0.00,0.00,0.00,,,,,0.00,,,,,,0.00,0.00,0.00,2,7,730,20107,FX,Federal Express Corporation,FX,Federal Express Corporation,16196,A,3,3,2025,4
,,,0.00,,,,,1626.00,,0.00,,,0.00,0.00,,1626.00,,,,,,0.00,0.00,,,43.00,,43.00,76.00,119.00,,31.00,81.00,,,,,,,1857.00,,,,,,0.78,1.47,,2,4,416,20107,FX,Federal Express Corporation,FX,Federal Express Corporation,16195,L,3,3,2025,3
,,,0.00,,,,,1674.00,,0.00,,,0.00,0.00,,1674.00,,,,,,0.00,0.00,,,51.00,,51.00,95.00,146.00,,30.00,84.00,,,,,,,1934.00,,,,,,0.77,1.47,,2,4,416,20107,FX,Federal Express Corporation,FX,Federal Express Corporation,16195,L,3,3,2025,4
,,,0.00,,,,,1826.00,,0.00,,,0.00,0.00,,1826.00,,,,,,0.00,0.00,,,43.00,,43.00,75.00,118.00,,30.00,70.00,,,,,,,2044.00,,,,,,0.74,1.46,,2,4,416,20107,FX,Federal Express Corporation,FX,Federal Express Corporation,16195,L,3,3,2025,2
,,,0.00,,,,,1961.00,,0.00,,,0.00,0.00,,1961.00,,,,,,0.00,0.00,,,12.00,,12.00,24.00,36.00,,17.00,36.00,,,,,,,2050.00,,,,,,0.36,1.41,,2,4,416,20107,FX,Federal Express Corporation,FX,Federal Express Corporation,16195,L,3,3,2025,1
,,,0.00,,,,,5960.00,0.00,6700.00,,,,0.00,,12660.00,,,,,,,,,,,,,,,,2461.00,3521.00,247.00,,,,,,18889.00,,,,,,3.46,4.50,,2,1,110,20107,FX,Federal Express Corporation,FX,Federal Express Corporation,06200,D,3,3,2025,1
,,,0.00,,,,,6527.00,0.00,6229.00,,,,0.00,,12756.00,,,,,,,,,,,,,,,,2587.00,3765.00,291.00,,,,,,19399.00,,,,,,3.81,4.72,,2,1,110,20107,FX,Federal Express Corporation,FX,Federal Express Corporation,06200,D,3,3,2025,4
,,,0.00,,,,,7293.00,0.00,6520.00,,,,0.00,,13813.00,,,,,,,,,,,,,,,,2585.00,3754.00,280.00,,,,,,20432.00,,,,,,3.46,4.69,,2,1,110,20107,FX,Federal Express Corporation,FX,Federal Express Corporation,06200,D,3,3,2025,3
,,,0.00,,,,,10632.00,0.00,5250.00,,,,0.00,,15882.00,,,,,,,,,,,,,,,,2539.00,3665.00,269.00,,,,,,22355.00,,,,,,3.63,4.64,,2,1,110,20107,FX,Federal Express Corporation,FX,Federal Express Corporation,06200,D,3,3,2025,2
,,,0.00,,,,,21934.00,,0.00,,,0.00,0.00,,21934.00,,,,,,0.00,0.00,,,479.00,,479.00,338.00,817.00,,656.00,1423.00,,,,,,,24830.00,,,,,,14.41,21.54,,2,4,416,20107,FX,Federal Express Corporation,FX,Federal Express Corporation,06200,D,3,3,2025,1
,,,0.00,,,,,22663.00,,0.00,,,0.00,0.00,,22663.00,,,,,,0.00,0.00,,,897.00,,897.00,614.00,1511.00,,634.00,1681.00,,,,,,,26489.00,,,,,,16.15,22.08,,2,4,416,20107,FX,Federal Express Corporation,FX,Federal Express Corporation,06200,D,3,3,2025,3
,,,1.00,,,,,22045.00,,0.00,,,0.00,0.00,,22046.00,,,,,,0.00,0.00,,,908.00,,908.00,588.00,1496.00,,640.00,1488.00,,,,,,,25670.00,,,,,,15.76,21.72,,2,4,416,20107,FX,Federal Express Corporation,FX,Federal Express Corporation,06200,D,3,3,2025,2
,,,1.00,,,,,24085.00,,0.00,,,0.00,0.00,,24086.00,,,,,,0.00,0.00,,,1081.00,,1081.00,863.00,1944.00,,631.00,1777.00,,,,,,,28438.00,,,,,,16.35,21.68,,2,4,416,20107,FX,Federal Express Corporation,FX,Federal Express Corporation,06200,D,3,3,2025,4
,,0.00,,,,0.00,,0.00,,,,,,0.00,0.00,0.00,0.00,0.00,0.00,0.00,,0.00,0.00,0.00,,0.00,,0.00,0.00,0.00,,0.00,0.00,0.00,,,,,,0.00,,,,,,0.00,0.00,0.00,2,7,732,20107,FX,Federal Express Corporation,FX,Federal Express Corporation,16197,P,3,3,2025,1
,,0.00,,,,0.00,,0.00,,,,,,0.00,0.00,0.00,0.00,0.00,0.00,0.00,,0.00,0.00,0.00,,0.00,,0.00,0.00,0.00,,0.00,0.00,0.00,,,,,,0.00,,,,,,0.00,0.00,0.00,2,7,732,20107,FX,Federal Express Corporation,FX,Federal Express Corporation,16197,P,3,3,2025,2
,,0.00,,,,0.00,,0.00,,,,,,0.00,0.00,0.00,0.00,0.00,0.00,0.00,,0.00,0.00,0.00,,0.00,,0.00,0.00,0.00,,0.00,0.00,0.00,,,,,,0.00,,,,,,0.00,0.00,0.00,2,7,732,20107,FX,Federal Express Corporation,FX,Federal Express Corporation,16197,P,3,3,2025,3
,,0.00,,,,0.00,,0.00,,,,,,0.00,0.00,0.00,0.00,0.00,0.00,0.00,,0.00,0.00,0.00,,0.00,,0.00,0.00,0.00,,0.00,0.00,0.00,,,,,,0.00,,,,,,0.00,0.00,0.00,2,7,732,20107,FX,Federal Express Corporation,FX,Federal Express Corporation,16197,P,3,3,2025,4
-255.17,,0.00,576.86,0.00,,0.00,,0.00,,0.00,397.98,,48.84,,1.58,770.08,0.00,,0.00,,,0.00,0.00,0.00,,,,0.00,0.00,0.00,,0.00,0.00,-61.69,0.00,0.00,,0.00,0.00,708.39,,,,,,0.00,0.00,0.00,2,6,614,20007,5Y,Atlas Air Inc.,5Y,Atlas Air Inc.,06087,D,3,3,2025,4
-3.76,0.00,3.29,0.39,0.00,,0.00,0.00,19.37,0.00,0.00,0.19,0.00,0.19,0.00,0.00,19.67,0.00,0.00,-75.80,0.00,,0.01,0.00,0.00,0.00,0.00,0.00,-75.79,0.00,-75.79,0.00,0.00,0.00,0.00,0.00,5.45,,0.00,,-50.67,,,,,,0.00,0.00,0.00,2,6,614,20378,YV,Mesa Airlines Inc.,YV,Mesa Airlines Inc.,06689,D,2,2,2025,1
-3.76,0.00,3.29,0.39,0.00,,0.00,0.00,19.37,0.00,0.00,0.19,0.00,0.19,0.00,0.00,19.67,0.00,0.00,-75.80,0.00,,0.01,0.00,0.00,0.00,0.00,0.00,-75.79,0.00,-75.79,0.00,0.00,0.00,0.00,0.00,5.45,,0.00,,-50.67,,,,,,0.00,0.00,0.00,2,6,617,20378,YV,Mesa Airlines Inc.,YV,Mesa Airlines Inc.,06689,D,2,2,2025,1
0.00,,,,,,0.00,,0.00,,,0.00,,,0.00,0.00,0.00,0.00,0.00,0.00,0.00,,0.00,0.00,0.00,,0.00,,0.00,0.00,0.00,,0.00,0.00,0.00,,,,,,0.00,,,,,,0.00,0.00,0.00,2,7,732,20107,FX,Federal Express Corporation,FX,Federal Express Corporation,16196,A,3,3,2025,1
0.00,,,,,,0.00,,0.00,,,0.00,,,0.00,0.00,0.00,0.00,0.00,0.00,0.00,,0.00,0.00,0.00,,0.00,,0.00,0.00,0.00,,0.00,0.00,0.00,,,,,,0.00,,,,,,0.00,0.00,0.00,2,7,732,20107,FX,Federal Express Corporation,FX,Federal Express Corporation,16196,A,3,3,2025,2
0.00,,,,,,0.00,,0.00,,,0.00,,,0.00,0.00,0.00,0.00,0.00,0.00,0.00,,0.00,0.00,0.00,,0.00,,0.00,0.00,0.00,,0.00,0.00,0.00,,,,,,0.00,,,,,,0.00,0.00,0.00,2,7,732,20107,FX,Federal Express Corporation,FX,Federal Express Corporation,16196,A,3,3,2025,3
0.00,,,,,,0.00,,0.00,,,0.00,,,0.00,0.00,0.00,0.00,0.00,0.00,0.00,,0.00,0.00,0.00,,0.00,,0.00,0.00,0.00,,0.00,0.00,0.00,,,,,,0.00,,,,,,0.00,0.00,0.00,2,7,732,20107,FX,Federal Express Corporation,FX,Federal Express Corporation,16196,A,3,3,2025,4
0.00,,0.00,0.00,,,0.00,,,,0.00,0.00,,0.00,0.00,0.00,0.00,0.00,0.00,0.00,0.00,,0.00,0.00,0.00,,0.00,,0.00,0.00,0.00,,0.00,0.00,0.00,0.00,,,,,0.00,,,,,,0.00,0.00,0.00,2,7,730,20107,FX,Federal Express Corporation,FX,Federal Express Corporation,16197,P,3,3,2025,1
0.00,,0.00,0.00,,,0.00,,,,0.00,0.00,,0.00,0.00,0.00,0.00,0.00,0.00,0.00,0.00,,0.00,0.00,0.00,,0.00,,0.00,0.00,0.00,,0.00,0.00,0.00,0.00,,,,,0.00,,,,,,0.00,0.00,0.00,2,7,730,20107,FX,Federal Express Corporation,FX,Federal Express Corporation,16197,P,3,3,2025,2
0.00,,0.00,0.00,,,0.00,,,,0.00,0.00,,0.00,0.00,0.00,0.00,0.00,0.00,0.00,0.00,,0.00,0.00,0.00,,0.00,,0.00,0.00,0.00,,0.00,0.00,0.00,0.00,,,,,0.00,,,,,,0.00,0.00,0.00,2,7,730,20107,FX,Federal Express Corporation,FX,Federal Express Corporation,16197,P,3,3,2025,3
0.00,,0.00,0.00,,,0.00,,,,0.00,0.00,,0.00,0.00,0.00,0.00,0.00,0.00,0.00,0.00,,0.00,0.00,0.00,,0.00,,0.00,0.00,0.00,,0.00,0.00,0.00,0.00,,,,,0.00,,,,,,0.00,0.00,0.00,2,7,730,20107,FX,Federal Express Corporation,FX,Federal Express Corporation,16197,P,3,3,2025,4
0.00,,0.00,0.00,,,0.00,,0.00,,0.00,0.00,,0.00,,,0.00,0.00,0.00,0.00,0.00,,0.00,0.00,,,,,0.00,0.00,0.00,,0.00,0.00,0.00,0.00,0.00,0.00,,,0.00,,,,,,0.00,0.00,0.00,2,6,626,20370,KAQ,Kalitta Air LLC,KAQ,Kalitta Air LLC,16683,I,3,3,2025,1
0.00,,0.00,0.00,,,0.00,,0.00,,0.00,0.00,,0.00,,,0.00,0.00,0.00,0.00,0.00,,0.00,0.00,,,,,0.00,0.00,0.00,,0.00,0.00,0.00,0.00,0.00,0.00,,,0.00,,,,,,0.00,0.00,0.00,2,6,626,20370,KAQ,Kalitta Air LLC,KAQ,Kalitta Air LLC,16683,I,3,3,2025,2
0.00,,0.00,0.00,,,0.00,,0.00,,0.00,0.00,,0.00,,,0.00,0.00,0.00,0.00,0.00,,0.00,0.00,,,,,0.00,0.00,0.00,,0.00,0.00,0.00,0.00,0.00,0.00,,,0.00,,,,,,0.00,0.00,0.00,2,6,626,20370,KAQ,Kalitta Air LLC,KAQ,Kalitta Air LLC,16683,I,3,3,2025,3
0.00,,0.00,0.00,,,0.00,,0.00,,0.00,0.00,,0.00,,,0.00,0.00,0.00,0.00,0.00,,0.00,0.00,,,,,0.00,0.00,0.00,,0.00,0.00,0.00,0.00,0.00,0.00,,,0.00,,,,,,0.00,0.00,0.00,2,6,626,20370,KAQ,Kalitta Air LLC,KAQ,Kalitta Air LLC,16683,I,3,3,2025,4
0.00,,0.00,0.00,,,0.00,,0.00,,0.00,0.00,,0.00,,,0.00,0.00,0.00,0.00,0.00,,0.00,0.00,,,,,0.00,0.00,0.00,,0.00,0.00,0.00,0.00,0.00,0.00,,,0.00,,,,,,0.00,0.00,0.00,2,6,683,20370,KAQ,Kalitta Air LLC,KAQ,Kalitta Air LLC,06683,D,3,3,2025,1
0.00,,0.00,0.00,,,0.00,,0.00,,0.00,0.00,,0.00,,,0.00,0.00,0.00,0.00,0.00,,0.00,0.00,,,,,0.00,0.00,0.00,,0.00,0.00,0.00,0.00,0.00,0.00,,,0.00,,,,,,0.00,0.00,0.00,2,6,683,20370,KAQ,Kalitta Air LLC,KAQ,Kalitta Air LLC,06683,D,3,3,2025,2
0.00,,0.00,0.00,,,0.00,,0.00,,0.00,0.00,,0.00,,,0.00,0.00,0.00,0.00,0.00,,0.00,0.00,,,,,0.00,0.00,0.00,,2442.43,1142.90,201.48,0.00,65.51,3852.31,,,3852.31,,,,,,0.00,0.00,0.00,2,6,626,20370,KAQ,Kalitta Air LLC,KAQ,Kalitta Air LLC,06683,D,3,3,2025,4
0.00,,0.00,0.00,,,0.00,,0.00,,0.00,0.00,,0.00,,,0.00,0.00,0.00,0.00,0.00,,0.00,0.00,,,,,0.00,0.00,0.00,,2442.43,1142.90,247.08,0.00,69.88,3902.28,,,3902.28,,,,,,0.00,0.00,0.00,2,6,626,20370,KAQ,Kalitta Air LLC,KAQ,Kalitta Air LLC,06683,D,3,3,2025,3
0.00,,0.00,0.00,,,0.00,,0.00,,0.00,0.00,,0.00,,,0.00,0.00,0.00,0.00,0.00,,0.00,0.00,,,,,0.00,0.00,0.00,,2442.43,1142.90,336.44,0.00,80.99,4002.75,,,4002.75,,,,,,0.00,0.00,0.00,2,6,626,20370,KAQ,Kalitta Air LLC,KAQ,Kalitta Air LLC,06683,D,3,3,2025,1
0.00,,0.00,0.00,,,0.00,,0.00,,0.00,0.00,,0.00,,,0.00,0.00,0.00,250.71,0.00,,0.00,0.00,,,,,250.71,0.00,250.71,,2442.43,1142.90,315.90,0.00,78.61,3979.84,,,4230.54,,,,,,0.00,0.00,0.00,2,6,626,20370,KAQ,Kalitta Air LLC,KAQ,Kalitta Air LLC,06683,D,3,3,2025,2
0.00,,0.00,0.00,0.00,,0.00,,0.00,,0.00,0.00,,0.00,,0.00,0.00,0.00,,0.00,,,0.00,0.00,0.00,,,,0.00,0.00,0.00,,0.00,0.00,0.00,0.00,0.00,,0.00,0.00,0.00,,,,,,0.00,0.00,0.00,1,6,625,20007,5Y,Atlas Air Inc.,5Y,Atlas Air Inc.,06087,D,3,3,2025,1
0.00,,0.00,0.00,0.00,,0.00,,0.00,,0.00,0.00,,0.00,,0.00,0.00,0.00,,0.00,,,0.00,0.00,0.00,,,,0.00,0.00,0.00,,0.00,0.00,0.00,0.00,0.00,,0.00,0.00,0.00,,,,,,0.00,0.00,0.00,1,6,625,20007,5Y,Atlas Air Inc.,5Y,Atlas Air Inc.,06087,D,3,3,2025,3
0.00,,0.00,0.00,0.00,,0.00,,0.00,,0.00,0.00,,0.00,,0.00,0.00,0.00,,0.00,,,0.00,0.00,0.00,,,,0.00,0.00,0.00,,0.00,0.00,0.00,0.00,0.00,,0.00,0.00,0.00,,,,,,0.00,0.00,0.00,1,6,625,20007,5Y,Atlas Air Inc.,5Y,Atlas Air Inc.,06087,D,3,3,2025,4
0.00,,0.00,0.00,0.00,,0.00,,0.00,,0.00,0.00,,0.00,,0.00,0.00,0.00,,0.00,,,0.00,0.00,0.00,,,,0.00,0.00,0.00,,0.00,0.00,0.00,0.00,0.00,,0.00,0.00,0.00,,,,,,0.00,0.00,0.00,1,6,625,20007,5Y,Atlas Air Inc.,5Y,Atlas Air Inc.,16087,I,3,3,2025,1
0.00,,0.00,0.00,0.00,,0.00,,0.00,,0.00,0.00,,0.00,,0.00,0.00,0.00,,0.00,,,0.00,0.00,0.00,,,,0.00,0.00,0.00,,0.00,0.00,0.00,0.00,0.00,,0.00,0.00,0.00,,,,,,0.00,0.00,0.00,1,6,625,20007,5Y,Atlas Air Inc.,5Y,Atlas Air Inc.,16087,I,3,3,2025,3
0.00,,0.00,0.00,0.00,,0.00,,0.00,,0.00,0.00,,0.00,,0.00,0.00,0.00,,0.00,,,0.00,0.00,0.00,,,,0.00,0.00,0.00,,0.00,0.00,0.00,0.00,0.00,,0.00,0.00,0.00,,,,,,0.00,0.00,0.00,1,6,625,20007,5Y,Atlas Air Inc.,5Y,Atlas Air Inc.,16087,I,3,3,2025,4
0.00,,0.00,0.00,0.00,,0.00,,0.00,,0.00,0.00,,0.00,,0.00,0.00,0.00,,0.00,,,0.00,0.00,0.00,,,,0.00,0.00,0.00,,0.00,0.00,0.00,0.00,0.00,,0.00,0.00,0.00,,,,,,0.00,0.00,0.00,2,6,625,20007,5Y,Atlas Air Inc.,5Y,Atlas Air Inc.,06087,D,3,3,2025,1
0.00,,0.00,0.00,0.00,,0.00,,0.00,,0.00,0.00,,0.00,,0.00,0.00,0.00,,0.00,,,0.00,0.00,0.00,,,,0.00,0.00,0.00,,0.00,0.00,0.00,0.00,0.00,,0.00,0.00,0.00,,,,,,0.00,0.00,0.00,2,6,625,20007,5Y,Atlas Air Inc.,5Y,Atlas Air Inc.,06087,D,3,3,2025,3
0.00,,0.00,0.00,0.00,,0.00,,0.00,,0.00,0.00,,0.00,,0.00,0.00,0.00,,0.00,,,0.00,0.00,0.00,,,,0.00,0.00,0.00,,0.00,0.00,0.00,0.00,0.00,,0.00,0.00,0.00,,,,,,0.00,0.00,0.00,2,6,625,20007,5Y,Atlas Air Inc.,5Y,Atlas Air Inc.,06087,D,3,3,2025,4
0.00,,0.00,0.00,0.00,,0.00,,0.00,,0.00,0.00,,0.00,,0.00,0.00,0.00,,0.00,,,0.00,0.00,0.00,,,,0.00,0.00,0.00,,0.00,0.00,0.00,0.00,0.00,,0.00,0.00,0.00,,,,,,0.00,0.00,0.00,2,6,625,20100,PO,Polar Air Cargo Airways,PO,Polar Air Cargo Airways,06758,D,3,3,2025,1
0.00,,0.00,0.00,0.00,,0.00,,0.00,,0.00,0.00,,0.00,,0.00,0.00,0.00,,0.00,,,0.00,0.00,0.00,,,,0.00,0.00,0.00,,0.00,0.00,0.00,0.00,0.00,,0.00,0.00,0.00,,,,,,0.00,0.00,0.00,2,6,625,20100,PO,Polar Air Cargo Airways,PO,Polar Air Cargo Airways,06758,D,3,3,2025,2
0.00,,0.00,0.00,0.00,,0.00,,0.00,,0.00,0.00,,0.00,,0.00,0.00,0.00,,0.00,,,0.00,0.00,0.00,,,,0.00,0.00,0.00,,0.00,0.00,0.00,0.00,0.00,,0.00,0.00,0.00,,,,,,0.00,0.00,0.00,2,6,625,20100,PO,Polar Air Cargo Airways,PO,Polar Air Cargo Airways,06758,D,3,3,2025,3
0.00,,0.00,0.00,0.00,,0.00,,0.00,,0.00,0.00,,0.00,,0.00,0.00,0.00,,0.00,,,0.00,0.00,0.00,,,,0.00,0.00,0.00,,0.00,0.00,0.00,0.00,0.00,,0.00,0.00,0.00,,,,,,0.00,0.00,0.00,2,6,625,20100,PO,Polar Air Cargo Airways,PO,Polar Air Cargo Airways,06758,D,3,3,2025,4
0.00,,0.00,0.00,0.00,,0.00,,0.00,,0.00,0.00,,0.00,,0.00,0.00,0.00,,0.00,,,0.00,0.00,0.00,,,,0.00,0.00,0.00,,0.00,0.00,0.00,0.00,0.00,,0.00,0.00,0.00,,,,,,0.00,0.00,0.00,2,6,625,20100,PO,Polar Air Cargo Airways,PO,Polar Air Cargo Airways,16758,P,3,3,2025,1
0.00,,0.00,0.00,0.00,,0.00,,0.00,,0.00,0.00,,0.00,,0.00,0.00,0.00,,0.00,,,0.00,0.00,0.00,,,,0.00,0.00,0.00,,0.00,0.00,0.00,0.00,0.00,,0.00,0.00,0.00,,,,,,0.00,0.00,0.00,2,6,625,20100,PO,Polar Air Cargo Airways,PO,Polar Air Cargo Airways,16758,P,3,3,2025,2
0.00,,0.00,0.00,0.00,,0.00,,0.00,,0.00,0.00,,0.00,,0.00,0.00,0.00,,0.00,,,0.00,0.00,0.00,,,,0.00,0.00,0.00,,0.00,0.00,0.00,0.00,0.00,,0.00,0.00,0.00,,,,,,0.00,0.00,0.00,2,6,625,20100,PO,Polar Air Cargo Airways,PO,Polar Air Cargo Airways,16758,P,3,3,2025,3
0.00,,0.00,0.00,0.00,,0.00,,0.00,,0.00,0.00,,0.00,,0.00,0.00,0.00,,0.00,,,0.00,0.00,0.00,,,,0.00,0.00,0.00,,0.00,0.00,0.00,0.00,0.00,,0.00,0.00,0.00,,,,,,0.00,0.00,0.00,2,8,817,20007,5Y,Atlas Air Inc.,5Y,Atlas Air Inc.,16087,I,3,3,2025,1
0.00,,0.00,0.00,0.00,,0.00,,0.00,,0.00,0.00,,0.00,,0.00,0.00,0.00,,0.00,,,0.00,0.00,0.00,,,,0.00,0.00,0.00,,0.00,0.00,0.00,0.00,0.00,,0.00,0.00,0.00,,,,,,0.00,0.00,0.00,2,8,817,20007,5Y,Atlas Air Inc.,5Y,Atlas Air Inc.,16087,I,3,3,2025,3
0.00,,0.00,0.00,0.00,,0.00,,0.00,,0.00,0.00,,0.00,,0.00,0.00,0.00,,0.00,,,0.00,0.00,0.00,,,,0.00,0.00,0.00,,0.00,0.00,0.00,0.00,0.00,,0.00,0.00,0.00,,,,,,0.00,0.00,0.00,2,8,817,20007,5Y,Atlas Air Inc.,5Y,Atlas Air Inc.,16087,I,3,3,2025,4
0.00,,0.00,0.00,0.00,,0.00,,0.00,,0.00,0.00,,0.00,,0.00,0.00,0.00,,0.00,,,0.00,0.00,0.00,,,,0.00,0.00,0.00,,0.00,0.00,0.00,0.00,0.00,,0.00,0.00,0.00,,,,,,0.00,0.00,0.00,2,8,819,20100,PO,Polar Air Cargo Airways,PO,Polar Air Cargo Airways,06758,D,3,3,2025,1
0.00,,0.00,0.00,0.00,,0.00,,0.00,,0.00,0.00,,0.00,,0.00,0.00,0.00,,0.00,,,0.00,0.00,0.00,,,,0.00,0.00,0.00,,0.00,0.00,0.00,0.00,0.00,,0.00,0.00,0.00,,,,,,0.00,0.00,0.00,2,8,819,20100,PO,Polar Air Cargo Airways,PO,Polar Air Cargo Airways,06758,D,3,3,2025,3
0.00,,0.00,0.00,0.00,,0.00,,0.00,,0.00,0.00,,0.00,,0.00,0.00,0.00,,0.00,,,0.00,0.00,0.00,,,,0.00,0.00,0.00,,0.00,0.00,0.00,0.00,0.00,,0.00,0.00,0.00,,,,,,0.00,0.00,0.00,2,8,819,20100,PO,Polar Air Cargo Airways,PO,Polar Air Cargo Airways,06758,D,3,3,2025,4
0.00,,0.00,0.00,0.00,,0.00,,0.00,,0.00,0.00,,0.00,,0.00,0.00,0.00,,0.00,,,0.00,0.00,0.00,,,,0.00,0.00,0.00,,0.00,0.00,0.00,0.00,0.00,,0.00,0.00,0.00,,,,,,0.00,0.00,0.00,2,8,819,20100,PO,Polar Air Cargo Airways,PO,Polar Air Cargo Airways,16757,A,3,3,2025,1
0.00,,0.00,0.00,0.00,,0.00,,0.00,,0.00,0.00,,0.00,,0.00,0.00,0.00,,0.00,,,0.00,0.00,0.00,,,,0.00,0.00,0.00,,0.00,0.00,0.00,0.00,0.00,,0.00,0.00,0.00,,,,,,0.00,0.00,0.00,2,8,819,20100,PO,Polar Air Cargo Airways,PO,Polar Air Cargo Airways,16757,A,3,3,2025,2
0.00,,0.00,0.00,0.00,,0.00,,0.00,,0.00,0.00,,0.00,,0.00,0.00,0.00,,0.00,,,0.00,0.00,0.00,,,,0.00,0.00,0.00,,0.00,0.00,0.00,0.00,0.00,,0.00,0.00,0.00,,,,,,0.00,0.00,0.00,2,8,819,20100,PO,Polar Air Cargo Airways,PO,Polar Air Cargo Airways,16757,A,3,3,2025,3
0.00,,0.00,0.00,0.00,,0.00,,0.00,,0.00,0.00,,0.00,,0.00,0.00,0.00,,0.00,,,0.00,0.00,0.00,,,,0.00,0.00,0.00,,0.00,0.00,0.00,0.00,0.00,,0.00,0.00,0.00,,,,,,0.00,0.00,0.00,2,8,819,20100,PO,Polar Air Cargo Airways,PO,Polar Air Cargo Airways,16757,A,3,3,2025,4
0.00,,0.00,0.00,0.00,,0.00,,0.00,,0.00,0.00,,0.00,,0.00,0.00,0.00,,0.00,,,0.00,0.00,0.00,,,,0.00,0.00,0.00,,0.00,0.00,0.00,0.00,0.00,,0.00,0.00,0.00,,,,,,0.00,0.00,0.00,2,8,819,20100,PO,Polar Air Cargo Airways,PO,Polar Air Cargo Airways,16758,P,3,3,2025,1
0.00,,0.00,0.00,0.00,,0.00,,0.00,,0.00,0.00,,0.00,,0.00,0.00,0.00,,0.00,,,0.00,0.00,0.00,,,,0.00,0.00,0.00,,0.00,0.00,0.00,0.00,0.00,,0.00,0.00,0.00,,,,,,0.00,0.00,0.00,2,8,819,20100,PO,Polar Air Cargo Airways,PO,Polar Air Cargo Airways,16758,P,3,3,2025,3
0.00,,0.00,0.00,0.00,,0.00,,0.00,,0.00,0.00,,0.00,,0.00,0.00,0.00,,0.00,,,0.00,0.00,0.00,,,,0.00,0.00,0.00,,0.00,0.00,0.00,0.00,0.00,,0.00,0.00,0.00,,,,,,0.00,0.00,0.00,2,8,819,20100,PO,Polar Air Cargo Airways,PO,Polar Air Cargo Airways,16758,P,3,3,2025,4
0.00,,0.00,0.00,0.00,,0.00,,0.00,,0.00,0.00,,0.00,,0.00,0.00,0.00,,0.00,,,0.00,0.00,0.00,,,,0.00,0.00,0.00,,0.00,0.00,0.00,0.00,0.00,,0.00,0.00,0.00,,,,,,0.00,0.00,0.00,2,8,821,20100,PO,Polar Air Cargo Airways,PO,Polar Air Cargo Airways,06758,D,3,3,2025,2
0.00,,0.00,0.00,0.00,,0.00,,0.00,,0.00,0.00,,0.00,,0.00,0.00,0.00,,0.00,,,0.00,0.00,0.00,,,,0.00,0.00,0.00,,0.00,0.00,0.00,0.00,0.00,,0.00,0.00,0.00,,,,,,0.00,0.00,0.00,2,8,821,20100,PO,Polar Air Cargo Airways,PO,Polar Air Cargo Airways,06758,D,3,3,2025,3
0.00,,0.00,0.00,0.00,,0.00,,0.00,,0.00,0.00,,0.00,,0.00,0.00,0.00,,0.00,,,0.00,0.00,0.00,,,,0.00,0.00,0.00,,0.00,0.00,0.00,0.00,0.00,,0.00,0.00,0.00,,,,,,0.00,0.00,0.00,2,8,821,20100,PO,Polar Air Cargo Airways,PO,Polar Air Cargo Airways,06758,D,3,3,2025,4
0.00,,0.00,0.00,0.00,,0.00,,0.00,,0.00,0.00,,0.00,,0.00,0.00,0.00,,0.00,,,0.00,0.00,0.00,,,,0.00,0.00,0.00,,0.00,0.00,0.00,0.00,0.00,,0.00,0.00,0.00,,,,,,0.00,0.00,0.00,2,8,821,20100,PO,Polar Air Cargo Airways,PO,Polar Air Cargo Airways,16757,A,3,3,2025,1
0.00,,0.00,0.00,0.00,,0.00,,0.00,,0.00,0.00,,0.00,,0.00,0.00,0.00,,0.00,,,0.00,0.00,0.00,,,,0.00,0.00,0.00,,0.00,0.00,0.00,0.00,0.00,,0.00,0.00,0.00,,,,,,0.00,0.00,0.00,2,8,821,20100,PO,Polar Air Cargo Airways,PO,Polar Air Cargo Airways,16757,A,3,3,2025,2
0.00,,0.00,0.00,0.00,,0.00,,0.00,,0.00,0.00,,0.00,,0.00,0.00,0.00,,0.00,,,0.00,0.00,0.00,,,,0.00,0.00,0.00,,0.00,0.00,0.00,0.00,0.00,,0.00,0.00,0.00,,,,,,0.00,0.00,0.00,2,8,821,20100,PO,Polar Air Cargo Airways,PO,Polar Air Cargo Airways,16757,A,3,3,2025,3
0.00,,0.00,0.00,0.00,,0.00,,0.00,,0.00,0.00,,0.00,,0.00,0.00,0.00,,0.00,,,0.00,0.00,0.00,,,,0.00,0.00,0.00,,0.00,0.00,0.00,0.00,0.00,,0.00,0.00,0.00,,,,,,0.00,0.00,0.00,2,8,821,20100,PO,Polar Air Cargo Airways,PO,Polar Air Cargo Airways,16757,A,3,3,2025,4
0.00,,0.00,0.00,0.00,,0.00,,0.00,,0.00,0.00,,0.00,,0.00,0.00,0.00,,0.00,,,0.00,0.00,0.00,,,,0.00,0.00,0.00,,0.00,0.00,0.00,0.00,0.00,,0.00,0.00,0.00,,,,,,0.00,0.00,0.00,2,8,821,20100,PO,Polar Air Cargo Airways,PO,Polar Air Cargo Airways,16758,P,3,3,2025,4
0.00,,0.00,0.00,0.00,,0.00,,0.00,,0.00,0.00,,0.00,,0.00,0.00,0.00,,0.00,,,0.00,0.00,0.00,,,,0.00,0.00,0.00,,0.00,0.00,0.00,0.00,0.00,,0.00,0.00,0.00,,,,,,0.00,0.00,14877.79,2,8,821,20100,PO,Polar Air Cargo Airways,PO,Polar Air Cargo Airways,16758,P,3,3,2025,3
0.00,,0.00,0.00,0.00,,0.00,,0.00,,0.00,0.00,,0.00,,0.00,0.00,0.00,,0.00,,,0.00,0.00,0.00,,,,0.00,0.00,0.00,,0.00,0.00,0.00,0.00,0.00,,0.00,0.00,0.00,,,,,,0.00,0.18,18213.26,2,6,627,20100,PO,Polar Air Cargo Airways,PO,Polar Air Cargo Airways,16758,P,3,3,2025,4
0.00,,0.00,0.00,0.00,,0.00,,0.00,,0.00,0.00,,0.00,,0.00,0.00,0.00,,0.00,,,0.00,0.00,0.00,,,,0.00,0.00,0.00,,0.00,0.00,0.00,0.00,0.00,,0.00,0.00,0.00,,,,,,0.00,0.54,0.00,2,8,821,20100,PO,Polar Air Cargo Airways,PO,Polar Air Cargo Airways,16758,P,3,3,2025,2
0.00,,0.00,0.00,0.00,,2620.43,,42601.16,,0.00,0.00,,0.00,,0.00,45221.59,29.22,,0.00,,,125.93,0.00,0.00,,,,155.15,45.09,200.24,,0.00,0.00,0.00,0.00,0.00,,0.00,0.00,45421.83,,,,,,1.42,0.09,715.14,2,8,819,20100,PO,Polar Air Cargo Airways,PO,Polar Air Cargo Airways,06758,D,3,3,2025,2
0.00,,0.00,0.00,0.00,,3347.35,,54690.21,,0.00,0.00,,0.00,,0.00,58037.56,37.33,,0.00,,,160.86,0.00,0.00,,,,198.19,57.60,255.79,,0.00,0.00,0.00,0.00,0.00,,0.00,0.00,58293.35,,,,,,4.05,0.27,2045.36,2,8,819,20100,PO,Polar Air Cargo Airways,PO,Polar Air Cargo Airways,16758,P,3,3,2025,2
0.00,,0.00,0.00,0.00,,4722.01,,21244.60,,0.00,0.00,,0.00,,0.00,25966.61,16.20,,0.00,,,34.22,0.00,0.00,,,,50.42,16.90,67.31,,0.00,0.00,0.00,0.00,0.00,,0.00,0.00,26033.92,,,,,,1.40,0.09,2870.58,2,8,821,20100,PO,Polar Air Cargo Airways,PO,Polar Air Cargo Airways,06758,D,3,3,2025,1
0.00,,0.00,0.00,0.00,,22466.94,,101067.81,,0.00,0.00,,0.00,,0.00,123534.74,77.08,,0.00,,,162.81,0.00,0.00,,,,239.89,80.41,320.29,,0.00,0.00,0.00,0.00,0.00,,0.00,0.00,123855.04,,,,,,4.17,0.27,8558.43,2,8,821,20100,PO,Polar Air Cargo Airways,PO,Polar Air Cargo Airways,16758,P,3,3,2025,1
0.00,0.00,-1.61,0.00,0.00,,0.00,0.00,0.00,0.00,0.00,-0.05,0.00,-0.08,0.00,0.00,-1.74,0.00,0.00,-63.59,0.00,,0.00,0.00,0.00,0.00,0.00,0.00,-63.59,0.00,-63.59,0.00,0.00,0.00,0.00,0.00,0.00,,0.00,,-65.33,,,,,,0.00,0.00,0.00,2,6,614,20378,YV,Mesa Airlines Inc.,YV,Mesa Airlines Inc.,06689,D,2,2,2025,2
0.00,0.00,-1.61,0.00,0.00,,0.00,0.00,0.00,0.00,0.00,-0.05,0.00,-0.08,0.00,0.00,-1.74,0.00,0.00,-63.59,0.00,,0.00,0.00,0.00,0.00,0.00,0.00,-63.59,0.00,-63.59,0.00,0.00,0.00,0.00,0.00,0.00,,0.00,,-65.33,,,,,,0.00,0.00,0.00,2,6,617,20378,YV,Mesa Airlines Inc.,YV,Mesa Airlines Inc.,06689,D,2,2,2025,2
0.00,0.00,0.00,0.00,,,0.00,,0.00,,0.00,0.00,,0.00,0.00,0.00,0.00,0.00,,,,,0.00,,,,,,0.00,,0.00,,,0.00,,,,,,,0.00,,,,,,0.00,0.00,0.00,2,7,740,20195,WI,Sky Lease Cargo,WI,Sky Lease Cargo,16884,I,2,2,2025,1
0.00,0.00,0.00,0.00,,,0.00,,0.00,,0.00,0.00,,0.00,0.00,0.00,0.00,0.00,,,,,0.00,,,,,,0.00,,0.00,,,0.00,,,,,,,0.00,,,,,,0.00,0.00,0.00,2,7,740,20195,WI,Sky Lease Cargo,WI,Sky Lease Cargo,16884,I,2,2,2025,2
0.00,0.00,0.00,0.00,,,0.00,,0.00,,0.00,0.00,,0.00,0.00,0.00,0.00,0.00,,,,,0.00,,,,,,0.00,,0.00,,,0.00,,,,,,,0.00,,,,,,0.00,0.00,0.00,2,7,740,20195,WI,Sky Lease Cargo,WI,Sky Lease Cargo,16884,I,2,2,2025,3
0.00,0.00,0.00,0.00,,,0.00,,0.00,,0.00,0.00,,0.00,0.00,0.00,0.00,0.00,,,,,0.00,,,,,,0.00,,0.00,,,0.00,,,,,,,0.00,,,,,,0.00,0.00,0.00,2,7,740,20195,WI,Sky Lease Cargo,WI,Sky Lease Cargo,16884,I,2,2,2025,4
0.00,0.00,0.00,0.00,0.00,,0.00,,0.00,,0.00,0.00,,0.00,0.00,0.00,0.00,0.00,0.00,0.00,0.00,,0.00,0.00,0.00,,0.00,,0.00,0.00,0.00,,0.00,0.00,0.00,0.00,,,,,0.00,,,,,,0.00,0.00,0.00,2,7,730,20107,FX,Federal Express Corporation,FX,Federal Express Corporation,16195,L,3,3,2025,1
0.00,0.00,0.00,0.00,0.00,,0.00,,0.00,,0.00,0.00,,0.00,0.00,0.00,0.00,0.00,0.00,0.00,0.00,,0.00,0.00,0.00,,0.00,,0.00,0.00,0.00,,0.00,0.00,0.00,0.00,,,,,0.00,,,,,,0.00,0.00,0.00,2,7,730,20107,FX,Federal Express Corporation,FX,Federal Express Corporation,16195,L,3,3,2025,2
0.00,0.00,0.00,0.00,0.00,,0.00,,0.00,,0.00,0.00,,0.00,0.00,0.00,0.00,0.00,0.00,0.00,0.00,,0.00,0.00,0.00,,0.00,,0.00,0.00,0.00,,0.00,0.00,0.00,0.00,,,,,0.00,,,,,,0.00,0.00,0.00,2,7,730,20107,FX,Federal Express Corporation,FX,Federal Express Corporation,16195,L,3,3,2025,3
0.00,0.00,0.00,0.00,0.00,,0.00,,0.00,,0.00,0.00,,0.00,0.00,0.00,0.00,0.00,0.00,0.00,0.00,,0.00,0.00,0.00,,0.00,,0.00,0.00,0.00,,0.00,0.00,0.00,0.00,,,,,0.00,,,,,,0.00,0.00,0.00,2,7,730,20107,FX,Federal Express Corporation,FX,Federal Express Corporation,16195,L,3,3,2025,4
0.00,0.00,0.00,0.00,0.00,,0.00,,0.00,0.00,0.00,0.00,,0.00,0.00,-589.00,-589.00,60.00,7.00,13.00,19.00,,798.00,771.00,406.00,,179.00,,2253.00,1776.00,4029.00,,171.00,225.00,26.00,24.00,,,,,3886.00,,,,,,0.16,0.09,271.64,2,6,691,20107,FX,Federal Express Corporation,FX,Federal Express Corporation,16197,P,3,3,2025,3
0.00,0.00,0.00,0.00,0.00,,0.00,,0.00,0.00,0.00,0.00,,0.00,0.00,-546.00,-546.00,46.00,5.00,18.00,17.00,,838.00,781.00,432.00,,148.00,,2285.00,1888.00,4173.00,,172.00,228.00,26.00,24.00,,,,,4077.00,,,,,,0.16,0.09,261.06,2,6,691,20107,FX,Federal Express Corporation,FX,Federal Express Corporation,16197,P,3,3,2025,2
0.00,0.00,0.00,0.00,0.00,,0.00,,0.00,0.00,0.00,0.00,,0.00,0.00,-525.00,-525.00,74.00,8.00,24.00,12.00,,873.00,824.00,376.00,,155.00,,2346.00,1981.00,4327.00,,168.00,199.00,24.00,21.00,,,,,4214.00,,,,,,0.14,0.08,225.80,2,6,691,20107,FX,Federal Express Corporation,FX,Federal Express Corporation,16197,P,3,3,2025,1
0.00,0.00,0.00,0.00,0.00,,0.00,,0.00,0.00,0.00,0.00,,0.00,0.00,-215.00,-215.00,17.00,2.00,3.00,7.00,,260.00,252.00,37.00,,51.00,,629.00,568.00,1197.00,,44.00,59.00,7.00,7.00,,,,,1099.00,,,,,,0.05,0.03,82.47,2,6,691,20107,FX,Federal Express Corporation,FX,Federal Express Corporation,16197,P,3,3,2025,4
0.00,0.00,0.00,0.00,0.00,,0.00,,0.00,0.00,0.00,0.00,,0.00,0.00,0.00,0.00,,,0.00,,,1.00,0.00,-1.00,,0.00,,0.00,0.00,0.00,,0.00,0.00,0.00,0.00,,,,,0.00,,,,,,0.00,0.00,0.00,2,6,622,20107,FX,Federal Express Corporation,FX,Federal Express Corporation,16197,P,3,3,2025,1
0.00,0.00,0.00,0.00,0.00,,0.00,,0.00,0.00,0.00,0.00,,0.00,0.00,0.00,0.00,,,0.00,,,1.00,0.00,-1.00,,0.00,,0.00,0.00,0.00,,0.00,0.00,0.00,0.00,,,,,0.00,,,,,,0.00,0.00,0.00,2,6,622,20107,FX,Federal Express Corporation,FX,Federal Express Corporation,16197,P,3,3,2025,2
0.00,0.00,0.00,0.00,0.00,,0.00,,0.00,0.00,0.00,0.00,,0.00,0.00,0.00,0.00,,,0.00,,,1.00,0.00,-1.00,,0.00,,0.00,0.00,0.00,,0.00,0.00,0.00,0.00,,,,,0.00,,,,,,0.00,0.00,0.00,2,6,622,20107,FX,Federal Express Corporation,FX,Federal Express Corporation,16197,P,3,3,2025,3
0.00,0.00,0.00,0.00,0.00,,0.00,,0.00,0.00,0.00,0.00,,0.00,0.00,0.00,0.00,,,0.00,,,1.00,0.00,-1.00,,0.00,,0.00,0.00,0.00,,0.00,0.00,0.00,0.00,,,,,0.00,,,,,,0.00,0.00,0.00,2,6,622,20107,FX,Federal Express Corporation,FX,Federal Express Corporation,16197,P,3,3,2025,4
0.00,0.00,0.00,0.00,0.00,,0.00,,0.00,0.00,0.00,0.00,,0.00,0.00,0.00,0.00,0.00,0.00,0.00,,,0.00,0.00,0.00,,0.00,,0.00,0.00,0.00,,0.00,0.00,0.00,0.00,,,,,0.00,,,,,,0.00,0.00,0.00,2,6,622,20107,FX,Federal Express Corporation,FX,Federal Express Corporation,16196,A,3,3,2025,2
0.00,0.00,0.00,0.00,0.00,,0.00,,0.00,0.00,0.00,0.00,,0.00,0.00,0.00,0.00,0.00,0.00,0.00,,,0.00,0.00,0.00,,0.00,,0.00,0.00,0.00,,0.00,0.00,0.00,0.00,,,,,0.00,,,,,,0.00,0.00,0.00,2,6,622,20107,FX,Federal Express Corporation,FX,Federal Express Corporation,16196,A,3,3,2025,3
0.00,0.00,0.00,0.00,0.00,,0.00,,0.00,0.00,0.00,0.00,,0.00,0.00,0.00,0.00,0.00,0.00,0.00,,,0.00,0.00,0.00,,0.00,,0.00,0.00,0.00,,0.00,0.00,0.00,0.00,,,,,0.00,,,,,,0.00,0.00,0.00,2,6,622,20107,FX,Federal Express Corporation,FX,Federal Express Corporation,16196,A,3,3,2025,4
0.00,0.00,0.00,0.00,0.00,,0.00,,0.00,0.00,0.00,0.00,,0.00,0.00,0.00,0.00,0.00,0.00,0.00,0.00,,0.00,0.00,0.00,,0.00,,0.00,0.00,0.00,,0.00,0.00,0.00,0.00,,,,,0.00,,,,,,0.00,0.00,0.00,2,6,683,20107,FX,Federal Express Corporation,FX,Federal Express Corporation,16195,L,3,3,2025,3
0.00,0.00,0.00,0.00,0.00,,0.00,,0.00,0.00,0.00,0.00,,0.00,0.00,0.00,0.00,0.00,0.00,0.00,0.00,,0.00,0.00,0.00,,0.00,,0.00,0.00,0.00,,0.00,0.00,0.00,0.00,,,,,0.00,,,,,,0.00,0.00,0.00,2,6,691,20107,FX,Federal Express Corporation,FX,Federal Express Corporation,16195,L,3,3,2025,1
0.00,0.00,0.00,0.00,0.00,,0.00,,0.00,0.00,0.00,0.00,,0.00,0.00,0.00,0.00,0.00,0.00,0.00,0.00,,0.00,0.00,0.00,,0.00,,0.00,0.00,0.00,,0.00,0.00,0.00,0.00,,,,,0.00,,,,,,0.00,0.00,0.00,2,6,691,20107,FX,Federal Express Corporation,FX,Federal Express Corporation,16195,L,3,3,2025,2
0.00,0.00,0.00,0.00,0.00,,0.00,,0.00,0.00,0.00,0.00,,0.00,0.00,0.00,0.00,0.00,0.00,0.00,0.00,,0.00,0.00,0.00,,0.00,,0.00,0.00,0.00,,0.00,0.00,0.00,0.00,,,,,0.00,,,,,,0.00,0.00,0.00,2,6,691,20107,FX,Federal Express Corporation,FX,Federal Express Corporation,16195,L,3,3,2025,3
0.00,0.00,0.00,0.00,0.00,,0.00,,0.00,0.00,0.00,0.00,,0.00,0.00,0.00,0.00,0.00,0.00,0.00,0.00,,0.00,0.00,0.00,,0.00,,0.00,0.00,0.00,,0.00,0.00,0.00,0.00,,,,,0.00,,,,,,0.00,0.00,0.00,2,6,691,20107,FX,Federal Express Corporation,FX,Federal Express Corporation,16195,L,3,3,2025,4
0.00,0.00,0.00,0.00,0.00,,0.00,,0.00,0.00,0.00,0.00,,0.00,0.00,0.00,0.00,0.00,0.00,0.00,0.00,,0.00,0.00,0.00,,0.00,,0.00,0.00,0.00,,0.00,0.00,0.00,0.00,,,,,0.00,,,,,,0.00,0.00,0.00,2,6,691,20107,FX,Federal Express Corporation,FX,Federal Express Corporation,16196,A,3,3,2025,1
0.00,0.00,0.00,0.00,0.00,,0.00,,0.00,0.00,0.00,0.00,,0.00,0.00,0.00,0.00,0.00,0.00,0.00,0.00,,0.00,0.00,0.00,,0.00,,0.00,0.00,0.00,,0.00,0.00,0.00,0.00,,,,,0.00,,,,,,0.00,0.00,0.00,2,6,691,20107,FX,Federal Express Corporation,FX,Federal Express Corporation,16196,A,3,3,2025,2
0.00,0.00,0.00,0.00,0.00,,0.00,,0.00,0.00,0.00,0.00,,0.00,0.00,0.00,0.00,0.00,0.00,0.00,0.00,,0.00,0.00,0.00,,0.00,,0.00,0.00,0.00,,0.00,0.00,0.00,0.00,,,,,0.00,,,,,,0.00,0.00,0.00,2,6,691,20107,FX,Federal Express Corporation,FX,Federal Express Corporation,16196,A,3,3,2025,3
0.00,0.00,0.00,0.00,0.00,,0.00,,0.00,0.00,0.00,0.00,,0.00,0.00,0.00,0.00,0.00,0.00,0.00,0.00,,0.00,0.00,0.00,,0.00,,0.00,0.00,0.00,,0.00,0.00,0.00,0.00,,,,,0.00,,,,,,0.00,0.00,0.00,2,6,691,20107,FX,Federal Express Corporation,FX,Federal Express Corporation,16196,A,3,3,2025,4
0.00,0.00,0.00,0.00,0.00,,0.00,,0.00,0.00,0.00,0.00,,0.00,0.00,0.00,0.00,0.00,0.00,0.00,0.00,,0.00,0.00,0.00,,0.00,,0.00,0.00,0.00,,0.00,0.00,0.00,0.00,,,,,0.00,,,,,,0.00,0.00,0.00,2,6,692,20107,FX,Federal Express Corporation,FX,Federal Express Corporation,06200,D,3,3,2025,1
0.00,0.00,0.00,0.00,0.00,,0.00,,0.00,0.00,0.00,0.00,,0.00,0.00,0.00,0.00,0.00,0.00,0.00,0.00,,0.00,0.00,0.00,,0.00,,0.00,0.00,0.00,,0.00,0.00,0.00,0.00,,,,,0.00,,,,,,0.00,0.00,0.00,2,6,692,20107,FX,Federal Express Corporation,FX,Federal Express Corporation,06200,D,3,3,2025,2
0.00,0.00,0.00,0.00,0.00,,0.00,,0.00,0.00,0.00,0.00,,0.00,0.00,0.00,0.00,0.00,0.00,0.00,0.00,,0.00,0.00,0.00,,0.00,,0.00,0.00,0.00,,0.00,0.00,0.00,0.00,,,,,0.00,,,,,,0.00,0.00,0.00,2,6,692,20107,FX,Federal Express Corporation,FX,Federal Express Corporation,06200,D,3,3,2025,3
0.00,0.00,0.00,0.00,0.00,,0.00,,0.00,0.00,0.00,0.00,,0.00,0.00,0.00,0.00,0.00,0.00,0.00,0.00,,0.00,0.00,0.00,,0.00,,0.00,0.00,0.00,,0.00,0.00,0.00,0.00,,,,,0.00,,,,,,0.00,0.00,0.00,2,6,692,20107,FX,Federal Express Corporation,FX,Federal Express Corporation,06200,D,3,3,2025,4
0.00,0.00,0.00,0.00,0.00,,0.00,,0.00,0.00,0.00,0.00,,0.00,0.00,0.00,0.00,0.00,0.00,0.00,0.00,,0.00,0.00,0.00,,0.00,,0.00,0.00,0.00,,0.00,0.00,0.00,0.00,,,,,0.00,,,,,,0.00,0.00,0.00,2,6,692,20107,FX,Federal Express Corporation,FX,Federal Express Corporation,16195,L,3,3,2025,1
0.00,0.00,0.00,0.00,0.00,,0.00,,0.00,0.00,0.00,0.00,,0.00,0.00,0.00,0.00,0.00,0.00,0.00,0.00,,0.00,0.00,0.00,,0.00,,0.00,0.00,0.00,,0.00,0.00,0.00,0.00,,,,,0.00,,,,,,0.00,0.00,0.00,2,6,692,20107,FX,Federal Express Corporation,FX,Federal Express Corporation,16195,L,3,3,2025,2
0.00,0.00,0.00,0.00,0.00,,0.00,,0.00,0.00,0.00,0.00,,0.00,0.00,0.00,0.00,0.00,0.00,0.00,0.00,,0.00,0.00,0.00,,0.00,,0.00,0.00,0.00,,0.00,0.00,0.00,0.00,,,,,0.00,,,,,,0.00,0.00,0.00,2,6,692,20107,FX,Federal Express Corporation,FX,Federal Express Corporation,16195,L,3,3,2025,3
0.00,0.00,0.00,0.00,0.00,,0.00,,0.00,0.00,0.00,0.00,,0.00,0.00,0.00,0.00,0.00,0.00,0.00,0.00,,0.00,0.00,0.00,,0.00,,0.00,0.00,0.00,,0.00,0.00,0.00,0.00,,,,,0.00,,,,,,0.00,0.00,0.00,2,6,692,20107,FX,Federal Express Corporation,FX,Federal Express Corporation,16195,L,3,3,2025,4
0.00,0.00,0.00,0.00,0.00,,0.00,,0.00,0.00,0.00,0.00,,0.00,0.00,0.00,0.00,0.00,0.00,0.00,0.00,,0.00,0.00,0.00,,0.00,,0.00,0.00,0.00,,0.00,0.00,0.00,0.00,,,,,0.00,,,,,,0.00,0.00,0.00,2,6,692,20107,FX,Federal Express Corporation,FX,Federal Express Corporation,16196,A,3,3,2025,1
0.00,0.00,0.00,0.00,0.00,,0.00,,0.00,0.00,0.00,0.00,,0.00,0.00,0.00,0.00,0.00,0.00,0.00,0.00,,0.00,0.00,0.00,,0.00,,0.00,0.00,0.00,,0.00,0.00,0.00,0.00,,,,,0.00,,,,,,0.00,0.00,0.00,2,6,692,20107,FX,Federal Express Corporation,FX,Federal Express Corporation,16196,A,3,3,2025,2
0.00,0.00,0.00,0.00,0.00,,0.00,,0.00,0.00,0.00,0.00,,0.00,0.00,0.00,0.00,0.00,0.00,0.00,0.00,,0.00,0.00,0.00,,0.00,,0.00,0.00,0.00,,0.00,0.00,0.00,0.00,,,,,0.00,,,,,,0.00,0.00,0.00,2,6,692,20107,FX,Federal Express Corporation,FX,Federal Express Corporation,16196,A,3,3,2025,3
0.00,0.00,0.00,0.00,0.00,,0.00,,0.00,0.00,0.00,0.00,,0.00,0.00,0.00,0.00,0.00,0.00,0.00,0.00,,0.00,0.00,0.00,,0.00,,0.00,0.00,0.00,,0.00,0.00,0.00,0.00,,,,,0.00,,,,,,0.00,0.00,0.00,2,6,692,20107,FX,Federal Express Corporation,FX,Federal Express Corporation,16196,A,3,3,2025,4
0.00,0.00,0.00,0.00,0.00,,0.00,,0.00,0.00,0.00,0.00,,0.00,0.00,0.00,0.00,0.00,0.00,0.00,0.00,,0.00,0.00,0.00,,0.00,,0.00,0.00,0.00,,0.00,0.00,0.00,0.00,,,,,0.00,,,,,,0.00,0.00,0.00,2,6,692,20107,FX,Federal Express Corporation,FX,Federal Express Corporation,16197,P,3,3,2025,1
0.00,0.00,0.00,0.00,0.00,,0.00,,0.00,0.00,0.00,0.00,,0.00,0.00,0.00,0.00,0.00,0.00,0.00,0.00,,0.00,0.00,0.00,,0.00,,0.00,0.00,0.00,,0.00,0.00,0.00,0.00,,,,,0.00,,,,,,0.00,0.00,0.00,2,6,692,20107,FX,Federal Express Corporation,FX,Federal Express Corporation,16197,P,3,3,2025,2
0.00,0.00,0.00,0.00,0.00,,0.00,,0.00,0.00,0.00,0.00,,0.00,0.00,0.00,0.00,0.00,0.00,0.00,0.00,,0.00,0.00,0.00,,0.00,,0.00,0.00,0.00,,0.00,0.00,0.00,0.00,,,,,0.00,,,,,,0.00,0.00,0.00,2,6,692,20107,FX,Federal Express Corporation,FX,Federal Express Corporation,16197,P,3,3,2025,3
0.00,0.00,0.00,0.00,0.00,,0.00,,0.00,0.00,0.00,0.00,,0.00,0.00,0.00,0.00,0.00,0.00,0.00,0.00,,0.00,0.00,0.00,,0.00,,0.00,0.00,0.00,,0.00,0.00,0.00,0.00,,,,,0.00,,,,,,0.00,0.00,0.00,2,6,692,20107,FX,Federal Express Corporation,FX,Federal Express Corporation,16197,P,3,3,2025,4
0.00,0.00,0.00,0.00,0.00,,0.00,,0.00,0.00,0.00,0.00,,0.00,0.00,0.00,0.00,0.00,0.00,0.00,0.00,,0.00,0.00,0.00,,0.00,,0.00,0.00,0.00,,0.00,0.00,0.00,0.00,,,,,0.00,,,,,,0.00,0.00,0.00,2,7,715,20107,FX,Federal Express Corporation,FX,Federal Express Corporation,06200,D,3,3,2025,1
0.00,0.00,0.00,0.00,0.00,,0.00,,0.00,0.00,0.00,0.00,,0.00,0.00,0.00,0.00,0.00,0.00,0.00,0.00,,0.00,0.00,0.00,,0.00,,0.00,0.00,0.00,,0.00,0.00,0.00,0.00,,,,,0.00,,,,,,0.00,0.00,0.00,2,7,715,20107,FX,Federal Express Corporation,FX,Federal Express Corporation,06200,D,3,3,2025,2
0.00,0.00,0.00,0.00,0.00,,0.00,,0.00,0.00,0.00,0.00,,0.00,0.00,0.00,0.00,0.00,0.00,0.00,0.00,,0.00,0.00,0.00,,0.00,,0.00,0.00,0.00,,0.00,0.00,0.00,0.00,,,,,0.00,,,,,,0.00,0.00,0.00,2,7,715,20107,FX,Federal Express Corporation,FX,Federal Express Corporation,06200,D,3,3,2025,3
0.00,0.00,0.00,0.00,0.00,,0.00,,0.00,0.00,0.00,0.00,,0.00,0.00,0.00,0.00,0.00,0.00,0.00,0.00,,0.00,0.00,0.00,,0.00,,0.00,0.00,0.00,,0.00,0.00,0.00,0.00,,,,,0.00,,,,,,0.00,0.00,0.00,2,7,715,20107,FX,Federal Express Corporation,FX,Federal Express Corporation,06200,D,3,3,2025,4
0.00,0.00,0.00,0.00,0.00,,0.00,,0.00,0.00,0.00,0.00,,0.00,0.00,0.00,0.00,0.00,0.00,0.00,0.00,,0.00,0.00,0.00,,0.00,,0.00,0.00,0.00,,0.00,0.00,0.00,0.00,,,,,0.00,,,,,,0.00,0.00,0.00,2,7,715,20107,FX,Federal Express Corporation,FX,Federal Express Corporation,16195,L,3,3,2025,1
0.00,0.00,0.00,0.00,0.00,,0.00,,0.00,0.00,0.00,0.00,,0.00,0.00,0.00,0.00,0.00,0.00,0.00,0.00,,0.00,0.00,0.00,,0.00,,0.00,0.00,0.00,,0.00,0.00,0.00,0.00,,,,,0.00,,,,,,0.00,0.00,0.00,2,7,715,20107,FX,Federal Express Corporation,FX,Federal Express Corporation,16195,L,3,3,2025,2
0.00,0.00,0.00,0.00,0.00,,0.00,,0.00,0.00,0.00,0.00,,0.00,0.00,0.00,0.00,0.00,0.00,0.00,0.00,,0.00,0.00,0.00,,0.00,,0.00,0.00,0.00,,0.00,0.00,0.00,0.00,,,,,0.00,,,,,,0.00,0.00,0.00,2,7,715,20107,FX,Federal Express Corporation,FX,Federal Express Corporation,16195,L,3,3,2025,3
0.00,0.00,0.00,0.00,0.00,,0.00,,0.00,0.00,0.00,0.00,,0.00,0.00,0.00,0.00,0.00,0.00,0.00,0.00,,0.00,0.00,0.00,,0.00,,0.00,0.00,0.00,,0.00,0.00,0.00,0.00,,,,,0.00,,,,,,0.00,0.00,0.00,2,7,715,20107,FX,Federal Express Corporation,FX,Federal Express Corporation,16195,L,3,3,2025,4
0.00,0.00,0.00,0.00,0.00,,0.00,,0.00,0.00,0.00,0.00,,0.00,0.00,0.00,0.00,0.00,0.00,0.00,0.00,,0.00,0.00,0.00,,0.00,,0.00,0.00,0.00,,0.00,0.00,0.00,0.00,,,,,0.00,,,,,,0.00,0.00,0.00,2,7,730,20107,FX,Federal Express Corporation,FX,Federal Express Corporation,06200,D,3,3,2025,1
0.00,0.00,0.00,0.00,0.00,,0.00,,0.00,0.00,0.00,0.00,,0.00,0.00,0.00,0.00,0.00,0.00,0.00,0.00,,0.00,0.00,0.00,,0.00,,0.00,0.00,0.00,,0.00,0.00,0.00,0.00,,,,,0.00,,,,,,0.00,0.00,0.00,2,7,730,20107,FX,Federal Express Corporation,FX,Federal Express Corporation,06200,D,3,3,2025,2
0.00,0.00,0.00,0.00,0.00,,0.00,,0.00,0.00,0.00,0.00,,0.00,0.00,0.00,0.00,0.00,0.00,0.00,0.00,,0.00,0.00,0.00,,0.00,,0.00,0.00,0.00,,0.00,0.00,0.00,0.00,,,,,0.00,,,,,,0.00,0.00,0.00,2,7,730,20107,FX,Federal Express Corporation,FX,Federal Express Corporation,06200,D,3,3,2025,3
0.00,0.00,0.00,0.00,0.00,,0.00,,0.00,0.00,0.00,0.00,,0.00,0.00,0.00,0.00,0.00,0.00,0.00,0.00,,0.00,0.00,0.00,,0.00,,0.00,0.00,0.00,,0.00,0.00,0.00,0.00,,,,,0.00,,,,,,0.00,0.00,0.00,2,7,730,20107,FX,Federal Express Corporation,FX,Federal Express Corporation,06200,D,3,3,2025,4
0.00,0.00,0.00,0.00,0.00,,0.00,,0.00,0.00,0.00,0.00,,0.00,0.00,0.00,0.00,0.00,0.00,0.00,0.00,,0.00,0.00,0.00,,0.00,,0.00,0.00,0.00,,0.00,0.00,0.00,0.00,,,,,0.00,,,,,,0.00,0.00,0.00,2,7,732,20107,FX,Federal Express Corporation,FX,Federal Express Corporation,06200,D,3,3,2025,1
0.00,0.00,0.00,0.00,0.00,,0.00,,0.00,0.00,0.00,0.00,,0.00,0.00,0.00,0.00,0.00,0.00,0.00,0.00,,0.00,0.00,0.00,,0.00,,0.00,0.00,0.00,,0.00,0.00,0.00,0.00,,,,,0.00,,,,,,0.00,0.00,0.00,2,7,732,20107,FX,Federal Express Corporation,FX,Federal Express Corporation,06200,D,3,3,2025,2
0.00,0.00,0.00,0.00,0.00,,0.00,,0.00,0.00,0.00,0.00,,0.00,0.00,0.00,0.00,0.00,0.00,0.00,0.00,,0.00,0.00,0.00,,0.00,,0.00,0.00,0.00,,0.00,0.00,0.00,0.00,,,,,0.00,,,,,,0.00,0.00,0.00,2,7,732,20107,FX,Federal Express Corporation,FX,Federal Express Corporation,06200,D,3,3,2025,3
0.00,0.00,0.00,0.00,0.00,,0.00,,0.00,0.00,0.00,0.00,,0.00,0.00,0.00,0.00,0.00,0.00,0.00,0.00,,0.00,0.00,0.00,,0.00,,0.00,0.00,0.00,,0.00,0.00,0.00,0.00,,,,,0.00,,,,,,0.00,0.00,0.00,2,7,732,20107,FX,Federal Express Corporation,FX,Federal Express Corporation,06200,D,3,3,2025,4
0.00,0.00,0.00,0.00,0.00,,0.00,,0.00,0.00,0.00,0.00,,0.00,0.00,0.00,0.00,0.00,0.00,0.00,0.00,,0.00,0.00,0.00,,0.00,,0.00,0.00,0.00,,0.00,0.00,0.00,0.00,,,,,0.00,,,,,,0.00,0.00,0.00,2,7,732,20107,FX,Federal Express Corporation,FX,Federal Express Corporation,16195,L,3,3,2025,1
0.00,0.00,0.00,0.00,0.00,,0.00,,0.00,0.00,0.00,0.00,,0.00,0.00,0.00,0.00,0.00,0.00,0.00,0.00,,0.00,0.00,0.00,,0.00,,0.00,0.00,0.00,,0.00,0.00,0.00,0.00,,,,,0.00,,,,,,0.00,0.00,0.00,2,7,732,20107,FX,Federal Express Corporation,FX,Federal Express Corporation,16195,L,3,3,2025,2
0.00,0.00,0.00,0.00,0.00,,0.00,,0.00,0.00,0.00,0.00,,0.00,0.00,0.00,0.00,0.00,0.00,0.00,0.00,,0.00,0.00,0.00,,0.00,,0.00,0.00,0.00,,0.00,0.00,0.00,0.00,,,,,0.00,,,,,,0.00,0.00,0.00,2,7,732,20107,FX,Federal Express Corporation,FX,Federal Express Corporation,16195,L,3,3,2025,3
0.00,0.00,0.00,0.00,0.00,,0.00,,0.00,0.00,0.00,0.00,,0.00,0.00,0.00,0.00,0.00,0.00,0.00,0.00,,0.00,0.00,0.00,,0.00,,0.00,0.00,0.00,,0.00,0.00,0.00,0.00,,,,,0.00,,,,,,0.00,0.00,0.00,2,7,732,20107,FX,Federal Express Corporation,FX,Federal Express Corporation,16195,L,3,3,2025,4
0.00,0.00,0.00,0.00,0.00,,0.00,,0.00,0.00,0.00,0.00,,0.00,0.00,0.00,0.00,0.00,0.00,0.00,0.00,,0.00,0.00,0.00,,0.00,,0.00,0.00,0.00,,0.00,0.00,0.00,0.00,,,,,0.00,,,,,,0.00,0.00,0.00,2,7,740,20107,FX,Federal Express Corporation,FX,Federal Express Corporation,16195,L,3,3,2025,1
0.00,0.00,0.00,0.00,0.00,,0.00,,0.00,0.00,0.00,0.00,,0.00,0.00,0.00,0.00,0.00,0.00,0.00,0.00,,0.00,0.00,0.00,,0.00,,0.00,0.00,0.00,,0.00,0.00,0.00,0.00,,,,,0.00,,,,,,0.00,0.00,0.00,2,7,740,20107,FX,Federal Express Corporation,FX,Federal Express Corporation,16195,L,3,3,2025,3
0.00,0.00,0.00,0.00,0.00,,0.00,,0.00,0.00,0.00,0.00,,0.00,0.00,0.00,0.00,0.00,0.00,0.00,0.00,,0.00,0.00,0.00,,0.00,,0.00,0.00,0.00,,0.00,0.00,0.00,0.00,,,,,0.00,,,,,,0.00,0.00,0.00,2,7,740,20107,FX,Federal Express Corporation,FX,Federal Express Corporation,16195,L,3,3,2025,4
0.00,0.00,0.00,0.00,0.00,,0.00,0.00,0.00,0.00,0.00,0.00,0.00,0.00,0.00,0.00,0.00,0.00,0.00,0.00,0.00,,0.00,0.00,0.00,,0.00,,0.00,0.00,0.00,,0.00,0.00,0.00,,,,0.00,,0.00,,,,,,0.00,0.00,0.00,2,6,622,19917,5X,United Parcel Service,5X,United Parcel Service,16913,P,3,3,2025,1
0.00,0.00,0.00,0.00,0.00,,0.00,0.00,0.00,0.00,0.00,0.00,0.00,0.00,0.00,0.00,0.00,0.00,0.00,0.00,0.00,,0.00,0.00,0.00,,0.00,,0.00,0.00,0.00,,0.00,0.00,0.00,,,,0.00,,0.00,,,,,,0.00,0.00,0.00,2,6,622,19917,5X,United Parcel Service,5X,United Parcel Service,16913,P,3,3,2025,2
0.00,0.00,0.00,0.00,0.00,,0.00,0.00,0.00,0.00,0.00,0.00,0.00,0.00,0.00,0.00,0.00,0.00,0.00,0.00,0.00,,0.00,0.00,0.00,,0.00,,0.00,0.00,0.00,,0.00,0.00,0.00,,,,0.00,,0.00,,,,,,0.00,0.00,0.00,2,6,622,19917,5X,United Parcel Service,5X,United Parcel Service,16913,P,3,3,2025,3
0.00,0.00,0.00,0.00,0.00,,0.00,0.00,0.00,0.00,0.00,0.00,0.00,0.00,0.00,0.00,0.00,0.00,0.00,0.00,0.00,,0.00,0.00,0.00,,0.00,,0.00,0.00,0.00,,0.00,0.00,0.00,,,,0.00,,0.00,,,,,,0.00,0.00,0.00,2,6,622,19917,5X,United Parcel Service,5X,United Parcel Service,16913,P,3,3,2025,4
0.00,0.00,0.00,0.00,0.00,,0.00,0.00,0.00,0.00,0.00,0.00,0.00,0.00,0.00,0.00,0.00,0.00,0.00,0.00,0.00,,0.00,0.00,0.00,,0.00,,0.00,0.00,0.00,,0.00,0.00,0.00,,,,0.00,,0.00,,,,,,0.00,0.00,0.00,2,6,691,19917,5X,United Parcel Service,5X,United Parcel Service,16911,A,3,3,2025,1
0.00,0.00,0.00,0.00,0.00,,0.00,0.00,0.00,0.00,0.00,0.00,0.00,0.00,0.00,0.00,0.00,0.00,0.00,0.00,0.00,,0.00,0.00,0.00,,0.00,,0.00,0.00,0.00,,0.00,0.00,0.00,,,,0.00,,0.00,,,,,,0.00,0.00,0.00,2,6,691,19917,5X,United Parcel Service,5X,United Parcel Service,16911,A,3,3,2025,2
0.00,0.00,0.00,0.00,0.00,,0.00,0.00,0.00,0.00,0.00,0.00,0.00,0.00,0.00,0.00,0.00,0.00,0.00,0.00,0.00,,0.00,0.00,0.00,,0.00,,0.00,0.00,0.00,,0.00,0.00,0.00,,,,0.00,,0.00,,,,,,0.00,0.00,0.00,2,6,691,19917,5X,United Parcel Service,5X,United Parcel Service,16911,A,3,3,2025,3
0.00,0.00,0.00,0.00,0.00,,0.00,0.00,0.00,0.00,0.00,0.00,0.00,0.00,0.00,0.00,0.00,0.00,0.00,0.00,0.00,,0.00,0.00,0.00,,0.00,,0.00,0.00,0.00,,0.00,0.00,0.00,,,,0.00,,0.00,,,,,,0.00,0.00,0.00,2,6,691,19917,5X,United Parcel Service,5X,United Parcel Service,16911,A,3,3,2025,4
0.00,0.00,0.00,0.00,0.00,,0.00,0.00,0.00,0.00,0.00,0.00,0.00,0.00,0.00,0.00,0.00,0.00,0.00,0.00,0.00,,0.00,0.00,0.00,,0.00,,0.00,0.00,0.00,,0.00,0.00,0.00,,,,0.00,,0.00,,,,,,0.00,0.00,0.00,2,6,691,19917,5X,United Parcel Service,5X,United Parcel Service,16913,P,3,3,2025,1
0.00,0.00,0.00,0.00,0.00,,0.00,0.00,0.00,0.00,0.00,0.00,0.00,0.00,0.00,0.00,0.00,0.00,0.00,0.00,0.00,,0.00,0.00,0.00,,0.00,,0.00,0.00,0.00,,0.00,0.00,0.00,,,,0.00,,0.00,,,,,,0.00,0.00,0.00,2,6,691,19917,5X,United Parcel Service,5X,United Parcel Service,16913,P,3,3,2025,2
0.00,0.00,0.00,0.00,0.00,,0.00,0.00,0.00,0.00,0.00,0.00,0.00,0.00,0.00,0.00,0.00,0.00,0.00,0.00,0.00,,0.00,0.00,0.00,,0.00,,0.00,0.00,0.00,,0.00,0.00,0.00,,,,0.00,,0.00,,,,,,0.00,0.00,0.00,2,6,691,19917,5X,United Parcel Service,5X,United Parcel Service,16913,P,3,3,2025,3
0.00,0.00,0.00,0.00,0.00,,0.00,0.00,0.00,0.00,0.00,0.00,0.00,0.00,0.00,0.00,0.00,0.00,0.00,0.00,0.00,,0.00,0.00,0.00,,0.00,,0.00,0.00,0.00,,0.00,0.00,0.00,,,,0.00,,0.00,,,,,,0.00,0.00,0.00,2,6,691,19917,5X,United Parcel Service,5X,United Parcel Service,16913,P,3,3,2025,4
0.00,0.00,0.00,0.00,0.00,,0.00,0.00,0.00,0.00,0.00,0.00,0.00,0.00,0.00,0.00,0.00,0.00,0.00,0.00,0.00,,0.00,0.00,0.00,,0.00,,0.00,0.00,0.00,,0.00,0.00,0.00,,,,0.00,,0.00,,,,,,0.00,0.00,0.00,2,7,740,19917,5X,United Parcel Service,5X,United Parcel Service,16911,A,3,3,2025,1
0.00,0.00,0.00,0.00,0.00,,0.00,0.00,0.00,0.00,0.00,0.00,0.00,0.00,0.00,0.00,0.00,0.00,0.00,0.00,0.00,,0.00,0.00,0.00,,0.00,,0.00,0.00,0.00,,0.00,0.00,0.00,,,,0.00,,0.00,,,,,,0.00,0.00,0.00,2,7,740,19917,5X,United Parcel Service,5X,United Parcel Service,16911,A,3,3,2025,2
0.00,0.00,0.00,0.00,0.00,,0.00,0.00,0.00,0.00,0.00,0.00,0.00,0.00,0.00,0.00,0.00,0.00,0.00,0.00,0.00,,0.00,0.00,0.00,,0.00,,0.00,0.00,0.00,,0.00,0.00,0.00,,,,0.00,,0.00,,,,,,0.00,0.00,0.00,2,7,740,19917,5X,United Parcel Service,5X,United Parcel Service,16911,A,3,3,2025,3
0.00,0.00,0.00,0.00,0.00,,0.00,0.00,0.00,0.00,0.00,0.00,0.00,0.00,0.00,0.00,0.00,0.00,0.00,0.00,0.00,,0.00,0.00,0.00,,0.00,,0.00,0.00,0.00,,0.00,0.00,0.00,,,,0.00,,0.00,,,,,,0.00,0.00,0.00,2,7,740,19917,5X,United Parcel Service,5X,United Parcel Service,16911,A,3,3,2025,4
0.00,0.00,0.00,0.00,0.00,,0.00,0.00,0.00,0.00,0.00,0.00,0.00,0.00,0.00,0.00,0.00,0.00,0.00,0.00,0.00,,0.00,0.00,0.00,,0.00,,0.00,0.00,0.00,,0.00,0.00,0.00,,,,0.00,,0.00,,,,,,0.00,0.00,0.00,2,7,740,19917,5X,United Parcel Service,5X,United Parcel Service,16912,L,3,3,2025,1
0.00,0.00,0.00,0.00,0.00,,0.00,0.00,0.00,0.00,0.00,0.00,0.00,0.00,0.00,0.00,0.00,0.00,0.00,0.00,0.00,,0.00,0.00,0.00,,0.00,,0.00,0.00,0.00,,0.00,0.00,0.00,,,,0.00,,0.00,,,,,,0.00,0.00,0.00,2,7,740,19917,5X,United Parcel Service,5X,United Parcel Service,16912,L,3,3,2025,2
0.00,0.00,0.00,0.00,0.00,,0.00,0.00,0.00,0.00,0.00,0.00,0.00,0.00,0.00,0.00,0.00,0.00,0.00,0.00,0.00,,0.00,0.00,0.00,,0.00,,0.00,0.00,0.00,,0.00,0.00,0.00,,,,0.00,,0.00,,,,,,0.00,0.00,0.00,2,7,740,19917,5X,United Parcel Service,5X,United Parcel Service,16912,L,3,3,2025,3
0.00,0.00,0.00,0.00,0.00,,0.00,0.00,0.00,0.00,0.00,0.00,0.00,0.00,0.00,0.00,0.00,0.00,0.00,0.00,0.00,,0.00,0.00,0.00,,0.00,,0.00,0.00,0.00,,0.00,0.00,0.00,,,,0.00,,0.00,,,,,,0.00,0.00,0.00,2,7,740,19917,5X,United Parcel Service,5X,United Parcel Service,16912,L,3,3,2025,4
0.00,0.00,0.00,0.00,0.00,,0.00,0.00,0.00,0.00,0.00,0.00,0.00,0.00,0.00,0.00,0.00,0.00,0.00,0.00,0.00,,0.00,0.00,0.00,,0.00,,0.00,0.00,0.00,,0.00,0.00,0.00,,,,0.00,,0.00,,,,,,0.00,0.00,0.00,2,7,740,19917,5X,United Parcel Service,5X,United Parcel Service,16913,P,3,3,2025,1
0.00,0.00,0.00,0.00,0.00,,0.00,0.00,0.00,0.00,0.00,0.00,0.00,0.00,0.00,0.00,0.00,0.00,0.00,0.00,0.00,,0.00,0.00,0.00,,0.00,,0.00,0.00,0.00,,0.00,0.00,0.00,,,,0.00,,0.00,,,,,,0.00,0.00,0.00,2,7,740,19917,5X,United Parcel Service,5X,United Parcel Service,16913,P,3,3,2025,2
0.00,0.00,0.00,0.00,0.00,,0.00,0.00,0.00,0.00,0.00,0.00,0.00,0.00,0.00,0.00,0.00,0.00,0.00,0.00,0.00,,0.00,0.00,0.00,,0.00,,0.00,0.00,0.00,,0.00,0.00,0.00,,,,0.00,,0.00,,,,,,0.00,0.00,0.00,2,7,740,19917,5X,United Parcel Service,5X,United Parcel Service,16913,P,3,3,2025,3
0.00,0.00,0.00,0.00,0.00,,0.00,0.00,0.00,0.00,0.00,0.00,0.00,0.00,0.00,0.00,0.00,0.00,0.00,0.00,0.00,,0.00,0.00,0.00,,0.00,,0.00,0.00,0.00,,0.00,0.00,0.00,,,,0.00,,0.00,,,,,,0.00,0.00,0.00,2,7,740,19917,5X,United Parcel Service,5X,United Parcel Service,16913,P,3,3,2025,4
0.00,0.00,0.00,0.00,0.00,,0.00,0.00,0.00,0.00,0.00,0.00,0.00,0.00,0.00,0.00,0.00,0.00,0.00,0.00,0.00,,0.00,0.00,0.00,,0.00,,0.00,0.00,0.00,,0.00,0.00,0.00,,,,0.00,,0.00,,,,,,0.00,0.00,0.00,2,8,819,19917,5X,United Parcel Service,5X,United Parcel Service,16912,L,3,3,2025,2
0.00,0.00,0.00,0.00,0.00,,0.00,0.00,0.00,0.00,0.00,0.00,0.00,0.00,0.00,0.00,0.00,0.00,0.00,0.00,0.00,,0.00,0.00,0.00,,0.00,,0.00,0.00,0.00,,0.00,0.00,0.00,,,,0.00,,0.00,,,,,,0.00,0.00,0.00,2,8,819,19917,5X,United Parcel Service,5X,United Parcel Service,16912,L,3,3,2025,3
0.00,0.00,0.00,0.00,0.00,,0.00,0.00,0.00,0.00,0.00,0.00,0.00,0.00,0.00,0.00,0.00,0.00,0.00,0.00,0.00,,0.00,0.00,0.00,,0.00,,0.00,0.00,0.00,,0.00,0.00,0.00,,,,0.00,,0.00,,,,,,0.00,0.00,0.00,2,8,819,19917,5X,United Parcel Service,5X,United Parcel Service,16912,L,3,3,2025,4
0.00,0.00,0.00,0.00,0.00,,0.00,0.00,0.00,0.00,0.00,0.00,0.00,0.00,0.00,0.00,0.00,0.00,0.00,0.00,0.00,,0.00,0.00,0.00,,0.00,,0.00,0.00,0.00,,0.00,0.00,0.00,,,,0.00,,0.00,,,,,,0.00,0.00,0.00,2,8,821,19917,5X,United Parcel Service,5X,United Parcel Service,16912,L,3,3,2025,1
0.00,0.00,0.00,0.00,0.00,,0.00,0.00,0.00,0.00,0.00,0.00,0.00,0.00,0.00,0.00,0.00,0.00,0.00,0.00,0.00,,0.00,0.00,0.00,,0.00,,0.00,0.00,0.00,,0.00,0.00,0.00,,,,0.00,,0.00,,,,,,0.00,0.00,0.00,2,8,821,19917,5X,United Parcel Service,5X,United Parcel Service,16912,L,3,3,2025,2
0.00,0.00,0.00,0.00,0.00,,0.00,0.00,0.00,0.00,0.00,0.00,0.00,0.00,0.00,0.00,0.00,0.00,0.00,0.00,0.00,,0.00,0.00,0.00,,0.00,,0.00,0.00,0.00,,0.00,0.00,0.00,,,,0.00,,0.00,,,,,,0.00,0.00,0.00,2,8,821,19917,5X,United Parcel Service,5X,United Parcel Service,16912,L,3,3,2025,3
0.00,0.00,0.00,0.00,0.00,,0.00,0.00,0.00,0.00,0.00,0.00,0.00,0.00,0.00,0.00,0.00,0.00,0.00,0.00,0.00,,0.00,0.00,0.00,,0.00,,0.00,0.00,0.00,,0.00,0.00,0.00,,,,0.00,,0.00,,,,,,0.00,0.00,0.00,2,8,821,19917,5X,United Parcel Service,5X,United Parcel Service,16912,L,3,3,2025,4
0.00,0.00,0.00,0.00,0.00,,0.00,0.00,0.00,0.00,0.00,0.00,0.00,0.00,0.00,0.00,0.00,0.00,0.00,0.00,0.00,,0.00,0.00,0.00,0.00,0.00,0.00,0.00,0.00,0.00,0.00,0.00,0.00,0.00,0.00,0.00,,0.00,,0.00,,,,,,0.00,0.00,0.00,1,6,698,22085,GCA,"Global Crossing Airlines, Inc.",GCA,"Global Crossing Airlines, Inc.",01287,D,2,2,2025,3
0.00,0.00,0.00,0.00,0.00,,0.00,0.00,0.00,0.00,0.00,0.00,0.00,0.00,0.00,0.00,0.00,0.00,0.00,0.00,0.00,,0.00,0.00,0.00,0.00,0.00,0.00,0.00,0.00,0.00,0.00,0.00,0.00,0.00,0.00,0.00,,0.00,,0.00,,,,,,0.00,0.00,0.00,1,6,698,22085,GCA,"Global Crossing Airlines, Inc.",GCA,"Global Crossing Airlines, Inc.",01287,D,2,2,2025,4
0.00,0.00,0.00,0.00,0.00,,0.00,0.00,0.00,0.00,0.00,0.00,0.00,0.00,0.00,0.00,0.00,0.00,0.00,0.00,0.00,,0.00,0.00,0.00,0.00,0.00,0.00,0.00,0.00,0.00,0.00,0.00,0.00,0.00,0.00,0.00,,0.00,,0.00,,,,,,0.00,0.00,0.00,1,6,748,22080,MX,Breeze Aviation Group DBA  Breeze,MX,Breeze Aviation Group DBA  Breeze,01268,D,2,2,2025,3
0.00,0.00,0.00,0.00,0.00,,0.00,0.00,0.00,0.00,0.00,0.00,0.00,0.00,0.00,0.00,0.00,0.00,0.00,0.00,0.00,,0.00,0.00,0.00,0.00,0.00,0.00,0.00,0.00,0.00,0.00,0.00,0.00,0.00,0.00,0.00,,0.00,,0.00,,,,,,0.00,0.00,0.00,1,6,748,22080,MX,Breeze Aviation Group DBA  Breeze,MX,Breeze Aviation Group DBA  Breeze,01268,D,2,2,2025,4
0.00,0.00,0.00,0.00,0.00,,0.00,0.00,0.00,0.00,0.00,0.00,0.00,0.00,0.00,0.00,0.00,0.00,0.00,0.00,0.00,,0.00,0.00,0.00,0.00,0.00,0.00,0.00,0.00,0.00,0.00,0.00,0.00,0.00,0.00,0.00,,0.00,,0.00,,,,,,0.00,0.00,0.00,2,6,619,20108,NC,Northern Air Cargo Inc.,NC,Northern Air Cargo Inc.,06721,D,2,2,2025,1
0.00,0.00,0.00,0.00,0.00,,0.00,0.00,0.00,0.00,0.00,0.00,0.00,0.00,0.00,0.00,0.00,0.00,0.00,0.00,0.00,,0.00,0.00,0.00,0.00,0.00,0.00,0.00,0.00,0.00,0.00,0.00,0.00,0.00,0.00,0.00,,0.00,,0.00,,,,,,0.00,0.00,0.00,2,6,626,20108,NC,Northern Air Cargo Inc.,NC,Northern Air Cargo Inc.,06721,D,2,2,2025,4
0.00,0.00,0.00,0.00,0.00,,0.00,0.00,4.41,-4.41,0.00,0.00,0.00,0.00,0.00,0.00,0.00,0.00,0.00,-0.11,0.00,,0.00,0.00,0.00,0.00,0.00,0.00,-0.11,0.00,-0.11,0.00,0.00,0.00,0.00,0.00,0.00,,0.00,,-0.11,,,,,,0.00,0.00,0.00,2,6,614,20378,YV,Mesa Airlines Inc.,YV,Mesa Airlines Inc.,06689,D,2,2,2025,3
0.00,0.00,0.00,0.00,0.00,,0.00,0.00,4.41,-4.41,0.00,0.00,0.00,0.00,0.00,0.00,0.00,0.00,0.00,-0.11,0.00,,0.00,0.00,0.00,0.00,0.00,0.00,-0.11,0.00,-0.11,0.00,0.00,0.00,0.00,0.00,0.00,,0.00,,-0.11,,,,,,0.00,0.00,0.00,2,6,617,20378,YV,Mesa Airlines Inc.,YV,Mesa Airlines Inc.,06689,D,2,2,2025,3
0.00,0.00,0.00,0.00,0.00,,69.64,0.00,0.00,0.00,13.90,0.00,0.00,0.00,0.00,0.00,83.55,0.00,0.00,34.25,0.00,,0.00,10.10,0.00,0.00,0.00,0.00,44.35,0.00,44.35,0.00,0.00,0.00,0.00,0.00,0.00,,0.00,,127.89,,,,,,0.06,0.01,16.65,1,6,653,21974,3EQ,"Scott Aviation, LLC  d/b/a  Silver Air",3EQ,"Scott Aviation, LLC  d/b/a  Silver Air",01234,D,2,2,2025,4
0.00,0.00,0.00,0.00,0.00,,76.40,0.00,0.00,0.00,0.00,0.00,0.00,0.00,0.00,0.00,76.40,0.00,0.00,4.06,0.00,,0.00,0.00,0.00,0.00,0.00,0.00,4.06,0.00,4.06,0.00,0.00,0.00,0.00,0.00,0.00,,0.00,,80.46,,,,,,0.04,0.01,11.57,1,6,653,21974,3EQ,"Scott Aviation, LLC  d/b/a  Silver Air",3EQ,"Scott Aviation, LLC  d/b/a  Silver Air",01234,D,2,2,2025,1
0.00,0.00,0.00,0.00,0.00,,79.80,0.00,0.00,0.00,8.18,0.00,0.00,0.00,0.00,0.00,87.98,0.00,0.00,2.39,0.00,,0.00,0.00,0.00,0.00,0.00,0.00,2.39,0.00,2.39,0.00,0.00,0.00,0.00,0.00,0.00,,0.00,,90.37,,,,,,0.07,0.01,20.82,1,6,653,21974,3EQ,"Scott Aviation, LLC  d/b/a  Silver Air",3EQ,"Scott Aviation, LLC  d/b/a  Silver Air",01234,D,2,2,2025,2
0.00,0.00,0.00,0.00,0.00,,110.06,0.00,0.00,0.00,13.90,0.00,0.00,0.00,0.00,0.00,123.97,0.00,0.00,5.93,0.00,,0.00,0.00,0.00,0.00,0.00,0.00,5.93,0.00,5.93,0.00,0.00,0.00,0.00,0.00,0.00,,0.00,,129.89,,,,,,0.09,0.02,23.20,1,6,653,21974,3EQ,"Scott Aviation, LLC  d/b/a  Silver Air",3EQ,"Scott Aviation, LLC  d/b/a  Silver Air",01234,D,2,2,2025,3
0.00,0.00,0.00,0.00,0.00,,201.75,0.00,0.00,0.00,15.16,0.00,0.00,0.00,0.00,0.00,216.91,0.00,0.00,81.75,0.00,,0.00,105.89,0.00,0.00,0.00,0.00,187.64,0.00,187.64,0.00,0.00,0.00,0.00,0.00,0.00,,0.00,,404.55,,,,,,0.08,0.00,41.72,1,6,688,21974,3EQ,"Scott Aviation, LLC  d/b/a  Silver Air",3EQ,"Scott Aviation, LLC  d/b/a  Silver Air",01234,D,2,2,2025,4
0.00,0.00,0.00,0.00,0.00,0.00,0.00,0.00,0.00,0.00,0.00,0.00,0.00,0.00,0.00,0.00,0.00,0.00,0.00,0.00,0.00,0.00,0.00,0.00,0.00,0.00,0.00,0.00,0.00,0.00,0.00,0.00,0.00,0.00,0.00,0.00,0.00,,0.00,,0.00,,,,,,0.00,0.00,0.00,1,4,461,20304,OO,SkyWest Airlines Inc.,OO,SkyWest Airlines Inc.,06700,D,3,3,2025,1
0.00,0.00,0.00,0.00,0.00,0.00,0.00,0.00,0.00,0.00,0.00,0.00,0.00,0.00,0.00,0.00,0.00,0.00,0.00,0.00,0.00,0.00,0.00,0.00,0.00,0.00,0.00,0.00,0.00,0.00,0.00,0.00,0.00,0.00,0.00,0.00,0.00,,0.00,,0.00,,,,,,0.00,0.00,0.00,1,4,461,20304,OO,SkyWest Airlines Inc.,OO,SkyWest Airlines Inc.,06700,D,3,3,2025,2
0.00,0.00,0.00,0.00,0.00,0.00,0.00,0.00,0.00,0.00,0.00,0.00,0.00,0.00,0.00,0.00,0.00,0.00,0.00,0.00,0.00,0.00,0.00,0.00,0.00,0.00,0.00,0.00,0.00,0.00,0.00,0.00,0.00,0.00,0.00,0.00,0.00,,0.00,,0.00,,,,,,0.00,0.00,0.00,1,4,461,20304,OO,SkyWest Airlines Inc.,OO,SkyWest Airlines Inc.,06700,D,3,3,2025,3
0.00,0.00,0.00,0.00,0.00,0.00,0.00,0.00,0.00,0.00,0.00,0.00,0.00,0.00,0.00,0.00,0.00,0.00,0.00,0.00,0.00,0.00,0.00,0.00,0.00,0.00,0.00,0.00,0.00,0.00,0.00,0.00,0.00,0.00,0.00,0.00,0.00,,0.00,,0.00,,,,,,0.00,0.00,0.00,1,4,461,20304,OO,SkyWest Airlines Inc.,OO,SkyWest Airlines Inc.,06700,D,3,3,2025,4
0.00,0.00,0.00,0.00,0.00,0.00,0.00,0.00,0.00,0.00,0.00,0.00,0.00,0.00,0.00,0.00,0.00,0.00,0.00,0.00,0.00,0.00,0.00,0.00,0.00,0.00,0.00,0.00,0.00,0.00,0.00,0.00,0.00,0.00,0.00,0.00,0.00,,0.00,,0.00,,,,,,0.00,0.00,0.00,1,6,612,19930,AS,Alaska Airlines Inc.,AS,Alaska Airlines Inc.,16031,L,3,3,2025,1
0.00,0.00,0.00,0.00,0.00,0.00,0.00,0.00,0.00,0.00,0.00,0.00,0.00,0.00,0.00,0.00,0.00,0.00,0.00,0.00,0.00,0.00,0.00,0.00,0.00,0.00,0.00,0.00,0.00,0.00,0.00,0.00,0.00,0.00,0.00,0.00,0.00,,0.00,,0.00,,,,,,0.00,0.00,0.00,1,6,612,19930,AS,Alaska Airlines Inc.,AS,Alaska Airlines Inc.,16031,L,3,3,2025,2
0.00,0.00,0.00,0.00,0.00,0.00,0.00,0.00,0.00,0.00,0.00,0.00,0.00,0.00,0.00,0.00,0.00,0.00,0.00,0.00,0.00,0.00,0.00,0.00,0.00,0.00,0.00,0.00,0.00,0.00,0.00,0.00,0.00,0.00,0.00,0.00,0.00,,0.00,,0.00,,,,,,0.00,0.00,0.00,1,6,612,19930,AS,Alaska Airlines Inc.,AS,Alaska Airlines Inc.,16031,L,3,3,2025,3
0.00,0.00,0.00,0.00,0.00,0.00,0.00,0.00,0.00,0.00,0.00,0.00,0.00,0.00,0.00,0.00,0.00,0.00,0.00,0.00,0.00,0.00,0.00,0.00,0.00,0.00,0.00,0.00,0.00,0.00,0.00,0.00,0.00,0.00,0.00,0.00,0.00,,0.00,,0.00,,,,,,0.00,0.00,0.00,1,6,612,19930,AS,Alaska Airlines Inc.,AS,Alaska Airlines Inc.,16031,L,3,3,2025,4
0.00,0.00,0.00,0.00,0.00,0.00,0.00,0.00,0.00,0.00,0.00,0.00,0.00,0.00,0.00,0.00,0.00,0.00,0.00,0.00,0.00,0.00,0.00,0.00,0.00,0.00,0.00,0.00,0.00,0.00,0.00,0.00,0.00,0.00,0.00,0.00,0.00,,0.00,,0.00,,,,,,0.00,0.00,0.00,1,6,612,20422,SY,Sun Country Airlines d/b/a MN Airlines,SY,Sun Country Airlines d/b/a MN Airlines,06795,D,3,3,2025,1
0.00,0.00,0.00,0.00,0.00,0.00,0.00,0.00,0.00,0.00,0.00,0.00,0.00,0.00,0.00,0.00,0.00,0.00,0.00,0.00,0.00,0.00,0.00,0.00,0.00,0.00,0.00,0.00,0.00,0.00,0.00,0.00,0.00,0.00,0.00,0.00,0.00,,0.00,,0.00,,,,,,0.00,0.00,0.00,1,6,612,20422,SY,Sun Country Airlines d/b/a MN Airlines,SY,Sun Country Airlines d/b/a MN Airlines,06795,D,3,3,2025,2
0.00,0.00,0.00,0.00,0.00,0.00,0.00,0.00,0.00,0.00,0.00,0.00,0.00,0.00,0.00,0.00,0.00,0.00,0.00,0.00,0.00,0.00,0.00,0.00,0.00,0.00,0.00,0.00,0.00,0.00,0.00,0.00,0.00,0.00,0.00,0.00,0.00,,0.00,,0.00,,,,,,0.00,0.00,0.00,1,6,612,20422,SY,Sun Country Airlines d/b/a MN Airlines,SY,Sun Country Airlines d/b/a MN Airlines,16795,L,3,3,2025,1
0.00,0.00,0.00,0.00,0.00,0.00,0.00,0.00,0.00,0.00,0.00,0.00,0.00,0.00,0.00,0.00,0.00,0.00,0.00,0.00,0.00,0.00,0.00,0.00,0.00,0.00,0.00,0.00,0.00,0.00,0.00,0.00,0.00,0.00,0.00,0.00,0.00,,0.00,,0.00,,,,,,0.00,0.00,0.00,1,6,612,20422,SY,Sun Country Airlines d/b/a MN Airlines,SY,Sun Country Airlines d/b/a MN Airlines,16795,L,3,3,2025,2
0.00,0.00,0.00,0.00,0.00,0.00,0.00,0.00,0.00,0.00,0.00,0.00,0.00,0.00,0.00,0.00,0.00,0.00,0.00,0.00,0.00,0.00,0.00,0.00,0.00,0.00,0.00,0.00,0.00,0.00,0.00,0.00,0.00,0.00,0.00,0.00,0.00,,0.00,,0.00,,,,,,0.00,0.00,0.00,1,6,612,20422,SY,Sun Country Airlines d/b/a MN Airlines,SY,Sun Country Airlines d/b/a MN Airlines,16795,L,3,3,2025,3
0.00,0.00,0.00,0.00,0.00,0.00,0.00,0.00,0.00,0.00,0.00,0.00,0.00,0.00,0.00,0.00,0.00,0.00,0.00,0.00,0.00,0.00,0.00,0.00,0.00,0.00,0.00,0.00,0.00,0.00,0.00,0.00,0.00,0.00,0.00,0.00,0.00,,0.00,,0.00,,,,,,0.00,0.00,0.00,1,6,612,20422,SY,Sun Country Airlines d/b/a MN Airlines,SY,Sun Country Airlines d/b/a MN Airlines,16795,L,3,3,2025,4
0.00,0.00,0.00,0.00,0.00,0.00,0.00,0.00,0.00,0.00,0.00,0.00,0.00,0.00,0.00,0.00,0.00,0.00,0.00,0.00,0.00,0.00,0.00,0.00,0.00,0.00,0.00,0.00,0.00,0.00,0.00,0.00,0.00,0.00,0.00,0.00,0.00,,0.00,,0.00,,,,,,0.00,0.00,0.00,1,6,614,19805,AA,American Airlines Inc.,AA,American Airlines Inc.,10049,A,3,3,2025,1
0.00,0.00,0.00,0.00,0.00,0.00,0.00,0.00,0.00,0.00,0.00,0.00,0.00,0.00,0.00,0.00,0.00,0.00,0.00,0.00,0.00,0.00,0.00,0.00,0.00,0.00,0.00,0.00,0.00,0.00,0.00,0.00,0.00,0.00,0.00,0.00,0.00,,0.00,,0.00,,,,,,0.00,0.00,0.00,1,6,614,19805,AA,American Airlines Inc.,AA,American Airlines Inc.,10049,A,3,3,2025,2
0.00,0.00,0.00,0.00,0.00,0.00,0.00,0.00,0.00,0.00,0.00,0.00,0.00,0.00,0.00,0.00,0.00,0.00,0.00,0.00,0.00,0.00,0.00,0.00,0.00,0.00,0.00,0.00,0.00,0.00,0.00,0.00,0.00,0.00,0.00,0.00,0.00,,0.00,,0.00,,,,,,0.00,0.00,0.00,1,6,614,19805,AA,American Airlines Inc.,AA,American Airlines Inc.,10049,A,3,3,2025,3
0.00,0.00,0.00,0.00,0.00,0.00,0.00,0.00,0.00,0.00,0.00,0.00,0.00,0.00,0.00,0.00,0.00,0.00,0.00,0.00,0.00,0.00,0.00,0.00,0.00,0.00,0.00,0.00,0.00,0.00,0.00,0.00,0.00,0.00,0.00,0.00,0.00,,0.00,,0.00,,,,,,0.00,0.00,0.00,1,6,614,19805,AA,American Airlines Inc.,AA,American Airlines Inc.,10049,A,3,3,2025,4
0.00,0.00,0.00,0.00,0.00,0.00,0.00,0.00,0.00,0.00,0.00,0.00,0.00,0.00,0.00,0.00,0.00,0.00,0.00,0.00,0.00,0.00,0.00,0.00,0.00,0.00,0.00,0.00,0.00,0.00,0.00,0.00,0.00,0.00,0.00,0.00,0.00,,0.00,,0.00,,,,,,0.00,0.00,0.00,1,6,622,19805,AA,American Airlines Inc.,AA,American Airlines Inc.,0A050,D,3,3,2025,1
0.00,0.00,0.00,0.00,0.00,0.00,0.00,0.00,0.00,0.00,0.00,0.00,0.00,0.00,0.00,0.00,0.00,0.00,0.00,0.00,0.00,0.00,0.00,0.00,0.00,0.00,0.00,0.00,0.00,0.00,0.00,0.00,0.00,0.00,0.00,0.00,0.00,,0.00,,0.00,,,,,,0.00,0.00,0.00,1,6,622,19805,AA,American Airlines Inc.,AA,American Airlines Inc.,0A050,D,3,3,2025,2
0.00,0.00,0.00,0.00,0.00,0.00,0.00,0.00,0.00,0.00,0.00,0.00,0.00,0.00,0.00,0.00,0.00,0.00,0.00,0.00,0.00,0.00,0.00,0.00,0.00,0.00,0.00,0.00,0.00,0.00,0.00,0.00,0.00,0.00,0.00,0.00,0.00,,0.00,,0.00,,,,,,0.00,0.00,0.00,1,6,622,19805,AA,American Airlines Inc.,AA,American Airlines Inc.,0A050,D,3,3,2025,3
0.00,0.00,0.00,0.00,0.00,0.00,0.00,0.00,0.00,0.00,0.00,0.00,0.00,0.00,0.00,0.00,0.00,0.00,0.00,0.00,0.00,0.00,0.00,0.00,0.00,0.00,0.00,0.00,0.00,0.00,0.00,0.00,0.00,0.00,0.00,0.00,0.00,,0.00,,0.00,,,,,,0.00,0.00,0.00,1,6,622,19805,AA,American Airlines Inc.,AA,American Airlines Inc.,0A050,D,3,3,2025,4
0.00,0.00,0.00,0.00,0.00,0.00,0.00,0.00,0.00,0.00,0.00,0.00,0.00,0.00,0.00,0.00,0.00,0.00,0.00,0.00,0.00,0.00,0.00,0.00,0.00,0.00,0.00,0.00,0.00,0.00,0.00,0.00,0.00,0.00,0.00,0.00,0.00,,0.00,,0.00,,,,,,0.00,0.00,0.00,1,6,622,19805,AA,American Airlines Inc.,AA,American Airlines Inc.,10049,A,3,3,2025,1
0.00,0.00,0.00,0.00,0.00,0.00,0.00,0.00,0.00,0.00,0.00,0.00,0.00,0.00,0.00,0.00,0.00,0.00,0.00,0.00,0.00,0.00,0.00,0.00,0.00,0.00,0.00,0.00,0.00,0.00,0.00,0.00,0.00,0.00,0.00,0.00,0.00,,0.00,,0.00,,,,,,0.00,0.00,0.00,1,6,622,19805,AA,American Airlines Inc.,AA,American Airlines Inc.,10049,A,3,3,2025,2
0.00,0.00,0.00,0.00,0.00,0.00,0.00,0.00,0.00,0.00,0.00,0.00,0.00,0.00,0.00,0.00,0.00,0.00,0.00,0.00,0.00,0.00,0.00,0.00,0.00,0.00,0.00,0.00,0.00,0.00,0.00,0.00,0.00,0.00,0.00,0.00,0.00,,0.00,,0.00,,,,,,0.00,0.00,0.00,1,6,622,19805,AA,American Airlines Inc.,AA,American Airlines Inc.,10049,A,3,3,2025,3
0.00,0.00,0.00,0.00,0.00,0.00,0.00,0.00,0.00,0.00,0.00,0.00,0.00,0.00,0.00,0.00,0.00,0.00,0.00,0.00,0.00,0.00,0.00,0.00,0.00,0.00,0.00,0.00,0.00,0.00,0.00,0.00,0.00,0.00,0.00,0.00,0.00,,0.00,,0.00,,,,,,0.00,0.00,0.00,1,6,622,19805,AA,American Airlines Inc.,AA,American Airlines Inc.,10049,A,3,3,2025,4
0.00,0.00,0.00,0.00,0.00,0.00,0.00,0.00,0.00,0.00,0.00,0.00,0.00,0.00,0.00,0.00,0.00,0.00,0.00,0.00,0.00,0.00,0.00,0.00,0.00,0.00,0.00,0.00,0.00,0.00,0.00,0.00,0.00,0.00,0.00,0.00,0.00,,0.00,,0.00,,,,,,0.00,0.00,0.00,1,6,622,19805,AA,American Airlines Inc.,AA,American Airlines Inc.,10050,L,3,3,2025,1
0.00,0.00,0.00,0.00,0.00,0.00,0.00,0.00,0.00,0.00,0.00,0.00,0.00,0.00,0.00,0.00,0.00,0.00,0.00,0.00,0.00,0.00,0.00,0.00,0.00,0.00,0.00,0.00,0.00,0.00,0.00,0.00,0.00,0.00,0.00,0.00,0.00,,0.00,,0.00,,,,,,0.00,0.00,0.00,1,6,622,19805,AA,American Airlines Inc.,AA,American Airlines Inc.,10050,L,3,3,2025,2
0.00,0.00,0.00,0.00,0.00,0.00,0.00,0.00,0.00,0.00,0.00,0.00,0.00,0.00,0.00,0.00,0.00,0.00,0.00,0.00,0.00,0.00,0.00,0.00,0.00,0.00,0.00,0.00,0.00,0.00,0.00,0.00,0.00,0.00,0.00,0.00,0.00,,0.00,,0.00,,,,,,0.00,0.00,0.00,1,6,622,19805,AA,American Airlines Inc.,AA,American Airlines Inc.,10050,L,3,3,2025,3
0.00,0.00,0.00,0.00,0.00,0.00,0.00,0.00,0.00,0.00,0.00,0.00,0.00,0.00,0.00,0.00,0.00,0.00,0.00,0.00,0.00,0.00,0.00,0.00,0.00,0.00,0.00,0.00,0.00,0.00,0.00,0.00,0.00,0.00,0.00,0.00,0.00,,0.00,,0.00,,,,,,0.00,0.00,0.00,1,6,622,19805,AA,American Airlines Inc.,AA,American Airlines Inc.,10050,L,3,3,2025,4
0.00,0.00,0.00,0.00,0.00,0.00,0.00,0.00,0.00,0.00,0.00,0.00,0.00,0.00,0.00,0.00,0.00,0.00,0.00,0.00,0.00,0.00,0.00,0.00,0.00,0.00,0.00,0.00,0.00,0.00,0.00,0.00,0.00,0.00,0.00,0.00,0.00,,0.00,,0.00,,,,,,0.00,0.00,0.00,1,6,622,19874,8C,Air Transport International,8C,Air Transport International,06029,D,2,2,2025,1
0.00,0.00,0.00,0.00,0.00,0.00,0.00,0.00,0.00,0.00,0.00,0.00,0.00,0.00,0.00,0.00,0.00,0.00,0.00,0.00,0.00,0.00,0.00,0.00,0.00,0.00,0.00,0.00,0.00,0.00,0.00,0.00,0.00,0.00,0.00,0.00,0.00,,0.00,,0.00,,,,,,0.00,0.00,0.00,1,6,622,19874,8C,Air Transport International,8C,Air Transport International,06029,D,2,2,2025,2
0.00,0.00,0.00,0.00,0.00,0.00,0.00,0.00,0.00,0.00,0.00,0.00,0.00,0.00,0.00,0.00,0.00,0.00,0.00,0.00,0.00,0.00,0.00,0.00,0.00,0.00,0.00,0.00,0.00,0.00,0.00,0.00,0.00,0.00,0.00,0.00,0.00,,0.00,,0.00,,,,,,0.00,0.00,0.00,1,6,622,19874,8C,Air Transport International,8C,Air Transport International,06029,D,2,2,2025,3
0.00,0.00,0.00,0.00,0.00,0.00,0.00,0.00,0.00,0.00,0.00,0.00,0.00,0.00,0.00,0.00,0.00,0.00,0.00,0.00,0.00,0.00,0.00,0.00,0.00,0.00,0.00,0.00,0.00,0.00,0.00,0.00,0.00,0.00,0.00,0.00,0.00,,0.00,,0.00,,,,,,0.00,0.00,0.00,1,6,622,19874,8C,Air Transport International,8C,Air Transport International,06029,D,2,2,2025,4
0.00,0.00,0.00,0.00,0.00,0.00,0.00,0.00,0.00,0.00,0.00,0.00,0.00,0.00,0.00,0.00,0.00,0.00,0.00,0.00,0.00,0.00,0.00,0.00,0.00,0.00,0.00,0.00,0.00,0.00,0.00,0.00,0.00,0.00,0.00,0.00,0.00,,0.00,,0.00,,,,,,0.00,0.00,0.00,1,6,622,20368,G4,Allegiant Air,G4,Allegiant Air,06035,D,3,3,2025,1
0.00,0.00,0.00,0.00,0.00,0.00,0.00,0.00,0.00,0.00,0.00,0.00,0.00,0.00,0.00,0.00,0.00,0.00,0.00,0.00,0.00,0.00,0.00,0.00,0.00,0.00,0.00,0.00,0.00,0.00,0.00,0.00,0.00,0.00,0.00,0.00,0.00,,0.00,,0.00,,,,,,0.00,0.00,0.00,1,6,622,20368,G4,Allegiant Air,G4,Allegiant Air,06035,D,3,3,2025,2
0.00,0.00,0.00,0.00,0.00,0.00,0.00,0.00,0.00,0.00,0.00,0.00,0.00,0.00,0.00,0.00,0.00,0.00,0.00,0.00,0.00,0.00,0.00,0.00,0.00,0.00,0.00,0.00,0.00,0.00,0.00,0.00,0.00,0.00,0.00,0.00,0.00,,0.00,,0.00,,,,,,0.00,0.00,0.00,1,6,622,20368,G4,Allegiant Air,G4,Allegiant Air,06035,D,3,3,2025,3
0.00,0.00,0.00,0.00,0.00,0.00,0.00,0.00,0.00,0.00,0.00,0.00,0.00,0.00,0.00,0.00,0.00,0.00,0.00,0.00,0.00,0.00,0.00,0.00,0.00,0.00,0.00,0.00,0.00,0.00,0.00,0.00,0.00,0.00,0.00,0.00,0.00,,0.00,,0.00,,,,,,0.00,0.00,0.00,1,6,622,20368,G4,Allegiant Air,G4,Allegiant Air,06035,D,3,3,2025,4
0.00,0.00,0.00,0.00,0.00,0.00,0.00,0.00,0.00,0.00,0.00,0.00,0.00,0.00,0.00,0.00,0.00,0.00,0.00,0.00,0.00,0.00,0.00,0.00,0.00,0.00,0.00,0.00,0.00,0.00,0.00,0.00,0.00,0.00,0.00,0.00,0.00,,0.00,,0.00,,,,,,0.00,0.00,0.00,1,6,622,20377,X9,Omni Air International LLC,X9,Omni Air International LLC,06738,D,2,2,2025,1
0.00,0.00,0.00,0.00,0.00,0.00,0.00,0.00,0.00,0.00,0.00,0.00,0.00,0.00,0.00,0.00,0.00,0.00,0.00,0.00,0.00,0.00,0.00,0.00,0.00,0.00,0.00,0.00,0.00,0.00,0.00,0.00,0.00,0.00,0.00,0.00,0.00,,0.00,,0.00,,,,,,0.00,0.00,0.00,1,6,622,20377,X9,Omni Air International LLC,X9,Omni Air International LLC,06738,D,2,2,2025,2
0.00,0.00,0.00,0.00,0.00,0.00,0.00,0.00,0.00,0.00,0.00,0.00,0.00,0.00,0.00,0.00,0.00,0.00,0.00,0.00,0.00,0.00,0.00,0.00,0.00,0.00,0.00,0.00,0.00,0.00,0.00,0.00,0.00,0.00,0.00,0.00,0.00,,0.00,,0.00,,,,,,0.00,0.00,0.00,1,6,622,20377,X9,Omni Air International LLC,X9,Omni Air International LLC,06738,D,2,2,2025,3
0.00,0.00,0.00,0.00,0.00,0.00,0.00,0.00,0.00,0.00,0.00,0.00,0.00,0.00,0.00,0.00,0.00,0.00,0.00,0.00,0.00,0.00,0.00,0.00,0.00,0.00,0.00,0.00,0.00,0.00,0.00,0.00,0.00,0.00,0.00,0.00,0.00,,0.00,,0.00,,,,,,0.00,0.00,0.00,1,6,622,20377,X9,Omni Air International LLC,X9,Omni Air International LLC,06738,D,2,2,2025,4
0.00,0.00,0.00,0.00,0.00,0.00,0.00,0.00,0.00,0.00,0.00,0.00,0.00,0.00,0.00,0.00,0.00,0.00,0.00,0.00,0.00,0.00,0.00,0.00,0.00,0.00,0.00,0.00,0.00,0.00,0.00,0.00,0.00,0.00,0.00,0.00,0.00,,0.00,,0.00,,,,,,0.00,0.00,0.00,1,6,622,20377,X9,Omni Air International LLC,X9,Omni Air International LLC,16736,I,2,2,2025,1
0.00,0.00,0.00,0.00,0.00,0.00,0.00,0.00,0.00,0.00,0.00,0.00,0.00,0.00,0.00,0.00,0.00,0.00,0.00,0.00,0.00,0.00,0.00,0.00,0.00,0.00,0.00,0.00,0.00,0.00,0.00,0.00,0.00,0.00,0.00,0.00,0.00,,0.00,,0.00,,,,,,0.00,0.00,0.00,1,6,622,20377,X9,Omni Air International LLC,X9,Omni Air International LLC,16736,I,2,2,2025,2
0.00,0.00,0.00,0.00,0.00,0.00,0.00,0.00,0.00,0.00,0.00,0.00,0.00,0.00,0.00,0.00,0.00,0.00,0.00,0.00,0.00,0.00,0.00,0.00,0.00,0.00,0.00,0.00,0.00,0.00,0.00,0.00,0.00,0.00,0.00,0.00,0.00,,0.00,,0.00,,,,,,0.00,0.00,0.00,1,6,622,20377,X9,Omni Air International LLC,X9,Omni Air International LLC,16736,I,2,2,2025,3
0.00,0.00,0.00,0.00,0.00,0.00,0.00,0.00,0.00,0.00,0.00,0.00,0.00,0.00,0.00,0.00,0.00,0.00,0.00,0.00,0.00,0.00,0.00,0.00,0.00,0.00,0.00,0.00,0.00,0.00,0.00,0.00,0.00,0.00,0.00,0.00,0.00,,0.00,,0.00,,,,,,0.00,0.00,0.00,1,6,622,20377,X9,Omni Air International LLC,X9,Omni Air International LLC,16736,I,2,2,2025,4
0.00,0.00,0.00,0.00,0.00,0.00,0.00,0.00,0.00,0.00,0.00,0.00,0.00,0.00,0.00,0.00,0.00,0.00,0.00,0.00,0.00,0.00,0.00,0.00,0.00,0.00,0.00,0.00,0.00,0.00,0.00,0.00,0.00,0.00,0.00,0.00,0.00,,0.00,,0.00,,,,,,0.00,0.00,0.00,1,6,622,20405,N8,National Air Cargo Group Inc d/ba National Airlines,N8,National Air Cargo Group Inc d/ba National Airlines,07029,D,2,2,2025,2
0.00,0.00,0.00,0.00,0.00,0.00,0.00,0.00,0.00,0.00,0.00,0.00,0.00,0.00,0.00,0.00,0.00,0.00,0.00,0.00,0.00,0.00,0.00,0.00,0.00,0.00,0.00,0.00,0.00,0.00,0.00,0.00,0.00,0.00,0.00,0.00,0.00,,0.00,,0.00,,,,,,0.00,0.00,0.00,1,6,622,20405,N8,National Air Cargo Group Inc d/ba National Airlines,N8,National Air Cargo Group Inc d/ba National Airlines,11049,I,2,2,2025,2
0.00,0.00,0.00,0.00,0.00,0.00,0.00,0.00,0.00,0.00,0.00,0.00,0.00,0.00,0.00,0.00,0.00,0.00,0.00,0.00,0.00,0.00,0.00,0.00,0.00,0.00,0.00,0.00,0.00,0.00,0.00,0.00,0.00,0.00,0.00,0.00,0.00,,0.00,,0.00,,,,,,0.00,0.00,0.00,1,6,626,19805,AA,American Airlines Inc.,AA,American Airlines Inc.,0A050,D,3,3,2025,1
0.00,0.00,0.00,0.00,0.00,0.00,0.00,0.00,0.00,0.00,0.00,0.00,0.00,0.00,0.00,0.00,0.00,0.00,0.00,0.00,0.00,0.00,0.00,0.00,0.00,0.00,0.00,0.00,0.00,0.00,0.00,0.00,0.00,0.00,0.00,0.00,0.00,,0.00,,0.00,,,,,,0.00,0.00,0.00,1,6,626,19805,AA,American Airlines Inc.,AA,American Airlines Inc.,0A050,D,3,3,2025,2
0.00,0.00,0.00,0.00,0.00,0.00,0.00,0.00,0.00,0.00,0.00,0.00,0.00,0.00,0.00,0.00,0.00,0.00,0.00,0.00,0.00,0.00,0.00,0.00,0.00,0.00,0.00,0.00,0.00,0.00,0.00,0.00,0.00,0.00,0.00,0.00,0.00,,0.00,,0.00,,,,,,0.00,0.00,0.00,1,6,626,19805,AA,American Airlines Inc.,AA,American Airlines Inc.,0A050,D,3,3,2025,3
0.00,0.00,0.00,0.00,0.00,0.00,0.00,0.00,0.00,0.00,0.00,0.00,0.00,0.00,0.00,0.00,0.00,0.00,0.00,0.00,0.00,0.00,0.00,0.00,0.00,0.00,0.00,0.00,0.00,0.00,0.00,0.00,0.00,0.00,0.00,0.00,0.00,,0.00,,0.00,,,,,,0.00,0.00,0.00,1,6,626,19805,AA,American Airlines Inc.,AA,American Airlines Inc.,0A050,D,3,3,2025,4
0.00,0.00,0.00,0.00,0.00,0.00,0.00,0.00,0.00,0.00,0.00,0.00,0.00,0.00,0.00,0.00,0.00,0.00,0.00,0.00,0.00,0.00,0.00,0.00,0.00,0.00,0.00,0.00,0.00,0.00,0.00,0.00,0.00,0.00,0.00,0.00,0.00,,0.00,,0.00,,,,,,0.00,0.00,0.00,1,6,626,19805,AA,American Airlines Inc.,AA,American Airlines Inc.,10049,A,3,3,2025,1
0.00,0.00,0.00,0.00,0.00,0.00,0.00,0.00,0.00,0.00,0.00,0.00,0.00,0.00,0.00,0.00,0.00,0.00,0.00,0.00,0.00,0.00,0.00,0.00,0.00,0.00,0.00,0.00,0.00,0.00,0.00,0.00,0.00,0.00,0.00,0.00,0.00,,0.00,,0.00,,,,,,0.00,0.00,0.00,1,6,626,19805,AA,American Airlines Inc.,AA,American Airlines Inc.,10049,A,3,3,2025,2
0.00,0.00,0.00,0.00,0.00,0.00,0.00,0.00,0.00,0.00,0.00,0.00,0.00,0.00,0.00,0.00,0.00,0.00,0.00,0.00,0.00,0.00,0.00,0.00,0.00,0.00,0.00,0.00,0.00,0.00,0.00,0.00,0.00,0.00,0.00,0.00,0.00,,0.00,,0.00,,,,,,0.00,0.00,0.00,1,6,626,19805,AA,American Airlines Inc.,AA,American Airlines Inc.,10049,A,3,3,2025,3
0.00,0.00,0.00,0.00,0.00,0.00,0.00,0.00,0.00,0.00,0.00,0.00,0.00,0.00,0.00,0.00,0.00,0.00,0.00,0.00,0.00,0.00,0.00,0.00,0.00,0.00,0.00,0.00,0.00,0.00,0.00,0.00,0.00,0.00,0.00,0.00,0.00,,0.00,,0.00,,,,,,0.00,0.00,0.00,1,6,626,19805,AA,American Airlines Inc.,AA,American Airlines Inc.,10049,A,3,3,2025,4
0.00,0.00,0.00,0.00,0.00,0.00,0.00,0.00,0.00,0.00,0.00,0.00,0.00,0.00,0.00,0.00,0.00,0.00,0.00,0.00,0.00,0.00,0.00,0.00,0.00,0.00,0.00,0.00,0.00,0.00,0.00,0.00,0.00,0.00,0.00,0.00,0.00,,0.00,,0.00,,,,,,0.00,0.00,0.00,1,6,626,19805,AA,American Airlines Inc.,AA,American Airlines Inc.,10050,L,3,3,2025,1
0.00,0.00,0.00,0.00,0.00,0.00,0.00,0.00,0.00,0.00,0.00,0.00,0.00,0.00,0.00,0.00,0.00,0.00,0.00,0.00,0.00,0.00,0.00,0.00,0.00,0.00,0.00,0.00,0.00,0.00,0.00,0.00,0.00,0.00,0.00,0.00,0.00,,0.00,,0.00,,,,,,0.00,0.00,0.00,1,6,626,19805,AA,American Airlines Inc.,AA,American Airlines Inc.,10050,L,3,3,2025,2
0.00,0.00,0.00,0.00,0.00,0.00,0.00,0.00,0.00,0.00,0.00,0.00,0.00,0.00,0.00,0.00,0.00,0.00,0.00,0.00,0.00,0.00,0.00,0.00,0.00,0.00,0.00,0.00,0.00,0.00,0.00,0.00,0.00,0.00,0.00,0.00,0.00,,0.00,,0.00,,,,,,0.00,0.00,0.00,1,6,626,19805,AA,American Airlines Inc.,AA,American Airlines Inc.,10050,L,3,3,2025,3
0.00,0.00,0.00,0.00,0.00,0.00,0.00,0.00,0.00,0.00,0.00,0.00,0.00,0.00,0.00,0.00,0.00,0.00,0.00,0.00,0.00,0.00,0.00,0.00,0.00,0.00,0.00,0.00,0.00,0.00,0.00,0.00,0.00,0.00,0.00,0.00,0.00,,0.00,,0.00,,,,,,0.00,0.00,0.00,1,6,626,19805,AA,American Airlines Inc.,AA,American Airlines Inc.,10050,L,3,3,2025,4
0.00,0.00,0.00,0.00,0.00,0.00,0.00,0.00,0.00,0.00,0.00,0.00,0.00,0.00,0.00,0.00,0.00,0.00,0.00,0.00,0.00,0.00,0.00,0.00,0.00,0.00,0.00,0.00,0.00,0.00,0.00,0.00,0.00,0.00,0.00,0.00,0.00,,0.00,,0.00,,,,,,0.00,0.00,0.00,1,6,629,20304,OO,SkyWest Airlines Inc.,OO,SkyWest Airlines Inc.,11025,L,3,3,2025,1
0.00,0.00,0.00,0.00,0.00,0.00,0.00,0.00,0.00,0.00,0.00,0.00,0.00,0.00,0.00,0.00,0.00,0.00,0.00,0.00,0.00,0.00,0.00,0.00,0.00,0.00,0.00,0.00,0.00,0.00,0.00,0.00,0.00,0.00,0.00,0.00,0.00,,0.00,,0.00,,,,,,0.00,0.00,0.00,1,6,629,20304,OO,SkyWest Airlines Inc.,OO,SkyWest Airlines Inc.,11025,L,3,3,2025,2
0.00,0.00,0.00,0.00,0.00,0.00,0.00,0.00,0.00,0.00,0.00,0.00,0.00,0.00,0.00,0.00,0.00,0.00,0.00,0.00,0.00,0.00,0.00,0.00,0.00,0.00,0.00,0.00,0.00,0.00,0.00,0.00,0.00,0.00,0.00,0.00,0.00,,0.00,,0.00,,,,,,0.00,0.00,0.00,1,6,629,20304,OO,SkyWest Airlines Inc.,OO,SkyWest Airlines Inc.,11025,L,3,3,2025,3
0.00,0.00,0.00,0.00,0.00,0.00,0.00,0.00,0.00,0.00,0.00,0.00,0.00,0.00,0.00,0.00,0.00,0.00,0.00,0.00,0.00,0.00,0.00,0.00,0.00,0.00,0.00,0.00,0.00,0.00,0.00,0.00,0.00,0.00,0.00,0.00,0.00,,0.00,,0.00,,,,,,0.00,0.00,0.00,1,6,629,20304,OO,SkyWest Airlines Inc.,OO,SkyWest Airlines Inc.,11025,L,3,3,2025,4
0.00,0.00,0.00,0.00,0.00,0.00,0.00,0.00,0.00,0.00,0.00,0.00,0.00,0.00,0.00,0.00,0.00,0.00,0.00,0.00,0.00,0.00,0.00,0.00,0.00,0.00,0.00,0.00,0.00,0.00,0.00,0.00,0.00,0.00,0.00,0.00,0.00,,0.00,,0.00,,,,,,0.00,0.00,0.00,1,6,629,20397,OH,PSA Airlines Inc.,OH,PSA Airlines Inc.,07028,D,2,2,2025,1
0.00,0.00,0.00,0.00,0.00,0.00,0.00,0.00,0.00,0.00,0.00,0.00,0.00,0.00,0.00,0.00,0.00,0.00,0.00,0.00,0.00,0.00,0.00,0.00,0.00,0.00,0.00,0.00,0.00,0.00,0.00,0.00,0.00,0.00,0.00,0.00,0.00,,0.00,,0.00,,,,,,0.00,0.00,0.00,1,6,629,20397,OH,PSA Airlines Inc.,OH,PSA Airlines Inc.,07028,D,2,2,2025,2
0.00,0.00,0.00,0.00,0.00,0.00,0.00,0.00,0.00,0.00,0.00,0.00,0.00,0.00,0.00,0.00,0.00,0.00,0.00,0.00,0.00,0.00,0.00,0.00,0.00,0.00,0.00,0.00,0.00,0.00,0.00,0.00,0.00,0.00,0.00,0.00,0.00,,0.00,,0.00,,,,,,0.00,0.00,0.00,1,6,629,20397,OH,PSA Airlines Inc.,OH,PSA Airlines Inc.,07028,D,2,2,2025,3
0.00,0.00,0.00,0.00,0.00,0.00,0.00,0.00,0.00,0.00,0.00,0.00,0.00,0.00,0.00,0.00,0.00,0.00,0.00,0.00,0.00,0.00,0.00,0.00,0.00,0.00,0.00,0.00,0.00,0.00,0.00,0.00,0.00,0.00,0.00,0.00,0.00,,0.00,,0.00,,,,,,0.00,0.00,0.00,1,6,629,20397,OH,PSA Airlines Inc.,OH,PSA Airlines Inc.,07028,D,2,2,2025,4
0.00,0.00,0.00,0.00,0.00,0.00,0.00,0.00,0.00,0.00,0.00,0.00,0.00,0.00,0.00,0.00,0.00,0.00,0.00,0.00,0.00,0.00,0.00,0.00,0.00,0.00,0.00,0.00,0.00,0.00,0.00,0.00,0.00,0.00,0.00,0.00,0.00,,0.00,,0.00,,,,,,0.00,0.00,0.00,1,6,629,20397,OH,PSA Airlines Inc.,OH,PSA Airlines Inc.,11030,L,2,2,2025,1
0.00,0.00,0.00,0.00,0.00,0.00,0.00,0.00,0.00,0.00,0.00,0.00,0.00,0.00,0.00,0.00,0.00,0.00,0.00,0.00,0.00,0.00,0.00,0.00,0.00,0.00,0.00,0.00,0.00,0.00,0.00,0.00,0.00,0.00,0.00,0.00,0.00,,0.00,,0.00,,,,,,0.00,0.00,0.00,1,6,629,20397,OH,PSA Airlines Inc.,OH,PSA Airlines Inc.,11030,L,2,2,2025,2
0.00,0.00,0.00,0.00,0.00,0.00,0.00,0.00,0.00,0.00,0.00,0.00,0.00,0.00,0.00,0.00,0.00,0.00,0.00,0.00,0.00,0.00,0.00,0.00,0.00,0.00,0.00,0.00,0.00,0.00,0.00,0.00,0.00,0.00,0.00,0.00,0.00,,0.00,,0.00,,,,,,0.00,0.00,0.00,1,6,629,20397,OH,PSA Airlines Inc.,OH,PSA Airlines Inc.,11030,L,2,2,2025,3
0.00,0.00,0.00,0.00,0.00,0.00,0.00,0.00,0.00,0.00,0.00,0.00,0.00,0.00,0.00,0.00,0.00,0.00,0.00,0.00,0.00,0.00,0.00,0.00,0.00,0.00,0.00,0.00,0.00,0.00,0.00,0.00,0.00,0.00,0.00,0.00,0.00,,0.00,,0.00,,,,,,0.00,0.00,0.00,1,6,629,20397,OH,PSA Airlines Inc.,OH,PSA Airlines Inc.,11030,L,2,2,2025,4
0.00,0.00,0.00,0.00,0.00,0.00,0.00,0.00,0.00,0.00,0.00,0.00,0.00,0.00,0.00,0.00,0.00,0.00,0.00,0.00,0.00,0.00,0.00,0.00,0.00,0.00,0.00,0.00,0.00,0.00,0.00,0.00,0.00,0.00,0.00,0.00,0.00,,0.00,,0.00,,,,,,0.00,0.00,0.00,1,6,634,19930,AS,Alaska Airlines Inc.,AS,Alaska Airlines Inc.,06031,D,3,3,2025,4
0.00,0.00,0.00,0.00,0.00,0.00,0.00,0.00,0.00,0.00,0.00,0.00,0.00,0.00,0.00,0.00,0.00,0.00,0.00,0.00,0.00,0.00,0.00,0.00,0.00,0.00,0.00,0.00,0.00,0.00,0.00,0.00,0.00,0.00,0.00,0.00,0.00,,0.00,,0.00,,,,,,0.00,0.00,0.00,1,6,634,19930,AS,Alaska Airlines Inc.,AS,Alaska Airlines Inc.,16031,L,3,3,2025,2
0.00,0.00,0.00,0.00,0.00,0.00,0.00,0.00,0.00,0.00,0.00,0.00,0.00,0.00,0.00,0.00,0.00,0.00,0.00,0.00,0.00,0.00,0.00,0.00,0.00,0.00,0.00,0.00,0.00,0.00,0.00,0.00,0.00,0.00,0.00,0.00,0.00,,0.00,,0.00,,,,,,0.00,0.00,0.00,1,6,634,19930,AS,Alaska Airlines Inc.,AS,Alaska Airlines Inc.,16031,L,3,3,2025,3
0.00,0.00,0.00,0.00,0.00,0.00,0.00,0.00,0.00,0.00,0.00,0.00,0.00,0.00,0.00,0.00,0.00,0.00,0.00,0.00,0.00,0.00,0.00,0.00,0.00,0.00,0.00,0.00,0.00,0.00,0.00,0.00,0.00,0.00,0.00,0.00,0.00,,0.00,,0.00,,,,,,0.00,0.00,0.00,1,6,634,19930,AS,Alaska Airlines Inc.,AS,Alaska Airlines Inc.,16031,L,3,3,2025,4
0.00,0.00,0.00,0.00,0.00,0.00,0.00,0.00,0.00,0.00,0.00,0.00,0.00,0.00,0.00,0.00,0.00,0.00,0.00,0.00,0.00,0.00,0.00,0.00,0.00,0.00,0.00,0.00,0.00,0.00,0.00,0.00,0.00,0.00,0.00,0.00,0.00,,0.00,,0.00,,,,,,0.00,0.00,0.00,1,6,638,20304,OO,SkyWest Airlines Inc.,OO,SkyWest Airlines Inc.,11025,L,3,3,2025,1
0.00,0.00,0.00,0.00,0.00,0.00,0.00,0.00,0.00,0.00,0.00,0.00,0.00,0.00,0.00,0.00,0.00,0.00,0.00,0.00,0.00,0.00,0.00,0.00,0.00,0.00,0.00,0.00,0.00,0.00,0.00,0.00,0.00,0.00,0.00,0.00,0.00,,0.00,,0.00,,,,,,0.00,0.00,0.00,1,6,638,20304,OO,SkyWest Airlines Inc.,OO,SkyWest Airlines Inc.,11025,L,3,3,2025,2
0.00,0.00,0.00,0.00,0.00,0.00,0.00,0.00,0.00,0.00,0.00,0.00,0.00,0.00,0.00,0.00,0.00,0.00,0.00,0.00,0.00,0.00,0.00,0.00,0.00,0.00,0.00,0.00,0.00,0.00,0.00,0.00,0.00,0.00,0.00,0.00,0.00,,0.00,,0.00,,,,,,0.00,0.00,0.00,1,6,638,20304,OO,SkyWest Airlines Inc.,OO,SkyWest Airlines Inc.,11025,L,3,3,2025,3
0.00,0.00,0.00,0.00,0.00,0.00,0.00,0.00,0.00,0.00,0.00,0.00,0.00,0.00,0.00,0.00,0.00,0.00,0.00,0.00,0.00,0.00,0.00,0.00,0.00,0.00,0.00,0.00,0.00,0.00,0.00,0.00,0.00,0.00,0.00,0.00,0.00,,0.00,,0.00,,,,,,0.00,0.00,0.00,1,6,638,20304,OO,SkyWest Airlines Inc.,OO,SkyWest Airlines Inc.,11025,L,3,3,2025,4
0.00,0.00,0.00,0.00,0.00,0.00,0.00,0.00,0.00,0.00,0.00,0.00,0.00,0.00,0.00,0.00,0.00,0.00,0.00,0.00,0.00,0.00,0.00,0.00,0.00,0.00,0.00,0.00,0.00,0.00,0.00,0.00,0.00,0.00,0.00,0.00,0.00,,0.00,,0.00,,,,,,0.00,0.00,0.00,1,6,655,19805,AA,American Airlines Inc.,AA,American Airlines Inc.,0A050,D,3,3,2025,1
0.00,0.00,0.00,0.00,0.00,0.00,0.00,0.00,0.00,0.00,0.00,0.00,0.00,0.00,0.00,0.00,0.00,0.00,0.00,0.00,0.00,0.00,0.00,0.00,0.00,0.00,0.00,0.00,0.00,0.00,0.00,0.00,0.00,0.00,0.00,0.00,0.00,,0.00,,0.00,,,,,,0.00,0.00,0.00,1,6,655,19805,AA,American Airlines Inc.,AA,American Airlines Inc.,0A050,D,3,3,2025,2
0.00,0.00,0.00,0.00,0.00,0.00,0.00,0.00,0.00,0.00,0.00,0.00,0.00,0.00,0.00,0.00,0.00,0.00,0.00,0.00,0.00,0.00,0.00,0.00,0.00,0.00,0.00,0.00,0.00,0.00,0.00,0.00,0.00,0.00,0.00,0.00,0.00,,0.00,,0.00,,,,,,0.00,0.00,0.00,1,6,655,19805,AA,American Airlines Inc.,AA,American Airlines Inc.,0A050,D,3,3,2025,3
0.00,0.00,0.00,0.00,0.00,0.00,0.00,0.00,0.00,0.00,0.00,0.00,0.00,0.00,0.00,0.00,0.00,0.00,0.00,0.00,0.00,0.00,0.00,0.00,0.00,0.00,0.00,0.00,0.00,0.00,0.00,0.00,0.00,0.00,0.00,0.00,0.00,,0.00,,0.00,,,,,,0.00,0.00,0.00,1,6,655,19805,AA,American Airlines Inc.,AA,American Airlines Inc.,0A050,D,3,3,2025,4
0.00,0.00,0.00,0.00,0.00,0.00,0.00,0.00,0.00,0.00,0.00,0.00,0.00,0.00,0.00,0.00,0.00,0.00,0.00,0.00,0.00,0.00,0.00,0.00,0.00,0.00,0.00,0.00,0.00,0.00,0.00,0.00,0.00,0.00,0.00,0.00,0.00,,0.00,,0.00,,,,,,0.00,0.00,0.00,1,6,655,19805,AA,American Airlines Inc.,AA,American Airlines Inc.,10050,L,3,3,2025,1
0.00,0.00,0.00,0.00,0.00,0.00,0.00,0.00,0.00,0.00,0.00,0.00,0.00,0.00,0.00,0.00,0.00,0.00,0.00,0.00,0.00,0.00,0.00,0.00,0.00,0.00,0.00,0.00,0.00,0.00,0.00,0.00,0.00,0.00,0.00,0.00,0.00,,0.00,,0.00,,,,,,0.00,0.00,0.00,1,6,655,19805,AA,American Airlines Inc.,AA,American Airlines Inc.,10050,L,3,3,2025,2
0.00,0.00,0.00,0.00,0.00,0.00,0.00,0.00,0.00,0.00,0.00,0.00,0.00,0.00,0.00,0.00,0.00,0.00,0.00,0.00,0.00,0.00,0.00,0.00,0.00,0.00,0.00,0.00,0.00,0.00,0.00,0.00,0.00,0.00,0.00,0.00,0.00,,0.00,,0.00,,,,,,0.00,0.00,0.00,1,6,655,19805,AA,American Airlines Inc.,AA,American Airlines Inc.,10050,L,3,3,2025,3
0.00,0.00,0.00,0.00,0.00,0.00,0.00,0.00,0.00,0.00,0.00,0.00,0.00,0.00,0.00,0.00,0.00,0.00,0.00,0.00,0.00,0.00,0.00,0.00,0.00,0.00,0.00,0.00,0.00,0.00,0.00,0.00,0.00,0.00,0.00,0.00,0.00,,0.00,,0.00,,,,,,0.00,0.00,0.00,1,6,655,19805,AA,American Airlines Inc.,AA,American Airlines Inc.,10050,L,3,3,2025,4
0.00,0.00,0.00,0.00,0.00,0.00,0.00,0.00,0.00,0.00,0.00,0.00,0.00,0.00,0.00,0.00,0.00,0.00,0.00,0.00,0.00,0.00,0.00,0.00,0.00,0.00,0.00,0.00,0.00,0.00,0.00,0.00,0.00,0.00,0.00,0.00,0.00,,0.00,,0.00,,,,,,0.00,0.00,0.00,1,6,655,20368,G4,Allegiant Air,G4,Allegiant Air,06035,D,3,3,2025,1
0.00,0.00,0.00,0.00,0.00,0.00,0.00,0.00,0.00,0.00,0.00,0.00,0.00,0.00,0.00,0.00,0.00,0.00,0.00,0.00,0.00,0.00,0.00,0.00,0.00,0.00,0.00,0.00,0.00,0.00,0.00,0.00,0.00,0.00,0.00,0.00,0.00,,0.00,,0.00,,,,,,0.00,0.00,0.00,1,6,655,20368,G4,Allegiant Air,G4,Allegiant Air,06035,D,3,3,2025,2
0.00,0.00,0.00,0.00,0.00,0.00,0.00,0.00,0.00,0.00,0.00,0.00,0.00,0.00,0.00,0.00,0.00,0.00,0.00,0.00,0.00,0.00,0.00,0.00,0.00,0.00,0.00,0.00,0.00,0.00,0.00,0.00,0.00,0.00,0.00,0.00,0.00,,0.00,,0.00,,,,,,0.00,0.00,0.00,1,6,655,20368,G4,Allegiant Air,G4,Allegiant Air,06035,D,3,3,2025,3
0.00,0.00,0.00,0.00,0.00,0.00,0.00,0.00,0.00,0.00,0.00,0.00,0.00,0.00,0.00,0.00,0.00,0.00,0.00,0.00,0.00,0.00,0.00,0.00,0.00,0.00,0.00,0.00,0.00,0.00,0.00,0.00,0.00,0.00,0.00,0.00,0.00,,0.00,,0.00,,,,,,0.00,0.00,0.00,1,6,655,20368,G4,Allegiant Air,G4,Allegiant Air,06035,D,3,3,2025,4
0.00,0.00,0.00,0.00,0.00,0.00,0.00,0.00,0.00,0.00,0.00,0.00,0.00,0.00,0.00,0.00,0.00,0.00,0.00,0.00,0.00,0.00,0.00,0.00,0.00,0.00,0.00,0.00,0.00,0.00,0.00,0.00,0.00,0.00,0.00,0.00,0.00,,0.00,,0.00,,,,,,0.00,0.00,0.00,1,6,673,19687,QX,Horizon Air,QX,Horizon Air,11023,L,2,2,2025,1
0.00,0.00,0.00,0.00,0.00,0.00,0.00,0.00,0.00,0.00,0.00,0.00,0.00,0.00,0.00,0.00,0.00,0.00,0.00,0.00,0.00,0.00,0.00,0.00,0.00,0.00,0.00,0.00,0.00,0.00,0.00,0.00,0.00,0.00,0.00,0.00,0.00,,0.00,,0.00,,,,,,0.00,0.00,0.00,1,6,673,19687,QX,Horizon Air,QX,Horizon Air,11023,L,2,2,2025,2
0.00,0.00,0.00,0.00,0.00,0.00,0.00,0.00,0.00,0.00,0.00,0.00,0.00,0.00,0.00,0.00,0.00,0.00,0.00,0.00,0.00,0.00,0.00,0.00,0.00,0.00,0.00,0.00,0.00,0.00,0.00,0.00,0.00,0.00,0.00,0.00,0.00,,0.00,,0.00,,,,,,0.00,0.00,0.00,1,6,673,19687,QX,Horizon Air,QX,Horizon Air,11023,L,2,2,2025,3
0.00,0.00,0.00,0.00,0.00,0.00,0.00,0.00,0.00,0.00,0.00,0.00,0.00,0.00,0.00,0.00,0.00,0.00,0.00,0.00,0.00,0.00,0.00,0.00,0.00,0.00,0.00,0.00,0.00,0.00,0.00,0.00,0.00,0.00,0.00,0.00,0.00,,0.00,,0.00,,,,,,0.00,0.00,0.00,1,6,673,19687,QX,Horizon Air,QX,Horizon Air,11023,L,2,2,2025,4
0.00,0.00,0.00,0.00,0.00,0.00,0.00,0.00,0.00,0.00,0.00,0.00,0.00,0.00,0.00,0.00,0.00,0.00,0.00,0.00,0.00,0.00,0.00,0.00,0.00,0.00,0.00,0.00,0.00,0.00,0.00,0.00,0.00,0.00,0.00,0.00,0.00,,0.00,,0.00,,,,,,0.00,0.00,0.00,1,6,673,20452,YX,Republic Airline,YX,Republic Airline,11029,L,3,3,2025,1
0.00,0.00,0.00,0.00,0.00,0.00,0.00,0.00,0.00,0.00,0.00,0.00,0.00,0.00,0.00,0.00,0.00,0.00,0.00,0.00,0.00,0.00,0.00,0.00,0.00,0.00,0.00,0.00,0.00,0.00,0.00,0.00,0.00,0.00,0.00,0.00,0.00,,0.00,,0.00,,,,,,0.00,0.00,0.00,1,6,675,20398,MQ,Envoy Air,MQ,Envoy Air,06820,D,3,3,2025,1
0.00,0.00,0.00,0.00,0.00,0.00,0.00,0.00,0.00,0.00,0.00,0.00,0.00,0.00,0.00,0.00,0.00,0.00,0.00,0.00,0.00,0.00,0.00,0.00,0.00,0.00,0.00,0.00,0.00,0.00,0.00,0.00,0.00,0.00,0.00,0.00,0.00,,0.00,,0.00,,,,,,0.00,0.00,0.00,1,6,675,20398,MQ,Envoy Air,MQ,Envoy Air,06820,D,3,3,2025,2
0.00,0.00,0.00,0.00,0.00,0.00,0.00,0.00,0.00,0.00,0.00,0.00,0.00,0.00,0.00,0.00,0.00,0.00,0.00,0.00,0.00,0.00,0.00,0.00,0.00,0.00,0.00,0.00,0.00,0.00,0.00,0.00,0.00,0.00,0.00,0.00,0.00,,0.00,,0.00,,,,,,0.00,0.00,0.00,1,6,675,20398,MQ,Envoy Air,MQ,Envoy Air,06820,D,3,3,2025,3
0.00,0.00,0.00,0.00,0.00,0.00,0.00,0.00,0.00,0.00,0.00,0.00,0.00,0.00,0.00,0.00,0.00,0.00,0.00,0.00,0.00,0.00,0.00,0.00,0.00,0.00,0.00,0.00,0.00,0.00,0.00,0.00,0.00,0.00,0.00,0.00,0.00,,0.00,,0.00,,,,,,0.00,0.00,0.00,1,6,675,20398,MQ,Envoy Air,MQ,Envoy Air,06820,D,3,3,2025,4
0.00,0.00,0.00,0.00,0.00,0.00,0.00,0.00,0.00,0.00,0.00,0.00,0.00,0.00,0.00,0.00,0.00,0.00,0.00,0.00,0.00,0.00,0.00,0.00,0.00,0.00,0.00,0.00,0.00,0.00,0.00,0.00,0.00,0.00,0.00,0.00,0.00,,0.00,,0.00,,,,,,0.00,0.00,0.00,1,6,675,20398,MQ,Envoy Air,MQ,Envoy Air,16820,L,3,3,2025,1
0.00,0.00,0.00,0.00,0.00,0.00,0.00,0.00,0.00,0.00,0.00,0.00,0.00,0.00,0.00,0.00,0.00,0.00,0.00,0.00,0.00,0.00,0.00,0.00,0.00,0.00,0.00,0.00,0.00,0.00,0.00,0.00,0.00,0.00,0.00,0.00,0.00,,0.00,,0.00,,,,,,0.00,0.00,0.00,1,6,675,20398,MQ,Envoy Air,MQ,Envoy Air,16820,L,3,3,2025,2
0.00,0.00,0.00,0.00,0.00,0.00,0.00,0.00,0.00,0.00,0.00,0.00,0.00,0.00,0.00,0.00,0.00,0.00,0.00,0.00,0.00,0.00,0.00,0.00,0.00,0.00,0.00,0.00,0.00,0.00,0.00,0.00,0.00,0.00,0.00,0.00,0.00,,0.00,,0.00,,,,,,0.00,0.00,0.00,1,6,675,20398,MQ,Envoy Air,MQ,Envoy Air,16820,L,3,3,2025,3
0.00,0.00,0.00,0.00,0.00,0.00,0.00,0.00,0.00,0.00,0.00,0.00,0.00,0.00,0.00,0.00,0.00,0.00,0.00,0.00,0.00,0.00,0.00,0.00,0.00,0.00,0.00,0.00,0.00,0.00,0.00,0.00,0.00,0.00,0.00,0.00,0.00,,0.00,,0.00,,,,,,0.00,0.00,0.00,1,6,675,20398,MQ,Envoy Air,MQ,Envoy Air,16820,L,3,3,2025,4
0.00,0.00,0.00,0.00,0.00,0.00,0.00,0.00,0.00,0.00,0.00,0.00,0.00,0.00,0.00,0.00,0.00,0.00,0.00,0.00,0.00,0.00,0.00,0.00,0.00,0.00,0.00,0.00,0.00,0.00,0.00,0.00,0.00,0.00,0.00,0.00,0.00,,0.00,,0.00,,,,,,0.00,0.00,0.00,1,6,676,20398,MQ,Envoy Air,MQ,Envoy Air,06820,D,3,3,2025,1
0.00,0.00,0.00,0.00,0.00,0.00,0.00,0.00,0.00,0.00,0.00,0.00,0.00,0.00,0.00,0.00,0.00,0.00,0.00,0.00,0.00,0.00,0.00,0.00,0.00,0.00,0.00,0.00,0.00,0.00,0.00,0.00,0.00,0.00,0.00,0.00,0.00,,0.00,,0.00,,,,,,0.00,0.00,0.00,1,6,676,20398,MQ,Envoy Air,MQ,Envoy Air,06820,D,3,3,2025,2
0.00,0.00,0.00,0.00,0.00,0.00,0.00,0.00,0.00,0.00,0.00,0.00,0.00,0.00,0.00,0.00,0.00,0.00,0.00,0.00,0.00,0.00,0.00,0.00,0.00,0.00,0.00,0.00,0.00,0.00,0.00,0.00,0.00,0.00,0.00,0.00,0.00,,0.00,,0.00,,,,,,0.00,0.00,0.00,1,6,676,20398,MQ,Envoy Air,MQ,Envoy Air,06820,D,3,3,2025,3
0.00,0.00,0.00,0.00,0.00,0.00,0.00,0.00,0.00,0.00,0.00,0.00,0.00,0.00,0.00,0.00,0.00,0.00,0.00,0.00,0.00,0.00,0.00,0.00,0.00,0.00,0.00,0.00,0.00,0.00,0.00,0.00,0.00,0.00,0.00,0.00,0.00,,0.00,,0.00,,,,,,0.00,0.00,0.00,1,6,676,20398,MQ,Envoy Air,MQ,Envoy Air,06820,D,3,3,2025,4
0.00,0.00,0.00,0.00,0.00,0.00,0.00,0.00,0.00,0.00,0.00,0.00,0.00,0.00,0.00,0.00,0.00,0.00,0.00,0.00,0.00,0.00,0.00,0.00,0.00,0.00,0.00,0.00,0.00,0.00,0.00,0.00,0.00,0.00,0.00,0.00,0.00,,0.00,,0.00,,,,,,0.00,0.00,0.00,1,6,676,20398,MQ,Envoy Air,MQ,Envoy Air,16820,L,3,3,2025,1
0.00,0.00,0.00,0.00,0.00,0.00,0.00,0.00,0.00,0.00,0.00,0.00,0.00,0.00,0.00,0.00,0.00,0.00,0.00,0.00,0.00,0.00,0.00,0.00,0.00,0.00,0.00,0.00,0.00,0.00,0.00,0.00,0.00,0.00,0.00,0.00,0.00,,0.00,,0.00,,,,,,0.00,0.00,0.00,1,6,676,20398,MQ,Envoy Air,MQ,Envoy Air,16820,L,3,3,2025,2
0.00,0.00,0.00,0.00,0.00,0.00,0.00,0.00,0.00,0.00,0.00,0.00,0.00,0.00,0.00,0.00,0.00,0.00,0.00,0.00,0.00,0.00,0.00,0.00,0.00,0.00,0.00,0.00,0.00,0.00,0.00,0.00,0.00,0.00,0.00,0.00,0.00,,0.00,,0.00,,,,,,0.00,0.00,0.00,1,6,676,20398,MQ,Envoy Air,MQ,Envoy Air,16820,L,3,3,2025,3
0.00,0.00,0.00,0.00,0.00,0.00,0.00,0.00,0.00,0.00,0.00,0.00,0.00,0.00,0.00,0.00,0.00,0.00,0.00,0.00,0.00,0.00,0.00,0.00,0.00,0.00,0.00,0.00,0.00,0.00,0.00,0.00,0.00,0.00,0.00,0.00,0.00,,0.00,,0.00,,,,,,0.00,0.00,0.00,1,6,676,20398,MQ,Envoy Air,MQ,Envoy Air,16820,L,3,3,2025,4
0.00,0.00,0.00,0.00,0.00,0.00,0.00,0.00,0.00,0.00,0.00,0.00,0.00,0.00,0.00,0.00,0.00,0.00,0.00,0.00,0.00,0.00,0.00,0.00,0.00,0.00,0.00,0.00,0.00,0.00,0.00,0.00,0.00,0.00,0.00,0.00,0.00,,0.00,,0.00,,,,,,0.00,0.00,0.00,1,6,677,20378,YV,Mesa Airlines Inc.,YV,Mesa Airlines Inc.,06689,D,2,2,2025,4
0.00,0.00,0.00,0.00,0.00,0.00,0.00,0.00,0.00,0.00,0.00,0.00,0.00,0.00,0.00,0.00,0.00,0.00,0.00,0.00,0.00,0.00,0.00,0.00,0.00,0.00,0.00,0.00,0.00,0.00,0.00,0.00,0.00,0.00,0.00,0.00,0.00,,0.00,,0.00,,,,,,0.00,0.00,0.00,1,6,677,20378,YV,Mesa Airlines Inc.,YV,Mesa Airlines Inc.,11022,L,2,2,2025,4
0.00,0.00,0.00,0.00,0.00,0.00,0.00,0.00,0.00,0.00,0.00,0.00,0.00,0.00,0.00,0.00,0.00,0.00,0.00,0.00,0.00,0.00,0.00,0.00,0.00,0.00,0.00,0.00,0.00,0.00,0.00,0.00,0.00,0.00,0.00,0.00,0.00,,0.00,,0.00,,,,,,0.00,0.00,0.00,1,6,677,20452,YX,Republic Airline,YX,Republic Airline,11029,L,3,3,2025,1
0.00,0.00,0.00,0.00,0.00,0.00,0.00,0.00,0.00,0.00,0.00,0.00,0.00,0.00,0.00,0.00,0.00,0.00,0.00,0.00,0.00,0.00,0.00,0.00,0.00,0.00,0.00,0.00,0.00,0.00,0.00,0.00,0.00,0.00,0.00,0.00,0.00,,0.00,,0.00,,,,,,0.00,0.00,0.00,1,6,677,20452,YX,Republic Airline,YX,Republic Airline,11029,L,3,3,2025,2
0.00,0.00,0.00,0.00,0.00,0.00,0.00,0.00,0.00,0.00,0.00,0.00,0.00,0.00,0.00,0.00,0.00,0.00,0.00,0.00,0.00,0.00,0.00,0.00,0.00,0.00,0.00,0.00,0.00,0.00,0.00,0.00,0.00,0.00,0.00,0.00,0.00,,0.00,,0.00,,,,,,0.00,0.00,0.00,1,6,677,20452,YX,Republic Airline,YX,Republic Airline,11029,L,3,3,2025,3
0.00,0.00,0.00,0.00,0.00,0.00,0.00,0.00,0.00,0.00,0.00,0.00,0.00,0.00,0.00,0.00,0.00,0.00,0.00,0.00,0.00,0.00,0.00,0.00,0.00,0.00,0.00,0.00,0.00,0.00,0.00,0.00,0.00,0.00,0.00,0.00,0.00,,0.00,,0.00,,,,,,0.00,0.00,0.00,1,6,677,20452,YX,Republic Airline,YX,Republic Airline,11029,L,3,3,2025,4
0.00,0.00,0.00,0.00,0.00,0.00,0.00,0.00,0.00,0.00,0.00,0.00,0.00,0.00,0.00,0.00,0.00,0.00,0.00,0.00,0.00,0.00,0.00,0.00,0.00,0.00,0.00,0.00,0.00,0.00,0.00,0.00,0.00,0.00,0.00,0.00,0.00,,0.00,,0.00,,,,,,0.00,0.00,0.00,1,6,678,19805,AA,American Airlines Inc.,AA,American Airlines Inc.,0A050,D,3,3,2025,1
0.00,0.00,0.00,0.00,0.00,0.00,0.00,0.00,0.00,0.00,0.00,0.00,0.00,0.00,0.00,0.00,0.00,0.00,0.00,0.00,0.00,0.00,0.00,0.00,0.00,0.00,0.00,0.00,0.00,0.00,0.00,0.00,0.00,0.00,0.00,0.00,0.00,,0.00,,0.00,,,,,,0.00,0.00,0.00,1,6,678,19805,AA,American Airlines Inc.,AA,American Airlines Inc.,0A050,D,3,3,2025,2
0.00,0.00,0.00,0.00,0.00,0.00,0.00,0.00,0.00,0.00,0.00,0.00,0.00,0.00,0.00,0.00,0.00,0.00,0.00,0.00,0.00,0.00,0.00,0.00,0.00,0.00,0.00,0.00,0.00,0.00,0.00,0.00,0.00,0.00,0.00,0.00,0.00,,0.00,,0.00,,,,,,0.00,0.00,0.00,1,6,678,19805,AA,American Airlines Inc.,AA,American Airlines Inc.,0A050,D,3,3,2025,3
0.00,0.00,0.00,0.00,0.00,0.00,0.00,0.00,0.00,0.00,0.00,0.00,0.00,0.00,0.00,0.00,0.00,0.00,0.00,0.00,0.00,0.00,0.00,0.00,0.00,0.00,0.00,0.00,0.00,0.00,0.00,0.00,0.00,0.00,0.00,0.00,0.00,,0.00,,0.00,,,,,,0.00,0.00,0.00,1,6,678,19805,AA,American Airlines Inc.,AA,American Airlines Inc.,0A050,D,3,3,2025,4
0.00,0.00,0.00,0.00,0.00,0.00,0.00,0.00,0.00,0.00,0.00,0.00,0.00,0.00,0.00,0.00,0.00,0.00,0.00,0.00,0.00,0.00,0.00,0.00,0.00,0.00,0.00,0.00,0.00,0.00,0.00,0.00,0.00,0.00,0.00,0.00,0.00,,0.00,,0.00,,,,,,0.00,0.00,0.00,1,6,678,19805,AA,American Airlines Inc.,AA,American Airlines Inc.,10050,L,3,3,2025,1
0.00,0.00,0.00,0.00,0.00,0.00,0.00,0.00,0.00,0.00,0.00,0.00,0.00,0.00,0.00,0.00,0.00,0.00,0.00,0.00,0.00,0.00,0.00,0.00,0.00,0.00,0.00,0.00,0.00,0.00,0.00,0.00,0.00,0.00,0.00,0.00,0.00,,0.00,,0.00,,,,,,0.00,0.00,0.00,1,6,678,19805,AA,American Airlines Inc.,AA,American Airlines Inc.,10050,L,3,3,2025,2
0.00,0.00,0.00,0.00,0.00,0.00,0.00,0.00,0.00,0.00,0.00,0.00,0.00,0.00,0.00,0.00,0.00,0.00,0.00,0.00,0.00,0.00,0.00,0.00,0.00,0.00,0.00,0.00,0.00,0.00,0.00,0.00,0.00,0.00,0.00,0.00,0.00,,0.00,,0.00,,,,,,0.00,0.00,0.00,1,6,678,19805,AA,American Airlines Inc.,AA,American Airlines Inc.,10050,L,3,3,2025,3
0.00,0.00,0.00,0.00,0.00,0.00,0.00,0.00,0.00,0.00,0.00,0.00,0.00,0.00,0.00,0.00,0.00,0.00,0.00,0.00,0.00,0.00,0.00,0.00,0.00,0.00,0.00,0.00,0.00,0.00,0.00,0.00,0.00,0.00,0.00,0.00,0.00,,0.00,,0.00,,,,,,0.00,0.00,0.00,1,6,678,19805,AA,American Airlines Inc.,AA,American Airlines Inc.,10050,L,3,3,2025,4
0.00,0.00,0.00,0.00,0.00,0.00,0.00,0.00,0.00,0.00,0.00,0.00,0.00,0.00,0.00,0.00,0.00,0.00,0.00,0.00,0.00,0.00,0.00,0.00,0.00,0.00,0.00,0.00,0.00,0.00,0.00,0.00,0.00,0.00,0.00,0.00,0.00,,0.00,,0.00,,,,,,0.00,0.00,0.00,1,6,678,20409,B6,JetBlue Airways,B6,JetBlue Airways,10875,A,3,3,2025,1
0.00,0.00,0.00,0.00,0.00,0.00,0.00,0.00,0.00,0.00,0.00,0.00,0.00,0.00,0.00,0.00,0.00,0.00,0.00,0.00,0.00,0.00,0.00,0.00,0.00,0.00,0.00,0.00,0.00,0.00,0.00,0.00,0.00,0.00,0.00,0.00,0.00,,0.00,,0.00,,,,,,0.00,0.00,0.00,1,6,678,20409,B6,JetBlue Airways,B6,JetBlue Airways,10875,A,3,3,2025,2
0.00,0.00,0.00,0.00,0.00,0.00,0.00,0.00,0.00,0.00,0.00,0.00,0.00,0.00,0.00,0.00,0.00,0.00,0.00,0.00,0.00,0.00,0.00,0.00,0.00,0.00,0.00,0.00,0.00,0.00,0.00,0.00,0.00,0.00,0.00,0.00,0.00,,0.00,,0.00,,,,,,0.00,0.00,0.00,1,6,678,20409,B6,JetBlue Airways,B6,JetBlue Airways,10875,A,3,3,2025,3
0.00,0.00,0.00,0.00,0.00,0.00,0.00,0.00,0.00,0.00,0.00,0.00,0.00,0.00,0.00,0.00,0.00,0.00,0.00,0.00,0.00,0.00,0.00,0.00,0.00,0.00,0.00,0.00,0.00,0.00,0.00,0.00,0.00,0.00,0.00,0.00,0.00,,0.00,,0.00,,,,,,0.00,0.00,0.00,1,6,678,20409,B6,JetBlue Airways,B6,JetBlue Airways,10875,A,3,3,2025,4
0.00,0.00,0.00,0.00,0.00,0.00,0.00,0.00,0.00,0.00,0.00,0.00,0.00,0.00,0.00,0.00,0.00,0.00,0.00,0.00,0.00,0.00,0.00,0.00,0.00,0.00,0.00,0.00,0.00,0.00,0.00,0.00,0.00,0.00,0.00,0.00,0.00,,0.00,,0.00,,,,,,0.00,0.00,0.00,1,6,678,20409,B6,JetBlue Airways,B6,JetBlue Airways,16673,L,3,3,2025,3
0.00,0.00,0.00,0.00,0.00,0.00,0.00,0.00,0.00,0.00,0.00,0.00,0.00,0.00,0.00,0.00,0.00,0.00,0.00,0.00,0.00,0.00,0.00,0.00,0.00,0.00,0.00,0.00,0.00,0.00,0.00,0.00,0.00,0.00,0.00,0.00,0.00,,0.00,,0.00,,,,,,0.00,0.00,0.00,1,6,678,20409,B6,JetBlue Airways,B6,JetBlue Airways,16673,L,3,3,2025,4
0.00,0.00,0.00,0.00,0.00,0.00,0.00,0.00,0.00,0.00,0.00,0.00,0.00,0.00,0.00,0.00,0.00,0.00,0.00,0.00,0.00,0.00,0.00,0.00,0.00,0.00,0.00,0.00,0.00,0.00,0.00,0.00,0.00,0.00,0.00,0.00,0.00,,0.00,,0.00,,,,,,0.00,0.00,0.00,1,6,687,19805,AA,American Airlines Inc.,AA,American Airlines Inc.,0A050,D,3,3,2025,1
0.00,0.00,0.00,0.00,0.00,0.00,0.00,0.00,0.00,0.00,0.00,0.00,0.00,0.00,0.00,0.00,0.00,0.00,0.00,0.00,0.00,0.00,0.00,0.00,0.00,0.00,0.00,0.00,0.00,0.00,0.00,0.00,0.00,0.00,0.00,0.00,0.00,,0.00,,0.00,,,,,,0.00,0.00,0.00,1,6,687,19805,AA,American Airlines Inc.,AA,American Airlines Inc.,0A050,D,3,3,2025,2
0.00,0.00,0.00,0.00,0.00,0.00,0.00,0.00,0.00,0.00,0.00,0.00,0.00,0.00,0.00,0.00,0.00,0.00,0.00,0.00,0.00,0.00,0.00,0.00,0.00,0.00,0.00,0.00,0.00,0.00,0.00,0.00,0.00,0.00,0.00,0.00,0.00,,0.00,,0.00,,,,,,0.00,0.00,0.00,1,6,687,19805,AA,American Airlines Inc.,AA,American Airlines Inc.,0A050,D,3,3,2025,3
0.00,0.00,0.00,0.00,0.00,0.00,0.00,0.00,0.00,0.00,0.00,0.00,0.00,0.00,0.00,0.00,0.00,0.00,0.00,0.00,0.00,0.00,0.00,0.00,0.00,0.00,0.00,0.00,0.00,0.00,0.00,0.00,0.00,0.00,0.00,0.00,0.00,,0.00,,0.00,,,,,,0.00,0.00,0.00,1,6,687,19805,AA,American Airlines Inc.,AA,American Airlines Inc.,0A050,D,3,3,2025,4
0.00,0.00,0.00,0.00,0.00,0.00,0.00,0.00,0.00,0.00,0.00,0.00,0.00,0.00,0.00,0.00,0.00,0.00,0.00,0.00,0.00,0.00,0.00,0.00,0.00,0.00,0.00,0.00,0.00,0.00,0.00,0.00,0.00,0.00,0.00,0.00,0.00,,0.00,,0.00,,,,,,0.00,0.00,0.00,1,6,687,19805,AA,American Airlines Inc.,AA,American Airlines Inc.,10049,A,3,3,2025,1
0.00,0.00,0.00,0.00,0.00,0.00,0.00,0.00,0.00,0.00,0.00,0.00,0.00,0.00,0.00,0.00,0.00,0.00,0.00,0.00,0.00,0.00,0.00,0.00,0.00,0.00,0.00,0.00,0.00,0.00,0.00,0.00,0.00,0.00,0.00,0.00,0.00,,0.00,,0.00,,,,,,0.00,0.00,0.00,1,6,687,19805,AA,American Airlines Inc.,AA,American Airlines Inc.,10049,A,3,3,2025,2
0.00,0.00,0.00,0.00,0.00,0.00,0.00,0.00,0.00,0.00,0.00,0.00,0.00,0.00,0.00,0.00,0.00,0.00,0.00,0.00,0.00,0.00,0.00,0.00,0.00,0.00,0.00,0.00,0.00,0.00,0.00,0.00,0.00,0.00,0.00,0.00,0.00,,0.00,,0.00,,,,,,0.00,0.00,0.00,1,6,687,19805,AA,American Airlines Inc.,AA,American Airlines Inc.,10049,A,3,3,2025,3
0.00,0.00,0.00,0.00,0.00,0.00,0.00,0.00,0.00,0.00,0.00,0.00,0.00,0.00,0.00,0.00,0.00,0.00,0.00,0.00,0.00,0.00,0.00,0.00,0.00,0.00,0.00,0.00,0.00,0.00,0.00,0.00,0.00,0.00,0.00,0.00,0.00,,0.00,,0.00,,,,,,0.00,0.00,0.00,1,6,687,19805,AA,American Airlines Inc.,AA,American Airlines Inc.,10049,A,3,3,2025,4
0.00,0.00,0.00,0.00,0.00,0.00,0.00,0.00,0.00,0.00,0.00,0.00,0.00,0.00,0.00,0.00,0.00,0.00,0.00,0.00,0.00,0.00,0.00,0.00,0.00,0.00,0.00,0.00,0.00,0.00,0.00,0.00,0.00,0.00,0.00,0.00,0.00,,0.00,,0.00,,,,,,0.00,0.00,0.00,1,6,687,19805,AA,American Airlines Inc.,AA,American Airlines Inc.,10050,L,3,3,2025,1
0.00,0.00,0.00,0.00,0.00,0.00,0.00,0.00,0.00,0.00,0.00,0.00,0.00,0.00,0.00,0.00,0.00,0.00,0.00,0.00,0.00,0.00,0.00,0.00,0.00,0.00,0.00,0.00,0.00,0.00,0.00,0.00,0.00,0.00,0.00,0.00,0.00,,0.00,,0.00,,,,,,0.00,0.00,0.00,1,6,687,19805,AA,American Airlines Inc.,AA,American Airlines Inc.,10050,L,3,3,2025,2
0.00,0.00,0.00,0.00,0.00,0.00,0.00,0.00,0.00,0.00,0.00,0.00,0.00,0.00,0.00,0.00,0.00,0.00,0.00,0.00,0.00,0.00,0.00,0.00,0.00,0.00,0.00,0.00,0.00,0.00,0.00,0.00,0.00,0.00,0.00,0.00,0.00,,0.00,,0.00,,,,,,0.00,0.00,0.00,1,6,687,19805,AA,American Airlines Inc.,AA,American Airlines Inc.,10050,L,3,3,2025,3
0.00,0.00,0.00,0.00,0.00,0.00,0.00,0.00,0.00,0.00,0.00,0.00,0.00,0.00,0.00,0.00,0.00,0.00,0.00,0.00,0.00,0.00,0.00,0.00,0.00,0.00,0.00,0.00,0.00,0.00,0.00,0.00,0.00,0.00,0.00,0.00,0.00,,0.00,,0.00,,,,,,0.00,0.00,0.00,1,6,687,19805,AA,American Airlines Inc.,AA,American Airlines Inc.,10050,L,3,3,2025,4
0.00,0.00,0.00,0.00,0.00,0.00,0.00,0.00,0.00,0.00,0.00,0.00,0.00,0.00,0.00,0.00,0.00,0.00,0.00,0.00,0.00,0.00,0.00,0.00,0.00,0.00,0.00,0.00,0.00,0.00,0.00,0.00,0.00,0.00,0.00,0.00,0.00,,0.00,,0.00,,,,,,0.00,0.00,0.00,1,6,694,20409,B6,JetBlue Airways,B6,JetBlue Airways,10875,A,3,3,2025,1
0.00,0.00,0.00,0.00,0.00,0.00,0.00,0.00,0.00,0.00,0.00,0.00,0.00,0.00,0.00,0.00,0.00,0.00,0.00,0.00,0.00,0.00,0.00,0.00,0.00,0.00,0.00,0.00,0.00,0.00,0.00,0.00,0.00,0.00,0.00,0.00,0.00,,0.00,,0.00,,,,,,0.00,0.00,0.00,1,6,694,20409,B6,JetBlue Airways,B6,JetBlue Airways,10875,A,3,3,2025,2
0.00,0.00,0.00,0.00,0.00,0.00,0.00,0.00,0.00,0.00,0.00,0.00,0.00,0.00,0.00,0.00,0.00,0.00,0.00,0.00,0.00,0.00,0.00,0.00,0.00,0.00,0.00,0.00,0.00,0.00,0.00,0.00,0.00,0.00,0.00,0.00,0.00,,0.00,,0.00,,,,,,0.00,0.00,0.00,1,6,694,20409,B6,JetBlue Airways,B6,JetBlue Airways,10875,A,3,3,2025,3
0.00,0.00,0.00,0.00,0.00,0.00,0.00,0.00,0.00,0.00,0.00,0.00,0.00,0.00,0.00,0.00,0.00,0.00,0.00,0.00,0.00,0.00,0.00,0.00,0.00,0.00,0.00,0.00,0.00,0.00,0.00,0.00,0.00,0.00,0.00,0.00,0.00,,0.00,,0.00,,,,,,0.00,0.00,0.00,1,6,694,20409,B6,JetBlue Airways,B6,JetBlue Airways,10875,A,3,3,2025,4
0.00,0.00,0.00,0.00,0.00,0.00,0.00,0.00,0.00,0.00,0.00,0.00,0.00,0.00,0.00,0.00,0.00,0.00,0.00,0.00,0.00,0.00,0.00,0.00,0.00,0.00,0.00,0.00,0.00,0.00,0.00,0.00,0.00,0.00,0.00,0.00,0.00,,0.00,,0.00,,,,,,0.00,0.00,0.00,1,6,696,19805,AA,American Airlines Inc.,AA,American Airlines Inc.,0A050,D,3,3,2025,1
0.00,0.00,0.00,0.00,0.00,0.00,0.00,0.00,0.00,0.00,0.00,0.00,0.00,0.00,0.00,0.00,0.00,0.00,0.00,0.00,0.00,0.00,0.00,0.00,0.00,0.00,0.00,0.00,0.00,0.00,0.00,0.00,0.00,0.00,0.00,0.00,0.00,,0.00,,0.00,,,,,,0.00,0.00,0.00,1,6,696,19805,AA,American Airlines Inc.,AA,American Airlines Inc.,0A050,D,3,3,2025,2
0.00,0.00,0.00,0.00,0.00,0.00,0.00,0.00,0.00,0.00,0.00,0.00,0.00,0.00,0.00,0.00,0.00,0.00,0.00,0.00,0.00,0.00,0.00,0.00,0.00,0.00,0.00,0.00,0.00,0.00,0.00,0.00,0.00,0.00,0.00,0.00,0.00,,0.00,,0.00,,,,,,0.00,0.00,0.00,1,6,696,19805,AA,American Airlines Inc.,AA,American Airlines Inc.,0A050,D,3,3,2025,3
0.00,0.00,0.00,0.00,0.00,0.00,0.00,0.00,0.00,0.00,0.00,0.00,0.00,0.00,0.00,0.00,0.00,0.00,0.00,0.00,0.00,0.00,0.00,0.00,0.00,0.00,0.00,0.00,0.00,0.00,0.00,0.00,0.00,0.00,0.00,0.00,0.00,,0.00,,0.00,,,,,,0.00,0.00,0.00,1,6,696,19805,AA,American Airlines Inc.,AA,American Airlines Inc.,0A050,D,3,3,2025,4
0.00,0.00,0.00,0.00,0.00,0.00,0.00,0.00,0.00,0.00,0.00,0.00,0.00,0.00,0.00,0.00,0.00,0.00,0.00,0.00,0.00,0.00,0.00,0.00,0.00,0.00,0.00,0.00,0.00,0.00,0.00,0.00,0.00,0.00,0.00,0.00,0.00,,0.00,,0.00,,,,,,0.00,0.00,0.00,1,6,696,19805,AA,American Airlines Inc.,AA,American Airlines Inc.,10049,A,3,3,2025,1
0.00,0.00,0.00,0.00,0.00,0.00,0.00,0.00,0.00,0.00,0.00,0.00,0.00,0.00,0.00,0.00,0.00,0.00,0.00,0.00,0.00,0.00,0.00,0.00,0.00,0.00,0.00,0.00,0.00,0.00,0.00,0.00,0.00,0.00,0.00,0.00,0.00,,0.00,,0.00,,,,,,0.00,0.00,0.00,1,6,696,19805,AA,American Airlines Inc.,AA,American Airlines Inc.,10049,A,3,3,2025,2
0.00,0.00,0.00,0.00,0.00,0.00,0.00,0.00,0.00,0.00,0.00,0.00,0.00,0.00,0.00,0.00,0.00,0.00,0.00,0.00,0.00,0.00,0.00,0.00,0.00,0.00,0.00,0.00,0.00,0.00,0.00,0.00,0.00,0.00,0.00,0.00,0.00,,0.00,,0.00,,,,,,0.00,0.00,0.00,1,6,696,19805,AA,American Airlines Inc.,AA,American Airlines Inc.,10049,A,3,3,2025,3
0.00,0.00,0.00,0.00,0.00,0.00,0.00,0.00,0.00,0.00,0.00,0.00,0.00,0.00,0.00,0.00,0.00,0.00,0.00,0.00,0.00,0.00,0.00,0.00,0.00,0.00,0.00,0.00,0.00,0.00,0.00,0.00,0.00,0.00,0.00,0.00,0.00,,0.00,,0.00,,,,,,0.00,0.00,0.00,1,6,696,19805,AA,American Airlines Inc.,AA,American Airlines Inc.,10049,A,3,3,2025,4
0.00,0.00,0.00,0.00,0.00,0.00,0.00,0.00,0.00,0.00,0.00,0.00,0.00,0.00,0.00,0.00,0.00,0.00,0.00,0.00,0.00,0.00,0.00,0.00,0.00,0.00,0.00,0.00,0.00,0.00,0.00,0.00,0.00,0.00,0.00,0.00,0.00,,0.00,,0.00,,,,,,0.00,0.00,0.00,1,6,696,19805,AA,American Airlines Inc.,AA,American Airlines Inc.,10050,L,3,3,2025,1
0.00,0.00,0.00,0.00,0.00,0.00,0.00,0.00,0.00,0.00,0.00,0.00,0.00,0.00,0.00,0.00,0.00,0.00,0.00,0.00,0.00,0.00,0.00,0.00,0.00,0.00,0.00,0.00,0.00,0.00,0.00,0.00,0.00,0.00,0.00,0.00,0.00,,0.00,,0.00,,,,,,0.00,0.00,0.00,1,6,696,19805,AA,American Airlines Inc.,AA,American Airlines Inc.,10050,L,3,3,2025,2
0.00,0.00,0.00,0.00,0.00,0.00,0.00,0.00,0.00,0.00,0.00,0.00,0.00,0.00,0.00,0.00,0.00,0.00,0.00,0.00,0.00,0.00,0.00,0.00,0.00,0.00,0.00,0.00,0.00,0.00,0.00,0.00,0.00,0.00,0.00,0.00,0.00,,0.00,,0.00,,,,,,0.00,0.00,0.00,1,6,696,19805,AA,American Airlines Inc.,AA,American Airlines Inc.,10050,L,3,3,2025,3
0.00,0.00,0.00,0.00,0.00,0.00,0.00,0.00,0.00,0.00,0.00,0.00,0.00,0.00,0.00,0.00,0.00,0.00,0.00,0.00,0.00,0.00,0.00,0.00,0.00,0.00,0.00,0.00,0.00,0.00,0.00,0.00,0.00,0.00,0.00,0.00,0.00,,0.00,,0.00,,,,,,0.00,0.00,0.00,1,6,696,19805,AA,American Airlines Inc.,AA,American Airlines Inc.,10050,L,3,3,2025,4
0.00,0.00,0.00,0.00,0.00,0.00,0.00,0.00,0.00,0.00,0.00,0.00,0.00,0.00,0.00,0.00,0.00,0.00,0.00,0.00,0.00,0.00,0.00,0.00,0.00,0.00,0.00,0.00,0.00,0.00,0.00,0.00,0.00,0.00,0.00,0.00,0.00,,0.00,,0.00,,,,,,0.00,0.00,0.00,1,6,698,19805,AA,American Airlines Inc.,AA,American Airlines Inc.,10049,A,3,3,2025,1
0.00,0.00,0.00,0.00,0.00,0.00,0.00,0.00,0.00,0.00,0.00,0.00,0.00,0.00,0.00,0.00,0.00,0.00,0.00,0.00,0.00,0.00,0.00,0.00,0.00,0.00,0.00,0.00,0.00,0.00,0.00,0.00,0.00,0.00,0.00,0.00,0.00,,0.00,,0.00,,,,,,0.00,0.00,0.00,1,6,698,19805,AA,American Airlines Inc.,AA,American Airlines Inc.,10049,A,3,3,2025,2
0.00,0.00,0.00,0.00,0.00,0.00,0.00,0.00,0.00,0.00,0.00,0.00,0.00,0.00,0.00,0.00,0.00,0.00,0.00,0.00,0.00,0.00,0.00,0.00,0.00,0.00,0.00,0.00,0.00,0.00,0.00,0.00,0.00,0.00,0.00,0.00,0.00,,0.00,,0.00,,,,,,0.00,0.00,0.00,1,6,698,19805,AA,American Airlines Inc.,AA,American Airlines Inc.,10049,A,3,3,2025,3
0.00,0.00,0.00,0.00,0.00,0.00,0.00,0.00,0.00,0.00,0.00,0.00,0.00,0.00,0.00,0.00,0.00,0.00,0.00,0.00,0.00,0.00,0.00,0.00,0.00,0.00,0.00,0.00,0.00,0.00,0.00,0.00,0.00,0.00,0.00,0.00,0.00,,0.00,,0.00,,,,,,0.00,0.00,0.00,1,6,698,19805,AA,American Airlines Inc.,AA,American Airlines Inc.,10049,A,3,3,2025,4
0.00,0.00,0.00,0.00,0.00,0.00,0.00,0.00,0.00,0.00,0.00,0.00,0.00,0.00,0.00,0.00,0.00,0.00,0.00,0.00,0.00,0.00,0.00,0.00,0.00,0.00,0.00,0.00,0.00,0.00,0.00,0.00,0.00,0.00,0.00,0.00,0.00,,0.00,,0.00,,,,,,0.00,0.00,0.00,1,6,698,20416,NK,Spirit Air Lines,NK,Spirit Air Lines,06830,D,3,3,2025,2
0.00,0.00,0.00,0.00,0.00,0.00,0.00,0.00,0.00,0.00,0.00,0.00,0.00,0.00,0.00,0.00,0.00,0.00,0.00,0.00,0.00,0.00,0.00,0.00,0.00,0.00,0.00,0.00,0.00,0.00,0.00,0.00,0.00,0.00,0.00,0.00,0.00,,0.00,,0.00,,,,,,0.00,0.00,0.00,1,6,698,20416,NK,Spirit Air Lines,NK,Spirit Air Lines,06830,D,3,3,2025,3
0.00,0.00,0.00,0.00,0.00,0.00,0.00,0.00,0.00,0.00,0.00,0.00,0.00,0.00,0.00,0.00,0.00,0.00,0.00,0.00,0.00,0.00,0.00,0.00,0.00,0.00,0.00,0.00,0.00,0.00,0.00,0.00,0.00,0.00,0.00,0.00,0.00,,0.00,,0.00,,,,,,0.00,0.00,0.00,1,6,698,20416,NK,Spirit Air Lines,NK,Spirit Air Lines,06830,D,3,3,2025,4
0.00,0.00,0.00,0.00,0.00,0.00,0.00,0.00,0.00,0.00,0.00,0.00,0.00,0.00,0.00,0.00,0.00,0.00,0.00,0.00,0.00,0.00,0.00,0.00,0.00,0.00,0.00,0.00,0.00,0.00,0.00,0.00,0.00,0.00,0.00,0.00,0.00,,0.00,,0.00,,,,,,0.00,0.00,0.00,1,6,698,20416,NK,Spirit Air Lines,NK,Spirit Air Lines,16831,L,3,3,2025,2
0.00,0.00,0.00,0.00,0.00,0.00,0.00,0.00,0.00,0.00,0.00,0.00,0.00,0.00,0.00,0.00,0.00,0.00,0.00,0.00,0.00,0.00,0.00,0.00,0.00,0.00,0.00,0.00,0.00,0.00,0.00,0.00,0.00,0.00,0.00,0.00,0.00,,0.00,,0.00,,,,,,0.00,0.00,0.00,1,6,698,20416,NK,Spirit Air Lines,NK,Spirit Air Lines,16831,L,3,3,2025,3
0.00,0.00,0.00,0.00,0.00,0.00,0.00,0.00,0.00,0.00,0.00,0.00,0.00,0.00,0.00,0.00,0.00,0.00,0.00,0.00,0.00,0.00,0.00,0.00,0.00,0.00,0.00,0.00,0.00,0.00,0.00,0.00,0.00,0.00,0.00,0.00,0.00,,0.00,,0.00,,,,,,0.00,0.00,0.00,1,6,698,20416,NK,Spirit Air Lines,NK,Spirit Air Lines,16831,L,3,3,2025,4
0.00,0.00,0.00,0.00,0.00,0.00,0.00,0.00,0.00,0.00,0.00,0.00,0.00,0.00,0.00,0.00,0.00,0.00,0.00,0.00,0.00,0.00,0.00,0.00,0.00,0.00,0.00,0.00,0.00,0.00,0.00,0.00,0.00,0.00,0.00,0.00,0.00,,0.00,,0.00,,,,,,0.00,0.00,0.00,1,6,698,20436,F9,Frontier Airlines Inc.,F9,Frontier Airlines Inc.,06460,D,3,3,2025,1
0.00,0.00,0.00,0.00,0.00,0.00,0.00,0.00,0.00,0.00,0.00,0.00,0.00,0.00,0.00,0.00,0.00,0.00,0.00,0.00,0.00,0.00,0.00,0.00,0.00,0.00,0.00,0.00,0.00,0.00,0.00,0.00,0.00,0.00,0.00,0.00,0.00,,0.00,,0.00,,,,,,0.00,0.00,0.00,1,6,698,20436,F9,Frontier Airlines Inc.,F9,Frontier Airlines Inc.,06460,D,3,3,2025,2
0.00,0.00,0.00,0.00,0.00,0.00,0.00,0.00,0.00,0.00,0.00,0.00,0.00,0.00,0.00,0.00,0.00,0.00,0.00,0.00,0.00,0.00,0.00,0.00,0.00,0.00,0.00,0.00,0.00,0.00,0.00,0.00,0.00,0.00,0.00,0.00,0.00,,0.00,,0.00,,,,,,0.00,0.00,0.00,1,6,698,20436,F9,Frontier Airlines Inc.,F9,Frontier Airlines Inc.,06460,D,3,3,2025,3
0.00,0.00,0.00,0.00,0.00,0.00,0.00,0.00,0.00,0.00,0.00,0.00,0.00,0.00,0.00,0.00,0.00,0.00,0.00,0.00,0.00,0.00,0.00,0.00,0.00,0.00,0.00,0.00,0.00,0.00,0.00,0.00,0.00,0.00,0.00,0.00,0.00,,0.00,,0.00,,,,,,0.00,0.00,0.00,1,6,698,20436,F9,Frontier Airlines Inc.,F9,Frontier Airlines Inc.,06460,D,3,3,2025,4
0.00,0.00,0.00,0.00,0.00,0.00,0.00,0.00,0.00,0.00,0.00,0.00,0.00,0.00,0.00,0.00,0.00,0.00,0.00,0.00,0.00,0.00,0.00,0.00,0.00,0.00,0.00,0.00,0.00,0.00,0.00,0.00,0.00,0.00,0.00,0.00,0.00,,0.00,,0.00,,,,,,0.00,0.00,0.00,1,6,698,20436,F9,Frontier Airlines Inc.,F9,Frontier Airlines Inc.,16461,L,3,3,2025,1
0.00,0.00,0.00,0.00,0.00,0.00,0.00,0.00,0.00,0.00,0.00,0.00,0.00,0.00,0.00,0.00,0.00,0.00,0.00,0.00,0.00,0.00,0.00,0.00,0.00,0.00,0.00,0.00,0.00,0.00,0.00,0.00,0.00,0.00,0.00,0.00,0.00,,0.00,,0.00,,,,,,0.00,0.00,0.00,1,6,698,20436,F9,Frontier Airlines Inc.,F9,Frontier Airlines Inc.,16461,L,3,3,2025,2
0.00,0.00,0.00,0.00,0.00,0.00,0.00,0.00,0.00,0.00,0.00,0.00,0.00,0.00,0.00,0.00,0.00,0.00,0.00,0.00,0.00,0.00,0.00,0.00,0.00,0.00,0.00,0.00,0.00,0.00,0.00,0.00,0.00,0.00,0.00,0.00,0.00,,0.00,,0.00,,,,,,0.00,0.00,0.00,1,6,698,20436,F9,Frontier Airlines Inc.,F9,Frontier Airlines Inc.,16461,L,3,3,2025,3
0.00,0.00,0.00,0.00,0.00,0.00,0.00,0.00,0.00,0.00,0.00,0.00,0.00,0.00,0.00,0.00,0.00,0.00,0.00,0.00,0.00,0.00,0.00,0.00,0.00,0.00,0.00,0.00,0.00,0.00,0.00,0.00,0.00,0.00,0.00,0.00,0.00,,0.00,,0.00,,,,,,0.00,0.00,0.00,1,6,698,20436,F9,Frontier Airlines Inc.,F9,Frontier Airlines Inc.,16461,L,3,3,2025,4
0.00,0.00,0.00,0.00,0.00,0.00,0.00,0.00,0.00,0.00,0.00,0.00,0.00,0.00,0.00,0.00,0.00,0.00,0.00,0.00,0.00,0.00,0.00,0.00,0.00,0.00,0.00,0.00,0.00,0.00,0.00,0.00,0.00,0.00,0.00,0.00,0.00,,0.00,,0.00,,,,,,0.00,0.00,0.00,1,6,699,20409,B6,JetBlue Airways,B6,JetBlue Airways,10875,A,3,3,2025,1
0.00,0.00,0.00,0.00,0.00,0.00,0.00,0.00,0.00,0.00,0.00,0.00,0.00,0.00,0.00,0.00,0.00,0.00,0.00,0.00,0.00,0.00,0.00,0.00,0.00,0.00,0.00,0.00,0.00,0.00,0.00,0.00,0.00,0.00,0.00,0.00,0.00,,0.00,,0.00,,,,,,0.00,0.00,0.00,1,6,699,20409,B6,JetBlue Airways,B6,JetBlue Airways,10875,A,3,3,2025,2
0.00,0.00,0.00,0.00,0.00,0.00,0.00,0.00,0.00,0.00,0.00,0.00,0.00,0.00,0.00,0.00,0.00,0.00,0.00,0.00,0.00,0.00,0.00,0.00,0.00,0.00,0.00,0.00,0.00,0.00,0.00,0.00,0.00,0.00,0.00,0.00,0.00,,0.00,,0.00,,,,,,0.00,0.00,0.00,1,6,699,20409,B6,JetBlue Airways,B6,JetBlue Airways,10875,A,3,3,2025,3
0.00,0.00,0.00,0.00,0.00,0.00,0.00,0.00,0.00,0.00,0.00,0.00,0.00,0.00,0.00,0.00,0.00,0.00,0.00,0.00,0.00,0.00,0.00,0.00,0.00,0.00,0.00,0.00,0.00,0.00,0.00,0.00,0.00,0.00,0.00,0.00,0.00,,0.00,,0.00,,,,,,0.00,0.00,0.00,1,6,699,20409,B6,JetBlue Airways,B6,JetBlue Airways,10875,A,3,3,2025,4
0.00,0.00,0.00,0.00,0.00,0.00,0.00,0.00,0.00,0.00,0.00,0.00,0.00,0.00,0.00,0.00,0.00,0.00,0.00,0.00,0.00,0.00,0.00,0.00,0.00,0.00,0.00,0.00,0.00,0.00,0.00,0.00,0.00,0.00,0.00,0.00,0.00,,0.00,,0.00,,,,,,0.00,0.00,0.00,1,6,721,19805,AA,American Airlines Inc.,AA,American Airlines Inc.,10049,A,3,3,2025,1
0.00,0.00,0.00,0.00,0.00,0.00,0.00,0.00,0.00,0.00,0.00,0.00,0.00,0.00,0.00,0.00,0.00,0.00,0.00,0.00,0.00,0.00,0.00,0.00,0.00,0.00,0.00,0.00,0.00,0.00,0.00,0.00,0.00,0.00,0.00,0.00,0.00,,0.00,,0.00,,,,,,0.00,0.00,0.00,1,6,721,19805,AA,American Airlines Inc.,AA,American Airlines Inc.,10049,A,3,3,2025,2
0.00,0.00,0.00,0.00,0.00,0.00,0.00,0.00,0.00,0.00,0.00,0.00,0.00,0.00,0.00,0.00,0.00,0.00,0.00,0.00,0.00,0.00,0.00,0.00,0.00,0.00,0.00,0.00,0.00,0.00,0.00,0.00,0.00,0.00,0.00,0.00,0.00,,0.00,,0.00,,,,,,0.00,0.00,0.00,1,6,721,19805,AA,American Airlines Inc.,AA,American Airlines Inc.,10049,A,3,3,2025,3
0.00,0.00,0.00,0.00,0.00,0.00,0.00,0.00,0.00,0.00,0.00,0.00,0.00,0.00,0.00,0.00,0.00,0.00,0.00,0.00,0.00,0.00,0.00,0.00,0.00,0.00,0.00,0.00,0.00,0.00,0.00,0.00,0.00,0.00,0.00,0.00,0.00,,0.00,,0.00,,,,,,0.00,0.00,0.00,1,6,721,19805,AA,American Airlines Inc.,AA,American Airlines Inc.,10049,A,3,3,2025,4
0.00,0.00,0.00,0.00,0.00,0.00,0.00,0.00,0.00,0.00,0.00,0.00,0.00,0.00,0.00,0.00,0.00,0.00,0.00,0.00,0.00,0.00,0.00,0.00,0.00,0.00,0.00,0.00,0.00,0.00,0.00,0.00,0.00,0.00,0.00,0.00,0.00,,0.00,,0.00,,,,,,0.00,0.00,0.00,1,6,724,20409,B6,JetBlue Airways,B6,JetBlue Airways,10875,A,3,3,2025,1
0.00,0.00,0.00,0.00,0.00,0.00,0.00,0.00,0.00,0.00,0.00,0.00,0.00,0.00,0.00,0.00,0.00,0.00,0.00,0.00,0.00,0.00,0.00,0.00,0.00,0.00,0.00,0.00,0.00,0.00,0.00,0.00,0.00,0.00,0.00,0.00,0.00,,0.00,,0.00,,,,,,0.00,0.00,0.00,1,6,724,20409,B6,JetBlue Airways,B6,JetBlue Airways,10875,A,3,3,2025,2
0.00,0.00,0.00,0.00,0.00,0.00,0.00,0.00,0.00,0.00,0.00,0.00,0.00,0.00,0.00,0.00,0.00,0.00,0.00,0.00,0.00,0.00,0.00,0.00,0.00,0.00,0.00,0.00,0.00,0.00,0.00,0.00,0.00,0.00,0.00,0.00,0.00,,0.00,,0.00,,,,,,0.00,0.00,0.00,1,6,724,20409,B6,JetBlue Airways,B6,JetBlue Airways,10875,A,3,3,2025,3
0.00,0.00,0.00,0.00,0.00,0.00,0.00,0.00,0.00,0.00,0.00,0.00,0.00,0.00,0.00,0.00,0.00,0.00,0.00,0.00,0.00,0.00,0.00,0.00,0.00,0.00,0.00,0.00,0.00,0.00,0.00,0.00,0.00,0.00,0.00,0.00,0.00,,0.00,,0.00,,,,,,0.00,0.00,0.00,1,6,724,20409,B6,JetBlue Airways,B6,JetBlue Airways,10875,A,3,3,2025,4
0.00,0.00,0.00,0.00,0.00,0.00,0.00,0.00,0.00,0.00,0.00,0.00,0.00,0.00,0.00,0.00,0.00,0.00,0.00,0.00,0.00,0.00,0.00,0.00,0.00,0.00,0.00,0.00,0.00,0.00,0.00,0.00,0.00,0.00,0.00,0.00,0.00,,0.00,,0.00,,,,,,0.00,0.00,0.00,1,6,837,19690,HA,Hawaiian Airlines Inc.,HA,Hawaiian Airlines Inc.,15375,P,3,3,2025,3
0.00,0.00,0.00,0.00,0.00,0.00,0.00,0.00,0.00,0.00,0.00,0.00,0.00,0.00,0.00,0.00,0.00,0.00,0.00,0.00,0.00,0.00,0.00,0.00,0.00,0.00,0.00,0.00,0.00,0.00,0.00,0.00,0.00,0.00,0.00,0.00,0.00,,0.00,,0.00,,,,,,0.00,0.00,0.00,1,6,838,19805,AA,American Airlines Inc.,AA,American Airlines Inc.,10052,P,3,3,2025,1
0.00,0.00,0.00,0.00,0.00,0.00,0.00,0.00,0.00,0.00,0.00,0.00,0.00,0.00,0.00,0.00,0.00,0.00,0.00,0.00,0.00,0.00,0.00,0.00,0.00,0.00,0.00,0.00,0.00,0.00,0.00,0.00,0.00,0.00,0.00,0.00,0.00,,0.00,,0.00,,,,,,0.00,0.00,0.00,1,6,838,19805,AA,American Airlines Inc.,AA,American Airlines Inc.,10052,P,3,3,2025,2
0.00,0.00,0.00,0.00,0.00,0.00,0.00,0.00,0.00,0.00,0.00,0.00,0.00,0.00,0.00,0.00,0.00,0.00,0.00,0.00,0.00,0.00,0.00,0.00,0.00,0.00,0.00,0.00,0.00,0.00,0.00,0.00,0.00,0.00,0.00,0.00,0.00,,0.00,,0.00,,,,,,0.00,0.00,0.00,1,6,838,19805,AA,American Airlines Inc.,AA,American Airlines Inc.,10052,P,3,3,2025,3
0.00,0.00,0.00,0.00,0.00,0.00,0.00,0.00,0.00,0.00,0.00,0.00,0.00,0.00,0.00,0.00,0.00,0.00,0.00,0.00,0.00,0.00,0.00,0.00,0.00,0.00,0.00,0.00,0.00,0.00,0.00,0.00,0.00,0.00,0.00,0.00,0.00,,0.00,,0.00,,,,,,0.00,0.00,0.00,1,6,838,19805,AA,American Airlines Inc.,AA,American Airlines Inc.,10052,P,3,3,2025,4
0.00,0.00,0.00,0.00,0.00,0.00,0.00,0.00,0.00,0.00,0.00,0.00,0.00,0.00,0.00,0.00,0.00,0.00,0.00,0.00,0.00,0.00,0.00,0.00,0.00,0.00,0.00,0.00,0.00,0.00,0.00,0.00,0.00,0.00,0.00,0.00,0.00,,0.00,,0.00,,,,,,0.00,0.00,0.00,1,7,732,20377,X9,Omni Air International LLC,X9,Omni Air International LLC,06738,D,2,2,2025,1
0.00,0.00,0.00,0.00,0.00,0.00,0.00,0.00,0.00,0.00,0.00,0.00,0.00,0.00,0.00,0.00,0.00,0.00,0.00,0.00,0.00,0.00,0.00,0.00,0.00,0.00,0.00,0.00,0.00,0.00,0.00,0.00,0.00,0.00,0.00,0.00,0.00,,0.00,,0.00,,,,,,0.00,0.00,0.00,1,7,732,20377,X9,Omni Air International LLC,X9,Omni Air International LLC,06738,D,2,2,2025,2
0.00,0.00,0.00,0.00,0.00,0.00,0.00,0.00,0.00,0.00,0.00,0.00,0.00,0.00,0.00,0.00,0.00,0.00,0.00,0.00,0.00,0.00,0.00,0.00,0.00,0.00,0.00,0.00,0.00,0.00,0.00,0.00,0.00,0.00,0.00,0.00,0.00,,0.00,,0.00,,,,,,0.00,0.00,0.00,1,7,732,20377,X9,Omni Air International LLC,X9,Omni Air International LLC,06738,D,2,2,2025,3
0.00,0.00,0.00,0.00,0.00,0.00,0.00,0.00,0.00,0.00,0.00,0.00,0.00,0.00,0.00,0.00,0.00,0.00,0.00,0.00,0.00,0.00,0.00,0.00,0.00,0.00,0.00,0.00,0.00,0.00,0.00,0.00,0.00,0.00,0.00,0.00,0.00,,0.00,,0.00,,,,,,0.00,0.00,0.00,1,7,732,20377,X9,Omni Air International LLC,X9,Omni Air International LLC,06738,D,2,2,2025,4
0.00,0.00,0.00,0.00,0.00,0.00,0.00,0.00,0.00,0.00,0.00,0.00,0.00,0.00,0.00,0.00,0.00,0.00,0.00,0.00,0.00,0.00,0.00,0.00,0.00,0.00,0.00,0.00,0.00,0.00,0.00,0.00,0.00,0.00,0.00,0.00,0.00,,0.00,,0.00,,,,,,0.00,0.00,0.00,1,7,732,20377,X9,Omni Air International LLC,X9,Omni Air International LLC,16736,I,2,2,2025,1
0.00,0.00,0.00,0.00,0.00,0.00,0.00,0.00,0.00,0.00,0.00,0.00,0.00,0.00,0.00,0.00,0.00,0.00,0.00,0.00,0.00,0.00,0.00,0.00,0.00,0.00,0.00,0.00,0.00,0.00,0.00,0.00,0.00,0.00,0.00,0.00,0.00,,0.00,,0.00,,,,,,0.00,0.00,0.00,1,7,732,20377,X9,Omni Air International LLC,X9,Omni Air International LLC,16736,I,2,2,2025,2
0.00,0.00,0.00,0.00,0.00,0.00,0.00,0.00,0.00,0.00,0.00,0.00,0.00,0.00,0.00,0.00,0.00,0.00,0.00,0.00,0.00,0.00,0.00,0.00,0.00,0.00,0.00,0.00,0.00,0.00,0.00,0.00,0.00,0.00,0.00,0.00,0.00,,0.00,,0.00,,,,,,0.00,0.00,0.00,1,7,732,20377,X9,Omni Air International LLC,X9,Omni Air International LLC,16736,I,2,2,2025,3
0.00,0.00,0.00,0.00,0.00,0.00,0.00,0.00,0.00,0.00,0.00,0.00,0.00,0.00,0.00,0.00,0.00,0.00,0.00,0.00,0.00,0.00,0.00,0.00,0.00,0.00,0.00,0.00,0.00,0.00,0.00,0.00,0.00,0.00,0.00,0.00,0.00,,0.00,,0.00,,,,,,0.00,0.00,0.00,1,7,732,20377,X9,Omni Air International LLC,X9,Omni Air International LLC,16736,I,2,2,2025,4
0.00,0.00,0.00,0.00,0.00,0.00,0.00,0.00,0.00,0.00,0.00,0.00,0.00,0.00,0.00,0.00,0.00,0.00,0.00,0.00,0.00,0.00,0.00,0.00,0.00,0.00,0.00,0.00,0.00,0.00,0.00,0.00,0.00,0.00,0.00,0.00,0.00,,0.00,,0.00,,,,,,0.00,0.00,0.00,2,6,339,19690,HA,Hawaiian Airlines Inc.,HA,Hawaiian Airlines Inc.,15375,P,3,3,2025,3
0.00,0.00,0.00,0.00,0.00,0.00,0.00,0.00,0.00,0.00,0.00,0.00,0.00,0.00,0.00,0.00,0.00,0.00,0.00,0.00,0.00,0.00,0.00,0.00,0.00,0.00,0.00,0.00,0.00,0.00,0.00,0.00,0.00,0.00,0.00,0.00,0.00,,0.00,,0.00,,,,,,0.00,0.00,0.00,2,6,339,19690,HA,Hawaiian Airlines Inc.,HA,Hawaiian Airlines Inc.,15375,P,3,3,2025,4
0.00,0.00,0.00,0.00,0.00,0.00,0.00,0.00,0.00,0.00,0.00,0.00,0.00,0.00,0.00,0.00,0.00,0.00,0.00,0.00,0.00,0.00,0.00,0.00,0.00,0.00,0.00,0.00,0.00,0.00,0.00,0.00,0.00,0.00,0.00,0.00,0.00,,0.00,,0.00,,,,,,0.00,0.00,0.00,2,6,614,20422,SY,Sun Country Airlines d/b/a MN Airlines,SY,Sun Country Airlines d/b/a MN Airlines,16795,L,3,3,2025,1
0.00,0.00,0.00,0.00,0.00,0.00,0.00,0.00,0.00,0.00,0.00,0.00,0.00,0.00,0.00,0.00,0.00,0.00,0.00,0.00,0.00,0.00,0.00,0.00,0.00,0.00,0.00,0.00,0.00,0.00,0.00,0.00,0.00,0.00,0.00,0.00,0.00,,0.00,,0.00,,,,,,0.00,0.00,0.00,2,6,614,20422,SY,Sun Country Airlines d/b/a MN Airlines,SY,Sun Country Airlines d/b/a MN Airlines,16795,L,3,3,2025,2
0.00,0.00,0.00,0.00,0.00,0.00,0.00,0.00,0.00,0.00,0.00,0.00,0.00,0.00,0.00,0.00,0.00,0.00,0.00,0.00,0.00,0.00,0.00,0.00,0.00,0.00,0.00,0.00,0.00,0.00,0.00,0.00,0.00,0.00,0.00,0.00,0.00,,0.00,,0.00,,,,,,0.00,0.00,0.00,2,6,614,20422,SY,Sun Country Airlines d/b/a MN Airlines,SY,Sun Country Airlines d/b/a MN Airlines,16795,L,3,3,2025,3
0.00,0.00,0.00,0.00,0.00,0.00,0.00,0.00,0.00,0.00,0.00,0.00,0.00,0.00,0.00,0.00,0.00,0.00,0.00,0.00,0.00,0.00,0.00,0.00,0.00,0.00,0.00,0.00,0.00,0.00,0.00,0.00,0.00,0.00,0.00,0.00,0.00,,0.00,,0.00,,,,,,0.00,0.00,0.00,2,6,622,19874,8C,Air Transport International,8C,Air Transport International,06029,D,2,2,2025,1
0.00,0.00,0.00,0.00,0.00,0.00,0.00,0.00,0.00,0.00,0.00,0.00,0.00,0.00,0.00,0.00,0.00,0.00,0.00,0.00,0.00,0.00,0.00,0.00,0.00,0.00,0.00,0.00,0.00,0.00,0.00,0.00,0.00,0.00,0.00,0.00,0.00,,0.00,,0.00,,,,,,0.00,0.00,0.00,2,6,622,19874,8C,Air Transport International,8C,Air Transport International,06029,D,2,2,2025,2
0.00,0.00,0.00,0.00,0.00,0.00,0.00,0.00,0.00,0.00,0.00,0.00,0.00,0.00,0.00,0.00,0.00,0.00,0.00,0.00,0.00,0.00,0.00,0.00,0.00,0.00,0.00,0.00,0.00,0.00,0.00,0.00,0.00,0.00,0.00,0.00,0.00,,0.00,,0.00,,,,,,0.00,0.00,0.00,2,6,622,19874,8C,Air Transport International,8C,Air Transport International,06029,D,2,2,2025,3
0.00,0.00,0.00,0.00,0.00,0.00,0.00,0.00,0.00,0.00,0.00,0.00,0.00,0.00,0.00,0.00,0.00,0.00,0.00,0.00,0.00,0.00,0.00,0.00,0.00,0.00,0.00,0.00,0.00,0.00,0.00,0.00,0.00,0.00,0.00,0.00,0.00,,0.00,,0.00,,,,,,0.00,0.00,0.00,2,6,622,19874,8C,Air Transport International,8C,Air Transport International,06029,D,2,2,2025,4
0.00,0.00,0.00,0.00,0.00,0.00,0.00,0.00,0.00,0.00,0.00,0.00,0.00,0.00,0.00,0.00,0.00,0.00,0.00,0.00,0.00,0.00,0.00,0.00,0.00,0.00,0.00,0.00,0.00,0.00,0.00,0.00,0.00,0.00,0.00,0.00,0.00,,0.00,,0.00,,,,,,0.00,0.00,0.00,2,6,622,19874,8C,Air Transport International,8C,Air Transport International,16028,A,2,2,2025,1
0.00,0.00,0.00,0.00,0.00,0.00,0.00,0.00,0.00,0.00,0.00,0.00,0.00,0.00,0.00,0.00,0.00,0.00,0.00,0.00,0.00,0.00,0.00,0.00,0.00,0.00,0.00,0.00,0.00,0.00,0.00,0.00,0.00,0.00,0.00,0.00,0.00,,0.00,,0.00,,,,,,0.00,0.00,0.00,2,6,622,19874,8C,Air Transport International,8C,Air Transport International,16028,A,2,2,2025,2
0.00,0.00,0.00,0.00,0.00,0.00,0.00,0.00,0.00,0.00,0.00,0.00,0.00,0.00,0.00,0.00,0.00,0.00,0.00,0.00,0.00,0.00,0.00,0.00,0.00,0.00,0.00,0.00,0.00,0.00,0.00,0.00,0.00,0.00,0.00,0.00,0.00,,0.00,,0.00,,,,,,0.00,0.00,0.00,2,6,622,19874,8C,Air Transport International,8C,Air Transport International,16028,A,2,2,2025,3
0.00,0.00,0.00,0.00,0.00,0.00,0.00,0.00,0.00,0.00,0.00,0.00,0.00,0.00,0.00,0.00,0.00,0.00,0.00,0.00,0.00,0.00,0.00,0.00,0.00,0.00,0.00,0.00,0.00,0.00,0.00,0.00,0.00,0.00,0.00,0.00,0.00,,0.00,,0.00,,,,,,0.00,0.00,0.00,2,6,622,19874,8C,Air Transport International,8C,Air Transport International,16028,A,2,2,2025,4
0.00,0.00,0.00,0.00,0.00,0.00,0.00,0.00,0.00,0.00,0.00,0.00,0.00,0.00,0.00,0.00,0.00,0.00,0.00,0.00,0.00,0.00,0.00,0.00,0.00,0.00,0.00,0.00,0.00,0.00,0.00,0.00,0.00,0.00,0.00,0.00,0.00,,0.00,,0.00,,,,,,0.00,0.00,0.00,2,6,625,19874,8C,Air Transport International,8C,Air Transport International,16028,A,2,2,2025,1
0.00,0.00,0.00,0.00,0.00,0.00,0.00,0.00,0.00,0.00,0.00,0.00,0.00,0.00,0.00,0.00,0.00,0.00,0.00,0.00,0.00,0.00,0.00,0.00,0.00,0.00,0.00,0.00,0.00,0.00,0.00,0.00,0.00,0.00,0.00,0.00,0.00,,0.00,,0.00,,,,,,0.00,0.00,0.00,2,6,625,19874,8C,Air Transport International,8C,Air Transport International,16028,A,2,2,2025,2
0.00,0.00,0.00,0.00,0.00,0.00,0.00,0.00,0.00,0.00,0.00,0.00,0.00,0.00,0.00,0.00,0.00,0.00,0.00,0.00,0.00,0.00,0.00,0.00,0.00,0.00,0.00,0.00,0.00,0.00,0.00,0.00,0.00,0.00,0.00,0.00,0.00,,0.00,,0.00,,,,,,0.00,0.00,0.00,2,6,625,19874,8C,Air Transport International,8C,Air Transport International,16028,A,2,2,2025,3
0.00,0.00,0.00,0.00,0.00,0.00,0.00,0.00,0.00,0.00,0.00,0.00,0.00,0.00,0.00,0.00,0.00,0.00,0.00,0.00,0.00,0.00,0.00,0.00,0.00,0.00,0.00,0.00,0.00,0.00,0.00,0.00,0.00,0.00,0.00,0.00,0.00,,0.00,,0.00,,,,,,0.00,0.00,0.00,2,6,625,19874,8C,Air Transport International,8C,Air Transport International,16028,A,2,2,2025,4
0.00,0.00,0.00,0.00,0.00,0.00,0.00,0.00,0.00,0.00,0.00,0.00,0.00,0.00,0.00,0.00,0.00,0.00,0.00,0.00,0.00,0.00,0.00,0.00,0.00,0.00,0.00,0.00,0.00,0.00,0.00,0.00,0.00,0.00,0.00,0.00,0.00,,0.00,0.00,0.00,,,,,,0.00,0.00,0.00,1,6,608,19790,DL,Delta Air Lines Inc.,DL,Delta Air Lines Inc.,10260,L,3,3,2025,1
0.00,0.00,0.00,0.00,0.00,0.00,0.00,0.00,0.00,0.00,0.00,0.00,0.00,0.00,0.00,0.00,0.00,0.00,0.00,0.00,0.00,0.00,0.00,0.00,0.00,0.00,0.00,0.00,0.00,0.00,0.00,0.00,0.00,0.00,0.00,0.00,0.00,,0.00,0.00,0.00,,,,,,0.00,0.00,0.00,1,6,608,19790,DL,Delta Air Lines Inc.,DL,Delta Air Lines Inc.,10260,L,3,3,2025,2
0.00,0.00,0.00,0.00,0.00,0.00,0.00,0.00,0.00,0.00,0.00,0.00,0.00,0.00,0.00,0.00,0.00,0.00,0.00,0.00,0.00,0.00,0.00,0.00,0.00,0.00,0.00,0.00,0.00,0.00,0.00,0.00,0.00,0.00,0.00,0.00,0.00,,0.00,0.00,0.00,,,,,,0.00,0.00,0.00,1,6,608,19790,DL,Delta Air Lines Inc.,DL,Delta Air Lines Inc.,10260,L,3,3,2025,3
0.00,0.00,0.00,0.00,0.00,0.00,0.00,0.00,0.00,0.00,0.00,0.00,0.00,0.00,0.00,0.00,0.00,0.00,0.00,0.00,0.00,0.00,0.00,0.00,0.00,0.00,0.00,0.00,0.00,0.00,0.00,0.00,0.00,0.00,0.00,0.00,0.00,,0.00,0.00,0.00,,,,,,0.00,0.00,0.00,1,6,608,19790,DL,Delta Air Lines Inc.,DL,Delta Air Lines Inc.,10260,L,3,3,2025,4
0.00,0.00,0.00,0.00,0.00,0.00,0.00,0.00,0.00,0.00,0.00,0.00,0.00,0.00,0.00,0.00,0.00,0.00,0.00,0.00,0.00,0.00,0.00,0.00,0.00,0.00,0.00,0.00,0.00,0.00,0.00,0.00,0.00,0.00,0.00,0.00,0.00,,0.00,0.00,0.00,,,,,,0.00,0.00,0.00,1,6,608,19790,DL,Delta Air Lines Inc.,DL,Delta Air Lines Inc.,10261,A,3,3,2025,1
0.00,0.00,0.00,0.00,0.00,0.00,0.00,0.00,0.00,0.00,0.00,0.00,0.00,0.00,0.00,0.00,0.00,0.00,0.00,0.00,0.00,0.00,0.00,0.00,0.00,0.00,0.00,0.00,0.00,0.00,0.00,0.00,0.00,0.00,0.00,0.00,0.00,,0.00,0.00,0.00,,,,,,0.00,0.00,0.00,1,6,608,19790,DL,Delta Air Lines Inc.,DL,Delta Air Lines Inc.,10261,A,3,3,2025,2
0.00,0.00,0.00,0.00,0.00,0.00,0.00,0.00,0.00,0.00,0.00,0.00,0.00,0.00,0.00,0.00,0.00,0.00,0.00,0.00,0.00,0.00,0.00,0.00,0.00,0.00,0.00,0.00,0.00,0.00,0.00,0.00,0.00,0.00,0.00,0.00,0.00,,0.00,0.00,0.00,,,,,,0.00,0.00,0.00,1,6,608,19790,DL,Delta Air Lines Inc.,DL,Delta Air Lines Inc.,10261,A,3,3,2025,3
0.00,0.00,0.00,0.00,0.00,0.00,0.00,0.00,0.00,0.00,0.00,0.00,0.00,0.00,0.00,0.00,0.00,0.00,0.00,0.00,0.00,0.00,0.00,0.00,0.00,0.00,0.00,0.00,0.00,0.00,0.00,0.00,0.00,0.00,0.00,0.00,0.00,,0.00,0.00,0.00,,,,,,0.00,0.00,0.00,1,6,608,19790,DL,Delta Air Lines Inc.,DL,Delta Air Lines Inc.,10261,A,3,3,2025,4
0.00,0.00,0.00,0.00,0.00,0.00,0.00,0.00,0.00,0.00,0.00,0.00,0.00,0.00,0.00,0.00,0.00,0.00,0.00,0.00,0.00,0.00,0.00,0.00,0.00,0.00,0.00,0.00,0.00,0.00,0.00,0.00,0.00,0.00,0.00,0.00,0.00,,0.00,0.00,0.00,,,,,,0.00,0.00,0.00,1,6,608,19790,DL,Delta Air Lines Inc.,DL,Delta Air Lines Inc.,10262,P,3,3,2025,1
0.00,0.00,0.00,0.00,0.00,0.00,0.00,0.00,0.00,0.00,0.00,0.00,0.00,0.00,0.00,0.00,0.00,0.00,0.00,0.00,0.00,0.00,0.00,0.00,0.00,0.00,0.00,0.00,0.00,0.00,0.00,0.00,0.00,0.00,0.00,0.00,0.00,,0.00,0.00,0.00,,,,,,0.00,0.00,0.00,1,6,608,19790,DL,Delta Air Lines Inc.,DL,Delta Air Lines Inc.,10262,P,3,3,2025,2
0.00,0.00,0.00,0.00,0.00,0.00,0.00,0.00,0.00,0.00,0.00,0.00,0.00,0.00,0.00,0.00,0.00,0.00,0.00,0.00,0.00,0.00,0.00,0.00,0.00,0.00,0.00,0.00,0.00,0.00,0.00,0.00,0.00,0.00,0.00,0.00,0.00,,0.00,0.00,0.00,,,,,,0.00,0.00,0.00,1,6,608,19790,DL,Delta Air Lines Inc.,DL,Delta Air Lines Inc.,10262,P,3,3,2025,3
0.00,0.00,0.00,0.00,0.00,0.00,0.00,0.00,0.00,0.00,0.00,0.00,0.00,0.00,0.00,0.00,0.00,0.00,0.00,0.00,0.00,0.00,0.00,0.00,0.00,0.00,0.00,0.00,0.00,0.00,0.00,0.00,0.00,0.00,0.00,0.00,0.00,,0.00,0.00,0.00,,,,,,0.00,0.00,0.00,1,6,608,19790,DL,Delta Air Lines Inc.,DL,Delta Air Lines Inc.,10262,P,3,3,2025,4
0.00,0.00,0.00,0.00,0.00,0.00,0.00,0.00,0.00,0.00,0.00,0.00,0.00,0.00,0.00,0.00,0.00,0.00,0.00,0.00,0.00,0.00,0.00,0.00,0.00,0.00,0.00,0.00,0.00,0.00,0.00,0.00,0.00,0.00,0.00,0.00,0.00,,0.00,0.00,0.00,,,,,,0.00,0.00,0.00,1,6,612,19790,DL,Delta Air Lines Inc.,DL,Delta Air Lines Inc.,01260,D,3,3,2025,1
0.00,0.00,0.00,0.00,0.00,0.00,0.00,0.00,0.00,0.00,0.00,0.00,0.00,0.00,0.00,0.00,0.00,0.00,0.00,0.00,0.00,0.00,0.00,0.00,0.00,0.00,0.00,0.00,0.00,0.00,0.00,0.00,0.00,0.00,0.00,0.00,0.00,,0.00,0.00,0.00,,,,,,0.00,0.00,0.00,1,6,612,19790,DL,Delta Air Lines Inc.,DL,Delta Air Lines Inc.,01260,D,3,3,2025,2
0.00,0.00,0.00,0.00,0.00,0.00,0.00,0.00,0.00,0.00,0.00,0.00,0.00,0.00,0.00,0.00,0.00,0.00,0.00,0.00,0.00,0.00,0.00,0.00,0.00,0.00,0.00,0.00,0.00,0.00,0.00,0.00,0.00,0.00,0.00,0.00,0.00,,0.00,0.00,0.00,,,,,,0.00,0.00,0.00,1,6,612,19790,DL,Delta Air Lines Inc.,DL,Delta Air Lines Inc.,01260,D,3,3,2025,3
0.00,0.00,0.00,0.00,0.00,0.00,0.00,0.00,0.00,0.00,0.00,0.00,0.00,0.00,0.00,0.00,0.00,0.00,0.00,0.00,0.00,0.00,0.00,0.00,0.00,0.00,0.00,0.00,0.00,0.00,0.00,0.00,0.00,0.00,0.00,0.00,0.00,,0.00,0.00,0.00,,,,,,0.00,0.00,0.00,1,6,612,19790,DL,Delta Air Lines Inc.,DL,Delta Air Lines Inc.,01260,D,3,3,2025,4
0.00,0.00,0.00,0.00,0.00,0.00,0.00,0.00,0.00,0.00,0.00,0.00,0.00,0.00,0.00,0.00,0.00,0.00,0.00,0.00,0.00,0.00,0.00,0.00,0.00,0.00,0.00,0.00,0.00,0.00,0.00,0.00,0.00,0.00,0.00,0.00,0.00,,0.00,0.00,0.00,,,,,,0.00,0.00,0.00,1,6,612,19790,DL,Delta Air Lines Inc.,DL,Delta Air Lines Inc.,10260,L,3,3,2025,1
0.00,0.00,0.00,0.00,0.00,0.00,0.00,0.00,0.00,0.00,0.00,0.00,0.00,0.00,0.00,0.00,0.00,0.00,0.00,0.00,0.00,0.00,0.00,0.00,0.00,0.00,0.00,0.00,0.00,0.00,0.00,0.00,0.00,0.00,0.00,0.00,0.00,,0.00,0.00,0.00,,,,,,0.00,0.00,0.00,1,6,612,19790,DL,Delta Air Lines Inc.,DL,Delta Air Lines Inc.,10260,L,3,3,2025,2
0.00,0.00,0.00,0.00,0.00,0.00,0.00,0.00,0.00,0.00,0.00,0.00,0.00,0.00,0.00,0.00,0.00,0.00,0.00,0.00,0.00,0.00,0.00,0.00,0.00,0.00,0.00,0.00,0.00,0.00,0.00,0.00,0.00,0.00,0.00,0.00,0.00,,0.00,0.00,0.00,,,,,,0.00,0.00,0.00,1,6,612,19790,DL,Delta Air Lines Inc.,DL,Delta Air Lines Inc.,10260,L,3,3,2025,3
0.00,0.00,0.00,0.00,0.00,0.00,0.00,0.00,0.00,0.00,0.00,0.00,0.00,0.00,0.00,0.00,0.00,0.00,0.00,0.00,0.00,0.00,0.00,0.00,0.00,0.00,0.00,0.00,0.00,0.00,0.00,0.00,0.00,0.00,0.00,0.00,0.00,,0.00,0.00,0.00,,,,,,0.00,0.00,0.00,1,6,612,19790,DL,Delta Air Lines Inc.,DL,Delta Air Lines Inc.,10260,L,3,3,2025,4
0.00,0.00,0.00,0.00,0.00,0.00,0.00,0.00,0.00,0.00,0.00,0.00,0.00,0.00,0.00,0.00,0.00,0.00,0.00,0.00,0.00,0.00,0.00,0.00,0.00,0.00,0.00,0.00,0.00,0.00,0.00,0.00,0.00,0.00,0.00,0.00,0.00,,0.00,0.00,0.00,,,,,,0.00,0.00,0.00,1,6,612,19790,DL,Delta Air Lines Inc.,DL,Delta Air Lines Inc.,10261,A,3,3,2025,1
0.00,0.00,0.00,0.00,0.00,0.00,0.00,0.00,0.00,0.00,0.00,0.00,0.00,0.00,0.00,0.00,0.00,0.00,0.00,0.00,0.00,0.00,0.00,0.00,0.00,0.00,0.00,0.00,0.00,0.00,0.00,0.00,0.00,0.00,0.00,0.00,0.00,,0.00,0.00,0.00,,,,,,0.00,0.00,0.00,1,6,612,19790,DL,Delta Air Lines Inc.,DL,Delta Air Lines Inc.,10261,A,3,3,2025,2
0.00,0.00,0.00,0.00,0.00,0.00,0.00,0.00,0.00,0.00,0.00,0.00,0.00,0.00,0.00,0.00,0.00,0.00,0.00,0.00,0.00,0.00,0.00,0.00,0.00,0.00,0.00,0.00,0.00,0.00,0.00,0.00,0.00,0.00,0.00,0.00,0.00,,0.00,0.00,0.00,,,,,,0.00,0.00,0.00,1,6,612,19790,DL,Delta Air Lines Inc.,DL,Delta Air Lines Inc.,10261,A,3,3,2025,3
0.00,0.00,0.00,0.00,0.00,0.00,0.00,0.00,0.00,0.00,0.00,0.00,0.00,0.00,0.00,0.00,0.00,0.00,0.00,0.00,0.00,0.00,0.00,0.00,0.00,0.00,0.00,0.00,0.00,0.00,0.00,0.00,0.00,0.00,0.00,0.00,0.00,,0.00,0.00,0.00,,,,,,0.00,0.00,0.00,1,6,612,19790,DL,Delta Air Lines Inc.,DL,Delta Air Lines Inc.,10261,A,3,3,2025,4
0.00,0.00,0.00,0.00,0.00,0.00,0.00,0.00,0.00,0.00,0.00,0.00,0.00,0.00,0.00,0.00,0.00,0.00,0.00,0.00,0.00,0.00,0.00,0.00,0.00,0.00,0.00,0.00,0.00,0.00,0.00,0.00,0.00,0.00,0.00,0.00,0.00,,0.00,0.00,0.00,,,,,,0.00,0.00,0.00,1,6,612,19790,DL,Delta Air Lines Inc.,DL,Delta Air Lines Inc.,10262,P,3,3,2025,1
0.00,0.00,0.00,0.00,0.00,0.00,0.00,0.00,0.00,0.00,0.00,0.00,0.00,0.00,0.00,0.00,0.00,0.00,0.00,0.00,0.00,0.00,0.00,0.00,0.00,0.00,0.00,0.00,0.00,0.00,0.00,0.00,0.00,0.00,0.00,0.00,0.00,,0.00,0.00,0.00,,,,,,0.00,0.00,0.00,1,6,612,19790,DL,Delta Air Lines Inc.,DL,Delta Air Lines Inc.,10262,P,3,3,2025,2
0.00,0.00,0.00,0.00,0.00,0.00,0.00,0.00,0.00,0.00,0.00,0.00,0.00,0.00,0.00,0.00,0.00,0.00,0.00,0.00,0.00,0.00,0.00,0.00,0.00,0.00,0.00,0.00,0.00,0.00,0.00,0.00,0.00,0.00,0.00,0.00,0.00,,0.00,0.00,0.00,,,,,,0.00,0.00,0.00,1,6,612,19790,DL,Delta Air Lines Inc.,DL,Delta Air Lines Inc.,10262,P,3,3,2025,3
0.00,0.00,0.00,0.00,0.00,0.00,0.00,0.00,0.00,0.00,0.00,0.00,0.00,0.00,0.00,0.00,0.00,0.00,0.00,0.00,0.00,0.00,0.00,0.00,0.00,0.00,0.00,0.00,0.00,0.00,0.00,0.00,0.00,0.00,0.00,0.00,0.00,,0.00,0.00,0.00,,,,,,0.00,0.00,0.00,1,6,612,19790,DL,Delta Air Lines Inc.,DL,Delta Air Lines Inc.,10262,P,3,3,2025,4
0.00,0.00,0.00,0.00,0.00,0.00,0.00,0.00,0.00,0.00,0.00,0.00,0.00,0.00,0.00,0.00,0.00,0.00,0.00,0.00,0.00,0.00,0.00,0.00,0.00,0.00,0.00,0.00,0.00,0.00,0.00,0.00,0.00,0.00,0.00,0.00,0.00,,0.00,0.00,0.00,,,,,,0.00,0.00,0.00,1,6,614,19790,DL,Delta Air Lines Inc.,DL,Delta Air Lines Inc.,10261,A,3,3,2025,1
0.00,0.00,0.00,0.00,0.00,0.00,0.00,0.00,0.00,0.00,0.00,0.00,0.00,0.00,0.00,0.00,0.00,0.00,0.00,0.00,0.00,0.00,0.00,0.00,0.00,0.00,0.00,0.00,0.00,0.00,0.00,0.00,0.00,0.00,0.00,0.00,0.00,,0.00,0.00,0.00,,,,,,0.00,0.00,0.00,1,6,614,19790,DL,Delta Air Lines Inc.,DL,Delta Air Lines Inc.,10261,A,3,3,2025,2
0.00,0.00,0.00,0.00,0.00,0.00,0.00,0.00,0.00,0.00,0.00,0.00,0.00,0.00,0.00,0.00,0.00,0.00,0.00,0.00,0.00,0.00,0.00,0.00,0.00,0.00,0.00,0.00,0.00,0.00,0.00,0.00,0.00,0.00,0.00,0.00,0.00,,0.00,0.00,0.00,,,,,,0.00,0.00,0.00,1,6,614,19790,DL,Delta Air Lines Inc.,DL,Delta Air Lines Inc.,10261,A,3,3,2025,3
0.00,0.00,0.00,0.00,0.00,0.00,0.00,0.00,0.00,0.00,0.00,0.00,0.00,0.00,0.00,0.00,0.00,0.00,0.00,0.00,0.00,0.00,0.00,0.00,0.00,0.00,0.00,0.00,0.00,0.00,0.00,0.00,0.00,0.00,0.00,0.00,0.00,,0.00,0.00,0.00,,,,,,0.00,0.00,0.00,1,6,614,19790,DL,Delta Air Lines Inc.,DL,Delta Air Lines Inc.,10261,A,3,3,2025,4
0.00,0.00,0.00,0.00,0.00,0.00,0.00,0.00,0.00,0.00,0.00,0.00,0.00,0.00,0.00,0.00,0.00,0.00,0.00,0.00,0.00,0.00,0.00,0.00,0.00,0.00,0.00,0.00,0.00,0.00,0.00,0.00,0.00,0.00,0.00,0.00,0.00,,0.00,0.00,0.00,,,,,,0.00,0.00,0.00,1,6,614,19790,DL,Delta Air Lines Inc.,DL,Delta Air Lines Inc.,10262,P,3,3,2025,1
0.00,0.00,0.00,0.00,0.00,0.00,0.00,0.00,0.00,0.00,0.00,0.00,0.00,0.00,0.00,0.00,0.00,0.00,0.00,0.00,0.00,0.00,0.00,0.00,0.00,0.00,0.00,0.00,0.00,0.00,0.00,0.00,0.00,0.00,0.00,0.00,0.00,,0.00,0.00,0.00,,,,,,0.00,0.00,0.00,1,6,614,19790,DL,Delta Air Lines Inc.,DL,Delta Air Lines Inc.,10262,P,3,3,2025,2
0.00,0.00,0.00,0.00,0.00,0.00,0.00,0.00,0.00,0.00,0.00,0.00,0.00,0.00,0.00,0.00,0.00,0.00,0.00,0.00,0.00,0.00,0.00,0.00,0.00,0.00,0.00,0.00,0.00,0.00,0.00,0.00,0.00,0.00,0.00,0.00,0.00,,0.00,0.00,0.00,,,,,,0.00,0.00,0.00,1,6,614,19790,DL,Delta Air Lines Inc.,DL,Delta Air Lines Inc.,10262,P,3,3,2025,3
0.00,0.00,0.00,0.00,0.00,0.00,0.00,0.00,0.00,0.00,0.00,0.00,0.00,0.00,0.00,0.00,0.00,0.00,0.00,0.00,0.00,0.00,0.00,0.00,0.00,0.00,0.00,0.00,0.00,0.00,0.00,0.00,0.00,0.00,0.00,0.00,0.00,,0.00,0.00,0.00,,,,,,0.00,0.00,0.00,1,6,614,19790,DL,Delta Air Lines Inc.,DL,Delta Air Lines Inc.,10262,P,3,3,2025,4
0.00,0.00,0.00,0.00,0.00,0.00,0.00,0.00,0.00,0.00,0.00,0.00,0.00,0.00,0.00,0.00,0.00,0.00,0.00,0.00,0.00,0.00,0.00,0.00,0.00,0.00,0.00,0.00,0.00,0.00,0.00,0.00,0.00,0.00,0.00,0.00,0.00,,0.00,0.00,0.00,,,,,,0.00,0.00,0.00,1,6,622,19790,DL,Delta Air Lines Inc.,DL,Delta Air Lines Inc.,10261,A,3,3,2025,1
0.00,0.00,0.00,0.00,0.00,0.00,0.00,0.00,0.00,0.00,0.00,0.00,0.00,0.00,0.00,0.00,0.00,0.00,0.00,0.00,0.00,0.00,0.00,0.00,0.00,0.00,0.00,0.00,0.00,0.00,0.00,0.00,0.00,0.00,0.00,0.00,0.00,,0.00,0.00,0.00,,,,,,0.00,0.00,0.00,1,6,622,19790,DL,Delta Air Lines Inc.,DL,Delta Air Lines Inc.,10262,P,3,3,2025,1
0.00,0.00,0.00,0.00,0.00,0.00,0.00,0.00,0.00,0.00,0.00,0.00,0.00,0.00,0.00,0.00,0.00,0.00,0.00,0.00,0.00,0.00,0.00,0.00,0.00,0.00,0.00,0.00,0.00,0.00,0.00,0.00,0.00,0.00,0.00,0.00,0.00,,0.00,0.00,0.00,,,,,,0.00,0.00,0.00,1,6,622,19790,DL,Delta Air Lines Inc.,DL,Delta Air Lines Inc.,10262,P,3,3,2025,2
0.00,0.00,0.00,0.00,0.00,0.00,0.00,0.00,0.00,0.00,0.00,0.00,0.00,0.00,0.00,0.00,0.00,0.00,0.00,0.00,0.00,0.00,0.00,0.00,0.00,0.00,0.00,0.00,0.00,0.00,0.00,0.00,0.00,0.00,0.00,0.00,0.00,,0.00,0.00,0.00,,,,,,0.00,0.00,0.00,1,6,622,19790,DL,Delta Air Lines Inc.,DL,Delta Air Lines Inc.,10262,P,3,3,2025,3
0.00,0.00,0.00,0.00,0.00,0.00,0.00,0.00,0.00,0.00,0.00,0.00,0.00,0.00,0.00,0.00,0.00,0.00,0.00,0.00,0.00,0.00,0.00,0.00,0.00,0.00,0.00,0.00,0.00,0.00,0.00,0.00,0.00,0.00,0.00,0.00,0.00,,0.00,0.00,0.00,,,,,,0.00,0.00,0.00,1,6,622,19790,DL,Delta Air Lines Inc.,DL,Delta Air Lines Inc.,10262,P,3,3,2025,4
0.00,0.00,0.00,0.00,0.00,0.00,0.00,0.00,0.00,0.00,0.00,0.00,0.00,0.00,0.00,0.00,0.00,0.00,0.00,0.00,0.00,0.00,0.00,0.00,0.00,0.00,0.00,0.00,0.00,0.00,0.00,0.00,0.00,0.00,0.00,0.00,0.00,,0.00,0.00,0.00,,,,,,0.00,0.00,0.00,1,6,623,19790,DL,Delta Air Lines Inc.,DL,Delta Air Lines Inc.,10260,L,3,3,2025,3
0.00,0.00,0.00,0.00,0.00,0.00,0.00,0.00,0.00,0.00,0.00,0.00,0.00,0.00,0.00,0.00,0.00,0.00,0.00,0.00,0.00,0.00,0.00,0.00,0.00,0.00,0.00,0.00,0.00,0.00,0.00,0.00,0.00,0.00,0.00,0.00,0.00,,0.00,0.00,0.00,,,,,,0.00,0.00,0.00,1,6,623,19790,DL,Delta Air Lines Inc.,DL,Delta Air Lines Inc.,10260,L,3,3,2025,4
0.00,0.00,0.00,0.00,0.00,0.00,0.00,0.00,0.00,0.00,0.00,0.00,0.00,0.00,0.00,0.00,0.00,0.00,0.00,0.00,0.00,0.00,0.00,0.00,0.00,0.00,0.00,0.00,0.00,0.00,0.00,0.00,0.00,0.00,0.00,0.00,0.00,,0.00,0.00,0.00,,,,,,0.00,0.00,0.00,1,6,623,19790,DL,Delta Air Lines Inc.,DL,Delta Air Lines Inc.,10261,A,3,3,2025,1
0.00,0.00,0.00,0.00,0.00,0.00,0.00,0.00,0.00,0.00,0.00,0.00,0.00,0.00,0.00,0.00,0.00,0.00,0.00,0.00,0.00,0.00,0.00,0.00,0.00,0.00,0.00,0.00,0.00,0.00,0.00,0.00,0.00,0.00,0.00,0.00,0.00,,0.00,0.00,0.00,,,,,,0.00,0.00,0.00,1,6,623,19790,DL,Delta Air Lines Inc.,DL,Delta Air Lines Inc.,10261,A,3,3,2025,2
0.00,0.00,0.00,0.00,0.00,0.00,0.00,0.00,0.00,0.00,0.00,0.00,0.00,0.00,0.00,0.00,0.00,0.00,0.00,0.00,0.00,0.00,0.00,0.00,0.00,0.00,0.00,0.00,0.00,0.00,0.00,0.00,0.00,0.00,0.00,0.00,0.00,,0.00,0.00,0.00,,,,,,0.00,0.00,0.00,1,6,623,19790,DL,Delta Air Lines Inc.,DL,Delta Air Lines Inc.,10261,A,3,3,2025,3
0.00,0.00,0.00,0.00,0.00,0.00,0.00,0.00,0.00,0.00,0.00,0.00,0.00,0.00,0.00,0.00,0.00,0.00,0.00,0.00,0.00,0.00,0.00,0.00,0.00,0.00,0.00,0.00,0.00,0.00,0.00,0.00,0.00,0.00,0.00,0.00,0.00,,0.00,0.00,0.00,,,,,,0.00,0.00,0.00,1,6,623,19790,DL,Delta Air Lines Inc.,DL,Delta Air Lines Inc.,10261,A,3,3,2025,4
0.00,0.00,0.00,0.00,0.00,0.00,0.00,0.00,0.00,0.00,0.00,0.00,0.00,0.00,0.00,0.00,0.00,0.00,0.00,0.00,0.00,0.00,0.00,0.00,0.00,0.00,0.00,0.00,0.00,0.00,0.00,0.00,0.00,0.00,0.00,0.00,0.00,,0.00,0.00,0.00,,,,,,0.00,0.00,0.00,1,6,623,19790,DL,Delta Air Lines Inc.,DL,Delta Air Lines Inc.,10262,P,3,3,2025,1
0.00,0.00,0.00,0.00,0.00,0.00,0.00,0.00,0.00,0.00,0.00,0.00,0.00,0.00,0.00,0.00,0.00,0.00,0.00,0.00,0.00,0.00,0.00,0.00,0.00,0.00,0.00,0.00,0.00,0.00,0.00,0.00,0.00,0.00,0.00,0.00,0.00,,0.00,0.00,0.00,,,,,,0.00,0.00,0.00,1,6,623,19790,DL,Delta Air Lines Inc.,DL,Delta Air Lines Inc.,10262,P,3,3,2025,2
0.00,0.00,0.00,0.00,0.00,0.00,0.00,0.00,0.00,0.00,0.00,0.00,0.00,0.00,0.00,0.00,0.00,0.00,0.00,0.00,0.00,0.00,0.00,0.00,0.00,0.00,0.00,0.00,0.00,0.00,0.00,0.00,0.00,0.00,0.00,0.00,0.00,,0.00,0.00,0.00,,,,,,0.00,0.00,0.00,1,6,623,19790,DL,Delta Air Lines Inc.,DL,Delta Air Lines Inc.,10262,P,3,3,2025,3
0.00,0.00,0.00,0.00,0.00,0.00,0.00,0.00,0.00,0.00,0.00,0.00,0.00,0.00,0.00,0.00,0.00,0.00,0.00,0.00,0.00,0.00,0.00,0.00,0.00,0.00,0.00,0.00,0.00,0.00,0.00,0.00,0.00,0.00,0.00,0.00,0.00,,0.00,0.00,0.00,,,,,,0.00,0.00,0.00,1,6,623,19790,DL,Delta Air Lines Inc.,DL,Delta Air Lines Inc.,10262,P,3,3,2025,4
0.00,0.00,0.00,0.00,0.00,0.00,0.00,0.00,0.00,0.00,0.00,0.00,0.00,0.00,0.00,0.00,0.00,0.00,0.00,0.00,0.00,0.00,0.00,0.00,0.00,0.00,0.00,0.00,0.00,0.00,0.00,0.00,0.00,0.00,0.00,0.00,0.00,,0.00,0.00,0.00,,,,,,0.00,0.00,0.00,1,6,624,19790,DL,Delta Air Lines Inc.,DL,Delta Air Lines Inc.,10260,L,3,3,2025,3
0.00,0.00,0.00,0.00,0.00,0.00,0.00,0.00,0.00,0.00,0.00,0.00,0.00,0.00,0.00,0.00,0.00,0.00,0.00,0.00,0.00,0.00,0.00,0.00,0.00,0.00,0.00,0.00,0.00,0.00,0.00,0.00,0.00,0.00,0.00,0.00,0.00,,0.00,0.00,0.00,,,,,,0.00,0.00,0.00,1,6,624,19790,DL,Delta Air Lines Inc.,DL,Delta Air Lines Inc.,10262,P,3,3,2025,1
0.00,0.00,0.00,0.00,0.00,0.00,0.00,0.00,0.00,0.00,0.00,0.00,0.00,0.00,0.00,0.00,0.00,0.00,0.00,0.00,0.00,0.00,0.00,0.00,0.00,0.00,0.00,0.00,0.00,0.00,0.00,0.00,0.00,0.00,0.00,0.00,0.00,,0.00,0.00,0.00,,,,,,0.00,0.00,0.00,1,6,624,19790,DL,Delta Air Lines Inc.,DL,Delta Air Lines Inc.,10262,P,3,3,2025,2
0.00,0.00,0.00,0.00,0.00,0.00,0.00,0.00,0.00,0.00,0.00,0.00,0.00,0.00,0.00,0.00,0.00,0.00,0.00,0.00,0.00,0.00,0.00,0.00,0.00,0.00,0.00,0.00,0.00,0.00,0.00,0.00,0.00,0.00,0.00,0.00,0.00,,0.00,0.00,0.00,,,,,,0.00,0.00,0.00,1,6,626,19690,HA,Hawaiian Airlines Inc.,HA,Hawaiian Airlines Inc.,05375,D,3,3,2025,1
0.00,0.00,0.00,0.00,0.00,0.00,0.00,0.00,0.00,0.00,0.00,0.00,0.00,0.00,0.00,0.00,0.00,0.00,0.00,0.00,0.00,0.00,0.00,0.00,0.00,0.00,0.00,0.00,0.00,0.00,0.00,0.00,0.00,0.00,0.00,0.00,0.00,,0.00,0.00,0.00,,,,,,0.00,0.00,0.00,1,6,626,19690,HA,Hawaiian Airlines Inc.,HA,Hawaiian Airlines Inc.,05375,D,3,3,2025,2
0.00,0.00,0.00,0.00,0.00,0.00,0.00,0.00,0.00,0.00,0.00,0.00,0.00,0.00,0.00,0.00,0.00,0.00,0.00,0.00,0.00,0.00,0.00,0.00,0.00,0.00,0.00,0.00,0.00,0.00,0.00,0.00,0.00,0.00,0.00,0.00,0.00,,0.00,0.00,0.00,,,,,,0.00,0.00,0.00,1,6,626,19690,HA,Hawaiian Airlines Inc.,HA,Hawaiian Airlines Inc.,15375,P,3,3,2025,1
0.00,0.00,0.00,0.00,0.00,0.00,0.00,0.00,0.00,0.00,0.00,0.00,0.00,0.00,0.00,0.00,0.00,0.00,0.00,0.00,0.00,0.00,0.00,0.00,0.00,0.00,0.00,0.00,0.00,0.00,0.00,0.00,0.00,0.00,0.00,0.00,0.00,,0.00,0.00,0.00,,,,,,0.00,0.00,0.00,1,6,626,19690,HA,Hawaiian Airlines Inc.,HA,Hawaiian Airlines Inc.,15375,P,3,3,2025,2
0.00,0.00,0.00,0.00,0.00,0.00,0.00,0.00,0.00,0.00,0.00,0.00,0.00,0.00,0.00,0.00,0.00,0.00,0.00,0.00,0.00,0.00,0.00,0.00,0.00,0.00,0.00,0.00,0.00,0.00,0.00,0.00,0.00,0.00,0.00,0.00,0.00,,0.00,0.00,0.00,,,,,,0.00,0.00,0.00,1,6,629,20363,9E,Endeavor Air Inc.,9E,Endeavor Air Inc.,11027,L,2,2,2025,1
0.00,0.00,0.00,0.00,0.00,0.00,0.00,0.00,0.00,0.00,0.00,0.00,0.00,0.00,0.00,0.00,0.00,0.00,0.00,0.00,0.00,0.00,0.00,0.00,0.00,0.00,0.00,0.00,0.00,0.00,0.00,0.00,0.00,0.00,0.00,0.00,0.00,,0.00,0.00,0.00,,,,,,0.00,0.00,0.00,1,6,629,20363,9E,Endeavor Air Inc.,9E,Endeavor Air Inc.,11027,L,2,2,2025,2
0.00,0.00,0.00,0.00,0.00,0.00,0.00,0.00,0.00,0.00,0.00,0.00,0.00,0.00,0.00,0.00,0.00,0.00,0.00,0.00,0.00,0.00,0.00,0.00,0.00,0.00,0.00,0.00,0.00,0.00,0.00,0.00,0.00,0.00,0.00,0.00,0.00,,0.00,0.00,0.00,,,,,,0.00,0.00,0.00,1,6,629,20363,9E,Endeavor Air Inc.,9E,Endeavor Air Inc.,11027,L,2,2,2025,3
0.00,0.00,0.00,0.00,0.00,0.00,0.00,0.00,0.00,0.00,0.00,0.00,0.00,0.00,0.00,0.00,0.00,0.00,0.00,0.00,0.00,0.00,0.00,0.00,0.00,0.00,0.00,0.00,0.00,0.00,0.00,0.00,0.00,0.00,0.00,0.00,0.00,,0.00,0.00,0.00,,,,,,0.00,0.00,0.00,1,6,629,20363,9E,Endeavor Air Inc.,9E,Endeavor Air Inc.,11027,L,2,2,2025,4
0.00,0.00,0.00,0.00,0.00,0.00,0.00,0.00,0.00,0.00,0.00,0.00,0.00,0.00,0.00,0.00,0.00,0.00,0.00,0.00,0.00,0.00,0.00,0.00,0.00,0.00,0.00,0.00,0.00,0.00,0.00,0.00,0.00,0.00,0.00,0.00,0.00,,0.00,0.00,0.00,,,,,,0.00,0.00,0.00,1,6,655,19790,DL,Delta Air Lines Inc.,DL,Delta Air Lines Inc.,01260,D,3,3,2025,1
0.00,0.00,0.00,0.00,0.00,0.00,0.00,0.00,0.00,0.00,0.00,0.00,0.00,0.00,0.00,0.00,0.00,0.00,0.00,0.00,0.00,0.00,0.00,0.00,0.00,0.00,0.00,0.00,0.00,0.00,0.00,0.00,0.00,0.00,0.00,0.00,0.00,,0.00,0.00,0.00,,,,,,0.00,0.00,0.00,1,6,655,19790,DL,Delta Air Lines Inc.,DL,Delta Air Lines Inc.,01260,D,3,3,2025,2
0.00,0.00,0.00,0.00,0.00,0.00,0.00,0.00,0.00,0.00,0.00,0.00,0.00,0.00,0.00,0.00,0.00,0.00,0.00,0.00,0.00,0.00,0.00,0.00,0.00,0.00,0.00,0.00,0.00,0.00,0.00,0.00,0.00,0.00,0.00,0.00,0.00,,0.00,0.00,0.00,,,,,,0.00,0.00,0.00,1,6,655,19790,DL,Delta Air Lines Inc.,DL,Delta Air Lines Inc.,01260,D,3,3,2025,3
0.00,0.00,0.00,0.00,0.00,0.00,0.00,0.00,0.00,0.00,0.00,0.00,0.00,0.00,0.00,0.00,0.00,0.00,0.00,0.00,0.00,0.00,0.00,0.00,0.00,0.00,0.00,0.00,0.00,0.00,0.00,0.00,0.00,0.00,0.00,0.00,0.00,,0.00,0.00,0.00,,,,,,0.00,0.00,0.00,1,6,655,19790,DL,Delta Air Lines Inc.,DL,Delta Air Lines Inc.,01260,D,3,3,2025,4
0.00,0.00,0.00,0.00,0.00,0.00,0.00,0.00,0.00,0.00,0.00,0.00,0.00,0.00,0.00,0.00,0.00,0.00,0.00,0.00,0.00,0.00,0.00,0.00,0.00,0.00,0.00,0.00,0.00,0.00,0.00,0.00,0.00,0.00,0.00,0.00,0.00,,0.00,0.00,0.00,,,,,,0.00,0.00,0.00,1,6,655,19790,DL,Delta Air Lines Inc.,DL,Delta Air Lines Inc.,10260,L,3,3,2025,1
0.00,0.00,0.00,0.00,0.00,0.00,0.00,0.00,0.00,0.00,0.00,0.00,0.00,0.00,0.00,0.00,0.00,0.00,0.00,0.00,0.00,0.00,0.00,0.00,0.00,0.00,0.00,0.00,0.00,0.00,0.00,0.00,0.00,0.00,0.00,0.00,0.00,,0.00,0.00,0.00,,,,,,0.00,0.00,0.00,1,6,655,19790,DL,Delta Air Lines Inc.,DL,Delta Air Lines Inc.,10260,L,3,3,2025,2
0.00,0.00,0.00,0.00,0.00,0.00,0.00,0.00,0.00,0.00,0.00,0.00,0.00,0.00,0.00,0.00,0.00,0.00,0.00,0.00,0.00,0.00,0.00,0.00,0.00,0.00,0.00,0.00,0.00,0.00,0.00,0.00,0.00,0.00,0.00,0.00,0.00,,0.00,0.00,0.00,,,,,,0.00,0.00,0.00,1,6,655,19790,DL,Delta Air Lines Inc.,DL,Delta Air Lines Inc.,10260,L,3,3,2025,3
0.00,0.00,0.00,0.00,0.00,0.00,0.00,0.00,0.00,0.00,0.00,0.00,0.00,0.00,0.00,0.00,0.00,0.00,0.00,0.00,0.00,0.00,0.00,0.00,0.00,0.00,0.00,0.00,0.00,0.00,0.00,0.00,0.00,0.00,0.00,0.00,0.00,,0.00,0.00,0.00,,,,,,0.00,0.00,0.00,1,6,655,19790,DL,Delta Air Lines Inc.,DL,Delta Air Lines Inc.,10260,L,3,3,2025,4
0.00,0.00,0.00,0.00,0.00,0.00,0.00,0.00,0.00,0.00,0.00,0.00,0.00,0.00,0.00,0.00,0.00,0.00,0.00,0.00,0.00,0.00,0.00,0.00,0.00,0.00,0.00,0.00,0.00,0.00,0.00,0.00,0.00,0.00,0.00,0.00,0.00,,0.00,0.00,0.00,,,,,,0.00,0.00,0.00,1,6,655,19790,DL,Delta Air Lines Inc.,DL,Delta Air Lines Inc.,10261,A,3,3,2025,1
0.00,0.00,0.00,0.00,0.00,0.00,0.00,0.00,0.00,0.00,0.00,0.00,0.00,0.00,0.00,0.00,0.00,0.00,0.00,0.00,0.00,0.00,0.00,0.00,0.00,0.00,0.00,0.00,0.00,0.00,0.00,0.00,0.00,0.00,0.00,0.00,0.00,,0.00,0.00,0.00,,,,,,0.00,0.00,0.00,1,6,655,19790,DL,Delta Air Lines Inc.,DL,Delta Air Lines Inc.,10261,A,3,3,2025,2
0.00,0.00,0.00,0.00,0.00,0.00,0.00,0.00,0.00,0.00,0.00,0.00,0.00,0.00,0.00,0.00,0.00,0.00,0.00,0.00,0.00,0.00,0.00,0.00,0.00,0.00,0.00,0.00,0.00,0.00,0.00,0.00,0.00,0.00,0.00,0.00,0.00,,0.00,0.00,0.00,,,,,,0.00,0.00,0.00,1,6,655,19790,DL,Delta Air Lines Inc.,DL,Delta Air Lines Inc.,10261,A,3,3,2025,3
0.00,0.00,0.00,0.00,0.00,0.00,0.00,0.00,0.00,0.00,0.00,0.00,0.00,0.00,0.00,0.00,0.00,0.00,0.00,0.00,0.00,0.00,0.00,0.00,0.00,0.00,0.00,0.00,0.00,0.00,0.00,0.00,0.00,0.00,0.00,0.00,0.00,,0.00,0.00,0.00,,,,,,0.00,0.00,0.00,1,6,655,19790,DL,Delta Air Lines Inc.,DL,Delta Air Lines Inc.,10261,A,3,3,2025,4
0.00,0.00,0.00,0.00,0.00,0.00,0.00,0.00,0.00,0.00,0.00,0.00,0.00,0.00,0.00,0.00,0.00,0.00,0.00,0.00,0.00,0.00,0.00,0.00,0.00,0.00,0.00,0.00,0.00,0.00,0.00,0.00,0.00,0.00,0.00,0.00,0.00,,0.00,0.00,0.00,,,,,,0.00,0.00,0.00,1,6,655,19790,DL,Delta Air Lines Inc.,DL,Delta Air Lines Inc.,10262,P,3,3,2025,1
0.00,0.00,0.00,0.00,0.00,0.00,0.00,0.00,0.00,0.00,0.00,0.00,0.00,0.00,0.00,0.00,0.00,0.00,0.00,0.00,0.00,0.00,0.00,0.00,0.00,0.00,0.00,0.00,0.00,0.00,0.00,0.00,0.00,0.00,0.00,0.00,0.00,,0.00,0.00,0.00,,,,,,0.00,0.00,0.00,1,6,655,19790,DL,Delta Air Lines Inc.,DL,Delta Air Lines Inc.,10262,P,3,3,2025,2
0.00,0.00,0.00,0.00,0.00,0.00,0.00,0.00,0.00,0.00,0.00,0.00,0.00,0.00,0.00,0.00,0.00,0.00,0.00,0.00,0.00,0.00,0.00,0.00,0.00,0.00,0.00,0.00,0.00,0.00,0.00,0.00,0.00,0.00,0.00,0.00,0.00,,0.00,0.00,0.00,,,,,,0.00,0.00,0.00,1,6,655,19790,DL,Delta Air Lines Inc.,DL,Delta Air Lines Inc.,10262,P,3,3,2025,3
0.00,0.00,0.00,0.00,0.00,0.00,0.00,0.00,0.00,0.00,0.00,0.00,0.00,0.00,0.00,0.00,0.00,0.00,0.00,0.00,0.00,0.00,0.00,0.00,0.00,0.00,0.00,0.00,0.00,0.00,0.00,0.00,0.00,0.00,0.00,0.00,0.00,,0.00,0.00,0.00,,,,,,0.00,0.00,0.00,1,6,655,19790,DL,Delta Air Lines Inc.,DL,Delta Air Lines Inc.,10262,P,3,3,2025,4
0.00,0.00,0.00,0.00,0.00,0.00,0.00,0.00,0.00,0.00,0.00,0.00,0.00,0.00,0.00,0.00,0.00,0.00,0.00,0.00,0.00,0.00,0.00,0.00,0.00,0.00,0.00,0.00,0.00,0.00,0.00,0.00,0.00,0.00,0.00,0.00,0.00,,0.00,0.00,0.00,,,,,,0.00,0.00,0.00,1,6,656,19790,DL,Delta Air Lines Inc.,DL,Delta Air Lines Inc.,01260,D,3,3,2025,1
0.00,0.00,0.00,0.00,0.00,0.00,0.00,0.00,0.00,0.00,0.00,0.00,0.00,0.00,0.00,0.00,0.00,0.00,0.00,0.00,0.00,0.00,0.00,0.00,0.00,0.00,0.00,0.00,0.00,0.00,0.00,0.00,0.00,0.00,0.00,0.00,0.00,,0.00,0.00,0.00,,,,,,0.00,0.00,0.00,1,6,656,19790,DL,Delta Air Lines Inc.,DL,Delta Air Lines Inc.,01260,D,3,3,2025,2
0.00,0.00,0.00,0.00,0.00,0.00,0.00,0.00,0.00,0.00,0.00,0.00,0.00,0.00,0.00,0.00,0.00,0.00,0.00,0.00,0.00,0.00,0.00,0.00,0.00,0.00,0.00,0.00,0.00,0.00,0.00,0.00,0.00,0.00,0.00,0.00,0.00,,0.00,0.00,0.00,,,,,,0.00,0.00,0.00,1,6,656,19790,DL,Delta Air Lines Inc.,DL,Delta Air Lines Inc.,01260,D,3,3,2025,3
0.00,0.00,0.00,0.00,0.00,0.00,0.00,0.00,0.00,0.00,0.00,0.00,0.00,0.00,0.00,0.00,0.00,0.00,0.00,0.00,0.00,0.00,0.00,0.00,0.00,0.00,0.00,0.00,0.00,0.00,0.00,0.00,0.00,0.00,0.00,0.00,0.00,,0.00,0.00,0.00,,,,,,0.00,0.00,0.00,1,6,656,19790,DL,Delta Air Lines Inc.,DL,Delta Air Lines Inc.,01260,D,3,3,2025,4
0.00,0.00,0.00,0.00,0.00,0.00,0.00,0.00,0.00,0.00,0.00,0.00,0.00,0.00,0.00,0.00,0.00,0.00,0.00,0.00,0.00,0.00,0.00,0.00,0.00,0.00,0.00,0.00,0.00,0.00,0.00,0.00,0.00,0.00,0.00,0.00,0.00,,0.00,0.00,0.00,,,,,,0.00,0.00,0.00,1,6,656,19790,DL,Delta Air Lines Inc.,DL,Delta Air Lines Inc.,10260,L,3,3,2025,1
0.00,0.00,0.00,0.00,0.00,0.00,0.00,0.00,0.00,0.00,0.00,0.00,0.00,0.00,0.00,0.00,0.00,0.00,0.00,0.00,0.00,0.00,0.00,0.00,0.00,0.00,0.00,0.00,0.00,0.00,0.00,0.00,0.00,0.00,0.00,0.00,0.00,,0.00,0.00,0.00,,,,,,0.00,0.00,0.00,1,6,656,19790,DL,Delta Air Lines Inc.,DL,Delta Air Lines Inc.,10260,L,3,3,2025,2
0.00,0.00,0.00,0.00,0.00,0.00,0.00,0.00,0.00,0.00,0.00,0.00,0.00,0.00,0.00,0.00,0.00,0.00,0.00,0.00,0.00,0.00,0.00,0.00,0.00,0.00,0.00,0.00,0.00,0.00,0.00,0.00,0.00,0.00,0.00,0.00,0.00,,0.00,0.00,0.00,,,,,,0.00,0.00,0.00,1,6,656,19790,DL,Delta Air Lines Inc.,DL,Delta Air Lines Inc.,10260,L,3,3,2025,3
0.00,0.00,0.00,0.00,0.00,0.00,0.00,0.00,0.00,0.00,0.00,0.00,0.00,0.00,0.00,0.00,0.00,0.00,0.00,0.00,0.00,0.00,0.00,0.00,0.00,0.00,0.00,0.00,0.00,0.00,0.00,0.00,0.00,0.00,0.00,0.00,0.00,,0.00,0.00,0.00,,,,,,0.00,0.00,0.00,1,6,656,19790,DL,Delta Air Lines Inc.,DL,Delta Air Lines Inc.,10260,L,3,3,2025,4
0.00,0.00,0.00,0.00,0.00,0.00,0.00,0.00,0.00,0.00,0.00,0.00,0.00,0.00,0.00,0.00,0.00,0.00,0.00,0.00,0.00,0.00,0.00,0.00,0.00,0.00,0.00,0.00,0.00,0.00,0.00,0.00,0.00,0.00,0.00,0.00,0.00,,0.00,0.00,0.00,,,,,,0.00,0.00,0.00,1,6,656,19790,DL,Delta Air Lines Inc.,DL,Delta Air Lines Inc.,10261,A,3,3,2025,1
0.00,0.00,0.00,0.00,0.00,0.00,0.00,0.00,0.00,0.00,0.00,0.00,0.00,0.00,0.00,0.00,0.00,0.00,0.00,0.00,0.00,0.00,0.00,0.00,0.00,0.00,0.00,0.00,0.00,0.00,0.00,0.00,0.00,0.00,0.00,0.00,0.00,,0.00,0.00,0.00,,,,,,0.00,0.00,0.00,1,6,656,19790,DL,Delta Air Lines Inc.,DL,Delta Air Lines Inc.,10261,A,3,3,2025,2
0.00,0.00,0.00,0.00,0.00,0.00,0.00,0.00,0.00,0.00,0.00,0.00,0.00,0.00,0.00,0.00,0.00,0.00,0.00,0.00,0.00,0.00,0.00,0.00,0.00,0.00,0.00,0.00,0.00,0.00,0.00,0.00,0.00,0.00,0.00,0.00,0.00,,0.00,0.00,0.00,,,,,,0.00,0.00,0.00,1,6,656,19790,DL,Delta Air Lines Inc.,DL,Delta Air Lines Inc.,10261,A,3,3,2025,3
0.00,0.00,0.00,0.00,0.00,0.00,0.00,0.00,0.00,0.00,0.00,0.00,0.00,0.00,0.00,0.00,0.00,0.00,0.00,0.00,0.00,0.00,0.00,0.00,0.00,0.00,0.00,0.00,0.00,0.00,0.00,0.00,0.00,0.00,0.00,0.00,0.00,,0.00,0.00,0.00,,,,,,0.00,0.00,0.00,1,6,656,19790,DL,Delta Air Lines Inc.,DL,Delta Air Lines Inc.,10261,A,3,3,2025,4
0.00,0.00,0.00,0.00,0.00,0.00,0.00,0.00,0.00,0.00,0.00,0.00,0.00,0.00,0.00,0.00,0.00,0.00,0.00,0.00,0.00,0.00,0.00,0.00,0.00,0.00,0.00,0.00,0.00,0.00,0.00,0.00,0.00,0.00,0.00,0.00,0.00,,0.00,0.00,0.00,,,,,,0.00,0.00,0.00,1,6,656,19790,DL,Delta Air Lines Inc.,DL,Delta Air Lines Inc.,10262,P,3,3,2025,1
0.00,0.00,0.00,0.00,0.00,0.00,0.00,0.00,0.00,0.00,0.00,0.00,0.00,0.00,0.00,0.00,0.00,0.00,0.00,0.00,0.00,0.00,0.00,0.00,0.00,0.00,0.00,0.00,0.00,0.00,0.00,0.00,0.00,0.00,0.00,0.00,0.00,,0.00,0.00,0.00,,,,,,0.00,0.00,0.00,1,6,656,19790,DL,Delta Air Lines Inc.,DL,Delta Air Lines Inc.,10262,P,3,3,2025,2
0.00,0.00,0.00,0.00,0.00,0.00,0.00,0.00,0.00,0.00,0.00,0.00,0.00,0.00,0.00,0.00,0.00,0.00,0.00,0.00,0.00,0.00,0.00,0.00,0.00,0.00,0.00,0.00,0.00,0.00,0.00,0.00,0.00,0.00,0.00,0.00,0.00,,0.00,0.00,0.00,,,,,,0.00,0.00,0.00,1,6,656,19790,DL,Delta Air Lines Inc.,DL,Delta Air Lines Inc.,10262,P,3,3,2025,3
0.00,0.00,0.00,0.00,0.00,0.00,0.00,0.00,0.00,0.00,0.00,0.00,0.00,0.00,0.00,0.00,0.00,0.00,0.00,0.00,0.00,0.00,0.00,0.00,0.00,0.00,0.00,0.00,0.00,0.00,0.00,0.00,0.00,0.00,0.00,0.00,0.00,,0.00,0.00,0.00,,,,,,0.00,0.00,0.00,1,6,656,19790,DL,Delta Air Lines Inc.,DL,Delta Air Lines Inc.,10262,P,3,3,2025,4
0.00,0.00,0.00,0.00,0.00,0.00,0.00,0.00,0.00,0.00,0.00,0.00,0.00,0.00,0.00,0.00,0.00,0.00,0.00,0.00,0.00,0.00,0.00,0.00,0.00,0.00,0.00,0.00,0.00,0.00,0.00,0.00,0.00,0.00,0.00,0.00,0.00,,0.00,0.00,0.00,,,,,,0.00,0.00,0.00,1,6,694,19790,DL,Delta Air Lines Inc.,DL,Delta Air Lines Inc.,10261,A,3,3,2025,1
0.00,0.00,0.00,0.00,0.00,0.00,0.00,0.00,0.00,0.00,0.00,0.00,0.00,0.00,0.00,0.00,0.00,0.00,0.00,0.00,0.00,0.00,0.00,0.00,0.00,0.00,0.00,0.00,0.00,0.00,0.00,0.00,0.00,0.00,0.00,0.00,0.00,,0.00,0.00,0.00,,,,,,0.00,0.00,0.00,1,6,694,19790,DL,Delta Air Lines Inc.,DL,Delta Air Lines Inc.,10261,A,3,3,2025,2
0.00,0.00,0.00,0.00,0.00,0.00,0.00,0.00,0.00,0.00,0.00,0.00,0.00,0.00,0.00,0.00,0.00,0.00,0.00,0.00,0.00,0.00,0.00,0.00,0.00,0.00,0.00,0.00,0.00,0.00,0.00,0.00,0.00,0.00,0.00,0.00,0.00,,0.00,0.00,0.00,,,,,,0.00,0.00,0.00,1,6,694,19790,DL,Delta Air Lines Inc.,DL,Delta Air Lines Inc.,10261,A,3,3,2025,3
0.00,0.00,0.00,0.00,0.00,0.00,0.00,0.00,0.00,0.00,0.00,0.00,0.00,0.00,0.00,0.00,0.00,0.00,0.00,0.00,0.00,0.00,0.00,0.00,0.00,0.00,0.00,0.00,0.00,0.00,0.00,0.00,0.00,0.00,0.00,0.00,0.00,,0.00,0.00,0.00,,,,,,0.00,0.00,0.00,1,6,694,19790,DL,Delta Air Lines Inc.,DL,Delta Air Lines Inc.,10261,A,3,3,2025,4
0.00,0.00,0.00,0.00,0.00,0.00,0.00,0.00,0.00,0.00,0.00,0.00,0.00,0.00,0.00,0.00,0.00,0.00,0.00,0.00,0.00,0.00,0.00,0.00,0.00,0.00,0.00,0.00,0.00,0.00,0.00,0.00,0.00,0.00,0.00,0.00,0.00,,0.00,0.00,0.00,,,,,,0.00,0.00,0.00,1,6,694,19790,DL,Delta Air Lines Inc.,DL,Delta Air Lines Inc.,10262,P,3,3,2025,1
0.00,0.00,0.00,0.00,0.00,0.00,0.00,0.00,0.00,0.00,0.00,0.00,0.00,0.00,0.00,0.00,0.00,0.00,0.00,0.00,0.00,0.00,0.00,0.00,0.00,0.00,0.00,0.00,0.00,0.00,0.00,0.00,0.00,0.00,0.00,0.00,0.00,,0.00,0.00,0.00,,,,,,0.00,0.00,0.00,1,6,694,19790,DL,Delta Air Lines Inc.,DL,Delta Air Lines Inc.,10262,P,3,3,2025,2
0.00,0.00,0.00,0.00,0.00,0.00,0.00,0.00,0.00,0.00,0.00,0.00,0.00,0.00,0.00,0.00,0.00,0.00,0.00,0.00,0.00,0.00,0.00,0.00,0.00,0.00,0.00,0.00,0.00,0.00,0.00,0.00,0.00,0.00,0.00,0.00,0.00,,0.00,0.00,0.00,,,,,,0.00,0.00,0.00,1,6,694,19790,DL,Delta Air Lines Inc.,DL,Delta Air Lines Inc.,10262,P,3,3,2025,3
0.00,0.00,0.00,0.00,0.00,0.00,0.00,0.00,0.00,0.00,0.00,0.00,0.00,0.00,0.00,0.00,0.00,0.00,0.00,0.00,0.00,0.00,0.00,0.00,0.00,0.00,0.00,0.00,0.00,0.00,0.00,0.00,0.00,0.00,0.00,0.00,0.00,,0.00,0.00,0.00,,,,,,0.00,0.00,0.00,1,6,694,19790,DL,Delta Air Lines Inc.,DL,Delta Air Lines Inc.,10262,P,3,3,2025,4
0.00,0.00,0.00,0.00,0.00,0.00,0.00,0.00,0.00,0.00,0.00,0.00,0.00,0.00,0.00,0.00,0.00,0.00,0.00,0.00,0.00,0.00,0.00,0.00,0.00,0.00,0.00,0.00,0.00,0.00,0.00,0.00,0.00,0.00,0.00,0.00,0.00,,0.00,0.00,0.00,,,,,,0.00,0.00,0.00,1,6,696,19790,DL,Delta Air Lines Inc.,DL,Delta Air Lines Inc.,10262,P,3,3,2025,3
0.00,0.00,0.00,0.00,0.00,0.00,0.00,0.00,0.00,0.00,0.00,0.00,0.00,0.00,0.00,0.00,0.00,0.00,0.00,0.00,0.00,0.00,0.00,0.00,0.00,0.00,0.00,0.00,0.00,0.00,0.00,0.00,0.00,0.00,0.00,0.00,0.00,,0.00,0.00,0.00,,,,,,0.00,0.00,0.00,1,6,698,19790,DL,Delta Air Lines Inc.,DL,Delta Air Lines Inc.,10261,A,3,3,2025,1
0.00,0.00,0.00,0.00,0.00,0.00,0.00,0.00,0.00,0.00,0.00,0.00,0.00,0.00,0.00,0.00,0.00,0.00,0.00,0.00,0.00,0.00,0.00,0.00,0.00,0.00,0.00,0.00,0.00,0.00,0.00,0.00,0.00,0.00,0.00,0.00,0.00,,0.00,0.00,0.00,,,,,,0.00,0.00,0.00,1,6,698,19790,DL,Delta Air Lines Inc.,DL,Delta Air Lines Inc.,10261,A,3,3,2025,2
0.00,0.00,0.00,0.00,0.00,0.00,0.00,0.00,0.00,0.00,0.00,0.00,0.00,0.00,0.00,0.00,0.00,0.00,0.00,0.00,0.00,0.00,0.00,0.00,0.00,0.00,0.00,0.00,0.00,0.00,0.00,0.00,0.00,0.00,0.00,0.00,0.00,,0.00,0.00,0.00,,,,,,0.00,0.00,0.00,1,6,698,19790,DL,Delta Air Lines Inc.,DL,Delta Air Lines Inc.,10261,A,3,3,2025,3
0.00,0.00,0.00,0.00,0.00,0.00,0.00,0.00,0.00,0.00,0.00,0.00,0.00,0.00,0.00,0.00,0.00,0.00,0.00,0.00,0.00,0.00,0.00,0.00,0.00,0.00,0.00,0.00,0.00,0.00,0.00,0.00,0.00,0.00,0.00,0.00,0.00,,0.00,0.00,0.00,,,,,,0.00,0.00,0.00,1,6,698,19790,DL,Delta Air Lines Inc.,DL,Delta Air Lines Inc.,10261,A,3,3,2025,4
0.00,0.00,0.00,0.00,0.00,0.00,0.00,0.00,0.00,0.00,0.00,0.00,0.00,0.00,0.00,0.00,0.00,0.00,0.00,0.00,0.00,0.00,0.00,0.00,0.00,0.00,0.00,0.00,0.00,0.00,0.00,0.00,0.00,0.00,0.00,0.00,0.00,,0.00,0.00,0.00,,,,,,0.00,0.00,0.00,1,6,698,19790,DL,Delta Air Lines Inc.,DL,Delta Air Lines Inc.,10262,P,3,3,2025,1
0.00,0.00,0.00,0.00,0.00,0.00,0.00,0.00,0.00,0.00,0.00,0.00,0.00,0.00,0.00,0.00,0.00,0.00,0.00,0.00,0.00,0.00,0.00,0.00,0.00,0.00,0.00,0.00,0.00,0.00,0.00,0.00,0.00,0.00,0.00,0.00,0.00,,0.00,0.00,0.00,,,,,,0.00,0.00,0.00,1,6,698,19790,DL,Delta Air Lines Inc.,DL,Delta Air Lines Inc.,10262,P,3,3,2025,2
0.00,0.00,0.00,0.00,0.00,0.00,0.00,0.00,0.00,0.00,0.00,0.00,0.00,0.00,0.00,0.00,0.00,0.00,0.00,0.00,0.00,0.00,0.00,0.00,0.00,0.00,0.00,0.00,0.00,0.00,0.00,0.00,0.00,0.00,0.00,0.00,0.00,,0.00,0.00,0.00,,,,,,0.00,0.00,0.00,1,6,698,19790,DL,Delta Air Lines Inc.,DL,Delta Air Lines Inc.,10262,P,3,3,2025,3
0.00,0.00,0.00,0.00,0.00,0.00,0.00,0.00,0.00,0.00,0.00,0.00,0.00,0.00,0.00,0.00,0.00,0.00,0.00,0.00,0.00,0.00,0.00,0.00,0.00,0.00,0.00,0.00,0.00,0.00,0.00,0.00,0.00,0.00,0.00,0.00,0.00,,0.00,0.00,0.00,,,,,,0.00,0.00,0.00,1,6,698,19790,DL,Delta Air Lines Inc.,DL,Delta Air Lines Inc.,10262,P,3,3,2025,4
0.00,0.00,0.00,0.00,0.00,0.00,0.00,0.00,0.00,0.00,0.00,0.00,0.00,0.00,0.00,0.00,0.00,0.00,0.00,0.00,0.00,0.00,0.00,0.00,0.00,0.00,0.00,0.00,0.00,0.00,0.00,0.00,0.00,0.00,0.00,0.00,0.00,,0.00,0.00,0.00,,,,,,0.00,0.00,0.00,1,6,699,19790,DL,Delta Air Lines Inc.,DL,Delta Air Lines Inc.,10261,A,3,3,2025,1
0.00,0.00,0.00,0.00,0.00,0.00,0.00,0.00,0.00,0.00,0.00,0.00,0.00,0.00,0.00,0.00,0.00,0.00,0.00,0.00,0.00,0.00,0.00,0.00,0.00,0.00,0.00,0.00,0.00,0.00,0.00,0.00,0.00,0.00,0.00,0.00,0.00,,0.00,0.00,0.00,,,,,,0.00,0.00,0.00,1,6,699,19790,DL,Delta Air Lines Inc.,DL,Delta Air Lines Inc.,10261,A,3,3,2025,2
0.00,0.00,0.00,0.00,0.00,0.00,0.00,0.00,0.00,0.00,0.00,0.00,0.00,0.00,0.00,0.00,0.00,0.00,0.00,0.00,0.00,0.00,0.00,0.00,0.00,0.00,0.00,0.00,0.00,0.00,0.00,0.00,0.00,0.00,0.00,0.00,0.00,,0.00,0.00,0.00,,,,,,0.00,0.00,0.00,1,6,699,19790,DL,Delta Air Lines Inc.,DL,Delta Air Lines Inc.,10261,A,3,3,2025,3
0.00,0.00,0.00,0.00,0.00,0.00,0.00,0.00,0.00,0.00,0.00,0.00,0.00,0.00,0.00,0.00,0.00,0.00,0.00,0.00,0.00,0.00,0.00,0.00,0.00,0.00,0.00,0.00,0.00,0.00,0.00,0.00,0.00,0.00,0.00,0.00,0.00,,0.00,0.00,0.00,,,,,,0.00,0.00,0.00,1,6,699,19790,DL,Delta Air Lines Inc.,DL,Delta Air Lines Inc.,10261,A,3,3,2025,4
0.00,0.00,0.00,0.00,0.00,0.00,0.00,0.00,0.00,0.00,0.00,0.00,0.00,0.00,0.00,0.00,0.00,0.00,0.00,0.00,0.00,0.00,0.00,0.00,0.00,0.00,0.00,0.00,0.00,0.00,0.00,0.00,0.00,0.00,0.00,0.00,0.00,,0.00,0.00,0.00,,,,,,0.00,0.00,0.00,1,6,699,19790,DL,Delta Air Lines Inc.,DL,Delta Air Lines Inc.,10262,P,3,3,2025,1
0.00,0.00,0.00,0.00,0.00,0.00,0.00,0.00,0.00,0.00,0.00,0.00,0.00,0.00,0.00,0.00,0.00,0.00,0.00,0.00,0.00,0.00,0.00,0.00,0.00,0.00,0.00,0.00,0.00,0.00,0.00,0.00,0.00,0.00,0.00,0.00,0.00,,0.00,0.00,0.00,,,,,,0.00,0.00,0.00,1,6,699,19790,DL,Delta Air Lines Inc.,DL,Delta Air Lines Inc.,10262,P,3,3,2025,2
0.00,0.00,0.00,0.00,0.00,0.00,0.00,0.00,0.00,0.00,0.00,0.00,0.00,0.00,0.00,0.00,0.00,0.00,0.00,0.00,0.00,0.00,0.00,0.00,0.00,0.00,0.00,0.00,0.00,0.00,0.00,0.00,0.00,0.00,0.00,0.00,0.00,,0.00,0.00,0.00,,,,,,0.00,0.00,0.00,1,6,699,19790,DL,Delta Air Lines Inc.,DL,Delta Air Lines Inc.,10262,P,3,3,2025,3
0.00,0.00,0.00,0.00,0.00,0.00,0.00,0.00,0.00,0.00,0.00,0.00,0.00,0.00,0.00,0.00,0.00,0.00,0.00,0.00,0.00,0.00,0.00,0.00,0.00,0.00,0.00,0.00,0.00,0.00,0.00,0.00,0.00,0.00,0.00,0.00,0.00,,0.00,0.00,0.00,,,,,,0.00,0.00,0.00,1,6,699,19790,DL,Delta Air Lines Inc.,DL,Delta Air Lines Inc.,10262,P,3,3,2025,4
0.00,0.00,0.00,0.00,0.00,0.00,0.00,0.00,0.00,0.00,0.00,0.00,0.00,0.00,0.00,0.00,0.00,0.00,0.00,0.00,0.00,0.00,0.00,0.00,0.00,0.00,0.00,0.00,0.00,0.00,0.00,0.00,0.00,0.00,0.00,0.00,0.00,,0.00,0.00,0.00,,,,,,0.00,0.00,0.00,1,6,721,19790,DL,Delta Air Lines Inc.,DL,Delta Air Lines Inc.,10261,A,3,3,2025,1
0.00,0.00,0.00,0.00,0.00,0.00,0.00,0.00,0.00,0.00,0.00,0.00,0.00,0.00,0.00,0.00,0.00,0.00,0.00,0.00,0.00,0.00,0.00,0.00,0.00,0.00,0.00,0.00,0.00,0.00,0.00,0.00,0.00,0.00,0.00,0.00,0.00,,0.00,0.00,0.00,,,,,,0.00,0.00,0.00,1,6,721,19790,DL,Delta Air Lines Inc.,DL,Delta Air Lines Inc.,10261,A,3,3,2025,2
0.00,0.00,0.00,0.00,0.00,0.00,0.00,0.00,0.00,0.00,0.00,0.00,0.00,0.00,0.00,0.00,0.00,0.00,0.00,0.00,0.00,0.00,0.00,0.00,0.00,0.00,0.00,0.00,0.00,0.00,0.00,0.00,0.00,0.00,0.00,0.00,0.00,,0.00,0.00,0.00,,,,,,0.00,0.00,0.00,1,6,721,19790,DL,Delta Air Lines Inc.,DL,Delta Air Lines Inc.,10261,A,3,3,2025,3
0.00,0.00,0.00,0.00,0.00,0.00,0.00,0.00,0.00,0.00,0.00,0.00,0.00,0.00,0.00,0.00,0.00,0.00,0.00,0.00,0.00,0.00,0.00,0.00,0.00,0.00,0.00,0.00,0.00,0.00,0.00,0.00,0.00,0.00,0.00,0.00,0.00,,0.00,0.00,0.00,,,,,,0.00,0.00,0.00,1,6,721,19790,DL,Delta Air Lines Inc.,DL,Delta Air Lines Inc.,10261,A,3,3,2025,4
0.00,0.00,0.00,0.00,0.00,0.00,0.00,0.00,0.00,0.00,0.00,0.00,0.00,0.00,0.00,0.00,0.00,0.00,0.00,0.00,0.00,0.00,0.00,0.00,0.00,0.00,0.00,0.00,0.00,0.00,0.00,0.00,0.00,0.00,0.00,0.00,0.00,,0.00,0.00,0.00,,,,,,0.00,0.00,0.00,1,6,721,19790,DL,Delta Air Lines Inc.,DL,Delta Air Lines Inc.,10262,P,3,3,2025,1
0.00,0.00,0.00,0.00,0.00,0.00,0.00,0.00,0.00,0.00,0.00,0.00,0.00,0.00,0.00,0.00,0.00,0.00,0.00,0.00,0.00,0.00,0.00,0.00,0.00,0.00,0.00,0.00,0.00,0.00,0.00,0.00,0.00,0.00,0.00,0.00,0.00,,0.00,0.00,0.00,,,,,,0.00,0.00,0.00,1,6,721,19790,DL,Delta Air Lines Inc.,DL,Delta Air Lines Inc.,10262,P,3,3,2025,2
0.00,0.00,0.00,0.00,0.00,0.00,0.00,0.00,0.00,0.00,0.00,0.00,0.00,0.00,0.00,0.00,0.00,0.00,0.00,0.00,0.00,0.00,0.00,0.00,0.00,0.00,0.00,0.00,0.00,0.00,0.00,0.00,0.00,0.00,0.00,0.00,0.00,,0.00,0.00,0.00,,,,,,0.00,0.00,0.00,1,6,721,19790,DL,Delta Air Lines Inc.,DL,Delta Air Lines Inc.,10262,P,3,3,2025,3
0.00,0.00,0.00,0.00,0.00,0.00,0.00,0.00,0.00,0.00,0.00,0.00,0.00,0.00,0.00,0.00,0.00,0.00,0.00,0.00,0.00,0.00,0.00,0.00,0.00,0.00,0.00,0.00,0.00,0.00,0.00,0.00,0.00,0.00,0.00,0.00,0.00,,0.00,0.00,0.00,,,,,,0.00,0.00,0.00,1,6,721,19790,DL,Delta Air Lines Inc.,DL,Delta Air Lines Inc.,10262,P,3,3,2025,4
0.00,0.00,0.00,0.00,0.00,0.00,0.00,0.00,0.00,0.00,0.00,0.00,0.00,0.00,0.00,0.00,0.00,0.00,0.00,0.00,0.00,0.00,0.00,0.00,0.00,0.00,0.00,0.00,0.00,0.00,0.00,0.00,0.00,0.00,0.00,0.00,0.00,,0.00,0.00,0.00,,,,,,0.00,0.00,0.00,1,6,723,19790,DL,Delta Air Lines Inc.,DL,Delta Air Lines Inc.,10260,L,3,3,2025,3
0.00,0.00,0.00,0.00,0.00,0.00,0.00,0.00,0.00,0.00,0.00,0.00,0.00,0.00,0.00,0.00,0.00,0.00,0.00,0.00,0.00,0.00,0.00,0.00,0.00,0.00,0.00,0.00,0.00,0.00,0.00,0.00,0.00,0.00,0.00,0.00,0.00,,0.00,0.00,0.00,,,,,,0.00,0.00,0.00,1,6,723,19790,DL,Delta Air Lines Inc.,DL,Delta Air Lines Inc.,10261,A,3,3,2025,1
0.00,0.00,0.00,0.00,0.00,0.00,0.00,0.00,0.00,0.00,0.00,0.00,0.00,0.00,0.00,0.00,0.00,0.00,0.00,0.00,0.00,0.00,0.00,0.00,0.00,0.00,0.00,0.00,0.00,0.00,0.00,0.00,0.00,0.00,0.00,0.00,0.00,,0.00,0.00,0.00,,,,,,0.00,0.00,0.00,1,6,723,19790,DL,Delta Air Lines Inc.,DL,Delta Air Lines Inc.,10261,A,3,3,2025,2
0.00,0.00,0.00,0.00,0.00,0.00,0.00,0.00,0.00,0.00,0.00,0.00,0.00,0.00,0.00,0.00,0.00,0.00,0.00,0.00,0.00,0.00,0.00,0.00,0.00,0.00,0.00,0.00,0.00,0.00,0.00,0.00,0.00,0.00,0.00,0.00,0.00,,0.00,0.00,0.00,,,,,,0.00,0.00,0.00,1,6,723,19790,DL,Delta Air Lines Inc.,DL,Delta Air Lines Inc.,10261,A,3,3,2025,3
0.00,0.00,0.00,0.00,0.00,0.00,0.00,0.00,0.00,0.00,0.00,0.00,0.00,0.00,0.00,0.00,0.00,0.00,0.00,0.00,0.00,0.00,0.00,0.00,0.00,0.00,0.00,0.00,0.00,0.00,0.00,0.00,0.00,0.00,0.00,0.00,0.00,,0.00,0.00,0.00,,,,,,0.00,0.00,0.00,1,6,723,19790,DL,Delta Air Lines Inc.,DL,Delta Air Lines Inc.,10261,A,3,3,2025,4
0.00,0.00,0.00,0.00,0.00,0.00,0.00,0.00,0.00,0.00,0.00,0.00,0.00,0.00,0.00,0.00,0.00,0.00,0.00,0.00,0.00,0.00,0.00,0.00,0.00,0.00,0.00,0.00,0.00,0.00,0.00,0.00,0.00,0.00,0.00,0.00,0.00,,0.00,0.00,0.00,,,,,,0.00,0.00,0.00,1,6,723,19790,DL,Delta Air Lines Inc.,DL,Delta Air Lines Inc.,10262,P,3,3,2025,1
0.00,0.00,0.00,0.00,0.00,0.00,0.00,0.00,0.00,0.00,0.00,0.00,0.00,0.00,0.00,0.00,0.00,0.00,0.00,0.00,0.00,0.00,0.00,0.00,0.00,0.00,0.00,0.00,0.00,0.00,0.00,0.00,0.00,0.00,0.00,0.00,0.00,,0.00,0.00,0.00,,,,,,0.00,0.00,0.00,1,6,723,19790,DL,Delta Air Lines Inc.,DL,Delta Air Lines Inc.,10262,P,3,3,2025,2
0.00,0.00,0.00,0.00,0.00,0.00,0.00,0.00,0.00,0.00,0.00,0.00,0.00,0.00,0.00,0.00,0.00,0.00,0.00,0.00,0.00,0.00,0.00,0.00,0.00,0.00,0.00,0.00,0.00,0.00,0.00,0.00,0.00,0.00,0.00,0.00,0.00,,0.00,0.00,0.00,,,,,,0.00,0.00,0.00,1,6,723,19790,DL,Delta Air Lines Inc.,DL,Delta Air Lines Inc.,10262,P,3,3,2025,3
0.00,0.00,0.00,0.00,0.00,0.00,0.00,0.00,0.00,0.00,0.00,0.00,0.00,0.00,0.00,0.00,0.00,0.00,0.00,0.00,0.00,0.00,0.00,0.00,0.00,0.00,0.00,0.00,0.00,0.00,0.00,0.00,0.00,0.00,0.00,0.00,0.00,,0.00,0.00,0.00,,,,,,0.00,0.00,0.00,1,6,723,19790,DL,Delta Air Lines Inc.,DL,Delta Air Lines Inc.,10262,P,3,3,2025,4
0.00,0.00,0.00,0.00,0.00,0.00,0.00,0.00,0.00,0.00,0.00,0.00,0.00,0.00,0.00,0.00,0.00,0.00,0.00,0.00,0.00,0.00,0.00,0.00,0.00,0.00,0.00,0.00,0.00,0.00,0.00,0.00,0.00,0.00,0.00,0.00,0.00,,0.00,0.00,0.00,,,,,,0.00,0.00,0.00,1,6,724,19790,DL,Delta Air Lines Inc.,DL,Delta Air Lines Inc.,10260,L,3,3,2025,1
0.00,0.00,0.00,0.00,0.00,0.00,0.00,0.00,0.00,0.00,0.00,0.00,0.00,0.00,0.00,0.00,0.00,0.00,0.00,0.00,0.00,0.00,0.00,0.00,0.00,0.00,0.00,0.00,0.00,0.00,0.00,0.00,0.00,0.00,0.00,0.00,0.00,,0.00,0.00,0.00,,,,,,0.00,0.00,0.00,1,6,724,19790,DL,Delta Air Lines Inc.,DL,Delta Air Lines Inc.,10260,L,3,3,2025,2
0.00,0.00,0.00,0.00,0.00,0.00,0.00,0.00,0.00,0.00,0.00,0.00,0.00,0.00,0.00,0.00,0.00,0.00,0.00,0.00,0.00,0.00,0.00,0.00,0.00,0.00,0.00,0.00,0.00,0.00,0.00,0.00,0.00,0.00,0.00,0.00,0.00,,0.00,0.00,0.00,,,,,,0.00,0.00,0.00,1,6,724,19790,DL,Delta Air Lines Inc.,DL,Delta Air Lines Inc.,10260,L,3,3,2025,3
0.00,0.00,0.00,0.00,0.00,0.00,0.00,0.00,0.00,0.00,0.00,0.00,0.00,0.00,0.00,0.00,0.00,0.00,0.00,0.00,0.00,0.00,0.00,0.00,0.00,0.00,0.00,0.00,0.00,0.00,0.00,0.00,0.00,0.00,0.00,0.00,0.00,,0.00,0.00,0.00,,,,,,0.00,0.00,0.00,1,6,724,19790,DL,Delta Air Lines Inc.,DL,Delta Air Lines Inc.,10260,L,3,3,2025,4
0.00,0.00,0.00,0.00,0.00,0.00,0.00,0.00,0.00,0.00,0.00,0.00,0.00,0.00,0.00,0.00,0.00,0.00,0.00,0.00,0.00,0.00,0.00,0.00,0.00,0.00,0.00,0.00,0.00,0.00,0.00,0.00,0.00,0.00,0.00,0.00,0.00,,0.00,0.00,0.00,,,,,,0.00,0.00,0.00,1,6,724,19790,DL,Delta Air Lines Inc.,DL,Delta Air Lines Inc.,10261,A,3,3,2025,1
0.00,0.00,0.00,0.00,0.00,0.00,0.00,0.00,0.00,0.00,0.00,0.00,0.00,0.00,0.00,0.00,0.00,0.00,0.00,0.00,0.00,0.00,0.00,0.00,0.00,0.00,0.00,0.00,0.00,0.00,0.00,0.00,0.00,0.00,0.00,0.00,0.00,,0.00,0.00,0.00,,,,,,0.00,0.00,0.00,1,6,724,19790,DL,Delta Air Lines Inc.,DL,Delta Air Lines Inc.,10261,A,3,3,2025,2
0.00,0.00,0.00,0.00,0.00,0.00,0.00,0.00,0.00,0.00,0.00,0.00,0.00,0.00,0.00,0.00,0.00,0.00,0.00,0.00,0.00,0.00,0.00,0.00,0.00,0.00,0.00,0.00,0.00,0.00,0.00,0.00,0.00,0.00,0.00,0.00,0.00,,0.00,0.00,0.00,,,,,,0.00,0.00,0.00,1,6,724,19790,DL,Delta Air Lines Inc.,DL,Delta Air Lines Inc.,10261,A,3,3,2025,3
0.00,0.00,0.00,0.00,0.00,0.00,0.00,0.00,0.00,0.00,0.00,0.00,0.00,0.00,0.00,0.00,0.00,0.00,0.00,0.00,0.00,0.00,0.00,0.00,0.00,0.00,0.00,0.00,0.00,0.00,0.00,0.00,0.00,0.00,0.00,0.00,0.00,,0.00,0.00,0.00,,,,,,0.00,0.00,0.00,1,6,724,19790,DL,Delta Air Lines Inc.,DL,Delta Air Lines Inc.,10261,A,3,3,2025,4
0.00,0.00,0.00,0.00,0.00,0.00,0.00,0.00,0.00,0.00,0.00,0.00,0.00,0.00,0.00,0.00,0.00,0.00,0.00,0.00,0.00,0.00,0.00,0.00,0.00,0.00,0.00,0.00,0.00,0.00,0.00,0.00,0.00,0.00,0.00,0.00,0.00,,0.00,0.00,0.00,,,,,,0.00,0.00,0.00,1,6,724,19790,DL,Delta Air Lines Inc.,DL,Delta Air Lines Inc.,10262,P,3,3,2025,1
0.00,0.00,0.00,0.00,0.00,0.00,0.00,0.00,0.00,0.00,0.00,0.00,0.00,0.00,0.00,0.00,0.00,0.00,0.00,0.00,0.00,0.00,0.00,0.00,0.00,0.00,0.00,0.00,0.00,0.00,0.00,0.00,0.00,0.00,0.00,0.00,0.00,,0.00,0.00,0.00,,,,,,0.00,0.00,0.00,1,6,724,19790,DL,Delta Air Lines Inc.,DL,Delta Air Lines Inc.,10262,P,3,3,2025,2
0.00,0.00,0.00,0.00,0.00,0.00,0.00,0.00,0.00,0.00,0.00,0.00,0.00,0.00,0.00,0.00,0.00,0.00,0.00,0.00,0.00,0.00,0.00,0.00,0.00,0.00,0.00,0.00,0.00,0.00,0.00,0.00,0.00,0.00,0.00,0.00,0.00,,0.00,0.00,0.00,,,,,,0.00,0.00,0.00,1,6,724,19790,DL,Delta Air Lines Inc.,DL,Delta Air Lines Inc.,10262,P,3,3,2025,3
0.00,0.00,0.00,0.00,0.00,0.00,0.00,0.00,0.00,0.00,0.00,0.00,0.00,0.00,0.00,0.00,0.00,0.00,0.00,0.00,0.00,0.00,0.00,0.00,0.00,0.00,0.00,0.00,0.00,0.00,0.00,0.00,0.00,0.00,0.00,0.00,0.00,,0.00,0.00,0.00,,,,,,0.00,0.00,0.00,1,6,724,19790,DL,Delta Air Lines Inc.,DL,Delta Air Lines Inc.,10262,P,3,3,2025,4
0.00,0.00,0.00,0.00,0.00,0.00,0.00,0.00,0.00,0.00,0.00,0.00,0.00,0.00,0.00,0.00,0.00,0.00,0.00,0.00,0.00,0.00,0.00,0.00,0.00,0.00,0.00,0.00,0.00,0.00,0.00,0.00,0.00,0.00,0.00,0.00,0.00,,0.00,0.00,0.00,,,,,,0.00,0.00,0.00,1,6,837,19690,HA,Hawaiian Airlines Inc.,HA,Hawaiian Airlines Inc.,15375,P,3,3,2025,1
0.00,0.00,0.00,0.00,0.00,0.00,0.00,0.00,0.00,0.00,0.00,0.00,0.00,0.00,0.00,0.00,0.00,0.00,0.00,0.00,0.00,0.00,0.00,0.00,0.00,0.00,0.00,0.00,0.00,0.00,0.00,0.00,0.00,0.00,0.00,0.00,0.00,,0.00,0.00,0.00,,,,,,0.00,0.00,0.00,1,6,837,19690,HA,Hawaiian Airlines Inc.,HA,Hawaiian Airlines Inc.,15375,P,3,3,2025,2
0.00,0.00,0.00,0.00,0.00,0.00,0.00,0.00,0.00,0.00,0.00,0.00,0.00,0.00,0.00,0.00,0.00,0.00,0.00,0.00,0.00,0.00,0.00,0.00,0.00,0.00,0.00,0.00,0.00,0.00,0.00,0.00,0.00,0.00,0.00,0.00,0.00,,0.00,0.00,0.00,,,,,,0.00,0.00,0.00,1,6,888,19790,DL,Delta Air Lines Inc.,DL,Delta Air Lines Inc.,10261,A,3,3,2025,1
0.00,0.00,0.00,0.00,0.00,0.00,0.00,0.00,0.00,0.00,0.00,0.00,0.00,0.00,0.00,0.00,0.00,0.00,0.00,0.00,0.00,0.00,0.00,0.00,0.00,0.00,0.00,0.00,0.00,0.00,0.00,0.00,0.00,0.00,0.00,0.00,0.00,,0.00,0.00,0.00,,,,,,0.00,0.00,0.00,1,6,888,19790,DL,Delta Air Lines Inc.,DL,Delta Air Lines Inc.,10261,A,3,3,2025,2
0.00,0.00,0.00,0.00,0.00,0.00,0.00,0.00,0.00,0.00,0.00,0.00,0.00,0.00,0.00,0.00,0.00,0.00,0.00,0.00,0.00,0.00,0.00,0.00,0.00,0.00,0.00,0.00,0.00,0.00,0.00,0.00,0.00,0.00,0.00,0.00,0.00,,0.00,0.00,0.00,,,,,,0.00,0.00,0.00,1,6,888,19790,DL,Delta Air Lines Inc.,DL,Delta Air Lines Inc.,10261,A,3,3,2025,3
0.00,0.00,0.00,0.00,0.00,0.00,0.00,0.00,0.00,0.00,0.00,0.00,0.00,0.00,0.00,0.00,0.00,0.00,0.00,0.00,0.00,0.00,0.00,0.00,0.00,0.00,0.00,0.00,0.00,0.00,0.00,0.00,0.00,0.00,0.00,0.00,0.00,,0.00,0.00,0.00,,,,,,0.00,0.00,0.00,1,6,888,19790,DL,Delta Air Lines Inc.,DL,Delta Air Lines Inc.,10261,A,3,3,2025,4
0.00,0.00,0.00,0.00,0.00,0.00,0.00,0.00,0.00,0.00,0.00,0.00,0.00,0.00,0.00,0.00,0.00,0.00,0.00,0.00,0.00,0.00,0.00,0.00,0.00,0.00,0.00,0.00,0.00,0.00,0.00,0.00,0.00,0.00,0.00,0.00,0.00,,0.00,0.00,0.00,,,,,,0.00,0.00,0.00,1,6,888,19790,DL,Delta Air Lines Inc.,DL,Delta Air Lines Inc.,10262,P,3,3,2025,1
0.00,0.00,0.00,0.00,0.00,0.00,0.00,0.00,0.00,0.00,0.00,0.00,0.00,0.00,0.00,0.00,0.00,0.00,0.00,0.00,0.00,0.00,0.00,0.00,0.00,0.00,0.00,0.00,0.00,0.00,0.00,0.00,0.00,0.00,0.00,0.00,0.00,,0.00,0.00,0.00,,,,,,0.00,0.00,0.00,1,6,888,19790,DL,Delta Air Lines Inc.,DL,Delta Air Lines Inc.,10262,P,3,3,2025,2
0.00,0.00,0.00,0.00,0.00,0.00,0.00,0.00,0.00,0.00,0.00,0.00,0.00,0.00,0.00,0.00,0.00,0.00,0.00,0.00,0.00,0.00,0.00,0.00,0.00,0.00,0.00,0.00,0.00,0.00,0.00,0.00,0.00,0.00,0.00,0.00,0.00,,0.00,0.00,0.00,,,,,,0.00,0.00,0.00,1,6,888,19790,DL,Delta Air Lines Inc.,DL,Delta Air Lines Inc.,10262,P,3,3,2025,3
0.00,0.00,0.00,0.00,0.00,0.00,0.00,0.00,0.00,0.00,0.00,0.00,0.00,0.00,0.00,0.00,0.00,0.00,0.00,0.00,0.00,0.00,0.00,0.00,0.00,0.00,0.00,0.00,0.00,0.00,0.00,0.00,0.00,0.00,0.00,0.00,0.00,,0.00,0.00,0.00,,,,,,0.00,0.00,0.00,1,6,888,19790,DL,Delta Air Lines Inc.,DL,Delta Air Lines Inc.,10262,P,3,3,2025,4
0.00,0.00,0.00,0.00,0.00,0.00,0.00,0.00,0.00,0.00,0.00,0.00,0.00,0.00,0.00,0.00,0.00,0.00,0.00,0.00,0.00,0.00,0.00,0.00,0.00,0.00,0.00,0.00,0.00,0.00,0.00,0.00,0.00,0.00,0.00,0.00,0.00,,0.00,0.00,0.00,,,,,,0.00,0.00,0.00,1,8,819,19790,DL,Delta Air Lines Inc.,DL,Delta Air Lines Inc.,01260,D,3,3,2025,1
0.00,0.00,0.00,0.00,0.00,0.00,0.00,0.00,0.00,0.00,0.00,0.00,0.00,0.00,0.00,0.00,0.00,0.00,0.00,0.00,0.00,0.00,0.00,0.00,0.00,0.00,0.00,0.00,0.00,0.00,0.00,0.00,0.00,0.00,0.00,0.00,0.00,,0.00,0.00,0.00,,,,,,0.00,0.00,0.00,1,8,819,19790,DL,Delta Air Lines Inc.,DL,Delta Air Lines Inc.,01260,D,3,3,2025,2
0.00,0.00,0.00,0.00,0.00,0.00,0.00,0.00,0.00,0.00,0.00,0.00,0.00,0.00,0.00,0.00,0.00,0.00,0.00,0.00,0.00,0.00,0.00,0.00,0.00,0.00,0.00,0.00,0.00,0.00,0.00,0.00,0.00,0.00,0.00,0.00,0.00,,0.00,0.00,0.00,,,,,,0.00,0.00,0.00,1,8,819,19790,DL,Delta Air Lines Inc.,DL,Delta Air Lines Inc.,01260,D,3,3,2025,3
0.00,0.00,0.00,0.00,0.00,0.00,0.00,0.00,0.00,0.00,0.00,0.00,0.00,0.00,0.00,0.00,0.00,0.00,0.00,0.00,0.00,0.00,0.00,0.00,0.00,0.00,0.00,0.00,0.00,0.00,0.00,0.00,0.00,0.00,0.00,0.00,0.00,,0.00,0.00,0.00,,,,,,0.00,0.00,0.00,1,8,819,19790,DL,Delta Air Lines Inc.,DL,Delta Air Lines Inc.,01260,D,3,3,2025,4
0.00,0.00,0.00,0.00,0.00,0.00,0.00,0.00,0.00,0.00,0.00,0.00,0.00,0.00,0.00,0.00,0.00,0.00,0.00,0.00,0.00,0.00,0.00,0.00,0.00,0.00,0.00,0.00,0.00,0.00,0.00,0.00,0.00,0.00,0.00,0.00,0.00,,0.00,0.00,0.00,,,,,,0.00,0.00,0.00,1,8,819,19790,DL,Delta Air Lines Inc.,DL,Delta Air Lines Inc.,10260,L,3,3,2025,1
0.00,0.00,0.00,0.00,0.00,0.00,0.00,0.00,0.00,0.00,0.00,0.00,0.00,0.00,0.00,0.00,0.00,0.00,0.00,0.00,0.00,0.00,0.00,0.00,0.00,0.00,0.00,0.00,0.00,0.00,0.00,0.00,0.00,0.00,0.00,0.00,0.00,,0.00,0.00,0.00,,,,,,0.00,0.00,0.00,1,8,819,19790,DL,Delta Air Lines Inc.,DL,Delta Air Lines Inc.,10260,L,3,3,2025,2
0.00,0.00,0.00,0.00,0.00,0.00,0.00,0.00,0.00,0.00,0.00,0.00,0.00,0.00,0.00,0.00,0.00,0.00,0.00,0.00,0.00,0.00,0.00,0.00,0.00,0.00,0.00,0.00,0.00,0.00,0.00,0.00,0.00,0.00,0.00,0.00,0.00,,0.00,0.00,0.00,,,,,,0.00,0.00,0.00,1,8,819,19790,DL,Delta Air Lines Inc.,DL,Delta Air Lines Inc.,10260,L,3,3,2025,3
0.00,0.00,0.00,0.00,0.00,0.00,0.00,0.00,0.00,0.00,0.00,0.00,0.00,0.00,0.00,0.00,0.00,0.00,0.00,0.00,0.00,0.00,0.00,0.00,0.00,0.00,0.00,0.00,0.00,0.00,0.00,0.00,0.00,0.00,0.00,0.00,0.00,,0.00,0.00,0.00,,,,,,0.00,0.00,0.00,1,8,819,19790,DL,Delta Air Lines Inc.,DL,Delta Air Lines Inc.,10260,L,3,3,2025,4
0.00,0.00,0.00,0.00,0.00,0.00,0.00,0.00,0.00,0.00,0.00,0.00,0.00,0.00,0.00,0.00,0.00,0.00,0.00,0.00,0.00,0.00,0.00,0.00,0.00,0.00,0.00,0.00,0.00,0.00,0.00,0.00,0.00,0.00,0.00,0.00,0.00,,0.00,0.00,0.00,,,,,,0.00,0.00,0.00,1,8,819,19790,DL,Delta Air Lines Inc.,DL,Delta Air Lines Inc.,10261,A,3,3,2025,1
0.00,0.00,0.00,0.00,0.00,0.00,0.00,0.00,0.00,0.00,0.00,0.00,0.00,0.00,0.00,0.00,0.00,0.00,0.00,0.00,0.00,0.00,0.00,0.00,0.00,0.00,0.00,0.00,0.00,0.00,0.00,0.00,0.00,0.00,0.00,0.00,0.00,,0.00,0.00,0.00,,,,,,0.00,0.00,0.00,1,8,819,19790,DL,Delta Air Lines Inc.,DL,Delta Air Lines Inc.,10261,A,3,3,2025,2
0.00,0.00,0.00,0.00,0.00,0.00,0.00,0.00,0.00,0.00,0.00,0.00,0.00,0.00,0.00,0.00,0.00,0.00,0.00,0.00,0.00,0.00,0.00,0.00,0.00,0.00,0.00,0.00,0.00,0.00,0.00,0.00,0.00,0.00,0.00,0.00,0.00,,0.00,0.00,0.00,,,,,,0.00,0.00,0.00,1,8,819,19790,DL,Delta Air Lines Inc.,DL,Delta Air Lines Inc.,10261,A,3,3,2025,3
0.00,0.00,0.00,0.00,0.00,0.00,0.00,0.00,0.00,0.00,0.00,0.00,0.00,0.00,0.00,0.00,0.00,0.00,0.00,0.00,0.00,0.00,0.00,0.00,0.00,0.00,0.00,0.00,0.00,0.00,0.00,0.00,0.00,0.00,0.00,0.00,0.00,,0.00,0.00,0.00,,,,,,0.00,0.00,0.00,1,8,819,19790,DL,Delta Air Lines Inc.,DL,Delta Air Lines Inc.,10261,A,3,3,2025,4
0.00,0.00,0.00,0.00,0.00,0.00,0.00,0.00,0.00,0.00,0.00,0.00,0.00,0.00,0.00,0.00,0.00,0.00,0.00,0.00,0.00,0.00,0.00,0.00,0.00,0.00,0.00,0.00,0.00,0.00,0.00,0.00,0.00,0.00,0.00,0.00,0.00,,0.00,0.00,0.00,,,,,,0.00,0.00,0.00,1,8,819,19790,DL,Delta Air Lines Inc.,DL,Delta Air Lines Inc.,10262,P,3,3,2025,1
0.00,0.00,0.00,0.00,0.00,0.00,0.00,0.00,0.00,0.00,0.00,0.00,0.00,0.00,0.00,0.00,0.00,0.00,0.00,0.00,0.00,0.00,0.00,0.00,0.00,0.00,0.00,0.00,0.00,0.00,0.00,0.00,0.00,0.00,0.00,0.00,0.00,,0.00,0.00,0.00,,,,,,0.00,0.00,0.00,1,8,819,19790,DL,Delta Air Lines Inc.,DL,Delta Air Lines Inc.,10262,P,3,3,2025,2
0.00,0.00,0.00,0.00,0.00,0.00,0.00,0.00,0.00,0.00,0.00,0.00,0.00,0.00,0.00,0.00,0.00,0.00,0.00,0.00,0.00,0.00,0.00,0.00,0.00,0.00,0.00,0.00,0.00,0.00,0.00,0.00,0.00,0.00,0.00,0.00,0.00,,0.00,0.00,0.00,,,,,,0.00,0.00,0.00,1,8,819,19790,DL,Delta Air Lines Inc.,DL,Delta Air Lines Inc.,10262,P,3,3,2025,3
0.00,0.00,0.00,0.00,0.00,0.00,0.00,0.00,0.00,0.00,0.00,0.00,0.00,0.00,0.00,0.00,0.00,0.00,0.00,0.00,0.00,0.00,0.00,0.00,0.00,0.00,0.00,0.00,0.00,0.00,0.00,0.00,0.00,0.00,0.00,0.00,0.00,,0.00,0.00,0.00,,,,,,0.00,0.00,0.00,1,8,819,19790,DL,Delta Air Lines Inc.,DL,Delta Air Lines Inc.,10262,P,3,3,2025,4
0.00,0.00,0.00,0.00,0.00,0.00,0.00,0.00,0.00,0.00,0.00,0.00,0.00,0.00,0.00,0.00,0.00,0.00,0.00,0.00,0.00,0.00,0.00,0.00,0.00,0.00,0.00,0.00,0.00,0.00,0.00,0.00,0.00,0.00,0.00,0.00,0.00,0.00,0.00,0.00,0.00,,,,,,0.00,0.00,0.00,1,6,625,21492,1BQ,"Eastern Airlines f/k/a Dynamic Airways, LLC",1BQ,"Eastern Airlines f/k/a Dynamic Airways, LLC",01159,D,1,1,2025,1
0.00,0.00,0.00,0.00,0.00,0.00,0.00,0.00,0.00,0.00,0.00,0.00,0.00,0.00,0.00,0.00,0.00,0.00,0.00,0.00,0.00,0.00,0.00,0.00,0.00,0.00,0.00,0.00,0.00,0.00,0.00,0.00,0.00,0.00,0.00,0.00,0.00,0.00,0.00,0.00,0.00,,,,,,0.00,0.00,0.00,1,6,625,21492,1BQ,"Eastern Airlines f/k/a Dynamic Airways, LLC",1BQ,"Eastern Airlines f/k/a Dynamic Airways, LLC",01159,D,1,1,2025,2
0.00,0.00,0.00,0.00,0.00,0.00,0.00,0.00,0.00,0.00,0.00,0.00,0.00,0.00,0.00,0.00,0.00,0.00,0.00,0.00,0.00,0.00,0.00,0.00,0.00,0.00,0.00,0.00,0.00,0.00,0.00,0.00,0.00,0.00,0.00,0.00,0.00,0.00,0.00,0.00,0.00,,,,,,0.00,0.00,0.00,1,6,625,21492,1BQ,"Eastern Airlines f/k/a Dynamic Airways, LLC",1BQ,"Eastern Airlines f/k/a Dynamic Airways, LLC",01159,D,1,1,2025,3
0.00,0.00,0.00,0.00,0.00,0.00,0.00,0.00,0.00,0.00,0.00,0.00,0.00,0.00,0.00,0.00,0.00,0.00,0.00,0.00,0.00,0.00,0.00,0.00,0.00,0.00,0.00,0.00,0.00,0.00,0.00,0.00,0.00,0.00,0.00,0.00,0.00,0.00,0.00,0.00,0.00,,,,,,0.00,0.00,0.00,1,6,625,21492,1BQ,"Eastern Airlines f/k/a Dynamic Airways, LLC",1BQ,"Eastern Airlines f/k/a Dynamic Airways, LLC",01159,D,1,1,2025,4
0.00,0.00,0.00,0.00,0.00,0.00,0.00,0.00,0.00,0.00,0.00,0.00,0.00,0.00,0.00,0.00,0.00,0.00,0.00,0.00,0.00,0.00,0.00,0.00,0.00,0.00,0.00,0.00,0.00,0.00,0.00,0.00,0.00,0.00,0.00,0.00,0.00,0.00,0.00,0.00,0.00,,,,,,0.00,0.00,0.00,1,6,625,21492,1BQ,"Eastern Airlines f/k/a Dynamic Airways, LLC",1BQ,"Eastern Airlines f/k/a Dynamic Airways, LLC",11019,I,1,1,2025,1
0.00,0.00,0.00,0.00,0.00,0.00,0.00,0.00,0.00,0.00,0.00,0.00,0.00,0.00,0.00,0.00,0.00,0.00,0.00,0.00,0.00,0.00,0.00,0.00,0.00,0.00,0.00,0.00,0.00,0.00,0.00,0.00,0.00,0.00,0.00,0.00,0.00,0.00,0.00,0.00,0.00,,,,,,0.00,0.00,0.00,1,6,625,21492,1BQ,"Eastern Airlines f/k/a Dynamic Airways, LLC",1BQ,"Eastern Airlines f/k/a Dynamic Airways, LLC",11019,I,1,1,2025,2
0.00,0.00,0.00,0.00,0.00,0.00,0.00,0.00,0.00,0.00,0.00,0.00,0.00,0.00,0.00,0.00,0.00,0.00,0.00,0.00,0.00,0.00,0.00,0.00,0.00,0.00,0.00,0.00,0.00,0.00,0.00,0.00,0.00,0.00,0.00,0.00,0.00,0.00,0.00,0.00,0.00,,,,,,0.00,0.00,0.00,1,6,625,21492,1BQ,"Eastern Airlines f/k/a Dynamic Airways, LLC",1BQ,"Eastern Airlines f/k/a Dynamic Airways, LLC",11019,I,1,1,2025,3
0.00,0.00,0.00,0.00,0.00,0.00,0.00,0.00,0.00,0.00,0.00,0.00,0.00,0.00,0.00,0.00,0.00,0.00,0.00,0.00,0.00,0.00,0.00,0.00,0.00,0.00,0.00,0.00,0.00,0.00,0.00,0.00,0.00,0.00,0.00,0.00,0.00,0.00,0.00,0.00,0.00,,,,,,0.00,0.00,0.00,1,6,625,21492,1BQ,"Eastern Airlines f/k/a Dynamic Airways, LLC",1BQ,"Eastern Airlines f/k/a Dynamic Airways, LLC",11019,I,1,1,2025,4
0.00,0.00,0.00,0.00,0.00,0.00,0.00,0.00,0.00,0.00,0.00,0.00,0.00,0.00,0.00,0.00,0.00,0.00,0.00,7.71,0.29,0.00,0.00,0.00,0.00,0.00,0.00,0.00,8.00,0.00,8.00,0.00,0.00,0.00,0.00,0.00,0.00,,0.00,0.00,8.00,,,,,,0.00,0.00,0.00,1,6,629,20363,9E,Endeavor Air Inc.,9E,Endeavor Air Inc.,07024,D,2,2,2025,2
0.00,0.00,0.00,0.00,0.00,0.00,0.00,0.00,0.00,0.00,0.00,0.00,0.00,0.00,0.00,0.00,0.00,0.00,0.00,14.35,0.00,0.00,0.00,0.00,0.00,0.00,0.00,0.00,14.35,0.00,14.35,0.00,0.00,0.00,0.00,0.00,0.00,,0.00,0.00,14.35,,,,,,0.00,0.00,0.00,1,6,629,20363,9E,Endeavor Air Inc.,9E,Endeavor Air Inc.,07024,D,2,2,2025,4
0.00,0.00,0.00,0.00,0.00,0.00,0.00,0.00,0.00,0.00,0.00,0.00,0.00,0.00,0.00,0.00,0.00,0.00,0.00,28.72,0.00,0.00,0.00,0.00,0.00,0.00,0.00,0.00,28.72,0.00,28.72,0.00,0.00,0.00,0.00,0.00,0.00,,0.00,0.00,28.72,,,,,,0.00,0.00,0.00,1,6,629,20363,9E,Endeavor Air Inc.,9E,Endeavor Air Inc.,07024,D,2,2,2025,3
0.00,0.00,0.00,0.00,0.00,0.00,0.00,0.00,0.00,0.00,0.00,0.00,0.00,0.00,0.00,0.00,0.00,0.00,0.00,132.29,-0.85,0.00,0.00,0.00,0.00,0.00,0.00,0.00,131.44,0.00,131.44,0.00,0.00,0.00,0.00,0.00,0.00,,0.00,0.00,131.44,,,,,,0.00,0.00,0.00,1,6,629,20363,9E,Endeavor Air Inc.,9E,Endeavor Air Inc.,07024,D,2,2,2025,1
0.00,0.00,0.00,0.00,0.00,0.00,0.00,0.00,0.03,0.00,-4.19,0.00,0.00,0.00,0.00,0.00,-4.16,0.00,0.00,0.03,0.00,0.00,0.00,0.00,0.00,0.00,0.00,0.00,0.03,0.09,0.11,0.00,0.00,0.00,0.00,0.00,0.00,,0.00,,-4.05,,,,,,0.00,0.00,0.00,1,6,678,20409,B6,JetBlue Airways,B6,JetBlue Airways,16673,L,3,3,2025,2
0.00,0.00,0.00,0.00,1.78,,0.00,0.00,0.00,0.00,0.00,0.00,0.00,0.00,0.00,0.00,1.78,0.00,0.00,-1.44,0.00,,7.28,1.82,0.00,0.00,0.00,0.00,7.67,0.00,7.67,0.00,0.00,0.00,7.14,0.00,4.13,,0.00,,20.72,,,,,,0.00,0.00,0.00,1,6,631,20378,YV,Mesa Airlines Inc.,YV,Mesa Airlines Inc.,06689,D,2,2,2025,1
0.00,0.00,0.00,0.00,3.56,,0.00,0.00,0.00,0.00,0.00,0.00,0.00,0.00,0.00,0.00,3.56,0.00,0.00,0.00,0.00,,-13.96,-3.49,0.00,0.00,0.00,0.00,-17.45,0.00,-17.45,0.00,0.00,0.00,0.00,0.00,4.45,,0.00,,-9.43,,,,,,0.00,0.00,0.00,1,6,631,20378,YV,Mesa Airlines Inc.,YV,Mesa Airlines Inc.,06689,D,2,2,2025,3
0.00,0.00,0.00,64.09,2.67,,0.00,0.00,0.00,0.00,0.00,0.00,0.00,0.00,0.00,0.00,66.77,0.00,0.00,33.03,0.00,,11.30,2.83,0.00,0.00,0.00,0.00,47.16,0.00,47.16,0.00,0.00,0.00,0.00,0.00,4.33,,0.00,,118.26,,,,,,0.00,0.00,0.00,1,6,631,20378,YV,Mesa Airlines Inc.,YV,Mesa Airlines Inc.,06689,D,2,2,2025,2
0.00,0.00,20.98,2.35,5.85,,54.50,0.00,0.00,7.89,0.00,0.99,0.00,5.44,0.00,0.08,98.08,-0.05,-0.01,434.49,0.00,,-85.42,-21.35,0.00,0.00,0.00,0.00,327.66,0.00,327.66,0.00,37.57,41.34,0.00,0.00,0.00,,0.00,,504.65,,,,,,0.00,0.00,0.00,1,4,451,20378,YV,Mesa Airlines Inc.,YV,Mesa Airlines Inc.,06689,D,2,2,2025,1
0.00,0.00,25.92,0.63,74.83,,6.44,0.00,0.00,15.49,0.00,1.05,0.00,6.20,0.00,0.00,130.57,6.49,1.62,310.20,0.00,,89.05,22.26,0.00,0.00,0.00,0.00,429.63,0.00,429.63,0.00,427.71,159.62,0.00,0.00,0.00,,0.00,,1147.52,,,,,,0.00,0.00,0.00,1,4,451,20378,YV,Mesa Airlines Inc.,YV,Mesa Airlines Inc.,06689,D,2,2,2025,2
0.00,0.00,26.07,12.58,0.00,,54.14,0.00,0.00,13.84,0.00,0.88,0.00,5.64,0.00,1.50,114.65,0.00,0.00,309.55,0.00,,-1.02,-0.26,0.00,0.00,0.00,0.00,308.27,0.00,308.27,0.00,-349.12,-17.36,0.00,0.00,0.52,,0.00,,56.97,,,,,,0.00,0.00,0.00,1,4,451,20378,YV,Mesa Airlines Inc.,YV,Mesa Airlines Inc.,06689,D,2,2,2025,3
1.54,0.00,0.33,0.04,0.95,0.00,0.00,0.05,0.64,0.01,0.38,0.12,0.00,0.01,0.34,0.02,4.44,7.88,0.00,7.89,0.78,0.00,2.37,0.00,0.00,0.00,0.00,0.00,18.92,0.00,18.92,0.00,0.00,0.00,0.00,0.09,0.00,,0.00,0.00,23.45,,,,,,0.02,0.00,11.57,1,6,631,20363,9E,Endeavor Air Inc.,9E,Endeavor Air Inc.,11027,L,2,2,2025,3
2.81,0.00,0.53,0.06,3.27,0.00,0.00,0.08,1.23,0.05,0.82,0.21,0.00,0.04,0.35,0.07,9.51,14.78,0.00,13.58,2.48,0.00,3.81,0.01,0.00,0.00,0.00,0.00,34.65,0.00,34.65,0.00,0.00,0.00,0.00,0.17,0.00,,0.00,0.00,44.33,,,,,,0.34,0.01,21.56,1,6,631,20363,9E,Endeavor Air Inc.,9E,Endeavor Air Inc.,11027,L,2,2,2025,4
3.84,0.00,0.81,-0.02,3.17,0.00,0.00,0.07,1.56,0.25,0.87,0.25,0.00,-0.01,0.55,0.09,11.42,27.34,0.00,40.01,1.53,0.00,4.78,0.06,0.00,0.00,0.00,0.00,73.71,0.00,73.71,0.00,0.00,0.00,0.00,0.21,0.00,,0.00,0.00,85.26,,,,,,0.04,0.01,26.76,1,6,631,20363,9E,Endeavor Air Inc.,9E,Endeavor Air Inc.,11027,L,2,2,2025,1
4.12,0.00,0.78,0.10,3.14,0.00,0.00,0.11,1.69,0.07,0.82,0.29,0.00,0.04,0.51,0.09,11.76,19.29,0.00,76.80,3.38,0.00,6.93,0.07,0.00,0.00,0.00,0.00,106.46,0.00,106.46,0.00,0.00,0.00,0.00,0.20,0.00,,0.00,0.00,118.41,,,,,,0.04,0.01,28.11,1,6,631,20363,9E,Endeavor Air Inc.,9E,Endeavor Air Inc.,11027,L,2,2,2025,2
10.43,0.00,0.00,0.37,0.01,,42.67,0.05,1.74,0.01,0.27,2.95,0.00,1.01,0.30,-0.01,59.79,2.45,0.00,5.57,0.00,,1.82,8.03,0.00,,0.00,,17.87,2.76,20.62,,3.01,1.17,0.30,,,,0.04,,84.94,,,,,,0.01,0.00,17.18,2,8,819,19917,5X,United Parcel Service,5X,United Parcel Service,16912,L,3,3,2025,1
12.94,0.00,0.25,2.21,0.00,0.00,0.05,0.00,0.00,0.00,0.00,2.45,0.00,0.97,0.00,0.12,18.97,2.93,0.00,3.58,4.37,0.00,2.61,0.00,0.00,0.00,0.00,0.00,13.50,1.46,14.96,0.00,3.39,0.17,0.12,0.00,0.01,,0.05,,37.66,,,,,,0.04,0.00,11.95,1,6,673,20452,YX,Republic Airline,YX,Republic Airline,11029,L,3,3,2025,3
13.06,0.00,0.26,2.14,0.00,0.00,0.07,0.00,0.00,0.00,0.00,2.17,0.00,0.77,0.00,0.08,18.55,3.00,0.00,3.34,4.36,0.00,2.40,0.00,0.00,0.00,0.00,0.00,13.10,1.59,14.69,0.00,3.45,0.16,0.12,0.00,0.01,,0.04,,37.02,,,,,,0.04,0.00,11.81,1,6,673,20452,YX,Republic Airline,YX,Republic Airline,11029,L,3,3,2025,4
13.13,0.00,0.00,4.57,0.00,0.00,0.22,0.00,0.03,0.00,0.46,2.05,0.00,0.64,0.00,0.01,21.11,0.92,0.00,3.61,0.53,0.00,0.54,0.04,0.00,0.00,0.00,0.00,5.64,0.92,6.55,0.00,0.00,0.00,0.00,0.00,0.00,,0.00,,27.66,,,,,,0.01,0.00,6.81,2,6,614,20422,SY,Sun Country Airlines d/b/a MN Airlines,SY,Sun Country Airlines d/b/a MN Airlines,16795,L,3,3,2025,4
14.00,0.00,0.00,1.00,0.00,0.00,26.00,0.00,2.00,0.00,0.00,4.00,0.00,1.00,1.00,0.00,48.00,3.00,0.00,5.00,4.00,0.00,1.00,1.00,0.00,0.00,0.00,0.00,14.00,1.00,15.00,0.00,2.00,1.00,0.00,0.00,0.00,,0.00,,67.00,,,,,,0.01,0.00,8.67,1,6,608,19690,HA,Hawaiian Airlines Inc.,HA,Hawaiian Airlines Inc.,15375,P,3,3,2025,4
15.62,,2.00,2.23,,,58.88,,0.04,,0.08,4.13,0.00,0.79,0.03,,83.80,1.16,0.02,10.42,3.67,,8.10,1.40,,,,,24.77,3.63,28.40,0.43,3.93,1.11,0.11,0.19,,,,,117.96,,,,,,0.01,0.00,26.24,1,6,623,19977,UA,United Air Lines Inc.,UA,United Air Lines Inc.,10876,L,3,3,2025,2
15.87,0.00,2.63,0.00,0.00,,71.89,0.00,1.80,0.00,12.72,0.00,0.00,0.00,0.00,4.68,109.57,31.41,10.34,0.00,5.72,,7.45,2.19,0.00,4.08,0.00,0.00,61.18,0.00,61.18,0.00,0.00,0.00,0.00,0.00,0.00,,0.00,,170.76,,,,,,0.04,0.01,32.31,1,6,655,20310,WL,"Caribbean Sun Airlines, Inc. d/b/a World Atlantic Airlines",WL,"Caribbean Sun Airlines, Inc. d/b/a World Atlantic Airlines",06076,D,1,1,2025,2
16.10,,1.99,2.14,,,41.42,,0.13,,0.07,4.25,0.01,0.35,0.05,,66.51,1.38,0.03,14.73,7.64,,9.51,1.73,,,,,35.03,3.73,38.75,0.50,3.92,1.28,0.14,0.23,,,,,111.33,,,,,,0.01,0.00,17.44,1,6,623,19977,UA,United Air Lines Inc.,UA,United Air Lines Inc.,10876,L,3,3,2025,4
17.00,,0.50,7.53,,,0.43,,11.17,,0.64,2.89,,1.02,,,41.19,4.06,0.00,0.42,4.75,,1.84,0.03,,,,,11.09,4.65,15.74,,0.00,0.52,1.83,0.16,0.00,2.51,,,59.44,,,,,,0.01,0.00,22.02,2,6,683,20370,KAQ,Kalitta Air LLC,KAQ,Kalitta Air LLC,06683,D,3,3,2025,3
17.61,0.00,1.32,0.00,0.00,,86.25,0.00,11.89,0.00,11.82,0.00,0.00,0.00,0.00,4.94,133.83,32.20,12.50,0.00,1.63,,3.09,0.00,0.00,10.40,0.00,0.00,59.83,0.00,59.83,0.00,0.00,0.00,1.21,0.00,0.00,,0.00,,194.87,,,,,,0.04,0.01,31.60,1,6,655,20310,WL,"Caribbean Sun Airlines, Inc. d/b/a World Atlantic Airlines",WL,"Caribbean Sun Airlines, Inc. d/b/a World Atlantic Airlines",06076,D,1,1,2025,4
18.38,0.00,0.40,0.00,0.00,,87.15,0.00,6.57,0.00,12.72,0.00,0.00,0.00,0.00,11.00,136.20,27.01,20.56,0.00,0.18,,4.12,0.00,0.00,6.10,0.00,0.00,57.96,0.00,57.96,0.00,0.00,0.00,5.11,0.00,0.00,,0.00,,199.27,,,,,,0.04,0.01,29.39,1,6,655,20310,WL,"Caribbean Sun Airlines, Inc. d/b/a World Atlantic Airlines",WL,"Caribbean Sun Airlines, Inc. d/b/a World Atlantic Airlines",06076,D,1,1,2025,3
19.17,0.56,1.79,23.50,0.38,0.00,71.81,0.00,17.49,1.56,1.49,4.08,0.00,1.46,0.00,0.00,143.30,8.00,0.05,7.04,0.00,0.00,0.00,0.00,0.00,0.00,2.62,0.00,17.71,10.10,27.81,0.00,0.00,0.00,0.00,0.00,3.88,,0.00,,174.99,,,,,,0.01,0.00,24.10,1,6,627,20377,X9,Omni Air International LLC,X9,Omni Air International LLC,06738,D,2,2,2025,2
20.00,0.00,1.00,1.00,0.00,0.00,45.00,0.00,2.00,0.00,0.00,5.00,0.00,1.00,0.00,0.00,75.00,1.00,1.00,2.00,3.00,0.00,2.00,0.00,0.00,0.00,0.00,0.00,9.00,4.00,13.00,0.00,3.00,2.00,0.00,0.00,0.00,,0.00,0.00,93.00,,,,,,0.01,0.00,20.42,1,6,687,19790,DL,Delta Air Lines Inc.,DL,Delta Air Lines Inc.,10262,P,3,3,2025,2
20.19,,,1.31,,,20.57,,0.02,,,5.06,,0.57,,,47.71,1.41,0.01,2.46,1.33,,0.63,1.18,,,,,7.02,3.26,10.28,0.02,0.31,1.43,,0.05,,,,,59.80,,,,,,0.02,0.00,6.37,1,6,721,19977,UA,United Air Lines Inc.,UA,United Air Lines Inc.,10874,A,3,3,2025,3
21.00,0.00,2.00,7.00,0.00,,0.00,,0.00,0.00,0.00,2.00,,2.00,0.00,-53.00,-19.00,0.00,0.00,0.00,7.00,,28.00,27.00,3.00,,0.00,,65.00,129.00,194.00,,9.00,4.00,0.00,0.00,,,,,188.00,,,,,,0.01,0.00,22.75,2,6,683,20107,FX,Federal Express Corporation,FX,Federal Express Corporation,16195,L,3,3,2025,1
21.07,,,1.25,,,30.88,,2.19,,,5.60,,0.46,0.11,,61.55,1.71,0.01,1.12,1.10,,1.68,0.54,,,,,6.16,3.41,9.57,0.02,4.20,1.21,0.01,0.03,,,,,76.60,,,,,,0.02,0.00,12.02,1,6,838,19977,UA,United Air Lines Inc.,UA,United Air Lines Inc.,10874,A,3,3,2025,4
21.13,7.19,0.00,24.14,14.26,,364.94,0.00,0.00,0.00,0.00,2.60,0.00,1.07,0.00,17.16,452.48,32.18,0.00,0.00,0.00,,0.05,0.00,0.00,0.00,0.00,0.00,32.23,0.00,32.23,0.00,0.00,0.00,0.00,0.00,0.00,,0.00,,484.71,,,,,,0.14,0.05,101.75,2,5,556,20169,L2,Lynden Air Cargo Airlines,L2,Lynden Air Cargo Airlines,11040,I,2,2,2025,4
22.00,0.00,0.00,1.00,0.00,0.00,44.00,0.00,2.00,0.00,0.00,5.00,0.00,1.00,0.00,0.00,75.00,1.00,0.00,0.00,4.00,0.00,2.00,0.00,0.00,0.00,0.00,0.00,7.00,4.00,11.00,0.00,3.00,2.00,0.00,0.00,0.00,,0.00,0.00,91.00,,,,,,0.01,0.00,19.68,1,6,687,19790,DL,Delta Air Lines Inc.,DL,Delta Air Lines Inc.,10262,P,3,3,2025,4
22.21,0.54,0.65,5.76,0.66,0.00,0.70,0.00,7.18,0.05,0.84,8.24,0.00,2.41,0.00,0.00,49.24,20.50,0.00,6.78,3.77,0.00,10.69,1.12,0.00,0.00,0.00,0.00,42.85,0.00,42.85,0.00,2.64,3.83,0.00,0.53,0.00,,0.00,0.00,99.09,,,,,,0.02,0.00,29.47,2,6,625,20453,ABX,ABX Air Inc,ABX,ABX Air Inc,11009,A,2,2,2025,1
24.37,0.00,0.48,4.28,0.00,0.00,0.07,0.00,0.00,0.00,0.00,4.25,0.00,1.95,0.00,0.16,35.55,5.31,0.00,6.43,7.69,0.00,4.76,0.00,0.00,0.00,0.00,0.00,24.19,2.72,26.91,0.00,6.12,0.30,0.23,0.00,0.02,,0.08,,69.21,,,,,,0.06,0.01,21.38,1,6,673,20452,YX,Republic Airline,YX,Republic Airline,11029,L,3,3,2025,2
25.00,0.00,0.00,0.00,0.00,,29.94,0.00,0.00,0.00,0.00,1.29,0.00,0.96,0.00,0.00,57.18,0.00,0.00,0.00,0.00,,0.00,0.00,0.00,0.00,0.00,0.00,0.00,0.00,0.00,0.00,0.00,0.00,0.00,0.00,0.00,,0.00,,57.18,,,,,,0.03,0.00,5.78,1,6,685,21974,3EQ,"Scott Aviation, LLC  d/b/a  Silver Air",3EQ,"Scott Aviation, LLC  d/b/a  Silver Air",01234,D,2,2,2025,4
25.00,0.00,0.00,0.00,0.00,,62.29,0.00,0.00,0.00,0.00,2.76,0.00,2.05,0.00,0.00,92.09,0.00,0.00,6.56,0.00,,0.00,0.00,0.00,0.00,0.00,0.00,6.56,0.00,6.56,0.00,0.00,0.00,0.00,0.00,0.00,,0.00,,98.65,,,,,,0.10,0.05,23.30,1,6,685,21974,3EQ,"Scott Aviation, LLC  d/b/a  Silver Air",3EQ,"Scott Aviation, LLC  d/b/a  Silver Air",01234,D,2,2,2025,2
25.00,0.00,0.00,0.00,0.00,,69.80,0.00,0.00,0.00,0.00,2.91,0.00,2.08,0.00,0.00,99.79,0.00,0.00,19.94,0.00,,0.00,0.00,0.00,0.00,0.00,0.00,19.94,0.00,19.94,0.00,0.00,0.00,0.00,0.00,0.00,,0.00,,119.73,,,,,,0.06,0.03,13.24,1,6,685,21974,3EQ,"Scott Aviation, LLC  d/b/a  Silver Air",3EQ,"Scott Aviation, LLC  d/b/a  Silver Air",01234,D,2,2,2025,1
25.00,0.00,0.00,0.00,0.00,,79.38,0.00,0.00,0.00,0.00,2.58,0.00,1.91,0.00,0.00,108.87,0.00,0.00,1.71,0.00,,0.00,0.00,0.00,0.00,0.00,0.00,1.71,0.00,1.71,0.00,0.00,0.00,0.00,0.00,0.00,,0.00,,110.58,,,,,,0.09,0.02,12.81,1,6,685,21974,3EQ,"Scott Aviation, LLC  d/b/a  Silver Air",3EQ,"Scott Aviation, LLC  d/b/a  Silver Air",01234,D,2,2,2025,3
25.00,0.00,0.00,1.00,0.00,0.00,44.00,0.00,2.00,0.00,0.00,4.00,0.00,1.00,0.00,0.00,77.00,1.00,0.00,1.00,4.00,0.00,2.00,1.00,0.00,0.00,0.00,0.00,9.00,4.00,13.00,0.00,3.00,2.00,0.00,0.00,0.00,,0.00,0.00,95.00,,,,,,0.01,0.00,19.46,1,6,687,19790,DL,Delta Air Lines Inc.,DL,Delta Air Lines Inc.,10262,P,3,3,2025,3
25.79,0.00,1.93,0.00,0.00,,139.07,0.00,93.12,0.00,17.10,0.00,0.00,0.00,0.00,35.85,312.86,40.89,0.00,0.00,0.00,,33.97,0.09,0.00,6.55,0.00,0.00,81.50,0.00,81.50,0.00,0.00,0.00,0.00,0.00,0.00,,0.00,,394.36,,,,,,0.06,0.01,59.78,1,6,655,20310,WL,"Caribbean Sun Airlines, Inc. d/b/a World Atlantic Airlines",WL,"Caribbean Sun Airlines, Inc. d/b/a World Atlantic Airlines",06076,D,1,1,2025,1
26.00,0.00,1.00,2.00,0.00,0.00,46.00,0.00,3.00,0.00,0.00,7.00,0.00,1.00,0.00,0.00,86.00,2.00,1.00,3.00,5.00,0.00,3.00,0.00,0.00,0.00,0.00,0.00,14.00,6.00,20.00,0.00,5.00,3.00,0.00,0.00,0.00,,0.00,0.00,114.00,,,,,,0.02,0.00,20.92,1,6,623,19790,DL,Delta Air Lines Inc.,DL,Delta Air Lines Inc.,10260,L,3,3,2025,2
28.62,0.59,0.80,7.30,1.33,0.00,1.02,0.00,9.47,0.03,1.13,8.69,0.00,2.81,0.00,0.00,61.77,28.75,0.00,11.51,7.01,0.00,17.48,1.36,0.00,0.00,0.00,0.00,66.12,0.00,66.12,0.00,3.46,5.45,0.00,0.45,0.00,,0.00,0.00,137.24,,,,,,0.03,0.01,43.03,2,6,625,20453,ABX,ABX Air Inc,ABX,ABX Air Inc,11009,A,2,2,2025,2
30.26,,2.17,3.34,,,66.64,,0.08,,0.08,8.03,-0.23,1.54,373.76,,485.67,2.23,0.01,19.51,1.30,,-0.81,0.34,,,,,22.58,6.72,29.30,0.03,0.42,0.06,,0.07,,,,,515.55,,,,,,0.03,0.00,28.72,1,6,634,19977,UA,United Air Lines Inc.,UA,United Air Lines Inc.,10876,L,3,3,2025,2
31.75,0.00,0.00,0.00,0.00,,358.08,0.00,0.00,0.00,15.16,4.83,0.00,2.16,0.00,0.00,411.98,0.00,0.00,94.40,0.00,,0.00,0.00,0.00,0.00,0.00,0.00,94.40,0.00,94.40,0.00,0.00,0.00,0.00,0.00,0.00,,0.00,,506.38,,,,,,0.12,0.02,71.24,1,6,688,21974,3EQ,"Scott Aviation, LLC  d/b/a  Silver Air",3EQ,"Scott Aviation, LLC  d/b/a  Silver Air",01234,D,2,2,2025,3
31.83,0.00,0.00,0.00,0.00,,6.32,0.00,0.00,0.00,14.04,0.47,0.00,3.55,0.00,0.00,56.22,0.00,0.00,138.64,0.00,,0.00,27.94,0.00,0.00,0.00,0.00,166.58,0.00,166.58,0.00,0.00,0.00,0.00,0.00,0.00,,0.00,,222.79,,,,,,0.00,0.00,0.09,1,6,672,21974,3EQ,"Scott Aviation, LLC  d/b/a  Silver Air",3EQ,"Scott Aviation, LLC  d/b/a  Silver Air",01234,D,2,2,2025,1
33.00,0.00,1.00,3.00,0.00,0.00,51.00,0.00,4.00,0.00,1.00,10.00,0.00,2.00,0.00,0.00,105.00,3.00,1.00,3.00,9.00,0.00,5.00,2.00,0.00,0.00,0.00,0.00,23.00,9.00,32.00,0.00,7.00,4.00,0.00,0.00,0.00,,0.00,0.00,148.00,,,,,,0.02,0.00,22.84,1,6,694,19790,DL,Delta Air Lines Inc.,DL,Delta Air Lines Inc.,10260,L,3,3,2025,3
33.00,0.00,1.00,3.00,0.00,0.00,71.00,0.00,4.00,0.00,1.00,11.00,0.00,2.00,0.00,0.00,126.00,2.00,1.00,5.00,7.00,0.00,4.00,2.00,0.00,0.00,0.00,0.00,21.00,9.00,30.00,0.00,7.00,4.00,0.00,0.00,0.00,,1.00,0.00,168.00,,,,,,0.02,0.00,28.78,1,6,623,19790,DL,Delta Air Lines Inc.,DL,Delta Air Lines Inc.,10260,L,3,3,2025,1
35.71,,,2.22,,,115.92,,0.11,,,9.45,,3.15,,,166.54,1.72,0.01,4.76,0.07,,2.76,0.23,,,,,9.53,4.07,13.60,1.99,7.59,1.08,0.28,5.63,,,,,196.71,,,,,,0.05,0.01,48.32,1,6,626,19977,UA,United Air Lines Inc.,UA,United Air Lines Inc.,10877,P,3,3,2025,1
36.23,0.88,0.89,9.49,1.48,0.00,0.87,0.00,13.60,0.10,1.54,7.58,0.00,2.36,0.00,0.00,75.01,30.51,0.00,16.03,8.29,0.00,17.33,3.41,0.00,0.00,0.00,0.00,75.56,0.00,75.56,0.00,4.88,4.86,0.00,4.29,0.00,,0.00,0.00,164.61,,,,,,0.03,0.01,54.66,2,6,625,20453,ABX,ABX Air Inc,ABX,ABX Air Inc,11009,A,2,2,2025,4
36.24,0.00,0.29,0.63,0.13,0.00,59.50,0.00,33.24,0.03,0.77,8.17,0.00,3.23,2.26,0.00,144.48,8.33,0.00,2.69,2.12,0.00,2.10,4.35,0.00,0.00,0.00,0.00,19.59,0.00,19.59,0.00,4.27,0.66,0.15,0.00,0.00,,5.40,,174.55,,,,,,0.03,0.00,24.75,1,6,698,20416,NK,Spirit Air Lines,NK,Spirit Air Lines,16831,L,3,3,2025,1
37.43,0.00,2.97,0.10,0.02,0.00,93.92,0.00,65.66,0.00,0.10,5.88,0.00,4.70,1.72,0.07,212.56,8.47,0.00,4.42,0.19,0.00,0.98,0.00,0.00,0.00,0.00,0.00,14.05,13.05,27.10,0.00,0.00,0.00,0.77,0.00,3.13,,0.00,,243.56,,,,,,0.05,0.01,65.33,1,6,694,20436,F9,Frontier Airlines Inc.,F9,Frontier Airlines Inc.,16461,L,3,3,2025,1
38.84,0.80,0.00,2.13,0.06,,78.30,0.15,0.46,0.19,0.77,7.54,0.00,0.78,2.65,2.25,134.92,8.15,0.00,18.61,0.00,,10.04,36.02,0.00,,0.00,,72.83,10.50,83.33,,19.63,0.00,0.00,,,,0.11,,237.99,,,,,,0.02,0.00,31.75,2,6,691,19917,5X,United Parcel Service,5X,United Parcel Service,16912,L,3,3,2025,4
39.15,0.08,0.00,2.86,0.00,0.00,54.62,0.00,0.13,0.00,0.41,6.04,0.00,1.66,0.00,0.02,104.98,5.30,0.00,-1.20,1.42,0.00,0.38,0.26,0.00,0.00,0.00,0.00,6.16,1.52,7.68,0.00,3.40,9.62,3.99,0.00,0.00,,5.19,,134.85,,,,,,0.03,0.03,22.41,1,6,612,20422,SY,Sun Country Airlines d/b/a MN Airlines,SY,Sun Country Airlines d/b/a MN Airlines,06795,D,3,3,2025,3
39.53,,,2.34,,,54.46,,0.32,,,10.51,,0.86,,,108.01,3.28,0.08,25.36,18.91,,23.54,4.29,,,,,75.45,6.39,81.84,1.23,9.70,3.18,0.34,0.57,,,,,204.87,,,,,,0.03,0.01,23.08,1,6,623,19977,UA,United Air Lines Inc.,UA,United Air Lines Inc.,10874,A,3,3,2025,4
39.75,1.00,2.39,49.74,0.51,0.00,134.96,0.00,28.70,2.82,1.60,6.45,0.00,2.40,0.00,0.00,270.31,13.93,0.09,9.67,0.00,0.00,0.00,0.00,0.00,0.00,4.39,0.00,28.08,15.36,43.43,0.00,0.00,0.00,0.00,0.00,6.64,,0.00,,320.38,,,,,,0.02,0.00,50.27,1,6,627,20377,X9,Omni Air International LLC,X9,Omni Air International LLC,06738,D,2,2,2025,3
40.03,0.80,0.91,10.92,1.87,0.00,1.16,0.00,12.62,0.04,1.47,8.16,0.00,3.19,0.00,0.00,81.16,32.15,0.00,14.71,8.83,0.00,22.30,2.56,0.00,0.00,0.00,0.00,80.54,0.00,80.54,0.00,4.60,6.79,0.00,0.88,0.00,,0.00,0.00,173.96,,,,,,0.03,0.01,56.81,2,6,625,20453,ABX,ABX Air Inc,ABX,ABX Air Inc,11009,A,2,2,2025,3
40.71,,1.41,18.79,,,0.00,,48.46,,1.56,6.79,,2.16,,,119.89,30.22,0.00,8.36,53.77,,4.74,-0.03,,,,,97.07,8.13,105.20,,0.00,1.04,3.03,0.26,0.02,4.34,,,229.43,,,,,,0.03,0.00,71.27,2,6,683,20370,KAQ,Kalitta Air LLC,KAQ,Kalitta Air LLC,06683,D,3,3,2025,4
42.57,0.00,3.64,0.00,0.02,0.00,100.60,0.00,98.12,0.00,0.08,7.44,0.00,2.65,0.98,0.09,256.19,12.92,0.00,4.89,0.24,0.00,3.25,0.00,0.00,0.00,0.00,0.00,21.30,15.99,37.29,0.00,0.00,0.00,0.51,0.00,2.75,,0.00,,296.75,,,,,,0.07,0.01,85.51,1,6,694,20436,F9,Frontier Airlines Inc.,F9,Frontier Airlines Inc.,16461,L,3,3,2025,4
42.92,0.00,0.05,2.92,0.01,0.00,42.18,0.00,6.53,0.00,-6.09,13.21,0.00,3.64,0.51,0.14,106.01,2.56,0.00,12.70,5.33,0.00,2.70,0.27,0.00,0.00,0.00,0.00,23.55,5.91,29.45,1.29,3.98,4.20,3.03,0.59,0.29,,0.00,,148.84,,,,,,0.02,0.01,16.55,1,6,678,20409,B6,JetBlue Airways,B6,JetBlue Airways,16673,L,3,3,2025,1
45.87,0.66,0.00,4.20,0.09,,90.22,0.21,0.61,0.25,1.10,11.16,0.00,1.28,3.42,3.63,162.69,9.64,0.00,25.56,0.00,,9.98,41.93,0.00,,0.00,,87.11,13.17,100.28,,26.88,0.00,0.00,,,,0.14,,289.99,,,,,,0.02,0.01,38.13,2,6,691,19917,5X,United Parcel Service,5X,United Parcel Service,16912,L,3,3,2025,3
46.05,,,3.21,,,103.91,,0.20,,,12.27,,2.35,0.64,,168.62,2.33,0.01,7.85,0.75,,2.85,0.45,,,,,14.25,5.11,19.36,2.15,8.82,1.42,0.35,6.28,,,,,207.00,,,,,,0.03,0.00,45.48,1,6,626,19977,UA,United Air Lines Inc.,UA,United Air Lines Inc.,10877,P,3,3,2025,2
49.08,,5.63,6.68,,,97.77,,-0.01,,0.20,12.21,0.04,1.37,,,172.97,3.54,0.09,28.05,10.05,,22.23,4.47,,,,,68.43,11.32,79.75,1.38,12.15,3.55,0.35,0.66,,,,,270.81,,,,,,0.04,0.01,43.65,1,6,623,19977,UA,United Air Lines Inc.,UA,United Air Lines Inc.,10876,L,3,3,2025,3
51.18,,3.50,5.10,,,92.26,,0.41,,0.13,13.55,-0.61,1.10,226.21,,392.84,4.27,0.03,19.80,2.67,,2.14,1.16,,,,,30.05,11.43,41.48,0.03,0.95,0.16,,0.06,,,,,435.51,,,,,,0.04,0.01,39.20,1,6,634,19977,UA,United Air Lines Inc.,UA,United Air Lines Inc.,10876,L,3,3,2025,4
53.17,0.82,0.00,2.30,0.09,,102.40,0.26,0.69,0.26,1.23,14.03,0.00,2.79,4.14,3.22,185.40,11.63,0.00,28.96,0.00,,9.48,40.29,0.00,,0.00,,90.35,15.95,106.30,,30.23,0.00,0.00,,,,0.32,,322.25,,,,,,0.02,0.01,57.73,2,6,691,19917,5X,United Parcel Service,5X,United Parcel Service,16912,L,3,3,2025,2
55.77,,5.29,6.97,,,150.94,,-0.01,,0.18,13.89,0.04,1.56,,,234.64,3.93,0.10,30.98,11.44,,25.20,5.08,,,,,76.73,10.04,86.77,1.57,13.82,4.04,0.40,0.75,,,,,341.98,,,,,,0.05,0.01,63.86,1,6,623,19977,UA,United Air Lines Inc.,UA,United Air Lines Inc.,10874,A,3,3,2025,3
55.93,0.00,0.00,5.09,17.02,,93.83,0.00,37.13,2.16,5.36,10.97,0.00,4.67,0.00,32.58,264.74,51.44,0.00,47.79,3.29,,6.05,0.00,0.00,0.00,0.00,0.00,108.57,14.91,123.48,0.00,36.39,22.87,3.81,0.48,17.92,,0.00,,469.68,,,,,,0.07,0.03,55.63,2,6,619,20108,NC,Northern Air Cargo Inc.,NC,Northern Air Cargo Inc.,06721,D,2,2,2025,2
57.45,21.41,1.28,0.00,0.00,0.00,224.80,0.00,92.78,0.00,6.44,3.84,0.00,3.17,0.00,71.07,482.24,9.82,2.45,0.00,0.00,0.00,30.23,7.56,0.00,0.00,0.00,0.00,50.05,0.00,50.05,0.00,0.00,0.00,15.12,0.00,0.00,,0.00,,547.41,,,,,,0.03,0.82,2205.04,2,8,819,20405,N8,National Air Cargo Group Inc d/ba National Airlines,N8,National Air Cargo Group Inc d/ba National Airlines,07029,D,2,2,2025,2
61.00,0.00,6.00,21.00,1.00,,-1.00,,0.00,0.00,0.00,5.00,,7.00,0.00,-135.00,-35.00,0.00,0.00,0.00,14.00,,71.00,68.00,8.00,,0.00,,161.00,281.00,442.00,,27.00,13.00,1.00,0.00,,,,,448.00,,,,,,0.03,0.00,62.72,2,6,683,20107,FX,Federal Express Corporation,FX,Federal Express Corporation,16195,L,3,3,2025,2
63.00,0.00,1.00,3.00,0.00,0.00,101.00,0.00,4.00,0.00,1.00,12.00,0.00,2.00,0.00,0.00,187.00,3.00,1.00,1.00,9.00,0.00,5.00,1.00,0.00,0.00,0.00,0.00,20.00,10.00,30.00,0.00,7.00,4.00,0.00,0.00,0.00,,0.00,0.00,228.00,,,,,,0.02,0.00,44.59,1,6,696,19790,DL,Delta Air Lines Inc.,DL,Delta Air Lines Inc.,10262,P,3,3,2025,4
67.73,0.00,0.00,2.41,0.06,,138.31,0.31,0.84,0.04,1.40,19.16,0.00,6.57,4.87,-0.04,241.66,15.90,0.00,35.23,0.00,,11.33,62.55,0.00,,0.00,,125.00,17.91,142.91,,32.06,3.38,1.15,,,,0.28,,421.43,,,,,,0.03,0.01,56.53,2,6,691,19917,5X,United Parcel Service,5X,United Parcel Service,16912,L,3,3,2025,1
68.67,0.00,0.00,0.00,0.00,,204.90,0.00,0.00,0.00,0.00,1.32,0.00,0.42,0.00,0.00,275.31,0.00,0.00,127.60,0.00,,0.00,0.00,0.00,0.00,0.00,0.00,127.60,0.00,127.60,0.00,0.00,0.00,0.00,0.00,0.00,,0.00,,402.91,,,,,,0.05,0.00,38.48,1,6,612,21974,3EQ,"Scott Aviation, LLC  d/b/a  Silver Air",3EQ,"Scott Aviation, LLC  d/b/a  Silver Air",01234,D,2,2,2025,4
68.70,0.00,0.00,0.00,0.00,,18.52,0.00,0.00,0.00,9.76,5.35,0.00,5.16,0.00,0.00,107.49,0.00,0.00,78.33,0.00,,0.00,0.00,0.00,0.00,0.00,0.00,78.33,0.00,78.33,0.00,0.00,0.00,0.00,0.00,0.00,,0.00,,185.82,,,,,,0.05,0.02,3.52,1,4,479,21974,3EQ,"Scott Aviation, LLC  d/b/a  Silver Air",3EQ,"Scott Aviation, LLC  d/b/a  Silver Air",01234,D,2,2,2025,3
69.29,,4.55,7.33,,,125.80,,-0.01,,0.16,17.29,3.91,1.94,361.98,,592.24,4.95,0.02,32.50,2.99,,0.75,1.90,,,,,43.12,15.21,58.33,0.06,1.07,0.18,,0.16,,,,,652.04,,,,,,0.06,0.01,53.84,1,6,634,19977,UA,United Air Lines Inc.,UA,United Air Lines Inc.,10876,L,3,3,2025,3
70.20,0.00,0.00,0.00,0.00,,109.25,0.00,0.00,0.00,33.59,7.87,0.00,2.86,0.00,0.00,223.77,0.00,0.00,210.75,0.00,,0.00,89.19,0.00,0.00,0.00,0.00,299.94,0.00,299.94,0.00,0.00,0.00,0.00,0.00,0.00,,0.00,,523.71,,,,,,0.04,0.01,20.10,1,6,641,21974,3EQ,"Scott Aviation, LLC  d/b/a  Silver Air",3EQ,"Scott Aviation, LLC  d/b/a  Silver Air",01234,D,2,2,2025,4
70.51,,9.05,9.56,,,229.79,,2.61,,0.34,18.59,0.04,1.51,1.18,,343.19,3.98,0.02,52.50,1.39,,30.82,1.41,,,,,90.12,11.54,101.66,0.73,29.63,6.51,0.47,0.83,,,,,483.02,,,,,,0.04,0.00,94.15,1,6,637,19977,UA,United Air Lines Inc.,UA,United Air Lines Inc.,10876,L,3,3,2025,4
72.00,0.00,11.00,22.00,4.00,,101.00,,0.00,0.00,0.00,0.00,,9.00,4.00,59.00,282.00,61.00,7.00,4.00,3.00,,5.00,0.00,22.00,,7.00,,109.00,190.00,299.00,,3.00,6.00,2.00,0.00,,,,,592.00,,,,,,0.02,0.00,44.31,2,7,740,20107,FX,Federal Express Corporation,FX,Federal Express Corporation,16195,L,3,3,2025,2
73.00,0.00,1.00,4.00,0.00,0.00,115.00,0.00,4.00,0.00,1.00,12.00,0.00,2.00,0.00,0.00,212.00,3.00,1.00,5.00,9.00,0.00,5.00,0.00,0.00,0.00,0.00,0.00,23.00,10.00,33.00,0.00,8.00,4.00,0.00,0.00,0.00,,1.00,0.00,258.00,,,,,,0.03,0.00,51.95,1,6,696,19790,DL,Delta Air Lines Inc.,DL,Delta Air Lines Inc.,10262,P,3,3,2025,2
76.00,0.00,2.00,5.00,0.00,0.00,150.00,0.00,6.00,0.00,1.00,17.00,0.00,3.00,0.00,0.00,260.00,4.00,2.00,7.00,12.00,0.00,7.00,0.00,0.00,0.00,0.00,0.00,32.00,14.00,46.00,0.00,11.00,6.00,0.00,1.00,0.00,,1.00,0.00,325.00,,,,,,0.04,0.00,67.86,1,6,624,19790,DL,Delta Air Lines Inc.,DL,Delta Air Lines Inc.,10260,L,3,3,2025,2
76.80,0.00,0.00,0.00,0.00,,41.21,0.00,0.00,0.00,22.42,3.25,0.00,2.64,0.00,0.00,146.32,0.00,0.00,50.72,0.00,,0.00,0.00,0.00,0.00,0.00,0.00,50.72,0.00,50.72,0.00,0.00,0.00,0.00,0.00,0.00,,0.00,,197.04,,,,,,0.10,0.03,7.94,1,4,479,21974,3EQ,"Scott Aviation, LLC  d/b/a  Silver Air",3EQ,"Scott Aviation, LLC  d/b/a  Silver Air",01234,D,2,2,2025,4
77.00,0.00,9.00,21.00,3.00,,123.00,,0.00,0.00,0.00,0.00,,9.00,5.00,-47.00,200.00,87.00,10.00,4.00,4.00,,58.00,59.00,31.00,,10.00,,263.00,1067.00,1330.00,,5.00,10.00,3.00,0.00,,,,,1548.00,,,,,,0.03,0.01,78.00,2,7,740,20107,FX,Federal Express Corporation,FX,Federal Express Corporation,16196,A,3,3,2025,1
80.63,2.37,7.43,76.21,1.64,0.00,139.32,0.00,74.84,3.14,6.06,15.61,0.00,6.15,0.00,0.00,413.40,33.74,0.20,28.53,0.00,0.00,0.00,0.00,0.00,0.00,22.52,0.00,85.00,37.18,122.18,0.00,0.00,0.00,0.00,0.00,15.32,,0.00,,550.90,,,,,,0.03,0.01,48.90,1,6,625,20377,X9,Omni Air International LLC,X9,Omni Air International LLC,06738,D,2,2,2025,2
86.87,0.00,5.86,8.22,0.00,0.00,0.00,0.00,29.29,0.00,0.06,5.90,0.00,4.55,0.00,0.50,141.24,14.62,0.00,31.72,58.06,0.00,9.04,0.00,0.00,0.00,0.00,0.00,113.44,0.62,114.06,4.83,0.00,0.00,1.41,0.00,1.38,,0.00,,262.92,,,,,,0.07,5.52,44.81,1,6,631,20397,OH,PSA Airlines Inc.,OH,PSA Airlines Inc.,11030,L,2,2,2025,4
89.00,0.00,2.00,6.00,0.00,0.00,190.00,0.00,8.00,0.00,1.00,20.00,0.00,3.00,0.00,0.00,319.00,4.00,2.00,10.00,14.00,0.00,8.00,4.00,0.00,0.00,0.00,0.00,42.00,17.00,59.00,1.00,14.00,7.00,0.00,1.00,0.00,,1.00,0.00,402.00,,,,,,0.04,0.01,77.41,1,6,696,19790,DL,Delta Air Lines Inc.,DL,Delta Air Lines Inc.,10260,L,3,3,2025,1
92.24,36.04,2.37,0.00,0.00,0.00,330.71,0.00,135.57,0.00,9.40,10.65,0.00,4.79,0.00,48.61,670.39,15.33,3.83,0.00,0.00,0.00,22.83,5.71,0.00,0.00,0.00,0.00,47.69,0.00,47.69,0.00,0.00,0.00,21.16,0.00,0.00,,0.00,,739.23,,,,,,0.04,0.81,2140.34,2,8,819,20405,N8,National Air Cargo Group Inc d/ba National Airlines,N8,National Air Cargo Group Inc d/ba National Airlines,07029,D,2,2,2025,1
92.60,2.80,6.69,93.49,1.43,0.00,204.26,0.00,80.48,3.74,4.49,17.26,0.00,6.73,0.00,0.00,513.96,39.06,0.25,43.75,0.00,0.00,0.00,0.00,0.00,0.00,12.31,0.00,95.37,40.85,136.22,0.00,0.00,0.00,0.00,0.00,18.59,,0.00,,668.77,,,,,,0.04,0.01,67.77,1,6,625,20377,X9,Omni Air International LLC,X9,Omni Air International LLC,06738,D,2,2,2025,3
93.17,0.00,-0.75,10.55,0.00,0.00,2.56,0.00,0.05,0.22,0.18,8.09,0.00,6.49,1.10,1.24,122.89,20.39,0.00,63.74,32.93,0.00,27.06,3.06,0.00,0.00,0.00,0.00,147.17,15.93,163.09,0.00,17.82,20.45,0.00,0.00,13.18,,0.00,,337.43,,,,,,0.12,0.02,74.72,1,6,631,20304,OO,SkyWest Airlines Inc.,OO,SkyWest Airlines Inc.,11025,L,3,3,2025,3
95.10,0.00,0.00,0.00,0.00,,40.45,0.00,0.00,0.00,5.98,0.33,0.00,7.69,0.00,0.00,149.55,0.00,0.00,183.95,0.00,,0.00,15.70,0.00,0.00,0.00,0.00,199.65,0.00,199.65,0.00,0.00,0.00,0.00,0.00,0.00,,0.00,,349.20,,,,,,0.05,0.02,10.73,1,6,672,21974,3EQ,"Scott Aviation, LLC  d/b/a  Silver Air",3EQ,"Scott Aviation, LLC  d/b/a  Silver Air",01234,D,2,2,2025,2
99.22,0.00,1.92,12.89,0.00,0.00,3.20,0.00,0.03,0.21,0.19,8.04,0.00,7.41,1.12,1.27,135.49,19.23,0.00,41.56,37.41,0.00,32.48,3.87,0.00,0.00,0.00,0.00,134.54,18.33,152.87,0.00,18.25,18.26,0.00,0.00,13.45,,0.00,,338.32,,,,,,0.12,0.03,75.39,1,6,631,20304,OO,SkyWest Airlines Inc.,OO,SkyWest Airlines Inc.,11025,L,3,3,2025,2
99.59,2.81,9.59,136.42,2.44,0.00,398.82,0.00,89.78,7.73,2.62,17.09,0.00,9.09,0.00,0.00,775.98,41.12,0.25,24.77,0.00,0.00,0.00,0.00,0.00,0.00,12.34,0.00,78.48,27.32,105.79,0.00,0.00,0.00,0.00,0.00,26.61,,0.00,,908.38,,,,,,0.05,0.01,128.72,1,6,627,20377,X9,Omni Air International LLC,X9,Omni Air International LLC,06738,D,2,2,2025,1
102.85,0.00,1.58,10.90,0.00,0.00,1.18,0.00,0.04,0.22,0.22,9.12,0.00,6.88,1.14,1.33,135.47,22.98,0.00,59.92,30.53,0.00,17.40,4.25,0.00,0.00,0.00,0.00,135.09,16.51,151.59,0.00,18.32,22.66,-0.41,0.00,13.67,,0.00,,341.30,,,,,,0.11,0.02,69.60,1,6,631,20304,OO,SkyWest Airlines Inc.,OO,SkyWest Airlines Inc.,11025,L,3,3,2025,4
108.04,41.44,0.00,150.21,3.97,,514.18,0.00,0.00,0.00,4.33,17.23,0.00,6.57,0.00,31.74,877.70,123.01,0.00,0.00,0.00,,0.76,0.00,0.00,0.00,0.00,0.00,123.77,0.00,123.77,0.00,0.00,0.00,0.00,0.00,0.00,,0.00,,1001.47,,,,,,0.32,0.07,239.31,2,5,556,20169,L2,Lynden Air Cargo Airlines,L2,Lynden Air Cargo Airlines,11040,I,2,2,2025,3
111.69,,1.66,7.60,,,68.23,,4.72,,0.06,29.67,-0.29,2.42,,,225.77,6.25,0.04,47.56,215.89,,27.57,2.67,,,,,299.99,17.70,317.68,6.84,31.65,17.11,4.08,18.10,,,,,621.22,,,,,,0.06,0.01,28.13,1,6,887,19977,UA,United Air Lines Inc.,UA,United Air Lines Inc.,10876,L,3,3,2025,4
112.00,0.00,1.00,6.00,0.00,0.00,170.00,0.00,7.00,0.00,1.00,19.00,0.00,3.00,0.00,0.00,319.00,5.00,2.00,5.00,16.00,0.00,8.00,3.00,0.00,0.00,0.00,0.00,39.00,16.00,55.00,1.00,12.00,7.00,0.00,1.00,0.00,,1.00,0.00,396.00,,,,,,0.04,0.00,76.03,1,6,624,19790,DL,Delta Air Lines Inc.,DL,Delta Air Lines Inc.,10262,P,3,3,2025,3
112.34,0.00,1.03,12.64,0.00,0.00,1.25,0.00,0.05,0.37,0.20,9.73,0.00,9.17,1.24,1.66,149.67,18.80,0.00,58.64,36.32,0.00,39.08,4.17,0.00,0.00,0.00,0.00,157.01,16.58,173.59,0.00,20.18,17.74,0.00,0.00,15.05,,0.00,,376.23,,,,,,0.13,0.03,77.84,1,6,631,20304,OO,SkyWest Airlines Inc.,OO,SkyWest Airlines Inc.,11025,L,3,3,2025,1
115.03,124.04,0.94,0.00,0.00,0.00,150.49,0.00,91.71,0.00,6.36,11.52,0.00,13.44,0.00,69.23,582.75,8.11,2.03,0.00,0.00,0.00,195.94,48.99,0.00,0.00,0.00,0.00,255.07,0.00,255.07,0.00,0.00,0.00,208.68,0.00,0.00,,0.00,,1046.50,,,,,,0.03,0.05,29.62,1,6,622,20405,N8,National Air Cargo Group Inc d/ba National Airlines,N8,National Air Cargo Group Inc d/ba National Airlines,11049,I,2,2,2025,1
115.55,0.00,0.00,0.00,0.00,,127.37,0.00,0.00,0.00,15.48,16.31,0.00,8.63,0.00,0.00,283.35,0.00,0.00,40.13,0.00,,0.00,87.09,0.00,0.00,0.00,0.00,127.22,0.00,127.22,0.00,0.00,0.00,0.00,0.00,0.00,,0.00,,410.56,,,,,,0.16,0.05,25.98,1,6,639,21974,3EQ,"Scott Aviation, LLC  d/b/a  Silver Air",3EQ,"Scott Aviation, LLC  d/b/a  Silver Air",01234,D,2,2,2025,2
116.00,0.00,2.00,9.00,0.00,0.00,305.00,0.00,11.00,0.00,2.00,32.00,0.00,5.00,0.00,0.00,482.00,8.00,3.00,9.00,27.00,0.00,14.00,5.00,0.00,0.00,0.00,0.00,66.00,26.00,92.00,1.00,20.00,12.00,0.00,1.00,0.00,,1.00,0.00,609.00,,,,,,0.07,0.01,136.34,1,6,696,19790,DL,Delta Air Lines Inc.,DL,Delta Air Lines Inc.,01260,D,3,3,2025,3
117.80,,4.26,10.33,,,448.19,,2.67,,0.15,29.44,0.03,3.31,0.61,,616.79,5.61,0.03,54.50,1.75,,73.39,2.35,,,,,137.62,17.03,154.65,1.20,47.35,10.41,0.74,1.43,,,,,832.55,,,,,,0.07,0.01,190.03,1,6,637,19977,UA,United Air Lines Inc.,UA,United Air Lines Inc.,10876,L,3,3,2025,3
119.63,0.00,7.66,0.37,0.05,0.00,299.67,0.00,266.38,0.00,0.26,18.81,0.00,9.03,8.59,0.24,730.68,32.08,0.00,14.32,-5.56,0.00,5.37,0.00,0.00,0.00,0.00,0.00,46.22,52.00,98.21,0.00,0.00,0.00,1.59,0.00,8.01,,0.00,,838.49,,,,,,0.18,0.03,186.05,1,6,694,20436,F9,Frontier Airlines Inc.,F9,Frontier Airlines Inc.,16461,L,3,3,2025,3
120.85,0.00,0.00,0.00,0.00,,191.17,0.00,0.00,0.00,16.37,16.53,0.00,10.16,0.00,0.00,355.07,0.00,0.00,55.78,0.00,,0.00,221.53,0.00,0.00,0.00,0.00,277.31,0.00,277.31,0.00,0.00,0.00,0.00,0.00,0.00,,0.00,,632.38,,,,,,0.21,0.08,39.33,1,6,639,21974,3EQ,"Scott Aviation, LLC  d/b/a  Silver Air",3EQ,"Scott Aviation, LLC  d/b/a  Silver Air",01234,D,2,2,2025,3
121.35,,,7.91,,,55.45,,3.17,,,30.39,,3.41,,,221.67,4.47,0.02,58.34,158.30,,13.17,2.54,,,,,236.84,10.70,247.53,4.88,22.03,11.92,2.68,12.49,,,,,523.20,,,,,,0.05,0.00,24.20,1,6,887,19977,UA,United Air Lines Inc.,UA,United Air Lines Inc.,10877,P,3,3,2025,3
124.40,51.70,7.27,67.82,0.00,,67.65,0.00,309.97,0.00,22.33,10.89,0.00,13.20,0.00,21.87,697.10,94.38,0.00,0.00,0.00,,120.45,0.00,0.00,0.00,0.00,0.00,214.84,0.00,214.84,0.00,0.00,0.00,0.00,6.65,12.02,,31.22,,961.83,,,,,,0.15,0.03,136.10,1,6,698,22085,GCA,"Global Crossing Airlines, Inc.",GCA,"Global Crossing Airlines, Inc.",01287,D,2,2,2025,2
124.94,0.00,0.00,0.00,0.00,,191.27,0.00,0.00,0.00,23.14,18.06,0.00,20.69,0.00,0.00,378.09,0.00,0.00,124.94,0.00,,0.00,161.16,0.00,0.00,0.00,0.00,286.10,0.00,286.10,0.00,0.00,0.00,0.00,0.00,0.00,,0.00,,664.19,,,,,,0.06,0.02,32.13,1,6,641,21974,3EQ,"Scott Aviation, LLC  d/b/a  Silver Air",3EQ,"Scott Aviation, LLC  d/b/a  Silver Air",01234,D,2,2,2025,1
127.85,0.00,0.00,0.00,0.00,,236.78,0.00,0.00,0.00,16.37,8.29,0.00,3.77,0.00,0.00,393.07,0.00,0.00,102.09,0.00,,0.00,118.86,0.00,0.00,0.00,0.00,220.95,0.00,220.95,0.00,0.00,0.00,0.00,0.00,0.00,,0.00,,614.02,,,,,,0.28,0.09,43.29,1,6,639,21974,3EQ,"Scott Aviation, LLC  d/b/a  Silver Air",3EQ,"Scott Aviation, LLC  d/b/a  Silver Air",01234,D,2,2,2025,4
131.52,0.00,0.00,0.00,0.00,,140.00,0.00,0.00,0.00,10.17,6.43,0.00,10.70,0.00,0.00,298.82,0.00,0.00,25.59,0.00,,0.00,122.39,0.00,0.00,0.00,0.00,147.98,0.00,147.98,0.00,0.00,0.00,0.00,0.00,0.00,,0.00,,446.80,,,,,,0.10,0.04,27.16,1,6,672,21974,3EQ,"Scott Aviation, LLC  d/b/a  Silver Air",3EQ,"Scott Aviation, LLC  d/b/a  Silver Air",01234,D,2,2,2025,3
138.93,0.00,0.00,0.00,0.00,,179.38,0.00,0.00,0.00,21.80,23.55,0.00,10.80,0.00,0.00,374.45,0.00,0.00,6.15,0.00,,0.00,158.32,0.00,0.00,0.00,0.00,164.47,0.00,164.47,0.00,0.00,0.00,0.00,0.00,0.00,,0.00,,538.92,,,,,,0.13,0.05,21.82,1,6,639,21974,3EQ,"Scott Aviation, LLC  d/b/a  Silver Air",3EQ,"Scott Aviation, LLC  d/b/a  Silver Air",01234,D,2,2,2025,1
141.70,0.00,0.00,0.00,0.00,,192.04,0.00,0.00,0.00,10.17,252.06,0.00,5.17,0.00,0.00,601.13,0.00,0.00,175.45,0.00,,0.00,174.56,0.00,0.00,0.00,0.00,350.01,0.00,350.01,0.00,0.00,0.00,0.00,0.00,0.00,,0.00,,951.15,,,,,,0.14,0.05,37.52,1,6,672,21974,3EQ,"Scott Aviation, LLC  d/b/a  Silver Air",3EQ,"Scott Aviation, LLC  d/b/a  Silver Air",01234,D,2,2,2025,4
146.60,0.00,1.18,2.55,0.52,0.00,240.69,0.00,134.45,0.14,3.12,33.05,0.00,13.05,9.15,0.00,584.49,33.68,0.00,10.90,8.57,0.00,8.51,17.61,0.00,0.00,0.00,0.00,79.27,0.00,79.27,0.00,17.25,2.68,0.62,0.00,0.00,,21.83,,706.14,,,,,,0.12,0.02,74.28,1,6,698,20416,NK,Spirit Air Lines,NK,Spirit Air Lines,06830,D,3,3,2025,1
148.30,0.00,11.24,-0.58,0.07,0.00,358.33,0.00,317.76,0.00,0.34,23.02,0.00,14.13,10.34,0.30,883.25,35.38,0.00,19.23,-6.20,0.00,4.83,0.00,0.00,0.00,0.00,0.00,53.24,50.91,104.16,0.00,0.00,0.00,2.53,0.00,10.95,,0.00,,1000.89,,,,,,0.22,0.03,218.28,1,6,694,20436,F9,Frontier Airlines Inc.,F9,Frontier Airlines Inc.,16461,L,3,3,2025,2
149.79,0.00,10.10,14.17,0.00,0.00,0.00,0.00,54.13,0.00,0.10,10.18,0.00,7.85,0.00,0.86,247.16,25.21,0.00,54.46,23.94,0.00,13.93,0.00,0.00,0.00,0.00,0.00,117.54,1.07,118.61,5.77,0.00,0.00,2.16,0.00,2.39,,0.00,,376.09,,,,,,0.13,7.85,85.37,1,6,638,20397,OH,PSA Airlines Inc.,OH,PSA Airlines Inc.,11030,L,2,2,2025,4
150.12,,13.64,18.27,,,468.58,,4.02,,0.51,39.77,-0.01,7.61,1.06,,703.57,7.46,0.03,2.56,2.42,,146.42,1.50,,,,,160.39,23.44,183.83,1.49,61.08,13.42,0.93,1.81,,,,,966.13,,,,,,0.08,0.01,201.76,1,6,637,19977,UA,United Air Lines Inc.,UA,United Air Lines Inc.,10876,L,3,3,2025,2
150.31,0.00,-0.21,28.78,0.00,0.00,-0.36,0.00,27.21,0.00,0.00,0.70,0.00,-14.38,0.00,1.51,193.57,-9.13,0.00,200.03,166.52,0.00,167.58,0.00,0.00,0.00,0.00,0.00,524.99,59.72,584.70,0.00,1.04,-0.12,6.08,0.00,0.00,,0.00,,785.28,,,,,,0.84,0.09,780.36,1,6,673,20378,YV,Mesa Airlines Inc.,YV,Mesa Airlines Inc.,11022,L,2,2,2025,4
151.53,0.00,17.65,23.64,11.76,0.00,0.00,0.44,6.74,0.05,3.08,18.20,0.00,11.71,2.38,0.19,247.36,50.07,0.00,67.58,5.12,0.00,21.16,0.42,0.00,0.00,0.00,0.00,144.36,0.00,144.36,1.27,0.00,0.00,0.00,0.77,0.00,,0.00,0.00,393.76,,,,,,0.16,0.02,112.43,1,6,638,20363,9E,Endeavor Air Inc.,9E,Endeavor Air Inc.,11027,L,2,2,2025,3
156.45,0.00,20.15,10.84,0.00,0.00,292.97,0.03,25.14,0.00,1.21,45.01,0.00,10.06,19.99,0.14,581.98,5.94,0.45,15.86,77.02,0.00,1.54,0.23,0.00,0.00,0.00,0.00,101.04,134.12,235.16,2.81,55.60,7.77,0.80,0.70,0.00,,20.07,0.00,904.90,,,,,,0.15,0.01,145.43,1,6,721,19690,HA,Hawaiian Airlines Inc.,HA,Hawaiian Airlines Inc.,15375,P,3,3,2025,2
160.26,,0.00,9.49,,,203.98,,1.27,,,42.62,,3.47,0.12,,421.20,9.04,0.05,30.10,3.20,,29.68,3.25,,,,,75.32,18.36,93.67,7.59,31.56,5.23,0.75,2.75,,,,,562.74,,,,,,0.09,0.01,87.99,1,6,626,19977,UA,United Air Lines Inc.,UA,United Air Lines Inc.,10877,P,3,3,2025,4
162.43,0.00,0.00,4.30,9.57,0.00,189.88,0.00,3.87,0.00,27.53,30.57,1.29,16.49,0.06,0.00,445.98,112.60,0.00,37.79,0.00,0.00,24.68,0.00,0.00,40.95,0.00,0.00,216.02,0.00,216.02,0.00,31.63,23.23,128.61,0.00,104.09,287.56,0.00,0.00,949.56,,,,,,0.03,0.27,55.18,1,6,626,21492,1BQ,"Eastern Airlines f/k/a Dynamic Airways, LLC",1BQ,"Eastern Airlines f/k/a Dynamic Airways, LLC",01159,D,1,1,2025,1
162.88,0.00,0.00,0.00,0.00,,345.43,0.00,0.00,0.00,30.27,17.06,0.00,10.99,0.00,0.00,566.62,0.00,0.00,57.63,0.00,,0.00,488.53,0.00,0.00,0.00,0.00,546.16,0.00,546.16,0.00,0.00,0.00,0.00,0.00,0.00,,0.00,,1112.78,,,,,,0.20,0.05,66.30,1,6,515,21974,3EQ,"Scott Aviation, LLC  d/b/a  Silver Air",3EQ,"Scott Aviation, LLC  d/b/a  Silver Air",01234,D,2,2,2025,2
163.00,0.00,3.00,8.00,0.00,0.00,287.00,0.00,11.00,0.00,1.00,28.00,0.00,5.00,0.00,0.00,506.00,6.00,3.00,14.00,20.00,0.00,11.00,6.00,0.00,0.00,0.00,0.00,60.00,24.00,84.00,1.00,19.00,10.00,0.00,1.00,0.00,,1.00,0.00,622.00,,,,,,0.06,0.01,116.82,1,6,696,19790,DL,Delta Air Lines Inc.,DL,Delta Air Lines Inc.,10262,P,3,3,2025,1
163.03,0.00,44.09,10.69,0.00,0.00,315.80,0.04,27.26,0.00,1.35,56.56,0.00,16.94,21.65,0.41,657.81,7.11,0.28,27.32,74.80,0.00,7.95,0.07,0.00,0.00,0.00,0.00,117.53,18.74,136.27,2.13,62.76,8.78,0.88,0.78,0.00,,22.66,0.00,892.07,,,,,,0.15,0.01,153.54,1,6,721,19690,HA,Hawaiian Airlines Inc.,HA,Hawaiian Airlines Inc.,15375,P,3,3,2025,1
165.74,0.00,0.00,0.00,0.00,,209.16,0.00,0.00,0.00,13.43,18.44,0.00,13.66,0.00,0.00,420.42,0.00,0.00,149.61,0.00,,0.00,0.00,0.00,0.00,0.00,0.00,149.61,0.00,149.61,0.00,0.00,0.00,0.00,0.00,0.00,,0.00,,570.04,,,,,,0.08,0.03,24.36,1,6,515,21974,3EQ,"Scott Aviation, LLC  d/b/a  Silver Air",3EQ,"Scott Aviation, LLC  d/b/a  Silver Air",01234,D,2,2,2025,1
165.74,0.00,0.00,0.00,0.00,,209.16,0.00,0.00,0.00,13.43,18.44,0.00,13.66,0.00,0.00,420.42,0.00,0.00,150.31,0.00,,0.00,0.00,0.00,0.00,0.00,0.00,150.31,0.00,150.31,0.00,0.00,0.00,0.00,0.00,0.00,,0.00,,570.73,,,,,,0.11,0.04,44.11,1,6,777,21974,3EQ,"Scott Aviation, LLC  d/b/a  Silver Air",3EQ,"Scott Aviation, LLC  d/b/a  Silver Air",01234,D,2,2,2025,1
168.95,0.00,0.00,0.00,0.00,,137.83,0.00,0.00,0.00,12.07,18.87,0.00,14.22,0.00,0.00,351.94,0.00,0.00,250.95,0.00,,0.00,0.00,0.00,0.00,0.00,0.00,250.95,0.00,250.95,0.00,0.00,0.00,0.00,0.00,0.00,,0.00,,602.88,,,,,,0.09,0.03,35.09,1,6,777,21974,3EQ,"Scott Aviation, LLC  d/b/a  Silver Air",3EQ,"Scott Aviation, LLC  d/b/a  Silver Air",01234,D,2,2,2025,2
171.13,1.59,11.96,196.44,0.17,0.00,364.12,0.00,145.47,10.69,4.79,30.99,0.00,7.27,0.00,0.00,944.61,66.31,0.42,63.46,0.00,0.00,0.00,0.00,0.00,0.00,23.18,0.00,153.38,56.86,210.23,0.00,0.00,0.00,0.00,0.00,37.72,,0.00,,1192.56,,,,,,0.06,0.02,144.38,1,6,627,20377,X9,Omni Air International LLC,X9,Omni Air International LLC,06738,D,2,2,2025,4
178.60,0.00,0.00,0.00,0.00,,297.60,0.00,0.00,0.00,32.09,8.50,0.00,2.73,0.00,0.00,519.52,0.00,0.00,60.26,0.00,,0.00,325.13,0.00,0.00,0.00,0.00,385.39,0.00,385.39,0.00,0.00,0.00,0.00,0.00,0.00,,0.00,,904.90,,,,,,0.19,0.03,62.97,1,6,515,21974,3EQ,"Scott Aviation, LLC  d/b/a  Silver Air",3EQ,"Scott Aviation, LLC  d/b/a  Silver Air",01234,D,2,2,2025,4
186.37,0.00,0.00,0.00,0.00,,266.82,0.00,0.00,0.00,35.05,18.94,0.00,11.85,0.00,0.00,519.03,0.00,0.00,144.15,0.00,,0.00,283.36,0.00,0.00,0.00,0.00,427.51,0.00,427.51,0.00,0.00,0.00,0.00,0.00,0.00,,0.00,,946.54,,,,,,0.14,0.03,51.83,1,6,515,21974,3EQ,"Scott Aviation, LLC  d/b/a  Silver Air",3EQ,"Scott Aviation, LLC  d/b/a  Silver Air",01234,D,2,2,2025,3
186.79,0.00,27.57,36.33,0.00,0.00,0.00,0.00,153.17,0.00,0.13,15.70,0.00,12.86,0.00,1.93,434.48,53.89,0.00,163.91,156.68,0.00,36.09,0.00,0.00,0.00,0.00,0.00,410.57,1.65,412.22,12.75,0.00,0.00,3.74,0.00,2.67,,0.00,,865.86,,,,,,0.15,5.52,90.15,1,6,631,20397,OH,PSA Airlines Inc.,OH,PSA Airlines Inc.,11030,L,2,2,2025,3
193.00,0.00,2.00,7.00,0.00,0.00,226.00,0.00,9.00,0.00,1.00,29.00,0.00,4.00,0.00,0.00,471.00,6.00,3.00,2.00,22.00,0.00,11.00,2.00,0.00,0.00,0.00,0.00,46.00,22.00,68.00,1.00,17.00,10.00,0.00,1.00,0.00,,1.00,0.00,569.00,,,,,,0.05,0.01,99.96,1,6,624,19790,DL,Delta Air Lines Inc.,DL,Delta Air Lines Inc.,10262,P,3,3,2025,4
200.73,0.00,0.00,0.00,0.00,,355.71,0.00,0.00,0.00,48.34,15.52,0.00,11.78,0.00,0.00,632.08,0.00,0.00,74.91,0.00,,0.00,176.22,0.00,0.00,0.00,0.00,251.12,0.00,251.12,0.00,0.00,0.00,0.00,0.00,0.00,,0.00,,883.20,,,,,,0.23,0.03,70.92,1,6,647,21974,3EQ,"Scott Aviation, LLC  d/b/a  Silver Air",3EQ,"Scott Aviation, LLC  d/b/a  Silver Air",01234,D,2,2,2025,3
200.89,0.00,10.44,32.22,0.00,,0.00,0.00,0.00,0.00,1.15,9.00,0.00,18.28,0.00,13.78,285.76,86.08,0.00,39.19,94.87,,163.04,0.00,0.00,0.00,0.00,0.00,383.17,55.62,438.80,0.00,0.00,0.00,4.34,0.00,0.56,,0.00,,729.46,,,,,,0.45,0.07,144.62,1,6,675,20445,C5,CommuteAir LLC dba CommuteAir,C5,CommuteAir LLC dba CommuteAir,11059,L,2,2,2025,2
202.22,0.00,0.00,0.00,0.00,,273.95,0.00,0.00,0.00,47.63,10.61,0.00,4.90,0.00,0.00,539.30,0.00,0.00,186.65,0.00,,0.00,119.10,0.00,0.00,0.00,0.00,305.76,0.00,305.76,0.00,0.00,0.00,0.00,0.00,0.00,,0.00,,845.06,,,,,,0.18,0.02,51.80,1,6,647,21974,3EQ,"Scott Aviation, LLC  d/b/a  Silver Air",3EQ,"Scott Aviation, LLC  d/b/a  Silver Air",01234,D,2,2,2025,4
204.25,0.00,0.00,0.00,0.00,,143.77,0.00,0.00,0.00,110.48,27.73,0.00,15.40,0.00,0.00,501.63,0.00,0.00,339.92,0.00,,0.00,167.03,0.00,0.00,0.00,0.00,506.95,0.00,506.95,0.00,0.00,0.00,0.00,0.00,0.00,,0.00,,1008.57,,,,,,0.05,0.01,17.25,1,6,647,21974,3EQ,"Scott Aviation, LLC  d/b/a  Silver Air",3EQ,"Scott Aviation, LLC  d/b/a  Silver Air",01234,D,2,2,2025,1
207.51,3.49,6.55,0.00,0.12,,475.95,0.00,340.40,0.00,11.06,23.00,0.00,16.61,0.00,-15.33,1069.35,7.63,7.63,7.63,7.63,,28.48,28.48,0.00,0.00,0.00,0.00,87.47,50.15,137.63,0.00,28.69,0.00,4.51,0.00,3.55,,0.00,,1243.73,,,,,,0.26,0.24,209.91,1,6,748,22080,MX,Breeze Aviation Group DBA  Breeze,MX,Breeze Aviation Group DBA  Breeze,01268,D,2,2,2025,2
214.91,0.00,0.00,0.00,0.00,,279.00,0.00,0.00,0.00,9.58,19.49,0.00,14.44,0.00,0.00,537.41,0.00,0.00,281.33,0.00,,0.00,107.99,0.00,0.00,0.00,0.00,389.33,0.00,389.33,0.00,0.00,0.00,0.00,0.00,0.00,,0.00,,926.74,,,,,,0.17,0.03,58.07,1,6,647,21974,3EQ,"Scott Aviation, LLC  d/b/a  Silver Air",3EQ,"Scott Aviation, LLC  d/b/a  Silver Air",01234,D,2,2,2025,2
215.26,0.00,4.81,97.33,21.96,0.00,1350.72,0.00,390.52,8.46,10.48,36.05,0.00,17.58,0.00,306.39,2459.55,4.10,0.00,162.02,0.00,0.00,20.92,0.00,108.11,0.00,15.44,0.00,310.59,115.14,425.73,0.00,13.21,0.00,28.11,0.00,0.00,,0.00,,2926.60,,,,,,0.46,0.06,704.97,2,6,626,19874,8C,Air Transport International,8C,Air Transport International,16028,A,2,2,2025,2
215.64,67.90,0.00,181.50,13.55,,211.56,0.00,0.00,0.29,0.00,41.01,0.00,20.52,0.00,27.82,779.78,116.85,0.00,0.00,0.00,,0.06,0.00,0.00,0.00,0.00,0.00,116.91,0.00,116.91,0.00,0.00,0.00,0.00,0.00,0.00,,0.00,,896.69,,,,,,0.14,0.07,109.26,2,5,556,20169,L2,Lynden Air Cargo Airlines,L2,Lynden Air Cargo Airlines,11040,I,2,2,2025,2
220.00,0.00,7.00,16.00,0.00,0.00,565.00,0.00,23.00,0.00,3.00,58.00,0.00,10.00,0.00,1.00,903.00,13.00,5.00,29.00,41.00,0.00,23.00,12.00,0.00,0.00,0.00,0.00,123.00,51.00,174.00,3.00,40.00,21.00,1.00,2.00,0.00,,3.00,0.00,1147.00,,,,,,0.12,0.01,229.95,1,6,696,19790,DL,Delta Air Lines Inc.,DL,Delta Air Lines Inc.,01260,D,3,3,2025,1
224.72,0.00,0.00,11.88,54.76,,197.84,0.00,47.10,11.17,13.19,38.06,0.00,12.23,0.00,155.60,766.55,124.08,0.00,117.05,15.31,,29.91,0.00,0.00,0.00,0.00,0.00,286.35,32.01,318.35,0.00,115.08,44.34,37.14,2.58,2.46,,0.00,,1286.50,,,,,,0.07,0.02,64.08,2,6,614,20108,NC,Northern Air Cargo Inc.,NC,Northern Air Cargo Inc.,06721,D,2,2,2025,3
225.81,6.36,21.75,153.74,5.54,0.00,310.44,0.00,203.56,4.93,5.95,38.12,0.00,20.62,0.00,0.00,996.83,93.25,0.56,62.35,0.00,0.00,0.00,0.00,0.00,0.00,27.98,0.00,184.13,39.81,223.95,0.00,0.00,0.00,0.00,0.00,40.29,,0.00,,1261.06,,,,,,0.06,0.02,99.21,1,6,625,20377,X9,Omni Air International LLC,X9,Omni Air International LLC,06738,D,2,2,2025,1
232.00,0.00,0.00,17.00,0.00,0.00,387.00,1.00,20.00,0.00,1.00,69.00,0.00,13.00,16.00,2.00,758.00,34.00,1.00,60.00,41.00,0.00,12.00,6.00,0.00,0.00,0.00,0.00,155.00,37.00,192.00,1.00,55.00,21.00,6.00,0.00,1.00,,0.00,,1034.00,,,,,,0.18,0.02,155.00,1,6,634,19930,AS,Alaska Airlines Inc.,AS,Alaska Airlines Inc.,16031,L,3,3,2025,1
233.00,0.00,4.00,18.00,0.00,0.00,195.00,0.00,22.00,0.00,3.00,69.00,0.00,10.00,0.00,1.00,555.00,15.00,6.00,4.00,51.00,0.00,27.00,4.00,0.00,0.00,0.00,0.00,107.00,53.00,160.00,2.00,40.00,24.00,0.00,2.00,0.00,,3.00,0.00,786.00,,,,,,0.13,0.02,86.27,1,6,723,19790,DL,Delta Air Lines Inc.,DL,Delta Air Lines Inc.,10260,L,3,3,2025,4
237.05,0.00,0.00,17.55,55.25,,415.31,0.00,161.09,19.72,21.40,44.58,0.00,20.49,0.00,121.24,1113.67,220.38,0.00,152.73,8.11,,44.07,0.00,0.00,0.00,0.00,0.00,425.29,69.01,494.29,0.00,136.79,96.57,15.62,1.84,94.00,,0.00,,1952.79,,,,,,0.27,0.09,247.97,2,6,614,20108,NC,Northern Air Cargo Inc.,NC,Northern Air Cargo Inc.,06721,D,2,2,2025,1
241.51,0.00,0.00,22.00,73.51,,405.17,0.00,160.34,9.33,23.13,47.38,0.00,20.17,0.00,140.67,1143.21,222.13,0.00,206.38,14.20,,26.12,0.00,0.00,0.00,0.00,0.00,468.83,64.36,533.19,0.00,157.13,98.75,16.46,2.05,77.39,,0.00,,2028.18,,,,,,0.29,0.09,263.91,2,6,614,20108,NC,Northern Air Cargo Inc.,NC,Northern Air Cargo Inc.,06721,D,2,2,2025,2
245.59,,3.41,99.85,0.00,,1109.07,,0.00,,0.00,69.03,,21.13,,7.04,1555.12,14.81,,43.26,,,53.40,5.47,0.91,,,,117.85,112.02,229.87,,29.80,34.27,36.29,0.00,0.00,,0.00,0.00,1885.34,,,,,,0.26,0.12,831.29,1,8,819,20007,5Y,Atlas Air Inc.,5Y,Atlas Air Inc.,06087,D,3,3,2025,1
245.93,0.00,0.00,9.05,34.90,0.00,531.78,0.00,11.91,0.00,45.69,36.77,-1.63,22.08,0.11,0.00,936.59,168.16,0.00,39.77,0.00,0.00,52.71,0.00,0.00,188.95,0.00,0.00,449.58,0.00,449.58,0.00,52.48,34.38,139.77,0.00,163.24,389.87,0.00,0.00,1776.04,,,,,,0.11,0.27,171.06,1,6,626,21492,1BQ,"Eastern Airlines f/k/a Dynamic Airways, LLC",1BQ,"Eastern Airlines f/k/a Dynamic Airways, LLC",01159,D,1,1,2025,2
246.00,0.00,3.00,15.00,0.00,0.00,478.00,0.00,19.00,0.00,3.00,58.00,0.00,9.00,0.00,0.00,831.00,12.00,5.00,4.00,43.00,0.00,22.00,4.00,0.00,0.00,0.00,0.00,90.00,45.00,135.00,2.00,34.00,20.00,0.00,2.00,0.00,,2.00,0.00,1026.00,,,,,,0.11,0.01,211.72,1,6,696,19790,DL,Delta Air Lines Inc.,DL,Delta Air Lines Inc.,10260,L,3,3,2025,4
250.00,0.00,8.00,22.00,0.00,0.00,370.00,0.00,28.00,0.00,4.00,78.00,0.00,14.00,0.00,1.00,775.00,18.00,9.00,32.00,55.00,0.00,30.00,2.00,0.00,0.00,0.00,0.00,146.00,64.00,210.00,2.00,50.00,28.00,0.00,3.00,0.00,,3.00,0.00,1071.00,,,,,,0.17,0.02,167.90,1,6,694,19790,DL,Delta Air Lines Inc.,DL,Delta Air Lines Inc.,10260,L,3,3,2025,2
255.60,0.00,3.94,95.82,13.30,0.00,1089.07,0.00,410.18,6.78,10.68,32.44,0.00,16.69,0.00,96.11,2030.60,3.40,0.00,119.86,0.00,0.00,58.66,0.00,0.00,0.00,2.13,0.00,184.05,93.86,277.91,0.00,2.48,0.00,0.00,0.00,0.00,,0.00,,2310.98,,,,,,0.37,0.06,704.97,2,6,626,19874,8C,Air Transport International,8C,Air Transport International,16028,A,2,2,2025,3
264.00,0.00,5.00,23.00,0.00,0.00,678.00,0.00,27.00,0.00,4.00,76.00,0.00,12.00,0.00,1.00,1090.00,18.00,8.00,21.00,65.00,0.00,34.00,12.00,0.00,0.00,0.00,0.00,158.00,63.00,221.00,2.00,48.00,28.00,0.00,3.00,0.00,,3.00,0.00,1395.00,,,,,,0.16,0.01,303.14,1,6,339,19790,DL,Delta Air Lines Inc.,DL,Delta Air Lines Inc.,01260,D,3,3,2025,3
265.00,0.00,38.00,79.00,11.00,,381.00,,0.00,1.00,1.00,0.00,,21.00,17.00,30.00,844.00,272.00,30.00,11.00,10.00,,82.00,54.00,172.00,,42.00,,673.00,743.00,1416.00,,12.00,26.00,7.00,1.00,,,,,2306.00,,,,,,0.08,0.02,190.48,2,7,740,20107,FX,Federal Express Corporation,FX,Federal Express Corporation,16196,A,3,3,2025,3
271.58,0.00,25.42,25.68,0.00,0.00,0.00,0.00,103.84,0.00,0.21,21.83,0.00,24.56,0.00,1.87,474.99,44.71,0.00,138.28,240.73,0.00,13.35,0.00,0.00,0.00,0.00,0.00,437.07,0.86,437.93,13.35,0.00,0.00,6.39,0.00,4.96,,0.00,,937.62,,,,,,0.24,0.06,363.07,1,6,631,20397,OH,PSA Airlines Inc.,OH,PSA Airlines Inc.,11030,L,2,2,2025,1
273.43,104.99,14.39,153.84,0.00,,311.11,0.00,663.24,4.20,52.96,22.21,0.00,25.74,0.00,1.68,1627.79,143.72,0.00,0.00,0.00,,161.83,0.00,0.00,0.00,0.00,0.00,305.55,0.00,305.55,0.00,0.00,0.00,0.00,10.39,16.81,,52.22,,2012.76,,,,,,0.22,0.09,217.01,1,6,698,22085,GCA,"Global Crossing Airlines, Inc.",GCA,"Global Crossing Airlines, Inc.",01227,S,2,2,2025,1
274.11,0.00,26.43,31.65,0.00,0.00,0.00,0.00,100.98,0.00,0.22,19.90,0.00,22.26,0.00,1.73,477.27,47.79,0.00,128.71,201.60,0.00,24.90,0.00,0.00,0.00,0.00,0.00,402.99,1.44,404.43,15.24,0.00,0.00,5.41,0.00,5.25,,0.00,,907.61,,,,,,0.28,5.46,184.15,1,6,631,20397,OH,PSA Airlines Inc.,OH,PSA Airlines Inc.,11030,L,2,2,2025,2
275.00,0.00,6.00,24.00,0.00,0.00,488.00,0.00,31.00,0.00,4.00,94.00,0.00,14.00,0.00,1.00,937.00,20.00,8.00,6.00,70.00,0.00,36.00,6.00,0.00,0.00,0.00,0.00,146.00,73.00,219.00,3.00,55.00,33.00,0.00,3.00,0.00,,4.00,0.00,1254.00,,,,,,0.17,0.02,215.90,1,6,622,19790,DL,Delta Air Lines Inc.,DL,Delta Air Lines Inc.,10261,A,3,3,2025,4
280.49,0.00,32.14,39.19,19.71,0.00,0.00,0.61,11.59,0.23,5.83,33.04,0.00,15.18,2.39,0.50,440.89,89.47,0.00,141.85,10.64,0.00,34.63,1.35,0.00,0.00,0.00,0.00,277.92,0.00,277.92,2.33,0.00,0.00,0.00,1.35,0.00,,0.00,0.00,722.49,,,,,,0.28,0.04,188.31,1,6,638,20363,9E,Endeavor Air Inc.,9E,Endeavor Air Inc.,11027,L,2,2,2025,4
281.35,0.00,0.00,0.00,0.00,,457.48,0.00,0.00,0.00,0.00,17.20,0.00,22.26,0.00,0.00,778.29,0.00,0.00,0.00,0.00,,0.00,0.00,0.00,0.00,0.00,0.00,0.00,0.00,0.00,0.00,0.00,0.00,0.00,0.00,0.00,,0.00,,778.29,,,,,,0.12,0.03,64.89,1,6,688,21974,3EQ,"Scott Aviation, LLC  d/b/a  Silver Air",3EQ,"Scott Aviation, LLC  d/b/a  Silver Air",01234,D,2,2,2025,1
285.13,,3.96,115.93,0.00,,1287.63,,0.00,,0.00,80.14,,24.53,,8.17,1805.49,17.20,,50.23,,,62.00,6.35,1.05,,,,136.82,130.05,266.87,,34.60,39.79,42.13,0.00,0.00,,0.00,0.00,2188.89,,,,,,0.74,0.33,2365.98,1,8,819,20007,5Y,Atlas Air Inc.,5Y,Atlas Air Inc.,16087,I,3,3,2025,1
293.00,0.00,7.00,17.00,0.00,0.00,615.00,0.00,23.00,0.00,3.00,59.00,0.00,10.00,0.00,1.00,1028.00,13.00,5.00,30.00,42.00,0.00,24.00,12.00,0.00,0.00,0.00,0.00,126.00,52.00,178.00,3.00,41.00,22.00,1.00,2.00,0.00,,3.00,0.00,1278.00,,,,,,0.12,0.01,250.42,1,6,687,19790,DL,Delta Air Lines Inc.,DL,Delta Air Lines Inc.,10262,P,3,3,2025,1
294.40,0.00,0.00,7.79,17.34,0.00,368.93,0.00,7.02,33.76,49.91,55.40,2.34,29.88,0.12,56.09,922.96,204.07,0.00,68.50,0.00,0.00,44.73,0.00,0.00,74.22,0.00,0.00,391.53,0.00,391.53,0.00,57.32,42.11,233.09,0.00,188.66,521.18,0.00,0.00,1835.67,,,,,,0.07,0.27,107.21,1,6,626,21492,1BQ,"Eastern Airlines f/k/a Dynamic Airways, LLC",1BQ,"Eastern Airlines f/k/a Dynamic Airways, LLC",11019,I,1,1,2025,1
296.15,,3.76,120.43,0.00,,1242.04,,0.00,,0.00,64.69,,9.74,,5.79,1742.60,15.26,,49.85,,,57.32,5.82,1.12,,,,129.36,109.19,238.55,,26.51,36.87,37.34,0.00,0.00,,0.00,0.00,2081.87,,,,,,1.07,0.37,3398.11,1,8,819,20007,5Y,Atlas Air Inc.,5Y,Atlas Air Inc.,16087,I,3,3,2025,4
301.00,0.00,10.00,26.00,0.00,0.00,284.00,0.00,33.00,0.00,4.00,90.00,0.00,16.00,0.00,1.00,765.00,21.00,10.00,37.00,64.00,0.00,35.00,2.00,0.00,0.00,0.00,0.00,169.00,75.00,244.00,2.00,58.00,33.00,0.00,3.00,0.00,,4.00,0.00,1109.00,,,,,,0.19,0.03,128.58,1,6,723,19790,DL,Delta Air Lines Inc.,DL,Delta Air Lines Inc.,10260,L,3,3,2025,2
304.12,,29.87,40.45,,,805.05,,15.78,,1.04,75.74,0.21,8.50,37.25,,1318.00,25.38,0.11,659.35,789.14,,56.59,12.67,,,,,1543.23,59.86,1603.09,24.34,109.81,59.40,13.34,62.28,,,,,3190.26,,,,,,0.25,0.02,342.58,1,6,887,19977,UA,United Air Lines Inc.,UA,United Air Lines Inc.,0A875,D,3,3,2025,3
304.27,8.94,28.43,293.51,6.09,0.00,556.46,0.00,281.78,15.34,23.67,62.82,0.00,23.13,0.00,0.00,1604.43,126.97,0.76,62.92,0.00,0.00,0.00,0.00,0.00,0.00,41.66,0.00,232.31,133.22,365.53,0.00,0.00,0.00,0.00,0.00,60.64,,0.00,,2030.59,,,,,,0.11,0.03,205.46,1,6,626,20377,X9,Omni Air International LLC,X9,Omni Air International LLC,06738,D,2,2,2025,2
304.88,0.00,45.00,59.31,0.00,0.00,0.00,0.00,98.60,0.00,0.21,25.62,0.00,21.00,0.00,3.15,557.77,87.96,0.00,230.99,203.85,0.00,19.77,0.00,0.00,0.00,0.00,0.00,542.56,2.70,545.26,12.56,0.00,0.00,5.47,0.00,4.36,,0.00,,1125.41,,,,,,0.24,7.64,158.36,1,6,638,20397,OH,PSA Airlines Inc.,OH,PSA Airlines Inc.,11030,L,2,2,2025,3
306.50,2.85,21.41,341.15,0.30,0.00,555.80,0.00,271.95,12.96,8.58,55.52,0.00,13.03,0.00,0.00,1590.04,118.77,0.76,71.15,0.00,0.00,0.00,0.00,0.00,0.00,41.51,0.00,232.19,107.98,340.17,0.00,0.00,0.00,0.00,0.00,67.41,,0.00,,1997.61,,,,,,0.13,0.03,208.68,1,6,625,20377,X9,Omni Air International LLC,X9,Omni Air International LLC,06738,D,2,2,2025,4
307.94,0.00,0.00,0.00,0.00,,584.85,0.00,0.00,0.00,19.93,35.91,0.00,22.22,0.00,0.00,970.84,0.00,0.00,251.44,0.00,,0.00,406.53,0.00,0.00,0.00,0.00,657.97,0.00,657.97,0.00,0.00,0.00,0.00,0.00,0.00,,0.00,,1628.81,,,,,,0.14,0.03,73.10,1,6,688,21974,3EQ,"Scott Aviation, LLC  d/b/a  Silver Air",3EQ,"Scott Aviation, LLC  d/b/a  Silver Air",01234,D,2,2,2025,2
311.00,0.00,0.00,14.00,4.00,0.00,616.00,0.00,74.00,0.00,2.00,87.00,0.00,17.00,19.00,17.00,1161.00,74.00,3.00,119.00,130.00,0.00,18.00,15.00,0.00,0.00,0.00,0.00,358.00,22.00,380.00,10.00,60.00,25.00,7.00,0.00,1.00,,-12.00,,1631.00,,,,,,0.20,0.02,178.44,1,6,721,19690,HA,Hawaiian Airlines Inc.,HA,Hawaiian Airlines Inc.,15375,P,3,3,2025,3
319.55,0.00,0.00,0.00,0.00,,643.41,0.00,0.00,0.00,22.54,23.35,0.00,22.24,0.00,0.00,1031.10,0.00,0.00,342.72,0.00,,0.00,112.58,0.00,0.00,0.00,0.00,455.29,0.00,455.29,0.00,0.00,0.00,0.00,0.00,0.00,,0.00,,1486.39,,,,,,0.08,0.01,128.30,1,6,641,21974,3EQ,"Scott Aviation, LLC  d/b/a  Silver Air",3EQ,"Scott Aviation, LLC  d/b/a  Silver Air",01234,D,2,2,2025,3
321.69,0.00,0.00,11.84,45.66,0.00,891.96,0.00,15.58,0.00,59.76,48.09,-2.13,28.89,0.18,0.00,1421.53,219.96,0.00,52.02,0.00,0.00,68.95,0.00,0.00,247.16,0.00,0.00,588.08,0.00,588.08,0.00,68.65,44.97,182.83,0.00,213.53,509.98,0.00,0.00,2519.58,,,,,,0.14,0.18,286.92,1,6,627,21492,1BQ,"Eastern Airlines f/k/a Dynamic Airways, LLC",1BQ,"Eastern Airlines f/k/a Dynamic Airways, LLC",01159,D,1,1,2025,2
327.26,352.90,2.68,0.00,0.00,0.00,428.14,0.00,260.91,0.00,18.09,32.77,0.00,38.23,0.00,196.96,1657.94,23.07,5.77,0.00,0.00,0.00,557.46,139.37,0.00,0.00,0.00,0.00,725.66,0.00,725.66,0.00,0.00,0.00,593.70,0.00,0.00,,0.00,,2977.30,,,,,,0.09,0.05,118.51,1,6,622,20405,N8,National Air Cargo Group Inc d/ba National Airlines,N8,National Air Cargo Group Inc d/ba National Airlines,07029,D,2,2,2025,1
340.97,,4.55,146.82,0.00,,1543.33,,0.00,,0.00,92.37,,26.35,,9.73,2164.11,19.34,,56.26,,,68.71,11.03,0.95,,,,156.29,143.12,299.41,,38.70,50.68,36.78,0.00,0.00,,0.00,0.00,2589.68,,,,,,0.36,0.10,1186.22,1,8,819,20007,5Y,Atlas Air Inc.,5Y,Atlas Air Inc.,06087,D,3,3,2025,2
347.00,0.00,51.00,104.00,21.00,,462.00,,0.00,1.00,1.00,0.00,,41.00,21.00,283.00,1332.00,294.00,33.00,17.00,12.00,,25.00,0.00,106.00,,35.00,,522.00,1874.00,2396.00,,15.00,31.00,8.00,1.00,,,,,3783.00,,,,,,0.09,0.02,220.58,2,7,740,20107,FX,Federal Express Corporation,FX,Federal Express Corporation,16196,A,3,3,2025,2
347.39,0.00,0.00,16.21,0.00,,69.18,0.00,0.00,0.00,5.37,9.52,0.00,3.51,0.00,14.42,465.60,11.23,0.00,57.01,34.36,,95.91,0.00,0.00,0.00,0.00,0.00,198.50,10.81,209.31,0.00,37.21,149.79,1.31,0.00,3.01,,0.00,,866.22,,,,,,0.05,0.09,27.71,1,6,677,20445,C5,CommuteAir LLC dba CommuteAir,C5,CommuteAir LLC dba CommuteAir,06944,D,2,2,2025,3
352.52,131.05,0.00,701.84,43.33,,886.50,0.00,0.00,0.26,0.00,51.17,0.00,71.16,0.00,78.19,2316.03,393.96,0.00,0.00,0.00,,0.84,0.00,0.00,0.00,0.00,0.00,394.80,0.00,394.80,0.00,0.00,0.00,0.00,0.00,0.00,,0.00,,2710.83,,,,,,0.59,0.15,438.41,2,5,556,20169,L2,Lynden Air Cargo Airlines,L2,Lynden Air Cargo Airlines,11040,I,2,2,2025,1
354.51,0.00,74.38,-1.48,293.30,0.00,0.00,6.41,143.81,23.43,80.59,22.78,0.00,-0.94,50.37,8.17,1055.33,2526.73,0.00,3684.48,141.84,0.00,441.74,5.69,0.00,0.00,0.00,0.00,6800.47,0.00,6800.47,0.00,0.00,0.00,0.00,19.24,0.00,,0.00,0.00,7875.11,,,,,,3.70,0.81,2473.24,1,6,631,20363,9E,Endeavor Air Inc.,9E,Endeavor Air Inc.,07024,D,2,2,2025,1
358.85,0.00,3.63,189.79,8.18,0.00,227.43,0.00,734.28,3.25,19.68,53.14,0.00,16.75,0.00,45.23,1660.20,27.86,0.00,594.78,-0.08,0.00,35.95,0.00,5.99,0.00,72.33,0.00,736.83,318.72,1055.55,0.00,33.38,0.00,44.90,0.00,0.00,,0.00,,2794.02,,,,,,0.32,0.06,704.97,2,6,626,19874,8C,Air Transport International,8C,Air Transport International,16028,A,2,2,2025,4
373.36,11.28,26.91,386.25,5.78,0.00,527.71,0.00,324.47,17.88,18.12,70.23,0.00,27.15,0.00,0.00,1789.13,157.47,1.00,89.08,0.00,0.00,0.00,0.00,0.00,0.00,49.64,0.00,297.19,162.27,459.47,0.00,0.00,0.00,0.00,0.00,74.92,,0.00,,2323.52,,,,,,0.12,0.03,219.70,1,6,626,20377,X9,Omni Air International LLC,X9,Omni Air International LLC,06738,D,2,2,2025,3
377.46,,41.36,54.27,,,1643.78,,21.07,,1.55,99.88,-0.03,19.12,88.95,,2347.41,33.22,0.11,510.41,1259.23,,98.77,8.97,,,,,1910.70,70.78,1981.49,30.73,139.19,75.39,15.08,75.79,,,,,4665.08,,,,,,0.29,0.02,737.58,1,6,887,19977,UA,United Air Lines Inc.,UA,United Air Lines Inc.,0A875,D,3,3,2025,2
379.15,0.00,0.00,0.00,0.00,,410.11,0.00,0.00,0.00,42.14,38.76,0.00,10.15,0.00,0.00,880.31,0.00,0.00,193.09,0.00,,0.00,163.10,0.00,0.00,0.00,0.00,356.19,0.00,356.19,0.00,0.00,0.00,0.00,0.00,0.00,,0.00,,1236.50,,,,,,0.14,0.03,88.42,1,6,658,21974,3EQ,"Scott Aviation, LLC  d/b/a  Silver Air",3EQ,"Scott Aviation, LLC  d/b/a  Silver Air",01234,D,2,2,2025,3
380.38,0.00,21.98,57.52,0.00,,0.49,0.00,0.00,0.00,2.26,18.52,0.00,39.47,0.00,26.83,547.44,169.45,0.00,64.29,157.10,,279.31,0.00,0.00,0.00,0.00,0.00,670.15,111.13,781.27,0.00,0.00,0.00,8.27,0.00,1.07,,0.00,,1338.05,,,,,,0.54,0.14,258.84,1,6,675,20445,C5,CommuteAir LLC dba CommuteAir,C5,CommuteAir LLC dba CommuteAir,11059,L,2,2,2025,1
384.36,0.00,0.00,20.41,0.00,,45.33,0.00,0.00,0.00,5.39,5.94,0.00,27.74,0.00,29.56,518.71,12.78,0.00,50.82,106.40,,223.78,0.00,0.00,0.00,0.00,0.00,393.77,6.27,400.04,0.00,37.21,149.79,1.31,0.00,3.01,,0.00,,1110.07,,,,,,0.12,0.09,48.45,1,6,677,20445,C5,CommuteAir LLC dba CommuteAir,C5,CommuteAir LLC dba CommuteAir,06944,D,2,2,2025,2
386.30,,31.28,41.37,,,535.23,,3.52,,1.16,102.17,0.15,8.32,1.28,,1110.78,32.42,0.20,43.36,17.85,,22.64,14.71,,,,,131.18,86.87,218.05,0.20,7.18,27.35,,0.42,,,,,1363.98,,,,,,0.31,0.04,225.52,1,6,721,19977,UA,United Air Lines Inc.,UA,United Air Lines Inc.,10876,L,3,3,2025,4
392.09,0.00,0.00,0.00,0.00,,687.82,0.00,0.00,0.00,13.26,6.54,0.00,29.73,0.00,0.00,1129.45,0.00,0.00,144.47,0.00,,0.00,157.92,0.00,0.00,0.00,0.00,302.39,0.00,302.39,0.00,0.00,0.00,0.00,0.00,0.00,,0.00,,1431.84,,,,,,0.28,0.08,152.34,1,6,641,21974,3EQ,"Scott Aviation, LLC  d/b/a  Silver Air",3EQ,"Scott Aviation, LLC  d/b/a  Silver Air",01234,D,2,2,2025,2
393.00,0.00,10.00,26.00,0.00,0.00,845.00,0.00,32.00,0.00,4.00,90.00,0.00,16.00,0.00,1.00,1417.00,21.00,10.00,37.00,64.00,0.00,35.00,2.00,0.00,0.00,0.00,0.00,169.00,74.00,243.00,2.00,58.00,32.00,0.00,3.00,0.00,,4.00,0.00,1759.00,,,,,,0.19,0.02,383.19,1,6,696,19790,DL,Delta Air Lines Inc.,DL,Delta Air Lines Inc.,10260,L,3,3,2025,2
395.03,0.00,0.00,33.68,0.00,,0.00,0.00,0.00,0.00,5.37,7.56,0.00,30.80,0.00,17.22,489.65,52.69,0.00,65.23,118.04,,239.47,0.00,0.00,0.00,0.00,0.00,475.42,5.51,480.92,0.00,37.21,149.79,1.31,0.00,3.01,,0.00,,1161.88,,,,,,0.18,0.09,86.63,1,6,677,20445,C5,CommuteAir LLC dba CommuteAir,C5,CommuteAir LLC dba CommuteAir,06944,D,2,2,2025,1
396.46,0.00,0.00,41.73,0.00,,85.93,0.00,0.00,0.00,5.37,5.01,0.00,9.59,0.00,20.67,564.76,30.18,0.00,81.20,74.65,,-11.34,0.00,0.00,0.00,0.00,0.00,174.69,2.62,177.30,0.00,37.21,149.79,13.24,0.00,3.01,,0.00,,945.31,,,,,,0.14,0.09,71.30,1,6,677,20445,C5,CommuteAir LLC dba CommuteAir,C5,CommuteAir LLC dba CommuteAir,06944,D,2,2,2025,4
402.76,0.00,38.83,46.51,0.00,0.00,0.00,0.00,176.38,0.00,0.33,29.23,0.00,32.71,0.00,2.54,729.28,70.22,0.00,196.28,171.66,0.00,37.75,0.00,0.00,0.00,0.00,0.00,475.91,2.11,478.02,16.18,0.00,0.00,6.88,0.00,7.72,,0.00,,1238.09,,,,,,0.41,7.31,294.00,1,6,638,20397,OH,PSA Airlines Inc.,OH,PSA Airlines Inc.,11030,L,2,2,2025,2
407.56,0.00,0.00,0.00,0.00,,716.89,0.00,0.00,0.00,52.52,24.39,0.00,2.20,0.00,0.00,1203.55,0.00,0.00,525.03,0.00,,0.00,926.99,0.00,0.00,0.00,0.00,1452.02,0.00,1452.02,0.00,0.00,0.00,0.00,0.00,0.00,,0.00,,2655.57,,,,,,0.26,0.05,143.78,1,6,667,21974,3EQ,"Scott Aviation, LLC  d/b/a  Silver Air",3EQ,"Scott Aviation, LLC  d/b/a  Silver Air",01234,D,2,2,2025,4
421.76,0.00,4.65,166.48,18.52,0.00,1778.39,0.00,753.83,7.42,20.23,55.96,0.00,35.37,0.00,258.29,3520.90,4.50,0.00,268.87,0.00,0.00,20.11,0.00,41.56,0.00,42.24,0.00,377.28,98.94,476.22,0.00,20.92,0.00,56.02,0.00,0.00,,0.00,,4074.05,,,,,,0.39,0.07,582.69,2,6,626,19874,8C,Air Transport International,8C,Air Transport International,16028,A,2,2,2025,1
423.05,0.00,44.66,68.41,0.00,0.00,0.00,0.00,257.55,0.00,0.00,5.62,0.00,37.59,0.00,0.00,836.87,63.71,1.97,114.08,-8.89,0.00,18.51,9.94,0.00,0.00,0.00,76.45,275.77,155.09,430.85,8.23,0.00,0.00,0.00,0.00,0.00,,0.00,,1275.96,,,,,,0.51,0.23,338.92,1,6,677,20398,MQ,Envoy Air,MQ,Envoy Air,16820,L,3,3,2025,1
424.71,0.00,22.92,68.79,0.00,,0.62,0.00,0.00,0.00,2.54,27.57,0.00,20.43,0.00,29.34,596.92,160.28,0.00,171.32,120.67,,423.38,0.00,0.00,0.00,0.00,0.00,875.65,130.51,1006.16,0.00,0.00,0.00,9.45,0.00,1.08,,0.00,,1613.61,,,,,,0.78,0.16,300.56,1,6,675,20445,C5,CommuteAir LLC dba CommuteAir,C5,CommuteAir LLC dba CommuteAir,11059,L,2,2,2025,3
426.00,0.00,0.00,20.00,6.00,0.00,842.00,0.00,102.00,0.00,3.00,118.00,0.00,23.00,26.00,23.00,1586.00,101.00,4.00,162.00,177.00,0.00,24.00,21.00,0.00,0.00,0.00,0.00,489.00,29.00,519.00,13.00,82.00,34.00,9.00,0.00,1.00,,-17.00,,2228.00,,,,,,0.27,0.08,293.60,1,6,608,19690,HA,Hawaiian Airlines Inc.,HA,Hawaiian Airlines Inc.,15375,P,3,3,2025,3
431.97,0.00,0.00,0.00,0.00,,739.95,0.00,0.00,0.00,55.48,55.39,0.00,33.05,0.00,0.00,1315.84,0.00,0.00,272.82,0.00,,0.00,1037.11,0.00,0.00,0.00,0.00,1309.93,0.00,1309.93,0.00,0.00,0.00,0.00,0.00,0.00,,0.00,,2625.77,,,,,,0.27,0.07,135.92,1,6,667,21974,3EQ,"Scott Aviation, LLC  d/b/a  Silver Air",3EQ,"Scott Aviation, LLC  d/b/a  Silver Air",01234,D,2,2,2025,1
433.00,0.00,0.00,23.00,4.00,0.00,812.00,0.00,70.00,0.00,3.00,120.00,0.00,24.00,28.00,-3.00,1513.00,99.00,4.00,166.00,133.00,0.00,22.00,19.00,0.00,0.00,0.00,0.00,442.00,27.00,469.00,13.00,77.00,35.00,10.00,0.00,1.00,,-6.00,,2112.00,,,,,,0.25,0.03,232.29,1,6,721,19690,HA,Hawaiian Airlines Inc.,HA,Hawaiian Airlines Inc.,15375,P,3,3,2025,4
438.99,0.00,0.00,0.00,0.00,,429.05,0.00,0.00,0.00,13.27,14.11,0.00,3.48,0.00,0.00,898.90,0.00,0.00,190.06,0.00,,0.00,230.63,0.00,0.00,0.00,0.00,420.69,0.00,420.69,0.00,0.00,0.00,0.00,0.00,0.00,,0.00,,1319.59,,,,,,0.19,0.04,107.85,1,6,658,21974,3EQ,"Scott Aviation, LLC  d/b/a  Silver Air",3EQ,"Scott Aviation, LLC  d/b/a  Silver Air",01234,D,2,2,2025,4
448.50,0.00,0.00,19.21,74.08,0.00,1041.83,0.00,4.30,0.00,37.69,60.56,18.18,33.69,0.00,0.00,1738.04,238.70,0.00,189.15,0.00,0.00,58.30,0.00,0.00,110.93,0.00,0.00,597.08,0.00,597.08,0.00,68.58,45.32,245.25,0.00,400.44,759.59,0.00,0.00,3094.70,,,,,,0.22,0.18,486.11,1,6,627,21492,1BQ,"Eastern Airlines f/k/a Dynamic Airways, LLC",1BQ,"Eastern Airlines f/k/a Dynamic Airways, LLC",01159,D,1,1,2025,4
454.15,0.00,42.51,42.94,0.00,0.00,0.00,0.00,179.85,0.00,0.35,36.50,0.00,41.07,0.00,3.13,800.50,74.77,0.00,184.29,436.75,0.00,26.47,0.00,0.00,0.00,0.00,0.00,722.27,1.44,723.72,16.13,0.00,0.00,7.16,0.00,8.30,,0.00,,1555.81,,,,,,0.40,0.10,121.03,1,6,638,20397,OH,PSA Airlines Inc.,OH,PSA Airlines Inc.,11030,L,2,2,2025,1
455.63,0.00,0.00,16.77,64.66,0.00,1036.33,0.00,22.07,21.56,84.64,68.12,-3.01,40.91,0.21,49.00,1856.90,311.54,0.00,73.67,0.00,0.00,97.66,0.00,0.00,350.06,0.00,0.00,832.93,0.00,832.93,0.00,97.23,63.70,258.95,0.00,302.43,722.31,0.00,0.00,3412.14,,,,,,0.21,0.27,333.36,1,6,626,21492,1BQ,"Eastern Airlines f/k/a Dynamic Airways, LLC",1BQ,"Eastern Airlines f/k/a Dynamic Airways, LLC",11019,I,1,1,2025,2
460.72,,22.79,45.77,,,1315.00,,1.71,,0.79,115.05,0.16,12.92,22.94,,1997.86,38.30,0.16,1060.11,10.30,,38.19,13.86,,,,,1160.92,86.38,1247.30,33.07,132.44,22.44,4.62,65.43,,,,,3503.15,,,,,,0.39,0.03,573.47,1,6,626,19977,UA,United Air Lines Inc.,UA,United Air Lines Inc.,0A875,D,3,3,2025,3
464.21,0.00,66.76,71.47,35.51,0.00,0.00,1.24,20.88,0.52,6.28,57.17,0.00,41.32,3.88,0.99,770.22,152.93,0.00,167.71,17.22,0.00,65.92,1.86,0.00,0.00,0.00,0.00,405.64,0.00,405.64,3.77,0.00,0.00,0.00,2.25,0.00,,0.00,0.00,1181.89,,,,,,0.49,0.07,336.60,1,6,638,20363,9E,Endeavor Air Inc.,9E,Endeavor Air Inc.,11027,L,2,2,2025,2
476.68,52.53,6.74,1664.56,16.90,0.00,1281.83,0.00,704.44,0.00,46.66,75.21,0.29,73.73,146.20,-158.27,4387.48,132.97,33.24,0.00,0.00,0.00,602.71,150.68,0.00,3.50,0.00,0.00,923.11,0.00,923.11,0.00,0.00,0.00,47.50,0.00,2.18,,0.00,,5360.27,,,,,,0.67,0.28,1298.26,1,6,696,20405,N8,National Air Cargo Group Inc d/ba National Airlines,N8,National Air Cargo Group Inc d/ba National Airlines,11049,I,2,2,2025,4
482.75,0.00,0.00,0.00,0.00,,452.88,0.00,0.00,0.00,26.60,86.60,0.00,31.01,0.00,0.00,1079.84,0.00,0.00,254.36,0.00,,0.00,130.94,0.00,0.00,0.00,0.00,385.30,0.00,385.30,0.00,0.00,0.00,0.00,0.00,0.00,,0.00,,1465.15,,,,,,0.18,0.02,94.54,1,6,658,21974,3EQ,"Scott Aviation, LLC  d/b/a  Silver Air",3EQ,"Scott Aviation, LLC  d/b/a  Silver Air",01234,D,2,2,2025,2
489.69,0.00,0.00,25.90,119.32,,431.12,0.00,102.63,24.34,28.74,82.94,0.00,26.66,0.00,339.08,1670.40,270.38,0.00,255.06,33.35,,65.18,0.00,0.00,0.00,0.00,0.00,623.98,69.75,693.73,0.00,250.76,96.63,80.93,5.61,5.36,,0.00,,2803.41,,,,,,0.15,0.04,133.61,2,6,619,20108,NC,Northern Air Cargo Inc.,NC,Northern Air Cargo Inc.,06721,D,2,2,2025,3
489.87,13.80,47.19,266.68,12.02,0.00,567.29,0.00,441.60,13.22,12.91,84.21,0.00,44.72,0.00,0.00,1993.49,202.28,1.21,53.81,0.00,0.00,0.00,0.00,0.00,0.00,60.70,0.00,318.00,90.27,408.28,0.00,0.00,0.00,0.00,0.00,87.41,,0.00,,2489.17,,,,,,0.10,0.05,185.81,1,6,626,20377,X9,Omni Air International LLC,X9,Omni Air International LLC,06738,D,2,2,2025,1
493.94,0.00,0.00,21.22,65.84,0.00,1117.21,0.00,1.34,0.00,64.19,59.21,6.11,35.29,0.58,0.00,1864.93,261.39,0.00,119.72,0.00,0.00,145.66,0.00,0.00,284.02,0.00,0.00,810.80,0.00,810.80,0.00,77.71,50.91,222.20,0.00,257.64,608.47,0.00,0.00,3284.20,,,,,,0.23,0.18,495.81,1,6,627,21492,1BQ,"Eastern Airlines f/k/a Dynamic Airways, LLC",1BQ,"Eastern Airlines f/k/a Dynamic Airways, LLC",01159,D,1,1,2025,3
496.43,0.00,0.00,0.00,0.00,,1040.24,0.00,0.00,0.00,71.34,72.15,0.00,27.53,0.00,0.00,1707.68,0.00,0.00,204.36,0.00,,0.00,1064.88,0.00,0.00,0.00,0.00,1269.24,0.00,1269.24,0.00,0.00,0.00,0.00,0.00,0.00,,0.00,,2976.93,,,,,,0.32,0.04,205.32,1,6,667,21974,3EQ,"Scott Aviation, LLC  d/b/a  Silver Air",3EQ,"Scott Aviation, LLC  d/b/a  Silver Air",01234,D,2,2,2025,3
499.24,85.78,7.96,109.74,4.20,,407.44,4.41,0.00,0.04,0.00,13.18,0.00,51.66,0.00,108.40,1292.05,227.73,0.00,138.96,-0.76,,57.46,27.36,0.00,0.00,80.15,0.00,530.90,12.72,543.62,0.00,0.00,0.00,12.29,36.02,2.86,,0.94,,1887.77,,,,,,0.60,0.09,163.55,1,4,442,20401,3M,Silver Airways,3M,Silver Airways,11056,I,2,2,2025,1
500.69,0.00,25.40,120.38,0.00,,2.83,0.00,0.00,0.00,2.82,8.18,0.00,35.95,0.00,30.69,726.94,183.24,0.00,194.37,20.55,,383.29,0.00,0.00,0.00,0.00,0.00,781.45,135.56,917.02,0.00,0.00,0.00,7.42,0.00,0.92,,0.00,,1652.30,,,,,,0.83,0.18,346.01,1,6,675,20445,C5,CommuteAir LLC dba CommuteAir,C5,CommuteAir LLC dba CommuteAir,11059,L,2,2,2025,4
506.28,,21.89,44.65,,,1531.17,,5.99,,0.81,134.24,0.10,10.93,39.22,,2295.28,48.12,0.26,1086.53,15.17,,190.55,15.35,,,,,1355.97,92.01,1447.99,35.85,149.14,24.72,3.52,12.99,,,,,3969.48,,,,,,0.41,0.04,633.83,1,6,626,19977,UA,United Air Lines Inc.,UA,United Air Lines Inc.,0A875,D,3,3,2025,4
509.03,0.00,46.45,73.71,0.00,0.00,0.00,0.00,251.48,0.00,0.00,0.87,0.00,29.19,0.00,0.00,910.73,62.20,1.92,122.64,0.00,0.00,30.83,10.37,0.00,0.00,0.00,95.90,323.86,139.11,462.96,1.72,0.00,0.00,0.00,0.00,0.00,,0.00,,1375.41,,,,,,0.51,0.22,345.23,1,6,677,20398,MQ,Envoy Air,MQ,Envoy Air,16820,L,3,3,2025,4
512.98,0.00,84.90,0.00,0.00,,2324.28,0.00,58.12,0.00,411.30,0.00,0.00,0.00,0.00,151.27,3542.85,1015.44,334.25,0.00,184.98,,240.90,70.91,0.00,131.82,0.00,0.00,1978.30,0.00,1978.30,0.00,0.00,0.00,0.00,0.00,0.00,,0.00,,5521.15,,,,,,1.23,0.20,1044.58,1,6,655,20310,WL,"Caribbean Sun Airlines, Inc. d/b/a World Atlantic Airlines",WL,"Caribbean Sun Airlines, Inc. d/b/a World Atlantic Airlines",16076,I,1,1,2025,2
513.06,0.00,0.00,21.98,84.74,0.00,925.94,0.00,4.92,0.00,43.11,69.28,20.79,38.54,0.00,0.00,1722.35,273.05,0.00,216.38,0.00,0.00,66.69,0.00,0.00,126.90,0.00,0.00,683.03,0.00,683.03,0.00,78.45,51.85,280.55,0.00,458.08,868.92,0.00,0.00,3274.30,,,,,,0.27,0.28,432.03,1,6,626,21492,1BQ,"Eastern Airlines f/k/a Dynamic Airways, LLC",1BQ,"Eastern Airlines f/k/a Dynamic Airways, LLC",01159,D,1,1,2025,4
522.34,0.00,0.00,0.00,0.00,,773.22,0.00,0.00,0.00,29.56,107.69,0.00,45.57,0.00,0.00,1478.38,0.00,0.00,195.39,0.00,,0.00,179.19,0.00,0.00,0.00,0.00,374.58,0.00,374.58,0.00,0.00,0.00,0.00,0.00,0.00,,0.00,,1852.96,,,,,,0.07,0.02,40.77,1,6,658,21974,3EQ,"Scott Aviation, LLC  d/b/a  Silver Air",3EQ,"Scott Aviation, LLC  d/b/a  Silver Air",01234,D,2,2,2025,1
531.63,0.00,0.00,22.84,70.86,0.00,1488.66,0.00,1.45,27.07,69.09,63.73,6.57,37.99,0.78,101.69,2422.35,281.34,0.00,128.86,0.00,0.00,156.78,0.00,0.00,305.69,0.00,0.00,872.65,0.00,872.65,0.00,83.64,54.80,239.16,0.00,277.30,654.89,0.00,0.00,3949.90,,,,,,0.26,0.18,660.66,1,6,627,21492,1BQ,"Eastern Airlines f/k/a Dynamic Airways, LLC",1BQ,"Eastern Airlines f/k/a Dynamic Airways, LLC",11019,I,1,1,2025,3
540.27,,41.37,61.73,,,638.64,,50.94,,1.55,143.27,-0.03,27.42,0.00,,1505.17,39.14,0.16,33.87,26.80,,32.29,9.74,,,,,142.00,89.62,231.61,0.66,103.38,31.42,0.16,1.52,,,,,1873.92,,,,,,0.45,0.04,300.34,1,6,838,19977,UA,United Air Lines Inc.,UA,United Air Lines Inc.,10874,A,3,3,2025,2
549.04,,27.25,56.69,,,1910.43,,3.48,,1.02,145.86,-1.77,27.92,65.62,,2785.53,47.30,0.16,1097.49,13.37,,56.58,8.12,,,,,1223.02,92.20,1315.21,38.25,157.21,25.38,6.22,111.92,,,,,4439.72,,,,,,0.45,0.04,864.00,1,6,626,19977,UA,United Air Lines Inc.,UA,United Air Lines Inc.,0A875,D,3,3,2025,2
550.82,,3.44,207.77,0.00,,528.33,,0.00,,0.00,166.05,,46.93,,9.91,1513.25,14.62,,42.52,,,51.93,8.34,0.72,,,,118.12,108.16,226.28,,0.42,0.00,104.82,0.00,0.00,,0.00,0.00,1844.77,,,,,,0.43,0.10,638.00,2,6,626,20007,5Y,Atlas Air Inc.,5Y,Atlas Air Inc.,06087,D,3,3,2025,2
569.35,0.00,42.54,0.00,0.00,,2788.86,0.00,384.43,0.00,382.20,0.00,0.00,0.00,0.00,159.83,4327.22,1041.04,404.15,0.00,52.84,,100.03,0.00,0.00,336.36,0.00,0.00,1934.43,0.00,1934.43,0.00,0.00,0.00,39.16,0.00,0.00,,0.00,,6300.80,,,,,,1.28,0.24,1221.33,1,6,655,20310,WL,"Caribbean Sun Airlines, Inc. d/b/a World Atlantic Airlines",WL,"Caribbean Sun Airlines, Inc. d/b/a World Atlantic Airlines",16076,I,1,1,2025,4
582.00,0.00,20.00,50.00,0.00,0.00,906.00,0.00,69.00,0.00,9.00,176.00,0.00,30.00,0.00,2.00,1844.00,40.00,16.00,89.00,124.00,0.00,71.00,36.00,0.00,0.00,0.00,0.00,376.00,155.00,531.00,8.00,122.00,65.00,2.00,7.00,0.00,,9.00,0.00,2588.00,,,,,,0.36,0.05,368.91,1,6,694,19790,DL,Delta Air Lines Inc.,DL,Delta Air Lines Inc.,10260,L,3,3,2025,1
582.44,0.00,109.49,14.72,443.71,0.00,0.00,15.45,239.07,9.48,116.48,40.66,0.00,5.14,72.00,12.79,1661.42,2725.52,0.00,10849.67,477.27,0.00,979.29,9.90,0.00,0.00,0.00,0.00,15041.66,0.00,15041.66,0.00,0.00,0.00,0.00,28.12,0.00,,0.00,0.00,16731.21,,,,,,6.09,1.27,3971.89,1,6,631,20363,9E,Endeavor Air Inc.,9E,Endeavor Air Inc.,07024,D,2,2,2025,2
594.15,0.00,12.76,0.00,0.00,,2817.72,0.00,212.32,0.00,411.30,0.00,0.00,0.00,0.00,355.59,4403.84,873.45,664.67,0.00,5.69,,133.16,0.00,0.00,197.13,0.00,0.00,1874.09,0.00,1874.09,0.00,0.00,0.00,165.22,0.00,0.00,,0.00,,6443.16,,,,,,1.31,0.23,1253.82,1,6,655,20310,WL,"Caribbean Sun Airlines, Inc. d/b/a World Atlantic Airlines",WL,"Caribbean Sun Airlines, Inc. d/b/a World Atlantic Airlines",16076,I,1,1,2025,3
600.04,,4.02,203.52,0.00,,386.87,,0.00,,0.00,166.50,,35.99,,12.57,1409.51,16.47,,36.58,,,54.36,7.95,1.56,,,,116.92,127.33,244.24,,0.03,0.00,29.40,0.00,0.00,,0.00,0.00,1683.19,,,,,,0.38,0.07,555.46,2,6,626,20007,5Y,Atlas Air Inc.,5Y,Atlas Air Inc.,06087,D,3,3,2025,3
601.82,0.00,0.00,25.86,80.21,0.00,1002.15,0.00,1.64,0.00,78.21,72.14,7.44,43.00,0.52,0.00,1912.99,318.48,0.00,145.87,0.00,0.00,177.48,0.00,0.00,346.04,0.00,0.00,987.87,0.00,987.87,0.00,94.69,62.03,270.73,0.00,313.91,741.36,0.00,0.00,3642.23,,,,,,0.27,0.28,444.75,1,6,626,21492,1BQ,"Eastern Airlines f/k/a Dynamic Airways, LLC",1BQ,"Eastern Airlines f/k/a Dynamic Airways, LLC",01159,D,1,1,2025,3
608.00,0.00,44.00,220.00,10.00,,-10.00,,31.00,1.00,0.00,34.00,,34.00,0.00,-1231.00,-259.00,2.00,0.00,1.00,227.00,,614.00,624.00,53.00,,4.00,,1525.00,2845.00,4370.00,,232.00,108.00,8.00,2.00,,,,,4461.00,,,,,,0.24,0.02,540.78,2,6,683,20107,FX,Federal Express Corporation,FX,Federal Express Corporation,16195,L,3,3,2025,4
608.04,0.00,35.54,331.47,0.00,,330.66,0.00,1515.06,0.00,109.11,23.33,0.00,47.42,0.00,106.88,3107.51,461.32,0.00,0.00,0.00,,588.75,0.00,0.00,0.00,0.00,0.00,1050.07,0.00,1050.07,0.00,0.00,0.00,0.00,32.50,58.75,,152.59,,4401.42,,,,,,0.72,0.21,969.47,2,6,699,22085,GCA,"Global Crossing Airlines, Inc.",GCA,"Global Crossing Airlines, Inc.",01287,D,2,2,2025,2
619.03,0.00,46.31,0.00,0.00,,3337.75,0.00,2234.76,0.00,410.42,0.00,0.00,0.00,0.00,860.40,7508.66,981.34,0.00,0.00,0.00,,815.28,2.16,0.00,157.21,0.00,0.00,1955.99,0.00,1955.99,0.00,0.00,0.00,0.00,0.00,0.00,,0.00,,9464.65,,,,,,1.53,0.25,1434.70,1,6,655,20310,WL,"Caribbean Sun Airlines, Inc. d/b/a World Atlantic Airlines",WL,"Caribbean Sun Airlines, Inc. d/b/a World Atlantic Airlines",16076,I,1,1,2025,1
622.58,0.00,9.81,93.69,6.21,,-1.39,0.00,69.95,7.00,0.00,31.24,0.00,58.06,0.00,0.03,897.16,204.54,51.13,465.63,309.98,,28.72,7.18,0.00,0.00,0.00,0.00,1067.17,0.00,1067.17,0.00,27.91,1.92,34.95,0.00,4.66,,0.00,,2033.78,,,,,,0.97,0.15,444.26,1,6,673,20378,YV,Mesa Airlines Inc.,YV,Mesa Airlines Inc.,11022,L,2,2,2025,1
629.09,0.00,0.00,3.59,2.29,,1452.54,0.00,371.37,33.94,73.76,100.74,0.00,44.62,0.00,789.21,3501.15,748.47,0.00,662.51,135.95,,310.92,0.00,0.00,0.00,0.00,0.00,1857.85,53.39,1911.25,0.00,549.12,208.22,100.99,2.57,11.05,,0.00,,6284.34,,,,,,0.51,0.18,533.65,2,6,619,21634,KH,Aloha Air Cargo,KH,Aloha Air Cargo,01146,D,2,2,2025,4
632.92,,8.44,272.53,0.00,,2864.82,,0.00,,0.00,171.46,,48.91,,18.06,4017.15,35.90,,104.43,,,127.54,20.48,1.76,,,,290.12,265.67,555.78,,71.84,94.08,68.27,0.00,0.00,,0.00,0.00,4807.12,,,,,,1.15,0.36,3756.35,1,8,819,20007,5Y,Atlas Air Inc.,5Y,Atlas Air Inc.,16087,I,3,3,2025,2
641.01,0.00,44.40,40.44,0.00,0.00,1785.13,1.85,189.30,0.00,0.68,205.75,0.00,19.21,35.30,0.00,2963.06,112.10,28.11,133.11,193.53,0.00,72.60,86.99,0.00,0.00,0.00,0.00,626.44,266.13,892.57,12.06,107.30,27.24,20.50,0.00,7.86,,11.07,,4041.66,,,,,,0.31,0.03,777.27,1,6,637,19805,AA,American Airlines Inc.,AA,American Airlines Inc.,0A050,D,3,3,2025,3
643.94,0.00,43.87,45.40,0.00,0.00,2037.20,2.17,200.85,0.00,0.70,198.47,0.00,35.13,47.67,0.00,3255.41,112.62,28.38,139.79,184.30,0.00,64.44,77.35,0.00,0.00,0.00,0.00,606.87,268.05,874.92,14.32,111.94,27.79,22.40,0.00,8.58,,11.74,,4327.10,,,,,,0.35,0.03,928.25,1,6,637,19805,AA,American Airlines Inc.,AA,American Airlines Inc.,0A050,D,3,3,2025,2
652.66,0.00,0.00,17.27,38.44,0.00,1792.74,0.00,15.56,74.83,110.64,122.81,5.18,66.24,0.58,124.35,3021.30,452.42,0.00,151.86,0.00,0.00,99.17,0.00,0.00,164.55,0.00,0.00,867.99,0.00,867.99,0.00,127.08,93.35,516.75,0.00,418.24,1155.43,0.00,0.00,5044.72,,,,,,0.18,0.18,520.94,1,6,627,21492,1BQ,"Eastern Airlines f/k/a Dynamic Airways, LLC",1BQ,"Eastern Airlines f/k/a Dynamic Airways, LLC",11019,I,1,1,2025,1
659.94,0.00,101.49,94.84,55.13,0.00,0.00,1.21,35.66,4.11,9.83,81.50,0.00,66.61,6.14,1.53,1117.99,233.40,0.00,356.45,24.65,0.00,77.79,1.32,0.00,0.00,0.00,0.00,693.63,0.00,693.63,5.55,0.00,0.00,0.00,3.62,0.00,,0.00,0.00,1820.84,,,,,,0.70,0.11,482.70,1,6,638,20363,9E,Endeavor Air Inc.,9E,Endeavor Air Inc.,11027,L,2,2,2025,1
665.64,0.00,141.78,17.62,410.97,0.00,0.00,21.87,277.36,6.21,164.70,51.00,0.00,4.14,145.15,9.99,1916.42,3399.20,0.00,3398.24,337.91,0.00,1020.97,0.99,0.00,0.00,0.00,0.00,8157.31,0.00,8157.31,0.00,0.00,0.00,0.00,38.35,0.00,,0.00,0.00,10112.09,,,,,,8.02,1.54,4988.43,1,6,631,20363,9E,Endeavor Air Inc.,9E,Endeavor Air Inc.,07024,D,2,2,2025,3
672.94,0.00,0.00,28.83,111.14,0.00,1301.75,0.00,6.46,14.01,56.55,90.86,27.27,50.55,0.00,201.64,2562.00,358.14,0.00,283.81,0.00,0.00,87.48,0.00,0.00,166.44,0.00,0.00,895.88,0.00,895.88,0.00,102.89,68.00,367.97,0.00,600.83,1139.70,0.00,0.00,4597.58,,,,,,0.37,0.28,607.38,1,6,626,21492,1BQ,"Eastern Airlines f/k/a Dynamic Airways, LLC",1BQ,"Eastern Airlines f/k/a Dynamic Airways, LLC",11019,I,1,1,2025,4
677.78,58.23,10.80,111.74,5.70,,772.40,5.99,0.00,0.05,0.00,17.89,0.00,64.99,0.00,147.17,1872.74,309.16,0.00,188.65,-1.03,,78.01,37.15,0.00,0.00,0.00,0.00,611.94,17.27,629.21,0.00,0.00,0.00,49.14,48.90,3.88,,3.78,,2607.65,,,,,,0.82,0.36,294.51,1,4,441,20401,3M,Silver Airways,3M,Silver Airways,11056,I,2,2,2025,1
681.78,0.00,0.00,25.09,96.76,0.00,2251.08,0.00,33.03,32.26,126.66,101.93,-4.51,61.22,0.45,73.33,3479.08,466.18,0.00,110.24,0.00,0.00,146.13,0.00,0.00,523.82,0.00,0.00,1246.37,0.00,1246.37,0.00,145.49,95.32,387.48,0.00,452.55,1080.83,0.00,0.00,5806.28,,,,,,0.32,0.18,724.11,1,6,627,21492,1BQ,"Eastern Airlines f/k/a Dynamic Airways, LLC",1BQ,"Eastern Airlines f/k/a Dynamic Airways, LLC",11019,I,1,1,2025,2
684.52,,8.73,311.73,0.00,,3072.57,,0.00,,0.00,170.53,,32.86,,12.80,4293.74,35.76,,79.40,,,118.01,17.25,3.38,,,,253.80,276.39,530.19,,68.26,92.36,79.18,0.00,0.00,,0.00,0.00,5063.73,,,,,,0.45,0.09,1310.47,1,8,819,20007,5Y,Atlas Air Inc.,5Y,Atlas Air Inc.,06087,D,3,3,2025,3
685.18,0.00,0.00,29.44,91.32,0.00,1252.81,0.00,1.86,34.89,89.04,82.14,8.47,48.96,0.65,131.07,2455.84,362.60,0.00,166.08,0.00,0.00,202.06,0.00,0.00,393.98,0.00,0.00,1124.71,0.00,1124.71,0.00,107.80,70.63,308.24,0.00,357.39,844.06,0.00,0.00,4424.61,,,,,,0.33,0.28,555.99,1,6,626,21492,1BQ,"Eastern Airlines f/k/a Dynamic Airways, LLC",1BQ,"Eastern Airlines f/k/a Dynamic Airways, LLC",11019,I,1,1,2025,3
687.83,0.00,129.11,15.62,800.87,0.00,0.00,19.12,300.92,10.94,200.86,51.02,0.00,10.09,86.51,15.81,2328.67,3617.92,0.00,3323.07,607.84,0.00,931.82,1.85,0.00,0.00,0.00,0.00,8482.49,0.00,8482.49,0.00,0.00,0.00,0.00,41.95,0.00,,0.00,0.00,10853.12,,,,,,8.63,1.64,5278.44,1,6,631,20363,9E,Endeavor Air Inc.,9E,Endeavor Air Inc.,07024,D,2,2,2025,4
697.33,0.00,9.93,302.25,30.46,0.00,52.04,0.00,135.77,15.84,3.02,101.12,0.00,68.49,0.00,9.37,1425.62,380.60,0.00,928.83,209.10,0.00,122.04,0.00,82.35,0.00,48.39,0.00,1771.31,468.48,2239.79,0.00,32.58,0.00,127.74,0.00,0.00,,0.00,,3825.73,,,,,,0.77,0.18,1198.60,2,6,625,19874,8C,Air Transport International,8C,Air Transport International,06029,D,2,2,2025,1
699.00,0.00,13.00,56.00,0.00,0.00,1918.00,0.00,68.00,0.00,9.00,189.00,0.00,30.00,0.00,1.00,2983.00,46.00,21.00,52.00,164.00,0.00,85.00,29.00,0.00,0.00,0.00,0.00,397.00,158.00,555.00,6.00,121.00,70.00,1.00,7.00,0.00,,8.00,0.00,3751.00,,,,,,0.39,0.03,857.11,1,6,359,19790,DL,Delta Air Lines Inc.,DL,Delta Air Lines Inc.,01260,D,3,3,2025,3
720.59,0.00,37.93,393.90,0.00,,438.85,0.00,1718.67,0.00,129.83,16.64,0.00,47.04,0.00,58.78,3562.21,622.12,0.00,0.00,0.00,,414.65,0.00,0.00,0.00,0.00,0.00,1036.77,0.00,1036.77,0.00,0.00,0.00,0.00,76.00,98.72,,263.20,,5036.90,,,,,,0.83,0.27,1097.95,2,6,699,22085,GCA,"Global Crossing Airlines, Inc.",GCA,"Global Crossing Airlines, Inc.",01287,D,2,2,2025,4
722.25,0.00,0.00,0.00,0.00,,730.59,0.00,0.00,0.00,66.71,81.13,0.00,52.55,0.00,0.00,1653.23,0.00,0.00,414.65,0.00,,0.00,878.08,0.00,0.00,0.00,0.00,1292.73,0.00,1292.73,0.00,0.00,0.00,0.00,0.00,0.00,,0.00,,2945.96,,,,,,0.31,0.06,154.19,1,6,667,21974,3EQ,"Scott Aviation, LLC  d/b/a  Silver Air",3EQ,"Scott Aviation, LLC  d/b/a  Silver Air",01234,D,2,2,2025,2
745.09,0.00,0.00,31.92,123.06,0.00,2192.39,0.00,7.15,15.51,62.61,100.61,30.19,55.97,0.00,223.26,3587.76,396.54,0.00,314.24,0.00,0.00,96.86,0.00,0.00,184.29,0.00,0.00,991.92,0.00,991.92,0.00,113.92,75.29,407.43,0.00,665.25,1261.89,0.00,0.00,5841.57,,,,,,0.42,0.18,1022.94,1,6,627,21492,1BQ,"Eastern Airlines f/k/a Dynamic Airways, LLC",1BQ,"Eastern Airlines f/k/a Dynamic Airways, LLC",11019,I,1,1,2025,4
759.00,0.00,22.00,54.00,0.00,0.00,1686.00,0.00,74.00,0.00,10.00,189.00,0.00,32.00,0.00,2.00,2828.00,43.00,18.00,96.00,134.00,0.00,76.00,39.00,0.00,0.00,0.00,0.00,406.00,166.00,572.00,9.00,132.00,70.00,2.00,7.00,0.00,,10.00,0.00,3630.00,,,,,,0.39,0.03,686.15,1,6,339,19790,DL,Delta Air Lines Inc.,DL,Delta Air Lines Inc.,01260,D,3,3,2025,1
759.09,0.00,0.00,20.09,44.71,0.00,1451.61,0.00,18.10,0.00,128.68,142.84,6.03,77.04,0.47,0.00,2648.63,526.19,0.00,176.62,0.00,0.00,115.34,0.00,0.00,191.38,0.00,0.00,1009.53,0.00,1009.53,0.00,147.81,108.58,601.01,0.00,486.44,1343.83,0.00,0.00,5001.99,,,,,,0.18,0.18,421.81,1,6,627,21492,1BQ,"Eastern Airlines f/k/a Dynamic Airways, LLC",1BQ,"Eastern Airlines f/k/a Dynamic Airways, LLC",01159,D,1,1,2025,1
778.00,0.00,25.00,66.00,0.00,0.00,2122.00,0.00,82.00,0.00,11.00,228.00,0.00,40.00,0.00,3.00,3355.00,53.00,25.00,95.00,162.00,0.00,89.00,5.00,0.00,0.00,0.00,0.00,429.00,189.00,618.00,5.00,147.00,82.00,0.00,8.00,0.00,,9.00,0.00,4224.00,,,,,,0.48,0.04,962.53,1,6,696,19790,DL,Delta Air Lines Inc.,DL,Delta Air Lines Inc.,01260,D,3,3,2025,2
791.46,0.00,0.00,72.08,240.90,,1327.83,0.00,525.47,30.58,75.80,155.28,0.00,66.08,0.00,461.02,3746.51,727.95,0.00,676.33,46.55,,85.61,0.00,0.00,0.00,0.00,0.00,1536.44,210.93,1747.36,0.00,514.96,323.62,53.95,6.72,253.61,,0.00,,6646.73,,,,,,0.93,0.18,845.75,2,6,617,20108,NC,Northern Air Cargo Inc.,NC,Northern Air Cargo Inc.,06721,D,2,2,2025,2
793.21,8.93,2.32,1029.99,4.50,0.00,2880.38,0.00,537.92,0.00,18.86,99.82,0.00,86.36,363.55,-216.61,5609.23,46.35,11.59,0.00,0.00,0.00,1910.54,477.64,0.00,4.06,0.00,0.00,2450.18,0.00,2450.18,0.00,0.00,0.00,55.89,0.00,0.84,,0.00,,8116.14,,,,,,0.43,0.24,802.11,1,6,696,20405,N8,National Air Cargo Group Inc d/ba National Airlines,N8,National Air Cargo Group Inc d/ba National Airlines,11049,I,2,2,2025,3
794.60,0.00,0.00,58.83,185.20,,1392.15,0.00,540.00,66.09,71.74,149.44,0.00,68.67,0.00,406.41,3733.10,738.74,0.00,511.95,27.17,,147.72,0.00,0.00,0.00,0.00,0.00,1425.58,231.32,1656.90,0.00,458.54,323.69,52.36,6.17,315.08,,0.00,,6545.85,,,,,,0.90,0.19,785.29,2,6,617,20108,NC,Northern Air Cargo Inc.,NC,Northern Air Cargo Inc.,06721,D,2,2,2025,1
798.15,0.00,11.68,336.75,21.90,0.00,31.97,0.00,137.37,10.46,2.00,138.09,0.00,39.80,0.00,16.74,1544.91,413.24,0.00,969.22,-18.45,0.00,149.29,0.00,108.95,0.00,55.94,0.00,1678.18,450.10,2128.28,0.00,31.22,0.00,112.01,0.00,0.00,,0.00,,3816.43,,,,,,0.93,0.18,1605.94,2,6,625,19874,8C,Air Transport International,8C,Air Transport International,06029,D,2,2,2025,4
806.96,0.00,0.00,5.78,43.21,,1738.62,0.00,390.11,21.10,167.09,146.80,0.00,65.38,0.00,766.46,4151.51,902.73,0.00,820.30,45.21,,307.77,0.00,0.00,0.00,0.00,0.00,2076.01,50.29,2126.30,0.00,607.12,231.13,97.71,2.26,9.99,,0.00,,7226.01,,,,,,0.54,0.25,677.71,2,6,619,21634,KH,Aloha Air Cargo,KH,Aloha Air Cargo,01146,D,2,2,2025,3
810.00,0.00,27.00,67.00,0.00,0.00,805.00,0.00,93.00,1.00,13.00,236.00,0.00,41.00,0.00,3.00,2096.00,53.00,22.00,120.00,167.00,0.00,96.00,48.00,0.00,0.00,0.00,0.00,506.00,208.00,714.00,11.00,165.00,88.00,2.00,9.00,0.00,,12.00,0.00,3097.00,,,,,,0.48,0.08,327.58,1,6,723,19790,DL,Delta Air Lines Inc.,DL,Delta Air Lines Inc.,10260,L,3,3,2025,1
823.22,0.00,0.00,4.69,3.00,,1900.78,0.00,485.97,44.42,96.52,131.83,0.00,58.39,0.00,1032.75,4581.58,979.45,0.00,866.96,177.90,,406.87,0.00,0.00,0.00,0.00,0.00,2431.17,69.87,2501.05,0.00,718.58,272.48,132.16,3.36,14.45,,0.00,,8223.65,,,,,,0.67,0.24,714.74,2,6,617,21634,KH,Aloha Air Cargo,KH,Aloha Air Cargo,01146,D,2,2,2025,4
836.60,,10.63,340.21,0.00,,3508.66,,0.00,,0.00,182.74,,27.52,,16.37,4922.72,43.09,,140.81,,,161.92,16.44,3.16,,,,365.42,308.46,673.88,,74.88,104.17,105.47,0.00,0.00,,0.00,0.00,5881.12,,,,,,0.32,0.09,1015.02,1,8,819,20007,5Y,Atlas Air Inc.,5Y,Atlas Air Inc.,06087,D,3,3,2025,4
837.46,0.00,0.00,-0.27,60.98,,2284.91,0.00,559.48,56.83,154.10,152.05,0.00,93.90,0.00,817.07,5016.51,1141.61,0.00,1227.98,-2.93,,284.68,0.00,0.00,0.00,0.00,0.00,2651.34,117.99,2769.33,0.00,303.05,252.09,36.54,14.90,215.96,,0.00,,8608.37,,,,,,0.76,0.28,744.51,2,6,619,21634,KH,Aloha Air Cargo,KH,Aloha Air Cargo,01146,D,2,2,2025,1
848.00,0.00,4.00,70.00,0.00,0.00,2256.00,0.00,485.00,0.00,8.00,250.00,0.00,47.00,100.00,1.00,4069.00,328.00,14.00,993.00,-2.00,0.00,99.00,53.00,0.00,0.00,0.00,0.00,1485.00,369.00,1854.00,5.00,188.00,230.00,21.00,0.00,0.00,,0.00,,6367.00,,,,,,0.72,0.09,728.00,1,6,634,19930,AS,Alaska Airlines Inc.,AS,Alaska Airlines Inc.,06031,D,3,3,2025,3
851.84,0.00,0.00,-0.28,62.03,,2324.15,0.00,569.09,57.80,156.75,154.66,0.00,95.51,0.00,831.11,5102.65,1161.22,0.00,1249.07,-2.98,,289.57,0.00,0.00,0.00,0.00,0.00,2696.87,120.02,2816.89,0.00,308.26,256.41,37.17,15.15,219.66,,0.00,,8756.20,,,,,,0.77,0.32,792.46,2,6,617,21634,KH,Aloha Air Cargo,KH,Aloha Air Cargo,01146,D,2,2,2025,1
852.01,,10.87,388.01,0.00,,3824.41,,0.00,,0.00,212.26,,40.91,,15.93,5344.39,44.51,,98.83,,,146.88,21.47,4.21,,,,315.90,344.03,659.93,,84.96,114.96,98.56,0.00,0.00,,0.00,0.00,6302.79,,,,,,1.45,0.37,4646.22,1,8,819,20007,5Y,Atlas Air Inc.,5Y,Atlas Air Inc.,16087,I,3,3,2025,3
866.31,,47.94,81.48,,,1395.17,,27.38,,1.77,229.52,-8.27,18.69,17.64,,2677.63,37.52,0.22,288.17,1252.48,,160.58,15.49,,,,,1754.47,137.36,1891.82,39.66,183.59,99.26,23.65,105.02,,,,,5020.64,,,,,,0.35,0.03,573.79,1,6,887,19977,UA,United Air Lines Inc.,UA,United Air Lines Inc.,10877,P,3,3,2025,4
873.56,0.00,45.98,340.39,0.00,,195.75,0.00,2140.48,0.00,146.39,48.66,0.00,64.53,0.00,131.03,3986.76,948.21,0.00,0.00,0.00,,492.59,0.00,0.00,0.00,0.00,0.00,1440.80,0.00,1440.80,0.00,0.00,0.00,0.00,73.61,108.01,,211.87,,5821.04,,,,,,1.20,0.27,1592.38,2,6,699,22085,GCA,"Global Crossing Airlines, Inc.",GCA,"Global Crossing Airlines, Inc.",01287,D,2,2,2025,3
883.14,0.00,0.00,7.10,74.97,,2032.88,0.00,447.44,44.56,141.02,165.48,0.00,82.21,0.00,902.03,4780.84,1102.13,0.00,1199.10,155.59,,218.37,0.00,0.00,0.00,0.00,0.00,2675.18,72.22,2747.40,0.00,326.34,272.04,27.70,14.78,188.42,,0.00,,8357.52,,,,,,0.68,0.27,913.87,2,6,617,21634,KH,Aloha Air Cargo,KH,Aloha Air Cargo,01146,D,2,2,2025,2
904.27,18.56,25.24,230.50,41.92,0.00,32.09,0.00,299.10,1.08,35.59,274.64,0.00,88.86,0.00,0.00,1951.86,908.54,0.00,363.78,221.57,0.00,552.23,42.92,0.00,0.00,0.00,0.00,2089.03,0.00,2089.03,0.00,109.21,172.04,0.00,14.29,0.00,,0.00,0.00,4336.43,,,,,,0.80,0.17,1359.68,2,6,626,20453,ABX,ABX Air Inc,ABX,ABX Air Inc,11009,A,2,2,2025,2
906.48,0.00,0.00,7.29,76.96,,2086.61,0.00,459.27,45.74,144.75,169.85,0.00,84.38,0.00,925.87,4907.20,1131.26,0.00,1230.79,159.70,,224.14,0.00,0.00,0.00,0.00,0.00,2745.89,74.13,2820.02,0.00,334.97,279.23,28.43,15.18,193.40,,0.00,,8578.42,,,,,,0.70,0.24,686.69,2,6,619,21634,KH,Aloha Air Cargo,KH,Aloha Air Cargo,01146,D,2,2,2025,2
923.81,523.52,7.39,0.00,0.00,0.00,1765.66,0.00,1322.69,0.00,63.68,43.63,0.00,102.91,0.00,1379.46,6132.74,87.14,21.79,0.00,0.00,0.00,2950.43,737.61,0.00,0.00,0.00,0.00,3796.97,0.00,3796.97,0.00,0.00,0.00,229.27,0.00,0.00,,0.00,,10158.98,,,,,,0.26,0.21,665.99,1,6,696,20405,N8,National Air Cargo Group Inc d/ba National Airlines,N8,National Air Cargo Group Inc d/ba National Airlines,07029,D,2,2,2025,2
926.35,9.16,64.81,763.67,0.92,0.00,1274.86,0.00,821.66,39.39,26.45,167.88,0.00,39.56,0.00,0.00,4134.71,358.58,2.29,228.54,0.00,0.00,0.00,0.00,0.00,0.00,124.75,0.00,714.15,317.16,1031.31,0.00,0.00,0.00,0.00,0.00,202.89,,0.00,,5368.91,,,,,,0.29,0.08,529.58,1,6,626,20377,X9,Omni Air International LLC,X9,Omni Air International LLC,06738,D,2,2,2025,4
929.11,14.39,0.00,40.25,1.53,,1219.93,4.48,42.48,4.47,10.28,245.23,0.00,48.78,51.69,56.25,2668.87,203.15,0.00,339.23,0.00,,199.22,1229.20,0.00,,0.00,,1970.79,278.73,2249.53,,174.76,0.00,0.00,,,,5.53,,5098.67,,,,,,0.40,0.17,516.21,2,6,622,19917,5X,United Parcel Service,5X,United Parcel Service,16911,A,3,3,2025,2
936.12,19.30,0.00,51.28,1.46,,1273.53,3.70,47.49,4.59,8.46,181.60,0.00,18.91,42.73,54.18,2643.34,196.52,0.00,402.23,0.00,,201.11,1228.83,0.00,,0.00,,2028.68,253.03,2281.71,,148.77,0.00,0.00,,,,2.72,,5076.54,,,,,,0.38,0.14,524.63,2,6,622,19917,5X,United Parcel Service,5X,United Parcel Service,16911,A,3,3,2025,4
954.00,14.04,31.21,0.00,0.60,,2003.70,0.00,1353.64,0.00,47.51,94.25,0.00,69.58,0.00,-154.53,4414.00,30.76,30.76,30.76,30.76,,120.02,120.02,0.00,0.00,0.00,0.00,363.09,208.83,571.92,0.00,79.39,0.00,18.35,0.00,0.00,,0.00,,5083.65,,,,,,1.01,0.27,821.29,1,6,748,22080,MX,Breeze Aviation Group DBA  Breeze,MX,Breeze Aviation Group DBA  Breeze,01268,D,2,2,2025,1
961.90,0.00,0.00,34.22,0.83,,1382.70,4.34,59.92,0.62,10.71,272.08,0.00,93.31,51.24,-0.56,2871.28,225.82,0.00,394.14,0.00,,187.71,1188.17,0.00,,0.00,,1995.84,254.37,2250.21,,148.05,31.14,10.80,,,,3.98,,5315.47,,,,,,0.41,0.18,575.57,2,6,622,19917,5X,United Parcel Service,5X,United Parcel Service,16911,A,3,3,2025,1
963.84,0.00,10.67,416.02,48.78,0.00,53.06,0.11,165.55,18.78,4.24,171.62,0.00,80.25,0.00,8.13,1941.04,465.96,0.00,1196.03,98.30,0.00,158.11,0.00,87.26,0.00,78.20,0.00,2083.86,535.94,2619.80,0.00,40.88,0.00,122.64,0.00,0.00,,0.00,,4724.36,,,,,,1.01,0.18,1605.94,2,6,625,19874,8C,Air Transport International,8C,Air Transport International,06029,D,2,2,2025,2
969.83,0.00,0.00,49.01,332.57,,725.44,0.00,204.32,29.82,23.13,118.22,0.00,36.69,0.00,313.89,2802.91,455.77,0.00,241.08,424.94,,116.10,0.00,0.00,0.00,0.00,0.00,1237.87,131.42,1369.30,0.00,483.99,110.70,97.06,6.70,9.89,,0.00,,4880.54,,,,,,0.29,0.09,248.44,2,6,619,20108,NC,Northern Air Cargo Inc.,NC,Northern Air Cargo Inc.,06721,D,2,2,2025,4
988.75,,43.88,619.22,,,1152.27,,88.24,,28.14,165.70,,54.52,,,3140.70,1128.50,132.08,799.86,228.95,,281.42,289.89,,,,,2860.70,494.88,3355.59,,146.33,252.41,83.96,65.37,0.00,548.07,,,7044.35,,,,,,0.74,0.07,2623.59,2,8,819,20370,KAQ,Kalitta Air LLC,KAQ,Kalitta Air LLC,06683,D,3,3,2025,3
991.24,0.00,0.00,7.10,53.07,,2135.65,0.00,479.20,25.92,205.25,180.33,0.00,80.31,0.00,941.48,5099.55,1108.88,0.00,1007.63,55.54,,378.05,0.00,0.00,0.00,0.00,0.00,2550.09,61.77,2611.86,0.00,745.76,283.91,120.02,2.78,12.27,,0.00,,8876.15,,,,,,0.67,0.25,832.49,2,6,617,21634,KH,Aloha Air Cargo,KH,Aloha Air Cargo,01146,D,2,2,2025,3
991.25,0.00,11.59,403.38,24.37,0.00,71.24,0.25,189.54,19.94,4.26,138.70,0.00,73.28,0.00,12.29,1940.08,492.58,0.00,1294.48,91.82,0.00,164.66,0.00,92.35,0.00,77.16,0.00,2213.04,535.01,2748.05,0.00,41.43,0.00,133.68,0.00,0.00,,0.00,,4863.23,,,,,,1.02,0.18,1605.94,2,6,625,19874,8C,Air Transport International,8C,Air Transport International,06029,D,2,2,2025,3
993.43,0.00,73.44,64.66,0.00,0.00,1616.62,2.12,282.75,0.00,1.03,309.48,0.00,35.17,30.73,0.00,3409.42,167.77,42.43,207.48,238.69,0.00,113.96,91.93,0.00,0.00,0.00,0.00,862.26,401.54,1263.79,19.11,165.90,44.08,24.61,0.00,11.30,,18.07,,4956.27,,,,,,0.40,0.04,678.26,1,6,887,19805,AA,American Airlines Inc.,AA,American Airlines Inc.,10052,P,3,3,2025,4
1006.13,14.41,0.00,92.13,1.97,,1324.41,4.54,57.94,5.40,11.18,244.79,0.00,28.04,51.04,79.70,2921.67,211.43,0.00,382.70,0.00,,229.54,1331.72,0.00,,0.00,,2155.39,288.95,2444.33,,186.90,0.00,0.00,,,,3.04,,5555.93,,,,,,0.41,0.17,574.53,2,6,622,19917,5X,United Parcel Service,5X,United Parcel Service,16911,A,3,3,2025,3
1014.43,,42.63,532.25,,,403.28,,90.69,,28.87,178.83,,79.59,,,2370.55,1117.95,134.97,745.42,495.76,,292.69,398.46,,,,,3185.25,473.73,3658.98,,150.39,272.70,96.02,62.71,0.00,581.82,,,6611.34,,,,,,0.69,0.07,2379.10,2,8,819,20370,KAQ,Kalitta Air LLC,KAQ,Kalitta Air LLC,06683,D,3,3,2025,1
1018.80,0.00,87.17,0.08,0.54,0.00,2407.52,0.00,2348.03,0.00,1.94,178.08,0.00,63.47,23.39,2.07,6131.07,309.14,0.00,117.07,5.77,0.00,77.72,0.00,0.00,0.00,0.00,0.00,509.71,382.66,892.37,0.00,0.00,0.00,12.25,0.00,65.85,,0.00,,7101.53,,,,,,2.11,0.15,1045.58,1,6,699,20436,F9,Frontier Airlines Inc.,F9,Frontier Airlines Inc.,16461,L,3,3,2025,4
1023.80,2.14,0.00,88.83,0.00,0.00,1350.17,0.00,4.67,0.00,12.00,158.14,0.00,44.57,0.00,0.85,2685.16,163.80,0.00,96.18,33.57,0.00,32.71,7.90,0.00,0.00,0.00,0.00,334.15,85.12,419.28,0.00,560.16,509.58,93.43,0.00,0.00,,699.21,,4966.81,,,,,,0.76,0.15,701.86,1,6,614,20422,SY,Sun Country Airlines d/b/a MN Airlines,SY,Sun Country Airlines d/b/a MN Airlines,16795,L,3,3,2025,3
1024.81,,51.74,598.26,,,213.41,,98.04,,31.28,209.75,,71.63,,,2298.91,1189.09,146.86,619.64,556.96,,261.93,175.52,,,,,2950.00,477.80,3427.80,,162.58,285.74,105.45,71.31,0.00,625.08,,,6351.79,,,,,,0.73,0.08,2592.38,2,8,819,20370,KAQ,Kalitta Air LLC,KAQ,Kalitta Air LLC,06683,D,3,3,2025,2
1025.00,0.00,17.00,75.00,0.00,0.00,2228.00,0.00,95.00,0.00,13.00,292.00,0.00,43.00,0.00,2.00,3790.00,62.00,26.00,18.00,218.00,0.00,113.00,18.00,0.00,0.00,0.00,0.00,455.00,226.00,681.00,8.00,171.00,101.00,1.00,10.00,0.00,,12.00,0.00,4774.00,,,,,,0.54,0.04,986.02,1,6,339,19790,DL,Delta Air Lines Inc.,DL,Delta Air Lines Inc.,01260,D,3,3,2025,4
1031.98,0.00,309.24,89.09,73.17,0.00,171.91,4.22,613.01,0.08,27.76,561.97,0.00,153.17,29.66,3.70,3068.95,648.06,0.00,-81.90,69.60,0.00,93.65,19.84,0.00,0.00,0.00,0.89,750.15,1696.55,2446.70,0.00,653.98,675.71,113.41,50.01,0.00,,0.00,,7008.76,,,,,,0.08,0.24,48.30,1,6,629,20046,ZW,Air Wisconsin Airlines Corp,ZW,Air Wisconsin Airlines Corp,06024,D,2,2,2025,3
1039.00,0.00,20.00,85.00,0.00,0.00,1384.00,0.00,107.00,0.00,15.00,329.00,0.00,49.00,0.00,3.00,3031.00,70.00,30.00,21.00,245.00,0.00,127.00,20.00,0.00,0.00,0.00,0.00,513.00,255.00,768.00,10.00,192.00,113.00,1.00,11.00,0.00,,13.00,0.00,4139.00,,,,,,0.61,0.08,612.74,1,6,694,19790,DL,Delta Air Lines Inc.,DL,Delta Air Lines Inc.,10260,L,3,3,2025,4
1041.00,0.00,33.00,86.00,0.00,0.00,2918.00,0.00,108.00,0.00,15.00,300.00,0.00,53.00,0.00,3.00,4557.00,69.00,33.00,125.00,213.00,0.00,117.00,6.00,0.00,0.00,0.00,0.00,563.00,248.00,811.00,6.00,193.00,108.00,1.00,11.00,0.00,,12.00,0.00,5699.00,,,,,,0.62,0.05,1323.28,1,6,359,19790,DL,Delta Air Lines Inc.,DL,Delta Air Lines Inc.,01260,D,3,3,2025,2
1053.15,,125.99,146.68,,,2941.79,,66.29,,4.66,277.82,-21.73,22.63,196.95,,4814.23,101.57,0.53,975.60,3032.19,,395.68,37.52,,,,,4543.09,337.96,4881.05,96.01,444.44,240.30,57.26,254.25,,,,,10787.54,,,,,,0.85,0.08,1229.15,1,6,887,19977,UA,United Air Lines Inc.,UA,United Air Lines Inc.,0A875,D,3,3,2025,4
1058.83,90.96,16.88,174.56,8.90,,790.11,9.36,0.00,0.09,0.00,27.95,0.00,102.23,0.00,229.90,2509.76,482.97,0.00,294.71,-1.60,,121.86,58.03,0.00,0.00,0.00,0.00,955.98,26.97,982.95,0.00,0.00,0.00,42.98,46.80,3.71,,3.30,,3589.50,,,,,,1.28,0.36,393.40,1,4,441,20401,3M,Silver Airways,3M,Silver Airways,06888,D,2,2,2025,1
1060.52,0.00,223.04,136.63,72.52,0.00,444.91,0.00,370.03,-0.52,23.81,458.10,0.00,-39.33,85.98,3.69,2839.38,642.36,0.00,426.63,115.10,0.00,705.58,25.89,0.00,0.00,0.00,659.07,2574.63,1107.04,3681.67,0.00,646.15,441.61,123.54,50.01,0.00,,0.00,,7782.35,,,,,,0.22,0.89,120.31,1,6,629,20046,ZW,Air Wisconsin Airlines Corp,ZW,Air Wisconsin Airlines Corp,06024,D,2,2,2025,4
1105.78,94.08,24.45,605.96,86.62,0.00,6033.01,0.00,2876.28,0.00,198.67,343.39,-0.82,76.12,2.49,873.46,12319.49,488.31,122.08,0.00,0.00,0.00,938.07,234.52,0.00,319.45,0.00,0.00,2102.43,0.00,2102.43,0.00,0.00,0.00,101.72,0.00,14.78,,0.00,,14538.41,,,,,,0.69,0.83,2721.63,2,8,819,20405,N8,National Air Cargo Group Inc d/ba National Airlines,N8,National Air Cargo Group Inc d/ba National Airlines,07029,D,2,2,2025,3
1128.31,,107.16,131.31,,,2608.48,,5.01,,3.53,297.22,-2.50,98.98,68.04,,4445.55,93.44,0.28,1053.60,3.27,,140.59,10.80,,,,,1301.97,235.95,1537.92,93.76,358.30,50.99,13.41,265.59,,,,,6765.52,,,,,,0.94,0.10,1077.26,1,6,626,19977,UA,United Air Lines Inc.,UA,United Air Lines Inc.,0A875,D,3,3,2025,1
1132.30,0.00,12.94,1017.05,38.84,0.00,4441.57,0.00,4099.22,20.64,121.51,155.07,0.00,106.52,0.00,173.09,11318.74,764.40,0.00,1271.31,599.01,0.00,364.24,0.00,1295.84,0.00,875.13,0.00,5169.93,1166.31,6336.24,0.00,161.17,0.00,262.93,0.00,0.00,,0.00,,18079.07,,,,,,1.08,0.27,1368.30,1,6,622,19874,8C,Air Transport International,8C,Air Transport International,16028,A,2,2,2025,1
1140.00,0.00,17.00,76.00,0.00,0.00,2476.00,0.00,91.00,0.00,13.00,256.00,0.00,40.00,0.00,2.00,4111.00,62.00,28.00,71.00,221.00,0.00,115.00,39.00,0.00,0.00,0.00,0.00,536.00,214.00,750.00,8.00,164.00,95.00,1.00,10.00,0.00,,11.00,0.00,5150.00,,,,,,0.55,0.04,1106.71,1,6,696,19790,DL,Delta Air Lines Inc.,DL,Delta Air Lines Inc.,10260,L,3,3,2025,3
1159.23,0.00,81.38,80.31,0.00,0.00,2198.99,3.17,360.41,0.00,1.33,353.62,0.00,99.01,46.47,0.00,4383.93,206.85,52.96,267.45,284.87,0.00,143.63,177.56,0.00,0.00,0.00,0.00,1133.32,510.96,1644.28,22.56,208.17,51.13,41.58,0.00,15.61,,26.28,,6393.54,,,,,,0.95,0.14,913.87,1,6,694,19805,AA,American Airlines Inc.,AA,American Airlines Inc.,10050,L,3,3,2025,1
1176.40,,112.20,154.11,,,4130.17,,-0.11,,3.89,293.02,-0.03,32.90,38.58,,5941.12,97.92,0.41,575.15,1097.46,,129.22,45.66,,,,,1945.81,217.54,2163.35,61.01,367.95,136.55,15.72,42.23,,,0.62,,8728.55,,,,,,0.98,0.08,1746.10,1,6,624,19977,UA,United Air Lines Inc.,UA,United Air Lines Inc.,0A875,D,3,3,2025,3
1201.00,0.00,44.00,116.00,0.00,0.00,2359.00,0.00,145.00,0.00,20.00,403.00,0.00,71.00,0.00,5.00,4364.00,93.00,44.00,167.00,286.00,0.00,158.00,8.00,0.00,0.00,0.00,0.00,756.00,333.00,1089.00,8.00,259.00,145.00,1.00,15.00,0.00,,16.00,0.00,5897.00,,,,,,0.85,0.11,1069.75,1,6,622,19790,DL,Delta Air Lines Inc.,DL,Delta Air Lines Inc.,10261,A,3,3,2025,2
1210.14,0.00,13.00,191.09,9.09,,6.86,0.00,112.47,6.27,0.00,58.17,0.00,105.90,0.00,0.00,1712.98,434.39,108.60,674.15,354.16,,70.11,17.53,0.00,0.00,0.00,0.00,1658.94,0.00,1658.94,0.00,0.00,2.84,134.40,0.00,8.79,,0.00,,3517.95,,,,,,1.44,0.30,1352.26,1,6,673,20378,YV,Mesa Airlines Inc.,YV,Mesa Airlines Inc.,11022,L,2,2,2025,2
1216.96,0.00,96.63,3.14,0.67,0.00,3053.28,0.00,2134.67,0.00,3.35,191.03,0.00,152.76,55.84,2.16,6910.46,275.38,0.00,143.58,6.17,0.00,31.78,0.00,0.00,0.00,0.00,0.00,456.90,424.28,881.18,0.00,0.00,0.00,24.95,0.00,101.90,,0.00,,7918.49,,,,,,1.44,0.14,1354.93,1,6,699,20436,F9,Frontier Airlines Inc.,F9,Frontier Airlines Inc.,16461,L,3,3,2025,1
1228.45,0.00,7.63,211.50,7.07,,9.44,0.00,130.58,2.23,0.00,47.60,0.00,107.06,0.00,0.00,1751.56,392.26,98.07,810.95,401.61,,75.82,18.95,0.00,0.00,0.00,0.00,1797.66,0.00,1797.66,0.00,0.00,2.89,137.53,0.00,8.95,,0.00,,3698.58,,,,,,2.16,0.30,1351.12,1,6,673,20378,YV,Mesa Airlines Inc.,YV,Mesa Airlines Inc.,11022,L,2,2,2025,3
1230.00,0.00,0.00,88.00,0.00,0.00,1999.00,0.00,53.00,0.00,4.00,363.00,0.00,67.00,83.00,1.00,3889.00,385.00,17.00,1071.00,-32.00,0.00,89.00,57.00,0.00,0.00,0.00,0.00,1586.00,426.00,2011.00,15.00,159.00,91.00,64.00,0.00,0.00,,0.00,,6230.00,,,,,,0.93,0.17,805.00,2,6,612,19930,AS,Alaska Airlines Inc.,AS,Alaska Airlines Inc.,06031,D,3,3,2025,4
1237.06,5.88,0.00,111.67,0.00,0.00,2235.14,0.00,4.36,0.00,14.13,191.39,0.00,61.97,0.00,1.46,3863.06,181.38,0.00,139.66,-5.85,0.00,2.79,12.10,0.00,0.00,0.00,0.00,330.09,80.46,410.55,0.00,136.78,353.99,167.75,0.00,0.00,,207.09,,5139.22,,,,,,0.93,0.18,841.53,1,6,612,20422,SY,Sun Country Airlines d/b/a MN Airlines,SY,Sun Country Airlines d/b/a MN Airlines,06795,D,3,3,2025,4
1244.82,503.67,65.52,485.05,0.00,,278.94,0.00,3050.18,0.00,208.61,157.49,0.00,122.66,0.00,186.71,6303.65,1351.19,0.00,0.00,0.00,,701.94,0.00,0.00,0.00,0.00,0.00,2053.12,0.00,2053.12,0.00,0.00,0.00,0.00,104.89,153.91,,301.91,,8917.48,,,,,,1.71,0.28,1832.30,1,6,699,22085,GCA,"Global Crossing Airlines, Inc.",GCA,"Global Crossing Airlines, Inc.",01287,D,2,2,2025,3
1252.13,0.00,107.13,0.10,0.66,0.00,2958.90,0.00,2885.79,0.00,2.38,218.86,0.00,78.01,28.75,2.54,7535.24,379.95,0.00,143.88,7.09,0.00,95.52,0.00,0.00,0.00,0.00,0.00,626.44,470.30,1096.74,0.00,0.00,0.00,15.06,0.00,80.93,,0.00,,8727.97,,,,,,1.36,0.27,1578.62,1,6,722,20436,F9,Frontier Airlines Inc.,F9,Frontier Airlines Inc.,16461,L,3,3,2025,4
1260.00,0.00,0.00,94.00,0.00,0.00,2193.00,19.00,162.00,0.00,4.00,372.00,0.00,69.00,95.00,13.00,4282.00,409.00,18.00,558.00,644.00,0.00,142.00,77.00,0.00,0.00,0.00,0.00,1847.00,444.00,2291.00,10.00,389.00,60.00,45.00,0.00,5.00,,0.00,,7080.00,,,,,,0.97,0.13,870.00,2,6,614,19930,AS,Alaska Airlines Inc.,AS,Alaska Airlines Inc.,06031,D,3,3,2025,1
1272.80,0.00,13.39,885.00,28.01,0.00,5387.21,0.00,4296.96,23.04,121.51,179.61,0.00,95.56,0.00,148.78,12451.86,832.02,0.00,1209.76,20.85,0.00,235.10,0.00,2372.05,0.00,1020.37,0.00,5690.15,1098.44,6788.60,0.00,147.15,0.00,943.65,0.00,0.00,,0.00,,20331.26,,,,,,1.27,0.27,1652.75,1,6,622,19874,8C,Air Transport International,8C,Air Transport International,16028,A,2,2,2025,3
1282.11,14.44,3.75,1664.83,7.28,0.00,4655.73,0.00,869.47,0.00,30.48,161.34,0.00,139.59,587.63,-350.12,9066.51,74.92,18.73,0.00,0.00,0.00,3088.12,772.03,0.00,6.56,0.00,0.00,3960.36,0.00,3960.36,0.00,0.00,0.00,90.34,0.00,1.36,,0.00,,13118.57,,,,,,0.69,0.24,1431.60,1,6,696,20405,N8,National Air Cargo Group Inc d/ba National Airlines,N8,National Air Cargo Group Inc d/ba National Airlines,07029,D,2,2,2025,3
1311.00,0.00,24.00,105.00,0.00,0.00,3533.00,0.00,132.00,0.00,19.00,408.00,0.00,61.00,0.00,3.00,5596.00,88.00,37.00,26.00,305.00,0.00,158.00,25.00,0.00,0.00,0.00,0.00,639.00,317.00,956.00,12.00,239.00,141.00,2.00,14.00,0.00,,16.00,0.00,6976.00,,,,,,0.74,0.06,1563.76,1,6,359,19790,DL,Delta Air Lines Inc.,DL,Delta Air Lines Inc.,01260,D,3,3,2025,4
1329.55,0.00,149.59,210.79,0.00,0.00,0.00,0.00,722.24,0.00,0.00,11.01,0.00,92.80,0.00,0.00,2515.98,197.84,6.12,341.02,2.43,0.00,93.87,38.25,0.00,0.00,0.00,362.12,1041.64,459.82,1501.46,21.86,0.00,0.00,0.00,0.00,0.00,,0.00,,4039.30,,,,,,1.47,0.64,1015.26,1,6,677,20398,MQ,Envoy Air,MQ,Envoy Air,16820,L,3,3,2025,3
1333.09,0.00,12.75,1015.51,59.23,0.00,4849.67,0.00,4323.51,22.43,121.51,174.09,0.00,99.00,0.00,296.54,12307.32,734.05,0.00,1299.94,445.43,0.00,132.89,0.00,1079.71,0.00,1078.41,0.00,4770.43,1164.52,5934.95,0.00,161.17,0.00,772.28,0.00,0.00,,0.00,,19175.71,,,,,,1.28,0.27,1652.75,1,6,622,19874,8C,Air Transport International,8C,Air Transport International,16028,A,2,2,2025,2
1344.03,0.00,86.04,4.15,0.56,0.00,3366.60,0.00,2992.64,0.00,2.86,211.37,0.00,101.44,96.55,2.64,8208.88,360.39,0.00,160.93,-62.43,0.00,60.32,0.00,0.00,0.00,0.00,0.00,519.21,584.14,1103.35,0.00,0.00,0.00,17.91,0.00,89.93,,0.00,,9420.08,,,,,,1.62,0.18,1505.95,1,6,699,20436,F9,Frontier Airlines Inc.,F9,Frontier Airlines Inc.,16461,L,3,3,2025,3
1344.32,,8.81,463.14,0.00,,670.90,,0.00,,0.00,350.11,,59.74,,45.37,2942.39,35.75,,116.82,,,134.33,13.64,2.62,,,,303.15,255.90,559.05,,0.07,0.00,70.86,0.00,0.00,,0.00,0.00,3572.36,,,,,,0.60,0.08,838.57,2,6,626,20007,5Y,Atlas Air Inc.,5Y,Atlas Air Inc.,06087,D,3,3,2025,4
1349.00,0.00,68.00,250.00,27.00,,900.00,,2.00,1.00,13.00,804.00,,85.00,32.00,186.00,3717.00,,,31.00,,,66.00,0.00,484.00,,120.00,,701.00,1224.00,1925.00,,659.00,591.00,35.00,27.00,,,,,6954.00,,,,,,0.32,0.20,395.23,2,6,622,20107,FX,Federal Express Corporation,FX,Federal Express Corporation,16195,L,3,3,2025,2
1352.00,0.00,1.00,103.00,0.00,0.00,2373.00,1.00,0.00,0.00,4.00,400.00,0.00,74.00,101.00,12.00,4420.00,416.00,18.00,1301.00,89.00,0.00,153.00,79.00,0.00,0.00,0.00,0.00,2055.00,473.00,2528.00,17.00,284.00,69.00,73.00,0.00,0.00,,0.00,,7392.00,,,,,,1.18,0.22,1015.00,2,6,612,19930,AS,Alaska Airlines Inc.,AS,Alaska Airlines Inc.,06031,D,3,3,2025,2
1359.92,753.58,10.93,0.00,0.00,0.00,2294.65,0.00,1759.07,0.00,73.72,99.46,0.00,112.14,0.00,698.47,7161.94,267.60,66.90,0.00,0.00,0.00,-187.96,-46.99,0.00,0.00,0.00,0.00,99.56,0.00,99.56,0.00,0.00,0.00,363.37,0.00,0.00,,0.00,,7624.86,,,,,,0.33,0.18,641.16,1,6,696,20405,N8,National Air Cargo Group Inc d/ba National Airlines,N8,National Air Cargo Group Inc d/ba National Airlines,11049,I,2,2,2025,1
1370.74,0.00,215.48,427.53,155.59,,-161.66,0.00,1491.91,31.96,0.00,158.95,0.00,274.94,0.00,3.93,3969.36,369.36,92.34,830.95,0.00,,217.50,54.37,0.00,0.00,0.00,0.00,1564.52,0.00,1564.52,0.00,138.97,163.21,921.77,0.00,2338.33,,0.00,,9096.16,,,,,,0.82,0.21,5825.74,1,6,638,20378,YV,Mesa Airlines Inc.,YV,Mesa Airlines Inc.,06689,D,2,2,2025,1
1381.86,0.00,0.00,73.07,336.70,,1216.58,0.00,289.61,68.68,81.11,234.04,0.00,75.22,0.00,956.85,4713.72,762.99,0.00,719.76,94.12,,183.95,0.00,0.00,0.00,0.00,0.00,1760.81,196.83,1957.64,0.00,707.62,272.68,228.37,15.84,15.12,,0.00,,7910.99,,,,,,0.41,0.07,632.77,2,6,626,20108,NC,Northern Air Cargo Inc.,NC,Northern Air Cargo Inc.,06721,D,2,2,2025,3
1395.00,0.00,80.00,320.00,7.00,,944.00,,2.00,2.00,16.00,811.00,,93.00,31.00,169.00,3870.00,,,25.00,,,53.00,0.00,326.00,,50.00,,454.00,901.00,1355.00,,650.00,567.00,34.00,26.00,,,,,6502.00,,,,,,0.30,0.19,377.13,2,6,622,20107,FX,Federal Express Corporation,FX,Federal Express Corporation,16195,L,3,3,2025,1
1405.51,796.50,11.24,0.00,0.00,0.00,2686.31,0.00,2012.37,0.00,96.88,66.38,0.00,156.56,0.00,2098.73,9330.49,132.58,33.14,0.00,0.00,0.00,4488.85,1122.21,0.00,0.00,0.00,0.00,5776.79,0.00,5776.79,0.00,0.00,0.00,348.81,0.00,0.00,,0.00,,15456.08,,,,,,0.40,0.21,570.00,1,6,696,20405,N8,National Air Cargo Group Inc d/ba National Airlines,N8,National Air Cargo Group Inc d/ba National Airlines,11049,I,2,2,2025,2
1432.00,0.00,7.00,115.00,0.00,0.00,2699.00,30.00,182.00,0.00,3.00,422.00,0.00,79.00,130.00,1.00,5100.00,379.00,16.00,599.00,544.00,0.00,114.00,62.00,0.00,0.00,0.00,0.00,1713.00,425.00,2139.00,12.00,400.00,65.00,52.00,0.00,6.00,,0.00,,7774.00,,,,,,1.23,0.14,1108.00,2,6,614,19930,AS,Alaska Airlines Inc.,AS,Alaska Airlines Inc.,06031,D,3,3,2025,3
1436.00,0.00,7.00,116.00,0.00,0.00,2606.00,7.00,120.00,0.00,5.00,427.00,0.00,79.00,122.00,2.00,4926.00,213.00,9.00,388.00,254.00,0.00,64.00,35.00,0.00,0.00,0.00,0.00,962.00,239.00,1201.00,8.00,338.00,136.00,37.00,0.00,6.00,,0.00,,6652.00,,,,,,1.23,0.13,1079.00,1,6,838,19930,AS,Alaska Airlines Inc.,AS,Alaska Airlines Inc.,16031,L,3,3,2025,3
1437.54,613.14,84.02,783.66,0.00,,781.76,0.00,3581.92,0.00,257.96,127.73,0.00,153.66,0.00,252.69,8074.10,1090.66,0.00,0.00,0.00,,1391.92,0.00,0.00,0.00,0.00,0.00,2482.58,0.00,2482.58,0.00,0.00,0.00,0.00,76.83,138.91,,360.76,,11133.17,,,,,,1.70,0.28,1874.54,1,6,699,22085,GCA,"Global Crossing Airlines, Inc.",GCA,"Global Crossing Airlines, Inc.",01287,D,2,2,2025,2
1453.44,35.22,42.52,376.90,43.23,0.00,45.66,0.00,470.08,3.28,55.09,539.53,0.00,157.76,0.00,0.00,3222.70,1341.85,0.00,443.60,247.06,0.00,699.46,73.03,0.00,0.00,0.00,0.00,2805.01,0.00,2805.01,0.00,172.96,250.64,0.00,34.84,0.00,,0.00,0.00,6486.15,,,,,,1.13,0.27,1929.05,2,6,626,20453,ABX,ABX Air Inc,ABX,ABX Air Inc,11009,A,2,2,2025,1
1455.22,0.00,101.96,100.85,0.00,0.00,4258.76,3.97,451.47,0.00,1.67,443.82,0.00,124.26,89.53,0.00,7031.50,259.25,66.29,335.69,357.47,0.00,179.92,216.46,0.00,0.00,0.00,0.00,1415.08,640.14,2055.21,28.39,261.23,64.18,52.09,0.00,19.59,,32.79,,9544.98,,,,,,0.67,0.07,1770.01,1,6,637,19805,AA,American Airlines Inc.,AA,American Airlines Inc.,0A050,D,3,3,2025,1
1483.13,0.00,102.68,94.54,0.00,0.00,3877.85,4.42,438.97,0.00,1.57,480.22,0.00,44.98,80.39,0.00,6608.74,260.80,64.98,307.92,448.01,0.00,169.45,205.22,0.00,0.00,0.00,0.00,1456.38,616.42,2072.80,27.63,247.59,62.88,47.68,0.00,17.79,,25.56,,9110.67,,,,,,0.74,0.06,1686.85,1,6,889,19805,AA,American Airlines Inc.,AA,American Airlines Inc.,0A050,D,3,3,2025,3
1489.88,0.00,95.38,4.60,0.62,0.00,3731.93,0.00,3317.39,0.00,3.17,234.31,0.00,112.44,107.03,2.93,9099.69,399.50,0.00,178.39,-69.20,0.00,66.86,0.00,0.00,0.00,0.00,0.00,575.56,647.53,1223.09,0.00,0.00,0.00,19.86,0.00,99.69,,0.00,,10442.32,,,,,,1.70,0.19,1212.14,1,6,721,20436,F9,Frontier Airlines Inc.,F9,Frontier Airlines Inc.,16461,L,3,3,2025,3
1501.49,0.67,0.00,101.18,0.00,0.00,1825.89,0.00,6.46,0.00,20.30,231.66,0.00,99.73,0.00,0.58,3787.95,201.59,0.00,378.99,3.51,0.00,57.22,14.34,0.00,0.00,0.00,0.00,655.65,108.02,763.67,0.00,688.16,679.53,149.98,0.00,0.00,,768.55,,6837.84,,,,,,1.23,0.22,1069.73,1,6,614,20422,SY,Sun Country Airlines d/b/a MN Airlines,SY,Sun Country Airlines d/b/a MN Airlines,16795,L,3,3,2025,2
1505.83,0.00,14.01,1083.76,26.15,0.00,4395.17,0.00,4382.33,12.55,121.51,238.18,0.00,70.77,0.00,215.47,12065.73,784.64,0.00,674.24,11.47,0.00,392.41,0.00,2451.79,0.00,1125.89,0.00,5440.44,961.46,6401.91,0.00,144.02,0.00,1140.80,0.00,0.00,,0.00,,19752.46,,,,,,1.21,0.27,1652.75,1,6,622,19874,8C,Air Transport International,8C,Air Transport International,16028,A,2,2,2025,4
1523.55,844.26,12.24,0.00,0.00,0.00,2570.76,0.00,1970.74,0.00,82.59,111.43,0.00,125.63,0.00,782.52,8023.73,299.80,74.95,0.00,0.00,0.00,-210.57,-52.64,0.00,0.00,0.00,0.00,111.54,0.00,111.54,0.00,0.00,0.00,407.09,0.00,0.00,,0.00,,8542.36,,,,,,0.36,0.18,771.19,1,6,696,20405,N8,National Air Cargo Group Inc d/ba National Airlines,N8,National Air Cargo Group Inc d/ba National Airlines,07029,D,2,2,2025,1
1532.00,0.00,1.00,117.00,0.00,0.00,2771.00,17.00,195.00,0.00,4.00,453.00,0.00,84.00,128.00,14.00,5315.00,312.00,13.00,498.00,543.00,0.00,115.00,59.00,0.00,0.00,0.00,0.00,1541.00,355.00,1896.00,12.00,415.00,65.00,51.00,0.00,7.00,,0.00,,7761.00,,,,,,1.35,0.14,1200.00,2,6,614,19930,AS,Alaska Airlines Inc.,AS,Alaska Airlines Inc.,06031,D,3,3,2025,2
1539.83,,10.33,522.28,0.00,,1722.22,,0.00,,0.00,427.28,,92.35,,32.27,4346.55,42.28,,93.87,,,139.51,20.39,4.00,,,,300.04,326.75,626.78,,350.26,109.19,75.44,0.00,0.00,,0.00,0.00,5508.21,,,,,,0.55,0.08,858.47,1,6,626,20007,5Y,Atlas Air Inc.,5Y,Atlas Air Inc.,06087,D,3,3,2025,3
1545.21,0.00,81.17,-298.06,124.28,,0.00,0.00,878.00,50.86,0.00,72.30,0.00,221.85,0.00,7.14,2682.75,-166.15,-41.54,1102.09,0.00,,85.23,21.31,0.00,0.00,0.00,0.00,1000.94,0.00,1000.94,0.00,0.00,0.00,0.00,0.00,149.93,,0.00,,3833.63,,,,,,0.00,0.00,0.00,1,6,638,20378,YV,Mesa Airlines Inc.,YV,Mesa Airlines Inc.,06689,D,2,2,2025,3
1546.00,0.00,77.00,324.00,23.00,,1115.00,,2.00,-1.00,20.00,998.00,,66.00,41.00,195.00,4406.00,,,27.00,,,133.00,17.00,516.00,,80.00,,773.00,1372.00,2145.00,,823.00,729.00,43.00,34.00,,,,,8180.00,,,,,,0.37,0.24,466.70,2,6,622,20107,FX,Federal Express Corporation,FX,Federal Express Corporation,16195,L,3,3,2025,3
1548.93,0.00,102.00,579.18,0.00,0.00,5601.65,1.64,0.00,0.00,193.23,194.65,0.00,82.49,0.00,-10.91,8292.85,353.62,0.00,39.80,0.00,0.00,175.78,0.00,0.00,0.00,0.00,0.00,569.20,0.00,569.20,0.00,-438.07,-660.71,284.27,0.00,0.00,,0.00,,8047.55,,,,,,0.54,1.66,1310.10,2,7,740,21629,KD,Western Global,KD,Western Global,11042,I,2,2,2025,4
1561.13,0.00,123.95,4.03,0.86,0.00,3916.80,0.00,2738.38,0.00,4.30,245.05,0.00,195.96,71.63,2.77,8864.85,353.26,0.00,184.18,7.91,0.00,40.77,0.00,0.00,0.00,0.00,0.00,586.12,544.27,1130.39,0.00,0.00,0.00,32.01,0.00,130.72,,0.00,,10157.97,,,,,,2.28,0.25,1641.67,1,6,722,20436,F9,Frontier Airlines Inc.,F9,Frontier Airlines Inc.,16461,L,3,3,2025,1
1583.77,,8.66,548.58,0.00,,1364.93,,0.00,,0.00,460.17,,139.02,,32.97,4138.10,37.60,,109.79,,,135.53,13.87,2.30,,,,299.09,284.29,583.38,,294.58,86.97,231.67,0.00,0.00,,0.00,0.00,5334.70,,,,,,0.75,0.11,1148.75,1,6,626,20007,5Y,Atlas Air Inc.,5Y,Atlas Air Inc.,06087,D,3,3,2025,1
1590.57,0.00,115.55,108.19,0.00,0.00,3960.54,3.34,463.04,0.00,1.68,519.15,0.00,59.15,89.81,0.00,6911.02,276.15,68.35,359.38,412.99,0.00,188.58,157.53,0.00,0.00,0.00,0.00,1462.99,659.18,2122.16,30.93,269.02,70.76,39.50,0.00,17.97,,28.74,,9490.11,,,,,,0.63,0.06,1677.02,1,6,637,19805,AA,American Airlines Inc.,AA,American Airlines Inc.,0A050,D,3,3,2025,4
1601.97,0.00,172.97,253.58,0.00,0.00,0.00,0.00,875.72,0.00,0.00,23.99,0.00,129.56,0.00,0.00,3057.79,262.25,8.11,391.34,0.00,0.00,106.38,63.66,0.00,0.00,0.00,349.83,1181.57,509.61,1691.18,26.69,0.00,0.00,0.00,0.00,0.00,,0.00,,4775.66,,,,,,1.82,0.77,1241.96,1,6,677,20398,MQ,Envoy Air,MQ,Envoy Air,16820,L,3,3,2025,2
1615.31,0.00,186.71,649.32,,,13901.88,,4535.50,,390.90,108.52,,187.04,0.00,2742.06,24317.24,868.65,,,,,752.21,,,,,,1620.86,,1620.86,,,0.00,,,,,,,25938.10,,,,,,2.12,0.15,6528.35,2,8,820,20195,WI,Sky Lease Cargo,WI,Sky Lease Cargo,16884,I,2,2,2025,1
1615.47,833.38,85.03,883.07,0.00,,983.84,0.00,3853.06,0.00,291.05,83.55,0.00,165.48,0.00,131.78,8925.70,1394.71,0.00,0.00,0.00,,929.60,0.00,0.00,0.00,0.00,0.00,2324.31,0.00,2324.31,0.00,0.00,0.00,0.00,170.38,221.32,,590.07,,12231.78,,,,,,1.86,0.28,1986.96,1,6,699,22085,GCA,"Global Crossing Airlines, Inc.",GCA,"Global Crossing Airlines, Inc.",01287,D,2,2,2025,4
1619.71,0.00,118.74,108.00,0.00,0.00,3722.56,3.44,468.08,0.00,1.70,512.24,0.00,59.56,83.21,0.00,6697.23,280.52,70.05,348.12,411.80,0.00,188.17,163.17,0.00,0.00,0.00,0.00,1461.83,672.50,2134.32,31.34,273.21,72.39,40.26,0.00,17.93,,29.51,,9296.18,,,,,,0.74,0.06,1583.63,1,6,889,19805,AA,American Airlines Inc.,AA,American Airlines Inc.,0A050,D,3,3,2025,4
1659.33,182.85,23.46,5794.44,58.83,0.00,4462.12,0.00,2452.19,0.00,162.41,261.80,1.01,256.67,508.93,-550.94,15273.10,462.88,115.72,0.00,0.00,0.00,2098.08,524.52,0.00,12.20,0.00,0.00,3213.40,0.00,3213.40,0.00,0.00,0.00,165.36,0.00,7.58,,0.00,,18659.43,,,,,,0.34,0.28,732.69,1,6,696,20405,N8,National Air Cargo Group Inc d/ba National Airlines,N8,National Air Cargo Group Inc d/ba National Airlines,07029,D,2,2,2025,4
1659.93,,157.06,182.74,,,3299.38,,0.33,,5.18,437.27,-3.66,145.62,10.49,,5894.33,116.70,3.56,577.06,980.29,,516.71,112.11,,,,,2306.42,402.27,2708.69,194.86,204.05,139.18,27.05,96.92,,,0.06,,9265.14,,,,,,1.28,0.14,1340.63,1,6,622,19977,UA,United Air Lines Inc.,UA,United Air Lines Inc.,10876,L,3,3,2025,1
1665.00,0.00,32.00,137.00,0.00,0.00,4363.00,0.00,172.00,0.00,24.00,531.00,0.00,79.00,0.00,4.00,7007.00,114.00,48.00,34.00,397.00,0.00,205.00,33.00,0.00,0.00,0.00,0.00,831.00,412.00,1243.00,15.00,311.00,183.00,2.00,18.00,0.00,,21.00,0.00,8800.00,,,,,,0.98,0.09,1931.29,1,6,696,19790,DL,Delta Air Lines Inc.,DL,Delta Air Lines Inc.,01260,D,3,3,2025,4
1665.47,0.00,143.17,294.65,169.13,,2.65,0.00,596.20,37.20,0.00,92.67,0.00,220.69,0.00,13.47,3235.30,-772.37,-193.09,1180.17,0.00,,-71.66,-17.91,0.00,0.00,0.00,0.00,125.13,0.00,125.13,0.00,0.00,120.94,0.00,0.00,187.40,,0.00,,3668.76,,,,,,0.00,0.00,0.00,1,6,638,20378,YV,Mesa Airlines Inc.,YV,Mesa Airlines Inc.,06689,D,2,2,2025,2
1675.48,0.00,143.35,0.13,0.89,0.00,3959.33,0.00,3861.49,0.00,3.18,292.86,0.00,104.38,38.47,3.40,10082.95,508.41,0.00,192.53,9.49,0.00,127.82,0.00,0.00,0.00,0.00,0.00,838.25,629.31,1467.56,0.00,0.00,0.00,20.15,0.00,108.29,,0.00,,11678.95,,,,,,2.11,0.21,1252.63,1,6,721,20436,F9,Frontier Airlines Inc.,F9,Frontier Airlines Inc.,16461,L,3,3,2025,4
1683.97,26.08,0.00,72.96,2.78,,2211.07,8.12,77.00,8.10,18.63,444.47,0.00,88.41,93.69,101.95,4837.20,368.19,0.00,614.83,0.00,,361.07,2227.88,0.00,,0.00,,3571.98,505.19,4077.17,,316.74,0.00,0.00,,,,10.02,,9241.12,,,,,,0.78,0.30,1240.62,2,6,622,19917,5X,United Parcel Service,5X,United Parcel Service,16912,L,3,3,2025,2
1697.72,0.00,128.68,-6.62,0.77,0.00,4102.09,0.00,3637.63,0.00,3.90,263.49,0.00,161.78,118.40,3.43,10111.26,405.05,0.00,220.15,-71.02,0.00,55.32,0.00,0.00,0.00,0.00,0.00,609.50,582.85,1192.35,0.00,0.00,0.00,28.93,0.00,125.40,,0.00,,11457.95,,,,,,2.01,0.20,1945.14,1,6,699,20436,F9,Frontier Airlines Inc.,F9,Frontier Airlines Inc.,16461,L,3,3,2025,2
1699.87,25.02,55.62,0.00,1.08,,3570.26,0.00,2411.96,0.00,84.66,167.93,0.00,123.98,0.00,-275.35,7865.02,54.81,54.81,54.81,54.81,,213.86,213.86,0.00,0.00,0.00,0.00,646.96,372.10,1019.07,0.00,141.45,0.00,32.70,0.00,0.00,,0.00,,9058.23,,,,,,1.81,0.90,1356.22,1,6,678,22080,MX,Breeze Aviation Group DBA  Breeze,MX,Breeze Aviation Group DBA  Breeze,01268,D,2,2,2025,1
1701.00,0.00,65.00,337.00,27.00,,1110.00,,2.00,1.00,17.00,891.00,,47.00,38.00,201.00,4437.00,,,37.00,,,138.00,0.00,575.00,,120.00,,870.00,1623.00,2493.00,,724.00,642.00,38.00,30.00,,,,,8364.00,,,,,,0.36,0.21,447.99,2,6,622,20107,FX,Federal Express Corporation,FX,Federal Express Corporation,16195,L,3,3,2025,4
1710.67,0.00,0.00,86.44,586.61,,1279.60,0.00,360.41,52.59,40.79,208.53,0.00,64.72,0.00,553.66,4944.02,803.92,0.00,425.23,749.54,,204.78,0.00,0.00,0.00,0.00,0.00,2183.47,231.81,2415.29,0.00,853.71,195.27,171.20,11.81,17.45,,0.00,,8608.73,,,,,,0.51,0.09,424.71,2,6,614,20108,NC,Northern Air Cargo Inc.,NC,Northern Air Cargo Inc.,06721,D,2,2,2025,4
1742.34,,155.05,209.80,,,3228.49,,4.23,,5.81,461.66,-0.11,88.36,7.53,,5903.16,128.92,2.38,779.42,990.81,,427.65,76.57,,,,,2405.74,396.28,2802.02,186.69,190.31,130.53,27.42,103.79,,,0.06,,9343.99,,,,,,1.44,0.14,1426.86,1,6,622,19977,UA,United Air Lines Inc.,UA,United Air Lines Inc.,10876,L,3,3,2025,2
1750.00,0.00,0.00,127.00,0.00,0.00,2948.00,27.00,213.00,0.00,5.00,517.00,0.00,95.00,145.00,2.00,5828.00,361.00,15.00,500.00,473.00,0.00,83.00,53.00,0.00,0.00,0.00,0.00,1485.00,399.00,1884.00,15.00,449.00,75.00,62.00,0.00,6.00,,0.00,,8319.00,,,,,,1.33,0.16,1195.00,2,6,614,19930,AS,Alaska Airlines Inc.,AS,Alaska Airlines Inc.,06031,D,3,3,2025,4
1761.91,16.38,123.10,1961.15,1.75,0.00,3195.06,0.00,1563.31,74.48,49.30,319.17,0.00,74.87,0.00,0.00,9140.47,682.73,4.37,408.99,0.00,0.00,0.00,0.00,0.00,0.00,238.65,0.00,1334.73,620.73,1955.46,0.00,0.00,0.00,0.00,0.00,387.49,,0.00,,11483.42,,,,,,0.75,0.16,1199.60,1,6,625,20377,X9,Omni Air International LLC,X9,Omni Air International LLC,16736,I,2,2,2025,4
1767.66,0.00,0.00,160.99,538.03,,2965.59,0.00,1173.58,68.30,169.30,346.80,0.00,147.59,0.00,1029.64,8367.47,1625.81,0.00,1510.52,103.96,,191.20,0.00,0.00,0.00,0.00,0.00,3431.49,471.08,3902.57,0.00,1150.11,722.78,120.50,15.01,566.42,,0.00,,14844.84,,,,,,2.09,0.33,3721.08,2,6,626,20108,NC,Northern Air Cargo Inc.,NC,Northern Air Cargo Inc.,06721,D,2,2,2025,2
1780.67,,11.11,671.66,0.00,,1790.08,,0.00,,0.00,536.79,,151.71,,32.04,4974.07,47.25,,137.45,,,167.86,26.96,2.32,,,,381.84,349.66,731.50,,399.31,123.82,338.87,0.00,0.00,,0.00,0.00,6567.56,,,,,,0.59,0.09,909.63,1,6,626,20007,5Y,Atlas Air Inc.,5Y,Atlas Air Inc.,06087,D,3,3,2025,2
1783.00,0.00,9.00,143.00,0.00,0.00,3162.00,1.00,86.00,0.00,3.00,526.00,0.00,98.00,130.00,1.00,5944.00,257.00,11.00,776.00,-1.00,0.00,77.00,42.00,0.00,0.00,0.00,0.00,1162.00,288.00,1450.00,19.00,252.00,88.00,84.00,0.00,0.00,,0.00,,7837.00,,,,,,1.52,0.24,1304.00,2,6,612,19930,AS,Alaska Airlines Inc.,AS,Alaska Airlines Inc.,06031,D,3,3,2025,3
1804.58,0.00,36.71,299.15,0.00,0.00,9.46,0.00,0.00,0.00,0.00,300.50,0.00,106.17,0.00,11.76,2568.33,428.92,0.00,468.35,603.29,0.00,334.77,0.00,0.00,0.00,0.00,0.00,1835.33,256.58,2091.91,0.00,476.16,22.67,16.49,0.00,1.38,,6.06,,5183.00,,,,,,4.91,2.85,1631.40,1,6,677,20452,YX,Republic Airline,YX,Republic Airline,06003,D,3,3,2025,4
1808.52,310.72,28.83,397.54,15.20,,1668.97,15.98,0.00,0.14,0.00,47.74,0.00,188.14,0.00,392.68,4874.46,824.94,0.00,503.37,-2.74,,208.15,99.12,0.00,0.00,290.35,0.00,1923.20,46.07,1969.27,0.00,0.00,0.00,56.80,91.16,7.23,,4.37,,7003.29,,,,,,2.19,0.45,511.49,1,4,442,20401,3M,Silver Airways,3M,Silver Airways,06888,D,2,2,2025,1
1810.12,54.71,130.74,1827.57,27.92,0.00,3993.07,0.00,1573.21,73.17,87.85,337.37,0.00,131.56,0.00,0.00,10047.27,763.49,4.86,855.30,0.00,0.00,0.00,0.00,0.00,0.00,240.70,0.00,1864.35,798.57,2662.92,0.00,0.00,0.00,0.00,0.00,363.31,,0.00,,13073.50,,,,,,0.83,0.18,1324.75,1,6,625,20377,X9,Omni Air International LLC,X9,Omni Air International LLC,16736,I,2,2,2025,3
1825.00,0.00,50.00,132.00,0.00,0.00,3595.00,0.00,166.00,0.00,23.00,460.00,0.00,81.00,0.00,5.00,6337.00,106.00,51.00,191.00,327.00,0.00,180.00,9.00,0.00,0.00,0.00,0.00,864.00,381.00,1245.00,9.00,296.00,166.00,1.00,17.00,0.00,,19.00,0.00,8090.00,,,,,,0.98,0.08,1630.34,1,6,626,19790,DL,Delta Air Lines Inc.,DL,Delta Air Lines Inc.,10260,L,3,3,2025,2
1842.65,0.00,134.44,124.46,0.00,0.00,3249.33,3.91,536.66,0.00,1.94,588.45,0.00,69.02,72.53,0.00,6623.40,322.97,80.12,403.06,481.52,0.00,215.72,192.53,0.00,0.00,0.00,0.00,1695.92,774.57,2470.49,35.77,312.34,82.61,45.87,0.00,20.16,,33.58,,9624.22,,,,,,1.47,0.23,1386.21,1,6,694,19805,AA,American Airlines Inc.,AA,American Airlines Inc.,10050,L,3,3,2025,4
1842.94,,205.46,267.19,,,4973.43,,4.58,,7.70,487.58,-0.14,93.32,107.59,,7989.64,159.62,0.53,725.79,2026.53,,204.96,36.93,,,,,3154.37,325.76,3480.13,84.43,525.38,198.01,21.85,51.88,,,2.75,,12354.06,,,,,,1.52,0.12,2158.39,1,6,624,19977,UA,United Air Lines Inc.,UA,United Air Lines Inc.,0A875,D,3,3,2025,2
1845.00,0.00,0.00,135.00,0.00,0.00,2999.00,1.00,4.00,0.00,4.00,545.00,0.00,101.00,118.00,19.00,5770.00,388.00,17.00,886.00,255.00,0.00,134.00,73.00,0.00,0.00,0.00,0.00,1753.00,422.00,2175.00,19.00,380.00,86.00,83.00,0.00,0.00,,0.00,,8513.00,,,,,,1.39,0.26,1199.00,2,6,612,19930,AS,Alaska Airlines Inc.,AS,Alaska Airlines Inc.,06031,D,3,3,2025,1
1915.56,0.00,129.59,135.29,0.00,0.00,3605.49,6.50,591.01,0.00,2.10,593.21,0.00,104.71,83.61,0.00,7167.09,334.39,83.95,416.35,554.84,0.00,192.20,225.00,0.00,0.00,0.00,0.00,1806.73,799.34,2606.07,43.77,335.54,83.29,67.93,0.00,25.62,,34.46,,10363.75,,,,,,1.69,0.23,1638.12,1,6,694,19805,AA,American Airlines Inc.,AA,American Airlines Inc.,10050,L,3,3,2025,2
1918.85,0.00,84.41,383.19,,,10580.70,,3876.76,,405.68,92.44,,223.62,0.00,2332.79,19898.43,1205.83,,,,,4059.70,,,,,,5265.54,,5265.54,,,0.00,,,,,,,25163.97,,,,,,1.80,0.14,5725.83,2,8,820,20195,WI,Sky Lease Cargo,WI,Sky Lease Cargo,16884,I,2,2,2025,2
1924.00,0.00,1.00,146.00,0.00,0.00,3338.00,6.00,167.00,0.00,8.00,569.00,0.00,105.00,151.00,17.00,6433.00,278.00,12.00,563.00,365.00,0.00,102.00,53.00,0.00,0.00,0.00,0.00,1373.00,316.00,1689.00,10.00,461.00,182.00,49.00,0.00,9.00,,0.00,,8834.00,,,,,,1.68,0.17,1461.00,1,6,838,19930,AS,Alaska Airlines Inc.,AS,Alaska Airlines Inc.,16031,L,3,3,2025,2
1925.70,27.02,57.75,0.00,1.26,,4954.07,0.00,3692.80,0.00,111.20,256.06,0.00,105.51,0.00,-690.63,10440.74,69.79,69.79,69.79,69.79,,362.34,362.34,0.00,0.00,0.00,0.00,1003.84,962.89,1966.72,0.00,396.40,0.00,87.17,0.00,29.51,,0.00,,12920.54,,,,,,2.52,0.74,1960.82,1,6,678,22080,MX,Breeze Aviation Group DBA  Breeze,MX,Breeze Aviation Group DBA  Breeze,01268,D,2,2,2025,4
1928.73,291.10,37.35,3044.85,117.80,0.00,11236.46,0.00,3903.87,0.00,258.55,354.20,1.61,129.69,-59.89,-887.47,20356.84,736.91,184.23,0.00,0.00,0.00,2409.42,602.35,0.00,526.98,0.00,0.00,4459.88,0.00,4459.88,0.00,0.00,0.00,119.92,0.00,20.95,,0.00,,24957.59,,,,,,0.71,0.83,2688.50,2,8,819,20405,N8,National Air Cargo Group Inc d/ba National Airlines,N8,National Air Cargo Group Inc d/ba National Airlines,07029,D,2,2,2025,4
1929.23,0.00,0.00,142.83,449.64,,3380.05,0.00,1311.07,160.45,174.17,362.82,0.00,166.73,0.00,986.72,9063.72,1793.61,0.00,1242.98,65.98,,358.66,0.00,0.00,0.00,0.00,0.00,3461.22,561.63,4022.85,0.00,1113.30,785.91,127.13,14.99,765.00,,0.00,,15892.89,,,,,,2.17,0.35,3814.14,2,6,626,20108,NC,Northern Air Cargo Inc.,NC,Northern Air Cargo Inc.,06721,D,2,2,2025,1
1931.00,0.00,43.00,189.00,0.00,0.00,3830.00,0.00,227.00,0.00,31.00,635.00,0.00,100.00,0.00,5.00,6991.00,154.00,69.00,176.00,549.00,0.00,285.00,98.00,0.00,0.00,0.00,0.00,1331.00,530.00,1861.00,20.00,407.00,236.00,3.00,24.00,0.00,,27.00,0.00,9569.00,,,,,,1.36,0.17,1711.41,1,6,622,19790,DL,Delta Air Lines Inc.,DL,Delta Air Lines Inc.,10261,A,3,3,2025,3
1938.42,46.81,47.70,507.60,79.11,0.00,46.46,0.00,727.77,5.11,82.42,405.64,0.00,126.41,0.00,0.00,4013.44,1632.13,0.00,857.53,443.69,0.00,926.94,182.41,0.00,0.00,0.00,0.00,4042.71,0.00,4042.71,0.00,260.98,260.21,0.00,229.64,0.00,,0.00,0.00,8806.97,,,,,,1.71,0.68,2924.53,2,6,625,20453,ABX,ABX Air Inc,ABX,ABX Air Inc,80006,D,2,2,2025,4
1962.13,,82.13,1117.67,,,0.00,,161.77,,44.70,337.21,,96.64,,,3802.23,1640.76,274.39,1313.41,860.57,,343.99,193.64,,,,,4626.76,589.61,5216.37,,268.26,453.20,145.95,100.49,0.37,968.27,,,9986.87,,,,,,1.46,0.13,5049.08,2,8,819,20370,KAQ,Kalitta Air LLC,KAQ,Kalitta Air LLC,06683,D,3,3,2025,4
1970.38,,155.05,226.07,,,2858.87,,184.99,,5.37,491.24,0.96,55.16,12.55,,5960.64,137.73,0.69,128.02,85.07,,50.37,53.91,,,,,455.79,348.93,804.71,2.60,392.60,108.76,0.81,5.53,,,,,7275.65,,,,,,1.64,0.12,1142.45,1,6,838,19977,UA,United Air Lines Inc.,UA,United Air Lines Inc.,10874,A,3,3,2025,3
1971.65,,265.56,274.22,,,5888.61,,127.60,,8.76,518.45,-6.19,172.65,341.93,,9563.24,163.72,0.49,1797.84,7070.47,,529.23,33.92,,,,,9595.67,339.28,9934.95,186.87,867.17,446.35,93.70,473.16,,,,,21565.43,,,,,,1.59,0.17,2362.31,1,6,887,19977,UA,United Air Lines Inc.,UA,United Air Lines Inc.,0A875,D,3,3,2025,1
1975.77,39.54,45.12,538.97,92.32,0.00,57.00,0.00,622.91,1.74,72.29,402.49,0.00,157.41,0.00,0.00,4005.56,1587.01,0.00,725.86,435.55,0.00,1100.68,126.16,0.00,0.00,0.00,0.00,3975.26,0.00,3975.26,0.00,226.88,334.91,0.00,43.59,0.00,,0.00,0.00,8586.19,,,,,,1.65,0.34,2803.91,2,6,626,20453,ABX,ABX Air Inc,ABX,ABX Air Inc,11009,A,2,2,2025,3
1992.35,0.00,138.53,140.17,0.00,0.00,3280.88,5.06,618.18,0.00,2.28,615.00,0.00,173.00,67.57,0.00,7033.02,357.00,90.32,467.05,501.27,0.00,254.29,246.31,0.00,0.00,0.00,0.00,1916.24,875.48,2791.72,39.19,356.80,87.76,70.54,0.00,26.77,,41.94,,10447.74,,,,,,0.84,0.08,1368.85,1,6,889,19805,AA,American Airlines Inc.,AA,American Airlines Inc.,0A050,D,3,3,2025,1
2027.00,0.00,116.00,465.00,10.00,,1418.00,,3.00,4.00,23.00,1178.00,,135.00,48.00,133.00,5560.00,0.00,0.00,40.00,,,368.00,287.00,526.00,,81.00,,1302.00,5281.00,6583.00,,1049.00,915.00,55.00,42.00,,,,,14204.00,,,,,,0.48,0.33,641.27,2,6,622,20107,FX,Federal Express Corporation,FX,Federal Express Corporation,16196,A,3,3,2025,1
2039.45,0.00,0.00,72.56,1.75,,2931.63,9.19,127.05,1.30,22.70,576.87,0.00,197.83,108.63,-1.18,6087.76,478.79,0.00,835.67,0.00,,398.00,2519.17,0.00,,0.00,,4231.63,539.32,4770.95,,313.91,66.02,22.91,,,,8.45,,11269.99,,,,,,0.91,0.38,1192.57,2,6,622,19917,5X,United Parcel Service,5X,United Parcel Service,16912,L,3,3,2025,1
2040.87,0.00,78.40,515.57,,,977.67,,5365.53,,383.15,100.74,,220.70,0.00,862.24,10544.86,910.82,,,,,2710.43,,,,,,3621.25,,3621.25,,,0.00,,,,,,,14166.12,,,,,,2.39,0.17,7497.42,2,8,820,20195,WI,Sky Lease Cargo,WI,Sky Lease Cargo,16884,I,2,2,2025,3
2048.93,49.66,59.94,531.32,60.94,0.00,64.36,0.00,662.67,4.63,77.65,760.59,0.00,222.39,0.00,0.00,4543.07,1891.62,0.00,625.35,348.28,0.00,986.04,102.95,0.00,0.00,0.00,0.00,3954.25,0.00,3954.25,0.00,243.82,353.33,0.00,49.12,0.00,,0.00,0.00,9143.59,,,,,,1.60,0.67,2719.40,2,6,625,20453,ABX,ABX Air Inc,ABX,ABX Air Inc,80006,D,2,2,2025,1
2055.53,,0.09,941.89,0.00,,16.44,,0.00,,0.00,965.29,,136.68,,1.14,4117.05,0.36,,0.02,,,1.18,0.17,0.03,,,,1.76,2.76,4.52,,0.00,0.00,0.02,0.00,0.00,,0.00,0.00,4121.59,,,,,,0.00,0.01,5.26,2,6,614,20007,5Y,Atlas Air Inc.,5Y,Atlas Air Inc.,06087,D,3,3,2025,3
2059.52,44.62,69.82,0.00,1.32,,5004.79,0.00,3732.32,0.00,105.86,240.38,0.00,134.87,0.00,-31.71,11361.78,73.94,73.94,73.94,73.94,,346.43,346.43,0.00,0.00,0.00,0.00,988.62,711.86,1700.48,0.00,311.52,0.00,91.13,0.00,36.94,,0.00,,13501.84,,,,,,2.55,0.85,2048.09,1,6,678,22080,MX,Breeze Aviation Group DBA  Breeze,MX,Breeze Aviation Group DBA  Breeze,01268,D,2,2,2025,3
2061.02,,339.09,367.49,,,7229.12,,30.64,,11.75,511.37,122.00,57.42,257.19,,10987.08,172.47,,726.61,-0.25,,319.32,65.81,,,,,1283.97,410.16,1694.12,20.35,1258.19,396.25,1.31,20.33,,,,,14377.63,,,,,,1.71,0.12,3140.54,1,6,837,19977,UA,United Air Lines Inc.,UA,United Air Lines Inc.,0A875,D,3,3,2025,3
2083.78,35.06,65.74,0.00,1.16,,4779.40,0.00,3418.25,0.00,111.06,230.99,0.00,166.75,0.00,-153.97,10738.22,76.63,76.63,76.63,76.63,,285.94,285.94,0.00,0.00,0.00,0.00,878.39,503.62,1382.01,0.00,288.13,0.00,45.30,0.00,35.65,,0.00,,12489.31,,,,,,2.64,0.91,2106.15,1,6,678,22080,MX,Breeze Aviation Group DBA  Breeze,MX,Breeze Aviation Group DBA  Breeze,01268,D,2,2,2025,2
2149.32,0.00,78.78,306.53,,,1918.81,,5641.97,,402.97,97.95,,196.89,0.00,1048.17,11841.38,1112.03,,,,,1835.91,,,,,,2947.93,,2947.93,,,0.00,,,,,,,14789.31,,,,,,2.56,0.15,7924.38,2,8,820,20195,WI,Sky Lease Cargo,WI,Sky Lease Cargo,16884,I,2,2,2025,4
2173.08,52.48,53.48,569.05,88.68,0.00,52.08,0.00,815.87,5.72,92.40,454.75,0.00,141.71,0.00,0.00,4499.29,1829.72,0.00,961.34,497.40,0.00,1039.15,204.50,0.00,0.00,0.00,0.00,4532.11,0.00,4532.11,0.00,292.57,291.71,0.00,257.44,0.00,,0.00,0.00,9873.12,,,,,,1.91,0.41,3278.56,2,6,626,20453,ABX,ABX Air Inc,ABX,ABX Air Inc,11009,A,2,2,2025,4
2183.01,0.00,2.34,120.55,0.45,0.00,3151.42,0.00,32.76,0.13,-12.85,543.63,0.00,179.47,34.36,10.04,6245.30,190.95,0.00,491.52,665.60,0.00,146.68,5.58,0.00,0.00,0.00,0.00,1500.33,333.34,1833.67,11.81,704.83,285.50,25.76,7.31,83.91,,0.00,,9198.09,,,,,,1.27,0.18,1236.34,1,6,724,20409,B6,JetBlue Airways,B6,JetBlue Airways,16673,L,3,3,2025,1
2207.15,,239.82,291.08,,,7333.45,,17.56,,8.87,582.67,1.98,47.46,154.71,,10884.74,210.58,1.11,839.19,1256.96,,354.88,64.38,,,,,2727.10,402.77,3129.87,111.97,664.91,250.03,28.91,87.05,,,,,15157.47,,,,,,1.79,0.15,3099.23,1,6,624,19977,UA,United Air Lines Inc.,UA,United Air Lines Inc.,0A875,D,3,3,2025,4
2208.86,31.63,0.00,202.25,4.32,,2907.62,9.96,127.20,11.85,24.55,537.40,0.00,61.57,112.05,174.97,6414.24,464.17,0.00,840.18,0.00,,503.92,2923.67,0.00,,0.00,,4731.94,634.35,5366.29,,410.31,0.00,0.00,,,,6.67,,12197.50,,,,,,0.99,0.38,1242.05,2,6,622,19917,5X,United Parcel Service,5X,United Parcel Service,16912,L,3,3,2025,3
2209.00,,108.02,191.65,,,2962.81,,221.75,,3.56,583.11,-2.52,194.19,7.83,,6479.39,154.93,0.55,448.61,181.63,,468.15,154.38,,,,,1408.24,506.60,1914.84,35.45,478.01,546.48,40.73,266.79,,,18.74,,9780.43,,,,,,1.71,0.21,1222.44,1,6,698,19977,UA,United Air Lines Inc.,UA,United Air Lines Inc.,10876,L,3,3,2025,1
2222.62,0.00,142.28,6.87,0.92,0.00,5567.34,0.00,4948.93,0.00,4.73,349.54,0.00,167.74,159.67,4.37,13575.02,595.98,0.00,266.13,-103.23,0.00,99.75,0.00,0.00,0.00,0.00,0.00,858.62,966.00,1824.62,0.00,0.00,0.00,29.62,0.00,148.72,,0.00,,15577.98,,,,,,3.36,0.46,2489.18,1,6,722,20436,F9,Frontier Airlines Inc.,F9,Frontier Airlines Inc.,16461,L,3,3,2025,3
2246.69,0.00,170.29,-8.76,1.02,0.00,5428.54,0.00,4813.89,0.00,5.16,348.69,0.00,214.09,156.68,4.54,13380.83,536.03,0.00,291.34,-93.99,0.00,73.20,0.00,0.00,0.00,0.00,0.00,806.58,771.33,1577.91,0.00,0.00,0.00,38.29,0.00,165.95,,0.00,,15162.99,,,,,,2.49,0.25,1967.34,1,6,721,20436,F9,Frontier Airlines Inc.,F9,Frontier Airlines Inc.,16461,L,3,3,2025,2
2284.00,0.00,31.00,136.00,0.00,0.00,4098.00,0.00,170.00,0.00,24.00,525.00,0.00,78.00,0.00,4.00,7350.00,112.00,47.00,33.00,392.00,0.00,203.00,33.00,0.00,0.00,0.00,0.00,820.00,407.00,1227.00,15.00,307.00,181.00,2.00,18.00,0.00,,21.00,0.00,9121.00,,,,,,0.97,0.10,1813.86,1,6,624,19790,DL,Delta Air Lines Inc.,DL,Delta Air Lines Inc.,10260,L,3,3,2025,4
2289.76,879.25,120.51,1288.29,0.00,,2605.34,0.00,5554.16,35.19,443.51,185.96,0.00,215.53,0.00,14.06,13631.57,1203.51,0.00,0.00,0.00,,1355.23,0.00,0.00,0.00,0.00,0.00,2558.74,0.00,2558.74,0.00,0.00,0.00,0.00,87.05,140.81,,437.26,,16855.41,,,,,,1.89,0.63,2110.44,1,6,699,22085,GCA,"Global Crossing Airlines, Inc.",GCA,"Global Crossing Airlines, Inc.",01227,S,2,2,2025,1
2308.28,1074.93,262.37,637.25,-118.27,,2969.79,0.00,0.00,8.16,354.66,915.19,3.42,174.86,0.00,123.05,8713.68,1321.73,0.00,694.02,491.12,,612.86,-243.61,0.00,0.00,2.80,0.00,2878.92,0.00,2878.92,0.00,1435.68,0.00,0.00,543.80,649.94,,0.00,,14222.02,,,,,,1.30,0.81,1040.86,2,5,556,20169,L2,Lynden Air Cargo Airlines,L2,Lynden Air Cargo Airlines,06699,D,2,2,2025,4
2310.27,67.98,212.99,2183.70,47.11,0.00,3992.04,0.00,2144.29,90.00,173.51,447.39,0.00,176.08,0.00,0.00,11845.35,966.79,5.78,817.60,0.00,0.00,0.00,0.00,0.00,0.00,645.37,0.00,2435.53,1065.43,3500.97,0.00,0.00,0.00,0.00,0.00,438.93,,0.00,,15785.24,,,,,,0.87,0.24,1401.06,1,6,625,20377,X9,Omni Air International LLC,X9,Omni Air International LLC,16736,I,2,2,2025,2
2313.47,47.69,0.00,126.73,3.61,,3147.31,9.13,117.37,11.34,20.91,448.80,0.00,46.72,105.60,133.89,6532.57,485.67,0.00,994.03,0.00,,497.00,3036.84,0.00,,0.00,,5013.54,625.32,5638.86,,367.65,0.00,0.00,,,,6.72,,12545.80,,,,,,1.02,0.34,1272.95,2,6,622,19917,5X,United Parcel Service,5X,United Parcel Service,16912,L,3,3,2025,4
2319.00,0.00,37.00,163.00,0.00,0.00,4432.00,0.00,196.00,0.00,27.00,548.00,0.00,86.00,0.00,4.00,7812.00,133.00,60.00,152.00,474.00,0.00,246.00,84.00,0.00,0.00,0.00,0.00,1149.00,458.00,1607.00,17.00,351.00,204.00,2.00,20.00,0.00,,24.00,0.00,10037.00,,,,,,1.17,0.09,1980.47,1,6,626,19790,DL,Delta Air Lines Inc.,DL,Delta Air Lines Inc.,10260,L,3,3,2025,3
2353.00,0.00,0.00,124.00,24.00,0.00,4414.00,0.00,378.00,0.00,15.00,654.00,0.00,128.00,150.00,-19.00,8222.00,536.00,22.00,901.00,722.00,0.00,119.00,101.00,0.00,0.00,0.00,0.00,2401.00,149.00,2549.00,69.00,418.00,191.00,56.00,0.00,4.00,,-32.00,,11476.00,,,,,,1.37,0.14,2443.69,1,6,837,19690,HA,Hawaiian Airlines Inc.,HA,Hawaiian Airlines Inc.,15375,P,3,3,2025,4
2431.89,0.00,75.34,355.98,0.00,0.00,6.43,0.00,3.73,6.24,10.61,260.04,0.00,172.46,140.25,35.20,3498.18,587.02,0.00,558.35,1108.25,0.00,511.96,83.03,0.00,0.00,0.00,0.00,2848.60,554.34,3402.94,0.00,0.00,57.45,75.86,0.00,110.52,,0.00,,7144.94,,,,,,3.92,0.59,2493.53,1,6,673,20304,OO,SkyWest Airlines Inc.,OO,SkyWest Airlines Inc.,11025,L,3,3,2025,3
2437.36,68.64,234.79,1659.38,59.79,0.00,3350.82,0.00,2197.20,53.23,64.21,411.43,0.00,222.53,0.00,0.00,10759.37,1006.45,6.04,672.97,0.00,0.00,0.00,0.00,0.00,0.00,302.02,0.00,1987.48,429.74,2417.22,0.00,0.00,0.00,0.00,0.00,434.90,,0.00,,13611.49,,,,,,0.69,0.25,1070.85,1,6,625,20377,X9,Omni Air International LLC,X9,Omni Air International LLC,16736,I,2,2,2025,1
2440.35,0.00,193.77,6.30,1.35,0.00,6122.71,0.00,4280.62,0.00,6.72,383.07,0.00,306.32,111.97,4.32,13857.48,552.21,0.00,287.91,12.37,0.00,63.73,0.00,0.00,0.00,0.00,0.00,916.22,850.80,1767.01,0.00,0.00,0.00,50.03,0.00,204.34,,0.00,,15878.87,,,,,,2.74,0.28,2272.37,1,6,721,20436,F9,Frontier Airlines Inc.,F9,Frontier Airlines Inc.,16461,L,3,3,2025,1
2490.00,0.00,0.00,185.00,0.00,0.00,4143.00,9.00,213.00,0.00,11.00,736.00,0.00,136.00,172.00,26.00,8119.00,368.00,16.00,638.00,443.00,0.00,127.00,69.00,0.00,0.00,0.00,0.00,1662.00,400.00,2061.00,13.00,587.00,229.00,62.00,0.00,11.00,,0.00,,11082.00,,,,,,1.91,0.22,1659.00,1,6,838,19930,AS,Alaska Airlines Inc.,AS,Alaska Airlines Inc.,16031,L,3,3,2025,1
2521.32,1139.58,360.85,774.60,259.83,,1561.44,0.00,0.00,4.36,334.91,449.97,5.86,296.42,0.00,156.74,7865.89,1385.62,0.00,1320.65,1928.49,,1370.57,44.29,0.00,0.00,1.98,0.00,6051.61,0.00,6051.61,0.00,1329.42,0.00,0.00,638.71,673.70,,0.00,,16559.33,,,,,,0.64,0.66,500.67,2,5,556,20169,L2,Lynden Air Cargo Airlines,L2,Lynden Air Cargo Airlines,06699,D,2,2,2025,1
2551.93,6.83,0.00,179.33,0.00,0.00,2646.02,0.00,7.45,0.00,25.94,395.29,0.00,126.45,0.00,2.51,5941.75,261.45,0.00,842.20,-6.62,0.00,55.01,17.70,0.00,0.00,0.00,0.00,1169.73,156.51,1326.23,0.00,583.02,737.66,194.27,0.00,0.00,,762.92,,9545.86,,,,,,1.93,0.36,1659.17,1,6,614,20422,SY,Sun Country Airlines d/b/a MN Airlines,SY,Sun Country Airlines d/b/a MN Airlines,16795,L,3,3,2025,4
2554.75,0.00,20.63,44.36,9.02,0.00,4194.48,0.00,2343.06,2.42,54.43,575.99,0.00,227.36,159.48,0.00,10185.95,586.92,0.00,189.93,149.32,0.00,148.31,306.91,0.00,0.00,0.00,0.00,1381.39,0.00,1381.39,0.00,300.66,46.65,10.71,0.00,0.00,,380.47,,12305.85,,,,,,2.02,0.30,2012.60,1,6,699,20416,NK,Spirit Air Lines,NK,Spirit Air Lines,16831,L,3,3,2025,1
2563.59,72.20,246.95,3511.66,62.88,0.00,10266.11,0.00,2310.99,199.02,67.53,439.98,0.00,234.05,0.00,0.00,19974.95,1058.58,6.35,637.49,0.00,0.00,0.00,0.00,0.00,0.00,317.66,0.00,2020.07,703.20,2723.27,0.00,0.00,0.00,0.00,0.00,684.85,,0.00,,23383.08,,,,,,1.40,0.26,3313.53,1,6,627,20377,X9,Omni Air International LLC,X9,Omni Air International LLC,16736,I,2,2,2025,1
2573.17,75.60,240.43,3154.42,51.46,0.00,9639.29,0.00,2347.57,210.01,200.14,548.05,0.00,195.58,0.00,0.00,19235.71,1073.78,6.46,944.44,0.00,0.00,0.00,0.00,0.00,0.00,352.28,0.00,2376.95,1355.37,3732.32,0.00,0.00,0.00,0.00,0.00,520.64,,0.00,,23488.66,,,,,,1.38,0.24,3234.47,1,6,627,20377,X9,Omni Air International LLC,X9,Omni Air International LLC,16736,I,2,2,2025,2
2576.41,1146.36,306.58,701.60,84.77,,2036.16,0.00,0.00,19.77,503.81,385.05,2.85,287.67,0.00,161.73,8212.75,1438.88,0.00,1584.35,1019.93,,1203.59,495.06,0.00,0.00,0.00,0.00,5741.81,0.00,5741.81,0.00,1397.32,0.00,0.00,570.00,665.66,,0.00,,16587.54,,,,,,0.88,0.75,673.53,2,5,556,20169,L2,Lynden Air Cargo Airlines,L2,Lynden Air Cargo Airlines,06699,D,2,2,2025,2
2587.16,0.00,196.10,-10.09,1.18,0.00,6251.20,0.00,5543.40,0.00,5.94,401.53,0.00,246.53,180.43,5.23,15408.61,617.26,0.00,335.49,-108.23,0.00,84.30,0.00,0.00,0.00,0.00,0.00,928.82,888.21,1817.03,0.00,0.00,0.00,44.09,0.00,191.10,,0.00,,17460.83,,,,,,3.84,0.48,2998.01,1,6,722,20436,F9,Frontier Airlines Inc.,F9,Frontier Airlines Inc.,16461,L,3,3,2025,2
2593.69,1100.37,249.82,617.18,144.44,,2437.18,0.00,0.00,6.28,83.54,606.79,1.69,183.57,0.00,54.26,8078.80,1402.23,0.00,1098.36,859.51,,528.48,-33.40,0.00,0.00,0.00,0.00,3855.19,0.00,3855.19,0.00,1432.75,0.00,0.00,495.76,653.64,,0.00,,14516.15,,,,,,1.14,0.76,888.69,2,5,556,20169,L2,Lynden Air Cargo Airlines,L2,Lynden Air Cargo Airlines,06699,D,2,2,2025,3
2609.00,0.00,1.00,199.00,0.00,0.00,5494.00,1.00,1757.00,0.00,22.00,771.00,0.00,142.00,237.00,23.00,11256.00,404.00,17.00,1350.00,-1.00,0.00,148.00,77.00,0.00,0.00,0.00,0.00,1995.00,459.00,2454.00,21.00,981.00,417.00,91.00,0.00,0.00,,0.00,,15220.00,,,,,,2.28,0.29,2188.00,1,6,634,19930,AS,Alaska Airlines Inc.,AS,Alaska Airlines Inc.,06031,D,3,3,2025,2
2613.78,0.00,291.48,835.80,0.00,0.00,6487.00,17.23,0.00,0.00,387.82,110.77,0.00,169.56,0.00,0.00,10913.43,887.37,0.00,49.36,0.00,0.00,544.94,0.00,0.00,0.00,0.00,0.00,1481.68,0.00,1481.68,0.00,2149.18,933.95,607.00,0.00,0.00,,0.00,,16085.24,,,,,,0.93,1.24,2371.40,2,7,740,21629,KD,Western Global,KD,Western Global,11042,I,2,2,2025,1
2645.80,,121.87,228.56,,,3815.52,,36.75,,4.51,701.41,0.46,57.13,6.77,,7618.77,221.34,1.34,661.11,122.56,,623.99,127.43,,,,,1757.77,575.71,2333.48,44.44,395.90,731.81,53.62,104.71,,,611.33,,11894.05,,,,,,2.16,0.29,1577.22,1,6,698,19977,UA,United Air Lines Inc.,UA,United Air Lines Inc.,10876,L,3,3,2025,4
2647.33,0.00,133.78,383.64,0.00,0.00,13.41,0.00,2.24,5.94,11.29,268.44,0.00,201.29,150.38,35.93,3853.67,592.78,0.00,536.03,1076.95,0.00,464.87,67.40,0.00,0.00,0.00,0.00,2738.04,516.77,3254.80,0.00,0.00,59.53,80.36,0.00,100.36,,0.00,,7348.72,,,,,,4.18,0.62,2606.68,1,6,673,20304,OO,SkyWest Airlines Inc.,OO,SkyWest Airlines Inc.,11025,L,3,3,2025,2
2676.49,,232.40,296.27,,,5691.72,,39.32,,8.60,707.61,-18.72,57.63,15.74,,9707.06,223.41,5.17,839.10,1247.84,,605.99,161.66,,,,,3083.18,613.53,3696.72,261.70,285.49,183.04,44.87,177.12,,,0.09,,14356.09,,,,,,2.17,0.21,2435.88,1,6,622,19977,UA,United Air Lines Inc.,UA,United Air Lines Inc.,10876,L,3,3,2025,4
2682.93,,17.59,924.32,0.00,,2385.14,,0.00,,0.00,698.74,,119.23,,90.55,6918.49,71.35,,233.13,,,268.08,27.22,5.24,,,,605.02,510.71,1115.74,,753.70,172.47,141.41,0.00,0.00,,0.00,0.00,9101.80,,,,,,0.33,0.09,509.16,1,6,626,20007,5Y,Atlas Air Inc.,5Y,Atlas Air Inc.,06087,D,3,3,2025,4
2694.00,0.00,28.00,169.00,0.00,0.00,3128.00,5.00,253.00,0.00,22.00,404.00,0.00,80.00,123.00,0.00,6906.00,274.00,8.00,282.00,258.00,0.00,169.00,28.00,0.00,0.00,0.00,0.00,1019.00,393.00,1412.00,9.00,131.00,323.00,35.00,0.00,12.00,,0.00,0.00,8828.00,,,,,,2.02,0.18,1329.36,1,6,614,19393,WN,Southwest Airlines Co.,WN,Southwest Airlines Co.,11033,L,3,3,2025,4
2747.78,0.00,60.51,365.86,0.00,0.00,17.95,0.00,3.35,7.04,12.82,320.41,0.00,189.60,153.15,42.09,3920.56,675.58,0.00,506.48,1090.79,0.00,525.10,62.06,0.00,0.00,0.00,0.00,2860.01,617.56,3477.57,0.00,0.00,63.33,68.92,0.00,152.59,,0.00,,7682.98,,,,,,4.13,0.65,2571.88,1,6,673,20304,OO,SkyWest Airlines Inc.,OO,SkyWest Airlines Inc.,11025,L,3,3,2025,4
2753.05,,466.93,505.63,,,8464.80,,40.26,,17.50,725.50,-0.32,138.85,508.93,,13621.13,239.64,,4087.66,30.72,,540.90,41.59,,,,,4940.51,516.22,5456.73,28.77,1803.65,570.19,1.44,30.05,,,,,21511.96,,,,,,2.23,0.17,3809.12,1,6,837,19977,UA,United Air Lines Inc.,UA,United Air Lines Inc.,0A875,D,3,3,2025,2
2755.00,0.00,14.00,198.00,0.00,0.00,4443.00,10.00,216.00,0.00,11.00,819.00,0.00,151.00,204.00,5.00,8825.00,388.00,17.00,593.00,453.00,0.00,89.00,57.00,0.00,0.00,0.00,0.00,1596.00,428.00,2025.00,15.00,597.00,243.00,69.00,0.00,15.00,,0.00,,11789.00,,,,,,2.08,0.23,1806.00,1,6,838,19930,AS,Alaska Airlines Inc.,AS,Alaska Airlines Inc.,16031,L,3,3,2025,4
2761.00,0.00,96.00,236.00,0.00,0.00,8638.00,0.00,326.00,2.00,45.00,832.00,0.00,143.00,0.00,10.00,13089.00,188.00,77.00,422.00,590.00,0.00,337.00,171.00,0.00,0.00,0.00,0.00,1785.00,733.00,2518.00,38.00,580.00,309.00,8.00,32.00,0.00,,44.00,0.00,16618.00,,,,,,1.69,0.14,3516.23,1,6,359,19790,DL,Delta Air Lines Inc.,DL,Delta Air Lines Inc.,01260,D,3,3,2025,1
2764.00,0.00,14.00,222.00,0.00,0.00,5014.00,13.00,231.00,0.00,10.00,821.00,0.00,152.00,235.00,3.00,9480.00,409.00,17.00,746.00,489.00,0.00,123.00,66.00,0.00,0.00,0.00,0.00,1851.00,459.00,2310.00,15.00,650.00,261.00,72.00,0.00,12.00,,0.00,,12801.00,,,,,,2.37,0.25,2076.00,1,6,614,19930,AS,Alaska Airlines Inc.,AS,Alaska Airlines Inc.,16031,L,3,3,2025,3
2778.00,0.00,94.00,247.00,0.00,0.00,7386.00,0.00,310.00,1.00,42.00,858.00,0.00,152.00,0.00,10.00,11878.00,197.00,95.00,357.00,610.00,0.00,336.00,17.00,0.00,0.00,0.00,0.00,1612.00,711.00,2323.00,18.00,553.00,310.00,2.00,31.00,0.00,,35.00,0.00,15150.00,,,,,,1.82,0.13,3349.70,1,6,339,19790,DL,Delta Air Lines Inc.,DL,Delta Air Lines Inc.,01260,D,3,3,2025,2
2803.37,,233.82,328.97,,,7472.94,,4.65,,8.76,743.08,-0.16,142.22,32.36,,11770.00,139.17,0.54,323.66,2058.89,,722.95,38.89,,,,,3284.10,433.67,3717.77,85.78,533.79,201.18,22.20,52.71,,,2.80,,16386.23,,,,,,1.55,0.12,3269.81,1,6,624,19977,UA,United Air Lines Inc.,UA,United Air Lines Inc.,10876,L,3,3,2025,2
2812.00,0.00,290.00,499.00,99.00,,1899.00,,0.00,5.00,9.00,0.00,,151.00,87.00,2179.00,8030.00,2114.00,235.00,33.00,140.00,,-24.00,0.00,436.00,,216.00,,3150.00,4036.00,7186.00,,98.00,206.00,58.00,5.00,,,,,15583.00,,,,,,0.31,0.14,820.79,2,7,740,20107,FX,Federal Express Corporation,FX,Federal Express Corporation,16196,A,3,3,2025,4
2863.18,,236.94,304.90,,,17951.83,,87.78,,7.81,754.64,56.73,251.31,370.38,,22885.50,207.75,0.71,6920.25,328.83,,1063.10,41.15,,,,,8561.79,563.58,9125.37,45.18,495.23,401.23,3.32,37.79,,,24.61,,33018.24,,,,,,7.88,0.98,6730.19,1,6,614,19977,UA,United Air Lines Inc.,UA,United Air Lines Inc.,10877,P,3,3,2025,1
2878.00,0.00,43.00,190.00,0.00,0.00,5152.00,0.00,227.00,0.00,32.00,637.00,0.00,100.00,0.00,5.00,9264.00,154.00,69.00,176.00,550.00,0.00,286.00,98.00,0.00,0.00,0.00,0.00,1333.00,531.00,1864.00,20.00,408.00,236.00,3.00,24.00,0.00,,28.00,0.00,11847.00,,,,,,1.36,0.11,2302.18,1,6,626,19790,DL,Delta Air Lines Inc.,DL,Delta Air Lines Inc.,10262,P,3,3,2025,3
2892.65,0.00,0.00,146.17,991.93,,2163.73,0.00,609.43,88.93,68.98,352.61,0.00,109.43,0.00,936.21,8360.06,1359.39,0.00,719.04,1267.43,,346.27,0.00,0.00,0.00,0.00,0.00,3692.13,391.99,4084.12,0.00,1443.58,330.19,289.48,19.97,29.50,,0.00,,14556.89,,,,,,0.86,0.19,757.33,2,6,617,20108,NC,Northern Air Cargo Inc.,NC,Northern Air Cargo Inc.,06721,D,2,2,2025,4
2895.08,0.00,21.48,52.31,9.93,0.00,4503.99,0.00,2545.98,0.01,73.09,618.74,0.00,225.29,209.77,0.00,11155.67,590.93,0.00,238.39,5.86,0.00,168.24,361.08,0.00,0.00,0.00,0.00,1364.50,0.00,1364.50,0.00,309.16,68.94,12.71,0.00,0.00,,346.43,,13257.41,,,,,,2.31,0.35,2421.46,1,6,699,20416,NK,Spirit Air Lines,NK,Spirit Air Lines,16831,L,3,3,2025,2
2909.54,59.73,81.19,741.65,134.89,0.00,103.26,0.00,962.37,3.47,114.53,883.67,0.00,285.91,0.00,0.00,6280.21,2923.26,0.00,1170.46,712.91,0.00,1776.82,138.10,0.00,0.00,0.00,0.00,6721.55,0.00,6721.55,0.00,351.40,553.55,0.00,45.99,0.00,,0.00,0.00,13952.70,,,,,,2.56,0.65,4374.83,2,6,625,20453,ABX,ABX Air Inc,ABX,ABX Air Inc,80006,D,2,2,2025,2
2917.78,0.00,353.64,1078.93,0.00,0.00,6487.00,-11.13,0.00,0.00,392.70,143.93,0.00,187.89,0.00,25.48,11576.22,939.03,0.00,252.08,0.00,0.00,591.05,0.00,0.00,0.00,0.00,0.00,1782.17,0.00,1782.17,0.00,1505.80,768.37,625.12,0.00,0.00,,0.00,,16257.68,,,,,,1.05,1.51,2441.93,2,7,740,21629,KD,Western Global,KD,Western Global,11042,I,2,2,2025,2
2918.01,0.00,186.20,1010.35,0.00,0.00,13147.56,25.31,1305.00,0.00,569.66,67.15,0.00,209.18,0.00,0.00,19438.42,1303.44,0.00,404.65,0.00,0.00,800.46,0.00,0.00,0.00,0.00,0.00,2508.55,0.00,2508.55,0.00,3156.90,1371.86,891.62,0.00,0.00,,0.00,,27367.35,,,,,,1.37,0.34,4598.70,2,8,820,21629,KD,Western Global,KD,Western Global,11042,I,2,2,2025,1
2931.49,27.26,204.81,3365.07,2.91,0.00,6237.55,0.00,2492.00,183.14,82.03,530.89,0.00,124.57,0.00,0.00,16181.70,1135.93,7.27,1087.17,0.00,0.00,0.00,0.00,0.00,0.00,397.06,0.00,2627.43,973.97,3601.41,0.00,0.00,0.00,0.00,0.00,646.09,,0.00,,20429.19,,,,,,1.05,0.26,2473.28,1,6,627,20377,X9,Omni Air International LLC,X9,Omni Air International LLC,16736,I,2,2,2025,4
2965.41,,255.55,351.40,,,6587.52,,5.31,,8.86,739.01,-1.79,82.98,16.11,,11010.35,212.16,5.47,1142.80,1290.52,,507.05,220.07,,,,,3378.07,686.18,4064.25,274.83,292.56,199.28,44.33,170.54,,,0.10,,16056.22,,,,,,2.47,0.21,2801.93,1,6,622,19977,UA,United Air Lines Inc.,UA,United Air Lines Inc.,10876,L,3,3,2025,3
2976.48,0.00,240.28,1293.25,0.00,0.00,7402.32,40.37,0.00,0.00,387.61,168.34,0.00,179.49,0.00,16.05,12704.17,916.99,0.00,39.80,0.00,0.00,416.88,0.00,0.00,0.00,0.00,0.00,1373.67,0.00,1373.67,0.00,1591.87,765.77,623.43,0.00,0.00,,0.00,,17058.91,,,,,,1.13,1.53,2770.50,2,7,740,21629,KD,Western Global,KD,Western Global,11042,I,2,2,2025,3
2994.91,0.00,22.23,54.11,10.27,0.00,4659.30,0.00,2633.78,0.01,75.61,640.07,0.00,233.06,217.01,0.00,11540.35,611.31,0.00,246.61,6.06,0.00,174.04,373.53,0.00,0.00,0.00,0.00,1411.55,0.00,1411.55,0.00,319.82,71.32,13.15,0.00,0.00,,358.37,,13714.56,,,,,,2.39,0.37,2079.25,1,6,721,20416,NK,Spirit Air Lines,NK,Spirit Air Lines,16831,L,3,3,2025,2
3022.00,0.00,22.79,53.37,10.23,0.00,4763.70,0.00,3001.01,-0.03,71.42,669.55,0.00,149.20,170.49,0.00,11933.71,681.87,0.00,252.71,104.69,0.00,170.83,378.36,0.00,0.00,0.00,0.00,1588.45,0.00,1588.45,0.00,347.39,52.40,13.21,0.00,0.00,,336.43,,14271.58,,,,,,2.34,0.38,2437.15,1,6,699,20416,NK,Spirit Air Lines,NK,Spirit Air Lines,16831,L,3,3,2025,3
3023.50,,231.63,351.63,,,17586.83,,99.00,,8.68,801.80,-19.84,153.46,375.41,,22612.09,231.74,0.87,4011.25,329.81,,981.70,97.88,,,,,5653.27,549.05,6202.32,49.45,562.91,422.80,3.70,39.10,,,26.01,,29918.38,,,,,,8.36,0.98,7081.03,1,6,614,19977,UA,United Air Lines Inc.,UA,United Air Lines Inc.,10877,P,3,3,2025,2
3043.91,,236.21,344.79,,,7124.71,,-0.20,,8.19,758.94,-0.07,85.22,58.57,,11660.27,145.93,0.71,332.17,1894.88,,1159.22,82.07,,,,,3614.98,469.57,4084.55,105.34,635.34,235.79,27.14,72.91,,,1.07,,16822.42,,,,,,1.69,0.14,3032.52,1,6,624,19977,UA,United Air Lines Inc.,UA,United Air Lines Inc.,10876,L,3,3,2025,3
3048.80,0.00,211.36,192.77,0.00,0.00,5789.00,8.81,903.76,0.00,3.24,978.56,0.00,91.26,116.70,0.00,11344.24,533.58,134.05,637.59,920.57,0.00,347.11,411.00,0.00,0.00,0.00,0.00,2983.90,1269.31,4253.20,57.69,512.25,130.04,97.71,0.00,37.61,,52.74,,16485.48,,,,,,2.55,0.39,2519.14,1,6,694,19805,AA,American Airlines Inc.,AA,American Airlines Inc.,10050,L,3,3,2025,3
3065.89,0.00,60.54,524.48,0.00,0.00,10.78,0.00,0.00,0.00,0.00,582.37,0.00,229.58,0.00,27.39,4501.02,717.85,0.00,857.02,1037.35,0.00,622.57,0.00,0.00,0.00,0.00,0.00,3234.79,407.60,3642.40,0.00,809.86,40.37,29.18,0.00,2.25,,10.68,,9035.75,,,,,,8.24,5.61,2832.19,1,6,677,20452,YX,Republic Airline,YX,Republic Airline,06003,D,3,3,2025,3
3148.57,,146.05,302.09,,,4150.82,,335.36,,5.47,836.67,-0.10,160.13,4.18,,9089.23,231.84,0.91,877.72,398.65,,713.11,329.36,,,,,2551.60,683.75,3235.35,51.39,722.11,807.42,54.28,285.64,,,21.58,,14266.99,,,,,,2.61,0.32,1878.22,1,6,698,19977,UA,United Air Lines Inc.,UA,United Air Lines Inc.,10876,L,3,3,2025,2
3149.44,0.00,0.00,166.54,767.39,,2772.73,0.00,660.06,156.53,184.85,533.42,0.00,171.44,0.00,2180.78,10743.16,1738.94,0.00,1640.42,214.50,,419.23,0.00,0.00,0.00,0.00,0.00,4013.10,448.61,4461.71,0.00,1612.77,621.46,520.49,36.10,34.45,,0.00,,18030.14,,,,,,0.94,0.18,859.49,2,6,617,20108,NC,Northern Air Cargo Inc.,NC,Northern Air Cargo Inc.,06721,D,2,2,2025,3
3154.56,,252.79,336.98,,,7325.12,,16.76,,9.35,834.37,2.09,67.96,61.02,,12060.99,176.54,1.06,435.92,1199.81,,2200.20,65.27,,,,,4078.81,1131.18,5209.98,106.89,634.76,238.70,27.60,83.10,,,,,18362.01,,,,,,1.71,0.14,3010.70,1,6,624,19977,UA,United Air Lines Inc.,UA,United Air Lines Inc.,10876,L,3,3,2025,4
3156.44,0.00,218.72,224.53,0.00,0.00,5688.66,9.82,977.06,0.00,3.47,962.29,0.00,168.05,142.04,0.00,11551.06,543.89,138.35,708.51,836.60,0.00,315.20,334.61,0.00,0.00,0.00,0.00,2877.15,1308.87,4186.02,65.81,556.71,136.44,107.23,0.00,41.32,,54.59,,16699.17,,,,,,1.37,0.12,2558.31,1,6,889,19805,AA,American Airlines Inc.,AA,American Airlines Inc.,0A050,D,3,3,2025,2
3159.25,,659.47,573.01,,,7310.15,,142.02,,21.74,827.96,-15.36,275.73,284.14,,13238.09,263.68,0.78,1923.68,9.10,,318.20,25.50,,,,,2540.93,756.97,3297.90,44.99,1893.93,407.57,26.56,56.54,,,,,18965.58,,,,,,1.18,0.09,3029.40,1,6,637,19977,UA,United Air Lines Inc.,UA,United Air Lines Inc.,0A875,D,3,3,2025,1
3160.23,0.00,323.56,1368.77,0.00,0.00,7591.71,59.16,1407.00,0.00,568.01,207.21,0.00,189.41,0.00,23.51,14898.57,1343.77,0.00,441.12,0.00,0.00,610.91,0.00,0.00,0.00,0.00,0.00,2395.80,0.00,2395.80,0.00,2332.76,1122.18,913.58,0.00,0.00,,0.00,,21662.90,,,,,,1.65,0.34,5895.79,2,8,820,21629,KD,Western Global,KD,Western Global,11042,I,2,2,2025,3
3169.00,0.00,45.00,194.00,0.00,0.00,5193.00,0.00,243.00,0.00,34.00,751.00,0.00,112.00,0.00,6.00,9747.00,161.00,67.00,47.00,561.00,0.00,290.00,47.00,0.00,0.00,0.00,0.00,1173.00,582.00,1755.00,22.00,440.00,259.00,3.00,26.00,0.00,,30.00,0.00,12282.00,,,,,,1.38,0.14,2298.82,1,6,626,19790,DL,Delta Air Lines Inc.,DL,Delta Air Lines Inc.,10262,P,3,3,2025,4
3175.27,0.00,0.00,112.97,2.73,,12994.49,14.31,529.34,2.03,81.18,898.14,0.00,308.01,92.33,-1.84,18208.94,745.45,0.00,1695.83,0.00,,553.88,2445.34,0.00,,0.00,,5440.50,839.67,6280.17,,916.71,357.17,90.18,,,,13.15,,25866.32,,,,,,1.59,0.20,5354.85,2,8,819,19917,5X,United Parcel Service,5X,United Parcel Service,16911,A,3,3,2025,1
3177.84,0.00,878.46,83.30,123.34,0.00,86.61,0.00,1152.37,-2.96,29.07,1080.80,0.00,311.26,38.18,2.47,6960.72,1250.84,0.00,313.16,363.95,0.00,501.36,14.08,0.00,0.00,0.00,20.08,2463.46,2227.52,4690.99,0.00,653.98,986.08,106.56,50.01,0.00,,0.00,,13448.33,,,,,,0.44,1.39,161.34,1,6,629,20046,ZW,Air Wisconsin Airlines Corp,ZW,Air Wisconsin Airlines Corp,06024,D,2,2,2025,2
3188.87,63.82,72.82,869.88,149.01,0.00,91.99,0.00,1005.37,2.81,116.68,649.61,0.00,254.05,0.00,0.00,6464.91,2561.40,0.00,1171.53,702.97,0.00,1776.49,203.62,0.00,0.00,0.00,0.00,6416.00,0.00,6416.00,0.00,366.18,540.53,0.00,70.35,0.00,,0.00,0.00,13857.98,,,,,,2.66,0.68,4525.46,2,6,625,20453,ABX,ABX Air Inc,ABX,ABX Air Inc,80006,D,2,2,2025,3
3199.94,,305.98,397.98,,,7742.32,,5.77,,11.47,847.50,-31.97,162.20,4.83,,12646.01,159.24,0.61,359.88,51.57,,669.56,69.37,,,,,1310.24,502.74,1812.98,14.22,1198.87,273.02,2.95,36.15,,,,,15984.20,,,,,,1.76,0.12,3421.65,1,6,889,19977,UA,United Air Lines Inc.,UA,United Air Lines Inc.,10876,L,3,3,2025,2
3205.60,0.00,152.33,1218.96,0.00,0.00,8869.63,-15.95,1408.50,0.00,562.92,193.32,0.00,224.43,0.00,36.52,15856.26,1346.06,0.00,219.75,0.00,0.00,847.25,0.00,0.00,0.00,0.00,0.00,2413.06,0.00,2413.06,0.00,2158.51,1101.42,896.09,0.00,0.00,,0.00,,22425.34,,,,,,1.51,0.35,5288.44,2,8,820,21629,KD,Western Global,KD,Western Global,11042,I,2,2,2025,2
3222.13,0.00,24.30,56.90,10.91,0.00,5079.17,0.00,3199.75,-0.03,76.15,713.89,0.00,159.08,181.78,0.00,12724.02,727.02,0.00,269.44,111.62,0.00,182.15,403.42,0.00,0.00,0.00,0.00,1693.65,0.00,1693.65,0.00,370.39,55.87,14.08,0.00,0.00,,358.71,,15216.72,,,,,,2.50,0.41,2197.42,1,6,721,20416,NK,Spirit Air Lines,NK,Spirit Air Lines,16831,L,3,3,2025,3
3253.00,,295.12,395.01,,,8519.63,,0.16,,10.23,810.47,-47.72,91.00,7.53,,13334.42,156.32,0.76,294.79,48.23,,757.04,112.66,,,,,1369.79,511.80,1881.59,13.92,1180.86,270.71,2.87,35.40,,,,,16719.77,,,,,,1.81,0.11,3634.06,1,6,889,19977,UA,United Air Lines Inc.,UA,United Air Lines Inc.,10876,L,3,3,2025,3
3283.84,67.69,0.00,179.88,5.13,,13340.25,12.96,449.67,16.10,0.00,637.04,0.00,66.32,52.50,190.05,18301.44,689.38,0.00,1189.17,0.00,,567.74,2123.23,0.00,,0.00,,4569.52,887.61,5457.14,,1135.25,0.00,0.00,,,,9.54,,24903.36,,,,,,1.59,0.17,5443.65,2,8,819,19917,5X,United Parcel Service,5X,United Parcel Service,16911,A,3,3,2025,4
3301.00,0.00,17.00,237.00,0.00,0.00,5324.00,12.00,259.00,0.00,13.00,981.00,0.00,181.00,244.00,6.00,10574.00,464.00,20.00,710.00,542.00,0.00,107.00,68.00,0.00,0.00,0.00,0.00,1912.00,513.00,2426.00,18.00,716.00,291.00,83.00,0.00,18.00,,0.00,,14126.00,,,,,,2.50,0.28,2164.00,1,6,614,19930,AS,Alaska Airlines Inc.,AS,Alaska Airlines Inc.,16031,L,3,3,2025,4
3349.04,,315.00,385.55,,,8028.97,,14.37,,11.66,884.99,-2.11,72.08,9.85,,13069.38,187.87,1.13,447.94,66.32,,808.91,103.60,,,,,1615.78,525.70,2141.48,13.17,1220.01,281.60,2.82,33.02,,,,,16761.48,,,,,,1.81,0.12,3322.49,1,6,889,19977,UA,United Air Lines Inc.,UA,United Air Lines Inc.,10876,L,3,3,2025,4
3351.90,,156.76,315.11,,,4881.54,,51.86,,5.43,837.17,1.12,94.00,3.07,,9697.97,238.89,1.18,7114.15,162.41,,223.84,106.19,,,,,7846.67,721.12,8567.79,84.65,264.85,1073.91,7.03,54.26,,,,,19750.45,,,,,,2.80,0.32,2005.82,1,6,612,19977,UA,United Air Lines Inc.,UA,United Air Lines Inc.,10876,L,3,3,2025,3
3356.35,0.00,213.46,0.60,1.03,0.00,6124.28,0.00,5886.69,0.00,16.39,534.14,0.00,122.35,169.40,6.87,16431.56,620.51,0.00,502.58,33.26,0.00,330.01,0.00,0.00,0.00,0.00,0.00,1486.35,1188.79,2675.14,0.00,0.00,0.00,103.77,0.00,519.23,,0.00,,19729.69,,,,,,3.33,0.52,3134.29,1,6,694,20436,F9,Frontier Airlines Inc.,F9,Frontier Airlines Inc.,06460,D,3,3,2025,4
3371.55,1770.73,177.45,1843.00,0.00,,2053.31,0.00,8041.46,0.00,607.44,176.12,0.00,347.62,0.00,275.02,18663.70,2910.82,0.00,0.00,0.00,,1940.10,0.00,0.00,0.00,0.00,0.00,4850.91,0.00,4850.91,0.00,83.41,0.00,0.00,355.59,461.90,,1231.50,,25647.01,,,,,,3.88,0.73,4128.01,1,6,694,22085,GCA,"Global Crossing Airlines, Inc.",GCA,"Global Crossing Airlines, Inc.",01287,D,2,2,2025,4
3380.00,0.00,17.00,272.00,0.00,0.00,6132.00,16.00,283.00,0.00,12.00,1005.00,0.00,186.00,287.00,4.00,11595.00,501.00,21.00,913.00,598.00,0.00,151.00,81.00,0.00,0.00,0.00,0.00,2264.00,562.00,2826.00,19.00,795.00,319.00,88.00,0.00,14.00,,0.00,,15656.00,,,,,,2.90,0.30,2539.00,1,6,888,19930,AS,Alaska Airlines Inc.,AS,Alaska Airlines Inc.,16031,L,3,3,2025,3
3380.09,,150.32,312.96,,,4973.79,,284.78,,5.21,844.32,1.07,94.80,6.17,,10053.53,242.89,1.19,810.50,222.73,,654.45,231.72,,,,,2163.48,728.38,2891.86,59.18,727.65,844.43,57.55,162.58,,,246.84,,15043.62,,,,,,2.82,0.34,2136.94,1,6,698,19977,UA,United Air Lines Inc.,UA,United Air Lines Inc.,10876,L,3,3,2025,3
3389.45,,388.94,460.78,,,8771.99,,33.69,,13.48,843.33,139.94,94.69,128.45,,14264.74,163.57,,736.77,-0.41,,543.16,72.30,,,,,1515.38,548.81,2064.19,22.38,1383.31,435.65,1.44,22.35,,,,,18194.05,,,,,,1.88,0.13,3656.69,1,6,837,19977,UA,United Air Lines Inc.,UA,United Air Lines Inc.,10876,L,3,3,2025,3
3391.60,,303.35,364.85,,,10926.21,,0.31,,10.00,893.65,-7.07,297.60,78.10,,16258.61,159.78,0.56,441.05,2239.69,,1250.45,18.75,,,,,4110.28,1241.98,5352.25,112.26,731.31,265.02,31.07,64.63,,,0.23,,22815.37,,,,,,1.82,0.17,4432.46,1,6,624,19977,UA,United Air Lines Inc.,UA,United Air Lines Inc.,10876,L,3,3,2025,1
3395.99,85.26,203.76,4249.33,43.51,0.00,11530.09,0.00,2451.83,241.11,136.91,550.96,0.00,205.04,0.00,0.00,23093.78,1189.89,7.57,825.98,0.00,0.00,0.00,0.00,0.00,0.00,375.13,0.00,2398.57,1311.94,3710.51,0.00,0.00,0.00,0.00,0.00,567.66,,0.00,,27371.95,,,,,,1.79,0.24,4295.21,1,6,627,20377,X9,Omni Air International LLC,X9,Omni Air International LLC,16736,I,2,2,2025,3
3401.38,,355.43,392.04,,,7861.57,,0.90,,11.72,895.62,-8.28,298.26,4.19,,13212.82,160.62,0.56,495.16,6.42,,910.86,25.34,,,,,1598.96,589.95,2188.91,15.97,1285.58,289.34,3.78,40.85,,,,,17037.26,,,,,,1.75,0.13,3189.23,1,6,889,19977,UA,United Air Lines Inc.,UA,United Air Lines Inc.,10876,L,3,3,2025,1
3411.27,0.00,244.76,1395.05,0.00,0.00,12726.70,7.28,1383.00,0.00,860.20,220.80,0.00,182.78,0.00,-48.56,20383.26,1574.17,0.00,541.43,0.00,0.00,782.52,0.00,0.00,0.00,0.00,0.00,2898.12,0.00,2898.12,0.00,-1950.12,-2941.23,1265.48,0.00,0.00,,0.00,,19655.50,,,,,,2.42,0.37,8298.99,2,8,820,21629,KD,Western Global,KD,Western Global,11042,I,2,2,2025,4
3416.28,1435.36,199.68,1862.36,0.00,,1857.84,0.00,8512.37,0.00,613.05,300.98,0.00,363.70,0.00,600.51,19162.12,2591.93,0.00,0.00,0.00,,3307.87,0.00,0.00,0.00,0.00,0.00,5899.80,0.00,5899.80,0.00,0.00,0.00,0.00,182.59,330.11,,857.34,,26431.95,,,,,,4.05,0.61,4290.76,1,6,694,22085,GCA,"Global Crossing Airlines, Inc.",GCA,"Global Crossing Airlines, Inc.",01287,D,2,2,2025,2
3417.48,,166.39,300.54,,,4700.76,,83.29,,6.16,905.82,-14.95,73.78,3.97,,9643.23,284.24,1.73,13819.24,198.43,,525.64,110.83,,,,,14940.11,748.25,15688.35,87.50,254.98,1153.89,8.08,52.99,,,,,26889.02,,,,,,2.78,0.35,1849.98,1,6,612,19977,UA,United Air Lines Inc.,UA,United Air Lines Inc.,10876,L,3,3,2025,4
3433.42,,414.45,474.28,,,8107.11,,33.58,,15.53,907.80,-0.29,173.74,146.94,,13706.56,171.71,,939.85,25.52,,832.85,34.63,,,,,2004.57,552.36,2556.92,24.00,1504.56,475.64,1.20,25.07,,,,,18293.95,,,,,,1.89,0.14,3498.42,1,6,837,19977,UA,United Air Lines Inc.,UA,United Air Lines Inc.,10876,L,3,3,2025,2
3441.00,0.00,0.00,255.00,0.00,0.00,4542.00,-5.00,-199.00,0.00,24.00,1017.00,0.00,188.00,89.00,36.00,9386.00,-218.00,-9.00,-292.00,-348.00,0.00,-75.00,-41.00,0.00,0.00,0.00,0.00,-984.00,-237.00,-1220.00,-2.00,1259.00,401.00,23.00,0.00,-11.00,,0.00,,9835.00,,,,,,2.64,0.23,1819.00,1,6,838,19930,AS,Alaska Airlines Inc.,AS,Alaska Airlines Inc.,06031,D,3,3,2025,1
3444.99,,333.63,390.61,,,6776.90,,0.69,,11.00,907.41,-7.77,302.19,39.59,,12199.24,238.02,7.38,1257.61,2034.27,,1106.68,232.65,,,,,4876.61,1338.36,6214.97,404.37,423.43,288.82,56.14,201.13,,,0.13,,19788.22,,,,,,2.68,0.29,2815.93,1,6,622,19977,UA,United Air Lines Inc.,UA,United Air Lines Inc.,10874,A,3,3,2025,1
3449.00,0.00,87.00,215.00,0.00,0.00,7108.00,0.00,297.00,2.00,40.00,756.00,0.00,130.00,0.00,9.00,12093.00,171.00,70.00,384.00,536.00,0.00,306.00,155.00,0.00,0.00,0.00,0.00,1622.00,666.00,2288.00,35.00,527.00,280.00,7.00,29.00,0.00,,40.00,0.00,15299.00,,,,,,1.55,0.13,2893.37,1,6,624,19790,DL,Delta Air Lines Inc.,DL,Delta Air Lines Inc.,10260,L,3,3,2025,1
3478.81,0.00,28.09,60.40,12.28,0.00,5711.63,0.00,3190.54,3.29,74.11,784.33,0.00,309.60,217.16,0.00,13870.23,799.21,0.00,258.63,203.33,0.00,201.95,417.93,0.00,0.00,0.00,0.00,1881.05,0.00,1881.05,0.00,409.41,63.53,14.59,0.00,0.00,,518.09,,16756.90,,,,,,2.75,0.40,2356.25,1,6,721,20416,NK,Spirit Air Lines,NK,Spirit Air Lines,16831,L,3,3,2025,1
3492.62,0.00,272.79,-9.34,1.12,0.00,6358.31,0.00,5572.40,0.00,13.95,535.82,0.00,235.00,278.04,7.29,16757.99,599.95,0.00,506.69,-100.27,0.00,199.79,0.00,0.00,0.00,0.00,0.00,1206.16,1116.88,2323.03,0.00,0.00,0.00,103.56,0.00,428.07,,0.00,,19612.66,,,,,,3.72,0.51,3544.59,1,6,694,20436,F9,Frontier Airlines Inc.,F9,Frontier Airlines Inc.,06460,D,3,3,2025,2
3570.46,0.00,241.07,0.00,0.00,,9181.17,20.45,2822.46,0.00,289.93,264.20,0.00,235.18,0.00,0.00,16624.92,1294.68,0.00,0.00,0.00,,2197.22,625.69,0.00,0.00,0.00,0.00,4117.59,0.00,4117.59,0.00,0.00,0.00,326.33,0.00,160.17,,0.00,,21229.02,,,,,,3.81,0.54,3185.62,1,6,612,20207,XP,TEM Enterprises dba  Avelo Airlines,XP,TEM Enterprises dba  Avelo Airlines,06144,D,2,2,2025,1
3578.22,,463.06,455.84,,,7513.50,,21.59,,15.27,941.13,-10.79,313.41,113.66,,13404.88,169.63,,642.64,5.30,,686.37,23.62,,,,,1527.56,644.58,2172.13,25.20,1592.83,502.91,1.24,27.85,,,,,17727.05,,,,,,1.84,0.15,2919.93,1,6,837,19977,UA,United Air Lines Inc.,UA,United Air Lines Inc.,10876,L,3,3,2025,1
3601.00,0.00,55.00,242.00,0.00,0.00,8240.00,0.00,291.00,0.00,40.00,814.00,0.00,128.00,0.00,6.00,13417.00,197.00,89.00,225.00,704.00,0.00,366.00,125.00,0.00,0.00,0.00,0.00,1706.00,680.00,2386.00,26.00,522.00,302.00,4.00,30.00,0.00,,35.00,0.00,16722.00,,,,,,1.74,0.13,3682.35,1,6,687,19790,DL,Delta Air Lines Inc.,DL,Delta Air Lines Inc.,01260,D,3,3,2025,3
3613.75,,415.29,459.13,,,9202.52,,64.71,,15.37,953.60,1.97,77.67,185.52,,14989.52,203.45,,707.77,21.45,,758.95,84.00,,,,,1775.62,579.29,2354.91,24.45,1484.33,465.83,1.67,21.68,,,,,19342.38,,,,,,1.95,0.14,3714.58,1,6,837,19977,UA,United Air Lines Inc.,UA,United Air Lines Inc.,10876,L,3,3,2025,4
3621.00,0.00,97.00,240.00,0.00,0.00,7113.00,0.00,332.00,2.00,45.00,846.00,0.00,146.00,0.00,10.00,12452.00,191.00,79.00,429.00,600.00,0.00,342.00,174.00,0.00,0.00,0.00,0.00,1815.00,746.00,2561.00,39.00,590.00,314.00,8.00,32.00,0.00,,44.00,0.00,16040.00,,,,,,1.74,0.20,2895.22,1,6,626,19790,DL,Delta Air Lines Inc.,DL,Delta Air Lines Inc.,10260,L,3,3,2025,1
3623.76,0.00,29.26,62.92,12.79,0.00,5949.61,0.00,3323.48,3.43,77.20,817.01,0.00,322.50,226.21,0.00,14448.16,832.51,0.00,269.41,211.80,0.00,210.36,435.34,0.00,0.00,0.00,0.00,1959.42,0.00,1959.42,0.00,426.47,66.18,15.20,0.00,0.00,,539.68,,17455.10,,,,,,2.87,0.42,2582.54,1,6,694,20416,NK,Spirit Air Lines,NK,Spirit Air Lines,16831,L,3,3,2025,1
3667.18,0.00,215.74,7.72,1.01,0.00,6926.94,0.00,5629.06,0.00,18.28,558.87,0.00,183.72,389.72,7.55,17605.78,661.59,0.00,557.77,-101.13,0.00,294.95,0.00,0.00,0.00,0.00,0.00,1413.17,1388.49,2801.66,0.00,0.00,0.00,114.37,0.00,526.80,,0.00,,21048.61,,,,,,3.75,0.57,3589.38,1,6,694,20436,F9,Frontier Airlines Inc.,F9,Frontier Airlines Inc.,06460,D,3,3,2025,3
3770.47,,185.76,367.96,,,5024.45,,57.51,,6.96,1001.72,-2.53,191.72,6.54,,10610.55,277.65,1.09,12070.16,211.18,,442.86,52.93,,,,,13055.87,819.57,13875.43,85.77,288.38,1198.44,7.69,60.28,,,,,26126.54,,,,,,3.13,0.36,2109.03,1,6,612,19977,UA,United Air Lines Inc.,UA,United Air Lines Inc.,10876,L,3,3,2025,2
3780.00,0.00,52.00,225.00,0.00,0.00,7575.00,0.00,283.00,0.00,40.00,873.00,0.00,130.00,0.00,7.00,12965.00,187.00,78.00,55.00,652.00,0.00,337.00,54.00,0.00,0.00,0.00,0.00,1363.00,677.00,2040.00,25.00,511.00,301.00,4.00,30.00,0.00,,35.00,0.00,15911.00,,,,,,1.61,0.13,3352.91,1,6,359,19790,DL,Delta Air Lines Inc.,DL,Delta Air Lines Inc.,10260,L,3,3,2025,4
3780.31,0.00,-5.30,723.78,0.00,0.00,-9.13,0.00,684.27,0.00,0.00,17.70,0.00,-361.62,0.00,38.05,4868.06,-229.76,0.00,5030.69,4187.76,0.00,4214.58,0.00,0.00,0.00,0.00,0.00,13203.27,1501.81,14705.08,0.00,26.22,-2.90,152.95,0.00,0.00,,0.00,,19749.41,,,,,,21.04,2.14,19625.79,1,6,673,20378,YV,Mesa Airlines Inc.,YV,Mesa Airlines Inc.,06689,D,2,2,2025,4
3838.80,0.00,283.87,0.00,0.00,,9160.74,17.38,3290.83,0.00,328.07,311.94,0.00,244.89,0.00,0.00,17476.53,1459.51,0.00,0.00,0.00,,2673.74,659.83,0.00,0.00,0.00,0.00,4793.08,0.00,4793.08,0.00,0.00,0.00,415.09,0.00,174.44,,0.00,,22859.14,,,,,,4.22,0.55,3678.48,1,6,612,20207,XP,TEM Enterprises dba  Avelo Airlines,XP,TEM Enterprises dba  Avelo Airlines,06144,D,2,2,2025,2
3844.17,0.00,265.88,272.84,0.00,0.00,8250.36,12.14,1195.14,0.00,4.21,1173.29,0.00,205.64,203.11,0.00,15426.77,664.84,168.94,856.58,1032.89,0.00,383.79,421.60,0.00,0.00,0.00,0.00,3528.65,1594.68,5123.34,80.70,674.66,165.81,130.62,0.00,50.47,,67.47,,21719.82,,,,,,2.05,0.18,3726.61,1,6,887,19805,AA,American Airlines Inc.,AA,American Airlines Inc.,0A050,D,3,3,2025,2
3858.11,0.00,147.11,1090.97,749.85,0.00,7319.98,39.05,0.00,1.95,200.64,196.72,0.00,277.81,0.00,3381.00,17263.18,1459.33,0.00,0.00,0.00,0.00,2209.04,3531.87,0.00,0.00,0.00,0.00,7200.24,0.00,7200.24,,0.00,0.00,0.00,0.00,0.00,,0.00,,24463.42,,,,,,3.14,0.67,3017.67,2,6,626,20151,M6,Amerijet International,M6,Amerijet International,06052,D,2,2,2025,2
3860.11,0.00,28.65,69.75,13.24,0.00,6005.32,0.00,3394.64,0.01,97.46,824.98,0.00,300.39,279.70,0.00,14874.23,787.91,0.00,317.86,7.81,0.00,224.32,481.44,0.00,0.00,0.00,0.00,1819.34,0.00,1819.34,0.00,412.21,91.92,16.95,0.00,0.00,,461.90,,17676.55,,,,,,3.08,0.47,2746.03,1,6,694,20416,NK,Spirit Air Lines,NK,Spirit Air Lines,16831,L,3,3,2025,2
3860.18,1556.40,203.17,1504.14,0.00,,865.00,0.00,9458.58,0.00,646.89,487.43,0.00,380.02,0.00,578.99,19540.78,4190.02,0.00,0.00,0.00,,2176.71,0.00,0.00,0.00,0.00,0.00,6366.72,0.00,6366.72,0.00,83.41,0.00,0.00,325.26,477.27,,936.23,,27729.67,,,,,,5.29,0.73,5536.15,1,6,694,22085,GCA,"Global Crossing Airlines, Inc.",GCA,"Global Crossing Airlines, Inc.",01287,D,2,2,2025,3
3864.00,0.00,1.00,204.00,39.00,0.00,7247.00,0.00,621.00,0.00,24.00,1074.00,0.00,211.00,247.00,-31.00,13500.00,879.00,37.00,1479.00,1186.00,0.00,195.00,166.00,0.00,0.00,0.00,0.00,3942.00,244.00,4186.00,113.00,686.00,313.00,92.00,0.00,6.00,,-52.00,,18843.00,,,,,,2.26,0.23,4012.31,1,6,837,19690,HA,Hawaiian Airlines Inc.,HA,Hawaiian Airlines Inc.,05375,D,3,3,2025,4
3865.12,0.00,408.04,625.03,0.00,0.00,0.00,0.00,2353.08,0.00,0.00,51.34,0.00,343.39,0.00,0.00,7645.99,582.06,18.00,1042.28,-81.24,0.00,169.10,90.85,0.00,0.00,0.00,698.49,2519.54,1416.92,3936.46,75.22,0.00,0.00,0.00,0.00,0.00,,0.00,,11657.67,,,,,,4.66,2.05,3096.54,1,6,673,20398,MQ,Envoy Air,MQ,Envoy Air,16820,L,3,3,2025,1
3880.18,,275.85,436.44,,,19286.95,,112.61,,9.56,967.80,-62.08,108.67,268.72,,25284.69,286.73,1.36,1765.06,669.82,,918.49,188.27,,,,,3829.73,3535.67,7365.39,59.06,772.77,530.50,5.10,48.82,,,32.52,,34098.85,,,,,,8.67,0.99,7495.83,1,6,614,19977,UA,United Air Lines Inc.,UA,United Air Lines Inc.,10877,P,3,3,2025,3
3905.59,0.00,28.23,60.03,16.49,0.00,5326.26,0.00,2791.14,0.00,83.47,711.26,0.00,132.61,230.32,0.00,13285.39,895.34,0.00,230.79,62.15,0.00,242.92,486.64,0.00,0.00,0.00,0.00,1917.84,0.00,1917.84,0.00,574.23,58.50,19.11,0.00,0.00,,450.37,,16305.44,,,,,,2.56,0.40,2582.43,1,6,699,20416,NK,Spirit Air Lines,NK,Spirit Air Lines,16831,L,3,3,2025,4
3917.09,0.00,271.05,245.61,0.00,0.00,8888.76,11.09,1150.16,0.00,4.12,1253.56,0.00,117.08,179.62,0.00,16038.16,683.21,171.29,805.75,1182.21,0.00,439.14,532.81,0.00,0.00,0.00,0.00,3814.41,1621.51,5435.92,73.44,653.06,165.78,124.72,0.00,48.03,,67.47,,22606.58,,,,,,2.06,0.18,3865.34,1,6,887,19805,AA,American Airlines Inc.,AA,American Airlines Inc.,0A050,D,3,3,2025,3
3937.00,0.00,97.00,256.00,0.00,0.00,6955.00,0.00,322.00,1.00,44.00,891.00,0.00,157.00,0.00,10.00,12670.00,205.00,98.00,370.00,633.00,0.00,349.00,18.00,0.00,0.00,0.00,0.00,1673.00,737.00,2410.00,18.00,574.00,322.00,2.00,32.00,0.00,,36.00,0.00,16064.00,,,,,,1.89,0.16,3154.46,1,6,626,19790,DL,Delta Air Lines Inc.,DL,Delta Air Lines Inc.,10262,P,3,3,2025,2
3940.94,0.00,130.28,563.94,0.00,0.00,15.98,0.00,3.55,14.55,17.03,444.37,0.00,333.54,227.87,66.07,5758.12,891.13,0.00,718.20,1643.95,0.00,624.18,98.72,0.00,0.00,0.00,0.00,3976.19,816.48,4792.67,0.00,0.00,88.79,119.62,0.00,129.42,,0.00,,10888.62,,,,,,5.97,0.95,3742.78,1,6,673,20304,OO,SkyWest Airlines Inc.,OO,SkyWest Airlines Inc.,11025,L,3,3,2025,1
3944.68,1514.73,207.62,2219.41,0.00,,4488.34,0.00,9568.42,60.62,764.06,320.36,0.00,371.31,0.00,24.23,23483.78,2073.34,0.00,0.00,0.00,,2334.73,0.00,0.00,0.00,0.00,0.00,4408.06,0.00,4408.06,0.00,0.00,0.00,0.00,149.96,242.57,,753.29,,29037.66,,,,,,3.32,0.83,3554.97,1,6,694,22085,GCA,"Global Crossing Airlines, Inc.",GCA,"Global Crossing Airlines, Inc.",01227,S,2,2,2025,1
3949.86,0.00,294.65,7.73,1.50,0.00,7591.05,0.00,5289.59,0.00,15.02,607.79,0.00,343.85,234.45,7.51,18343.00,634.59,0.00,519.27,29.47,0.00,196.53,0.00,0.00,0.00,0.00,0.00,1379.86,1369.72,2749.58,0.00,0.00,0.00,111.89,0.00,442.66,,0.00,,21647.12,,,,,,4.14,0.56,3859.47,1,6,694,20436,F9,Frontier Airlines Inc.,F9,Frontier Airlines Inc.,06460,D,3,3,2025,1
3998.39,,273.39,429.81,,,8493.02,,9.88,,9.48,997.43,1.95,111.99,8.49,,14333.83,191.92,0.94,551.18,59.35,,2310.36,272.41,,,,,3386.15,1232.76,4618.92,191.11,765.43,129.71,26.68,378.14,,,,,20443.81,,,,,,2.22,0.19,3616.16,1,6,626,19977,UA,United Air Lines Inc.,UA,United Air Lines Inc.,10876,L,3,3,2025,3
4083.00,0.00,21.00,329.00,0.00,0.00,7408.00,19.00,342.00,0.00,15.00,1214.00,0.00,224.00,347.00,5.00,14006.00,605.00,25.00,1103.00,722.00,0.00,182.00,98.00,0.00,0.00,0.00,0.00,2735.00,679.00,3414.00,22.00,960.00,385.00,106.00,0.00,17.00,,0.00,,18912.00,,,,,,3.50,0.37,3066.00,1,6,839,19930,AS,Alaska Airlines Inc.,AS,Alaska Airlines Inc.,16031,L,3,3,2025,3
4087.00,0.00,67.00,290.00,0.00,0.00,7758.00,0.00,364.00,0.00,51.00,1121.00,0.00,167.00,0.00,9.00,13914.00,240.00,101.00,71.00,838.00,0.00,433.00,70.00,0.00,0.00,0.00,0.00,1753.00,870.00,2623.00,33.00,657.00,387.00,5.00,39.00,0.00,,44.00,0.00,17702.00,,,,,,2.07,0.20,3434.24,1,6,626,19790,DL,Delta Air Lines Inc.,DL,Delta Air Lines Inc.,10260,L,3,3,2025,4
4097.00,0.00,2.00,310.00,0.00,0.00,5828.00,-2.00,-166.00,0.00,34.00,1210.00,0.00,223.00,163.00,37.00,11736.00,-152.00,-7.00,-151.00,-358.00,0.00,-56.00,-29.00,0.00,0.00,0.00,0.00,-754.00,-173.00,-927.00,3.00,1996.00,511.00,48.00,0.00,-9.00,,0.00,,13358.00,,,,,,3.58,0.34,2542.00,1,6,838,19930,AS,Alaska Airlines Inc.,AS,Alaska Airlines Inc.,06031,D,3,3,2025,2
4165.00,0.00,112.00,278.00,0.00,0.00,8221.00,0.00,384.00,3.00,52.00,980.00,0.00,169.00,0.00,12.00,14376.00,221.00,91.00,497.00,694.00,0.00,396.00,201.00,0.00,0.00,0.00,0.00,2100.00,863.00,2963.00,45.00,683.00,363.00,9.00,37.00,0.00,,51.00,0.00,18527.00,,,,,,2.01,0.23,3346.61,1,6,626,19790,DL,Delta Air Lines Inc.,DL,Delta Air Lines Inc.,10262,P,3,3,2025,1
4166.80,0.00,286.78,295.45,0.00,0.00,9298.82,13.37,1292.57,0.00,4.57,1275.98,0.00,223.93,227.70,0.00,17085.97,721.96,182.95,923.81,1138.51,0.00,416.50,463.06,0.00,0.00,0.00,0.00,3846.79,1730.88,5577.67,89.22,731.31,180.10,143.02,0.00,54.93,,73.45,,23935.67,,,,,,1.51,0.13,4199.71,1,6,637,19805,AA,American Airlines Inc.,AA,American Airlines Inc.,10050,L,3,3,2025,2
4170.00,0.00,2.00,317.00,0.00,0.00,7234.00,12.00,363.00,0.00,18.00,1232.00,0.00,227.00,327.00,37.00,13940.00,602.00,26.00,1221.00,790.00,0.00,221.00,114.00,0.00,0.00,0.00,0.00,2974.00,685.00,3659.00,22.00,1000.00,394.00,107.00,0.00,19.00,,0.00,,19142.00,,,,,,3.65,0.38,3165.00,1,6,614,19930,AS,Alaska Airlines Inc.,AS,Alaska Airlines Inc.,16031,L,3,3,2025,2
4172.00,,570.00,,,,7300.00,,,,,,,,539.00,1018.00,13599.00,0.00,0.00,6.00,32.00,,463.00,5.00,634.00,,0.00,,1140.00,1259.00,2399.00,,3569.00,687.00,54.00,2.00,,,,,20310.00,,,,,,1.85,0.56,3181.28,2,6,626,20107,FX,Federal Express Corporation,FX,Federal Express Corporation,16196,A,3,3,2025,3
4173.26,,310.29,425.65,,,5743.77,,135.40,,10.23,1100.35,-7.23,366.44,103.29,,12361.47,152.75,0.52,1640.05,7503.01,,552.08,35.95,,,,,9884.35,356.53,10240.88,198.31,920.23,473.67,99.44,502.11,,,,,24796.10,,,,,,1.62,0.17,2287.11,1,6,887,19977,UA,United Air Lines Inc.,UA,United Air Lines Inc.,10877,P,3,3,2025,1
4209.36,0.00,30.42,64.70,17.77,0.00,5740.53,0.00,3008.23,0.00,89.96,766.58,0.00,142.92,248.23,0.00,14318.70,964.98,0.00,248.74,66.99,0.00,261.81,524.49,0.00,0.00,0.00,0.00,2067.01,0.00,2067.01,0.00,618.89,63.05,20.60,0.00,0.00,,485.40,,17573.65,,,,,,2.76,0.43,2387.59,1,6,721,20416,NK,Spirit Air Lines,NK,Spirit Air Lines,16831,L,3,3,2025,4
4227.49,,686.98,707.78,,,14194.88,,113.19,,25.42,1111.98,3.26,90.57,817.36,,21978.89,404.92,,1987.87,37.84,,656.23,146.99,,,,,3233.85,810.76,4044.60,42.77,2596.28,814.79,2.93,37.92,,,,,29518.17,,,,,,3.42,0.25,5971.30,1,6,837,19977,UA,United Air Lines Inc.,UA,United Air Lines Inc.,0A875,D,3,3,2025,4
4287.23,0.00,310.39,0.00,0.00,,9626.59,28.64,3732.60,0.00,340.55,283.44,0.00,212.86,0.00,0.00,18822.31,1702.92,0.00,0.00,0.00,,2996.65,874.76,0.00,0.00,0.00,0.00,5574.33,0.00,5574.33,0.00,0.00,0.00,546.01,0.00,191.19,,0.00,,25133.84,,,,,,4.62,0.56,3930.82,1,6,612,20207,XP,TEM Enterprises dba  Avelo Airlines,XP,TEM Enterprises dba  Avelo Airlines,06144,D,2,2,2025,3
4292.63,66.47,0.00,185.98,7.08,,15716.79,20.69,606.26,20.66,0.00,1133.00,0.00,225.36,50.08,259.88,22584.88,938.57,0.00,2105.23,0.00,,842.28,2181.29,0.00,,0.00,,6067.37,1287.79,7355.16,,1570.37,0.00,0.00,,,,25.53,,31535.93,,,,,,2.20,0.23,7122.73,2,8,819,19917,5X,United Parcel Service,5X,United Parcel Service,16911,A,3,3,2025,2
4315.78,0.00,85.50,761.24,0.00,0.00,13.49,0.00,0.00,0.00,0.00,754.33,0.00,345.77,0.00,27.23,6303.33,953.42,0.00,1147.25,1362.02,0.00,847.00,0.00,0.00,0.00,0.00,0.00,4309.68,534.28,4843.96,0.00,1089.81,52.07,41.01,0.00,2.92,,14.95,,12348.06,,,,,,11.24,5.64,3785.56,1,6,677,20452,YX,Republic Airline,YX,Republic Airline,06003,D,3,3,2025,2
4331.84,,813.48,851.71,,,11832.84,,172.95,,30.48,1140.15,-0.56,218.21,504.04,,19895.14,377.64,1.24,168.23,104.28,,495.11,57.67,,,,,1204.17,826.86,2031.03,64.19,2626.63,577.25,40.18,77.64,,,,,25312.05,,,,,,2.24,0.17,5361.54,1,6,637,19977,UA,United Air Lines Inc.,UA,United Air Lines Inc.,0A875,D,3,3,2025,2
4339.00,0.00,80.00,348.00,0.00,0.00,10565.00,0.00,437.00,0.00,61.00,1348.00,0.00,201.00,0.00,10.00,17389.00,289.00,121.00,85.00,1007.00,0.00,521.00,84.00,0.00,0.00,0.00,0.00,2107.00,1046.00,3153.00,39.00,789.00,466.00,6.00,47.00,0.00,,53.00,0.00,21942.00,,,,,,2.49,0.24,4676.39,1,6,624,19790,DL,Delta Air Lines Inc.,DL,Delta Air Lines Inc.,01260,D,3,3,2025,4
4347.98,0.00,116.92,890.31,815.99,0.00,7363.19,23.26,0.00,3.26,174.97,159.37,0.00,161.14,0.00,3013.10,17069.49,1071.59,0.00,0.00,0.00,0.00,2132.45,3173.69,0.00,0.00,0.00,0.00,6377.72,0.00,6377.72,,0.00,0.00,0.00,0.00,0.00,,0.00,,23447.21,,,,,,3.26,0.26,2386.18,2,6,626,20151,M6,Amerijet International,M6,Amerijet International,06052,D,2,2,2025,4
4352.76,,762.25,809.84,,,12600.82,,146.62,,26.42,1079.34,5.44,121.19,320.28,,20224.95,364.55,1.52,3080.57,96.60,,495.30,129.25,,,,,4167.79,875.63,5043.42,65.73,2603.85,572.39,40.46,78.35,,,,,28629.15,,,,,,3.61,0.26,5405.76,1,6,637,19977,UA,United Air Lines Inc.,UA,United Air Lines Inc.,0A875,D,3,3,2025,3
4372.49,,522.57,657.97,,,13745.39,,11.81,,19.58,1156.18,-54.60,221.28,618.51,,21271.19,378.97,1.26,750.92,105.74,,491.66,79.27,,,,,1807.82,779.40,2587.22,29.10,2453.30,558.69,6.04,73.97,,,,,26979.51,,,,,,3.57,0.23,6228.84,1,6,889,19977,UA,United Air Lines Inc.,UA,United Air Lines Inc.,0A875,D,3,3,2025,2
4379.00,0.00,110.00,290.00,0.00,0.00,9819.00,0.00,364.00,1.00,50.00,1008.00,0.00,178.00,0.00,12.00,16211.00,232.00,111.00,419.00,716.00,0.00,395.00,20.00,0.00,0.00,0.00,0.00,1893.00,835.00,2728.00,21.00,650.00,364.00,2.00,37.00,0.00,,41.00,0.00,20054.00,,,,,,2.13,0.15,4453.21,1,6,687,19790,DL,Delta Air Lines Inc.,DL,Delta Air Lines Inc.,01260,D,3,3,2025,2
4392.55,0.00,196.47,0.00,0.00,,9925.48,20.27,3669.89,0.00,318.24,287.93,0.00,208.85,0.00,0.00,19019.68,1671.66,0.00,0.00,0.00,,3064.15,700.26,0.00,0.00,0.00,0.00,5436.08,0.00,5436.08,0.00,0.00,0.00,582.97,0.00,187.80,,0.00,,25226.53,,,,,,4.72,0.58,3528.47,1,6,612,20207,XP,TEM Enterprises dba  Avelo Airlines,XP,TEM Enterprises dba  Avelo Airlines,06144,D,2,2,2025,4
4400.00,0.00,91.00,400.00,0.00,0.00,6168.00,0.00,480.00,0.00,67.00,1344.00,0.00,211.00,0.00,10.00,13171.00,326.00,147.00,372.00,1162.00,0.00,604.00,207.00,0.00,0.00,0.00,0.00,2818.00,1122.00,3940.00,43.00,861.00,499.00,6.00,50.00,0.00,,58.00,0.00,18628.00,,,,,,2.88,0.42,2756.49,1,6,698,19790,DL,Delta Air Lines Inc.,DL,Delta Air Lines Inc.,10260,L,3,3,2025,3
4431.17,,61.58,1801.64,0.00,,17520.57,,474.22,,0.00,1245.49,,381.16,,126.99,26042.81,267.28,,780.54,,,963.53,98.63,16.38,,,,2126.36,2021.09,4147.45,,775.24,1064.71,436.14,0.00,0.00,,0.00,0.00,32466.35,,,,,,4.07,0.39,12561.39,2,8,821,20007,5Y,Atlas Air Inc.,5Y,Atlas Air Inc.,06087,D,3,3,2025,1
4543.00,0.00,154.00,406.00,0.00,0.00,6235.00,0.00,510.00,2.00,70.00,1411.00,0.00,249.00,0.00,16.00,13596.00,325.00,156.00,587.00,1002.00,0.00,552.00,29.00,0.00,0.00,0.00,0.00,2651.00,1168.00,3819.00,29.00,910.00,510.00,3.00,51.00,0.00,,58.00,0.00,18976.00,,,,,,2.99,0.43,2827.69,1,6,698,19790,DL,Delta Air Lines Inc.,DL,Delta Air Lines Inc.,10260,L,3,3,2025,2
4559.63,,789.00,797.99,,,12752.73,,252.70,,29.19,1198.49,3.75,97.61,489.79,,20970.86,437.07,2.29,5061.21,135.07,,829.17,136.32,,,,,6601.13,882.75,7483.88,70.23,2865.09,629.51,45.68,80.18,,,,,32145.44,,,,,,3.68,0.30,5312.92,1,6,637,19977,UA,United Air Lines Inc.,UA,United Air Lines Inc.,0A875,D,3,3,2025,4
4624.00,0.00,321.56,292.18,0.00,0.00,9887.34,13.21,1384.68,0.00,4.96,1474.88,0.00,136.74,187.43,0.00,18326.97,807.89,205.04,988.65,1396.19,0.00,531.96,601.49,0.00,0.00,0.00,0.00,4531.22,1938.35,6469.57,89.60,787.48,199.82,148.62,0.00,58.98,,80.56,,26161.59,,,,,,1.60,0.14,4315.91,1,6,637,19805,AA,American Airlines Inc.,AA,American Airlines Inc.,10050,L,3,3,2025,3
4650.23,66.60,0.00,425.80,9.10,,18793.30,20.97,640.32,24.95,0.00,1131.37,0.00,129.62,47.40,368.37,26308.02,977.21,0.00,2263.33,0.00,,691.97,3095.65,0.00,,0.00,,7028.16,1335.47,8363.63,,1667.39,0.00,0.00,,,,14.04,,36353.08,,,,,,2.29,0.25,8100.95,2,8,819,19917,5X,United Parcel Service,5X,United Parcel Service,16911,A,3,3,2025,3
4656.46,6.80,0.00,352.72,0.00,0.00,6928.77,0.00,16.66,0.00,59.36,715.44,0.00,378.28,0.00,3.79,13118.26,512.64,0.00,831.03,222.51,0.00,140.44,60.88,0.00,0.00,0.00,-9.69,1757.81,271.67,2029.48,0.00,954.56,1305.65,450.00,0.00,0.00,,1115.77,,18973.71,,,,,,3.99,0.59,3573.37,1,6,614,20422,SY,Sun Country Airlines d/b/a MN Airlines,SY,Sun Country Airlines d/b/a MN Airlines,16795,L,3,3,2025,1
4679.98,,62.43,2015.16,0.00,,16719.92,,613.57,,0.00,1267.81,,361.62,,133.55,25854.02,265.47,,772.18,,,943.04,151.45,13.05,,,,2145.18,1964.40,4109.58,,824.01,1168.91,887.40,0.00,0.00,,0.00,0.00,32843.92,,,,,,3.95,0.32,12311.33,2,8,821,20007,5Y,Atlas Air Inc.,5Y,Atlas Air Inc.,06087,D,3,3,2025,2
4772.10,0.00,141.23,976.94,810.43,0.00,7095.91,23.89,0.00,1.81,191.58,209.23,0.00,208.84,0.00,3399.92,17831.86,1416.71,0.00,0.00,0.00,0.00,2117.16,3534.39,0.00,0.00,0.00,0.00,7068.26,0.00,7068.26,,0.00,0.00,0.00,0.00,0.00,,0.00,,24900.12,,,,,,2.05,0.20,2115.96,2,6,626,20151,M6,Amerijet International,M6,Amerijet International,06052,D,2,2,2025,3
4783.68,,542.01,685.98,,,14703.07,,0.35,,18.79,1190.33,-87.64,133.65,425.32,,22395.54,398.72,1.68,664.61,106.53,,314.96,181.68,,,,,1668.18,902.08,2570.26,30.66,2601.46,596.39,6.31,77.99,,,,,28278.61,,,,,,3.97,0.24,6334.58,1,6,889,19977,UA,United Air Lines Inc.,UA,United Air Lines Inc.,0A875,D,3,3,2025,3
4824.00,0.00,51.00,316.00,0.00,0.00,5640.00,12.00,449.00,0.00,39.00,702.00,0.00,121.00,263.00,0.00,12417.00,480.00,14.00,468.00,492.00,0.00,297.00,50.00,0.00,0.00,0.00,0.00,1801.00,693.00,2494.00,20.00,273.00,648.00,75.00,0.00,22.00,,0.00,0.00,15949.00,,,,,,2.85,0.33,2460.70,1,6,614,19393,WN,Southwest Airlines Co.,WN,Southwest Airlines Co.,11033,L,3,3,2025,3
4827.41,0.00,106.89,850.61,0.00,0.00,21.98,0.00,0.00,0.00,0.00,894.96,0.00,426.62,0.00,29.59,7158.06,1299.11,0.00,1405.44,1693.72,0.00,1082.16,0.00,0.00,0.00,0.00,0.00,5480.42,636.67,6117.10,0.00,1312.90,60.39,50.13,0.00,3.60,,18.32,,14720.49,,,,,,6.87,5.58,4457.08,1,6,677,20452,YX,Republic Airline,YX,Republic Airline,06003,D,3,3,2025,1
4835.00,0.00,0.00,355.00,0.00,0.00,8937.00,2.00,1763.00,0.00,20.00,1429.00,0.00,264.00,453.00,49.00,18106.00,-2035.00,-89.00,670.00,-6647.00,0.00,-704.00,-382.00,0.00,0.00,0.00,0.00,-9187.00,-2209.00,-11396.00,37.00,1388.00,508.00,159.00,0.00,-1.00,,0.00,,8801.00,,,,,,3.66,0.49,3564.00,1,6,634,19930,AS,Alaska Airlines Inc.,AS,Alaska Airlines Inc.,06031,D,3,3,2025,1
4846.85,,564.23,664.63,,,14381.45,,31.14,,20.88,1278.86,-3.77,104.16,673.88,,22562.29,462.68,2.44,970.10,144.13,,613.43,152.57,,,,,2345.35,890.96,3236.31,28.55,2644.49,610.39,6.11,71.58,,,,,29159.71,,,,,,3.93,0.27,6072.95,1,6,889,19977,UA,United Air Lines Inc.,UA,United Air Lines Inc.,0A875,D,3,3,2025,4
4849.00,0.00,172.00,425.00,0.00,0.00,14007.00,0.00,586.00,4.00,80.00,1495.00,0.00,257.00,0.00,18.00,21893.00,338.00,139.00,758.00,1060.00,0.00,605.00,307.00,0.00,0.00,0.00,0.00,3207.00,1318.00,4525.00,69.00,1043.00,555.00,14.00,57.00,0.00,,78.00,0.00,28234.00,,,,,,3.07,0.26,5701.63,1,6,624,19790,DL,Delta Air Lines Inc.,DL,Delta Air Lines Inc.,01260,D,3,3,2025,1
4862.57,0.00,231.32,1258.36,926.53,0.00,8256.84,37.85,0.00,4.82,221.50,235.40,0.00,311.03,0.00,3159.78,19506.00,1610.87,0.00,0.00,0.00,0.00,2258.22,3850.91,0.00,0.00,0.00,0.00,7719.99,0.00,7719.99,,0.00,0.00,0.00,0.00,0.00,,0.00,,27225.99,,,,,,4.26,0.33,3050.34,2,6,626,20151,M6,Amerijet International,M6,Amerijet International,06052,D,2,2,2025,1
4910.24,0.00,5.25,335.44,3.85,0.00,7610.99,0.00,104.40,0.18,-0.27,1190.13,0.00,321.54,179.49,28.67,14689.91,484.83,0.00,729.33,1820.56,0.00,304.77,13.41,0.00,0.00,0.00,0.00,3352.90,796.47,4149.37,29.68,1658.96,673.09,62.86,17.69,193.70,,0.00,,21475.25,,,,,,3.27,0.43,3251.17,1,6,724,20409,B6,JetBlue Airways,B6,JetBlue Airways,16673,L,3,3,2025,2
4922.00,0.00,2.00,375.00,0.00,0.00,8539.00,14.00,428.00,0.00,22.00,1454.00,0.00,268.00,386.00,44.00,16456.00,710.00,31.00,1441.00,933.00,0.00,261.00,135.00,0.00,0.00,0.00,0.00,3511.00,808.00,4319.00,26.00,1180.00,465.00,126.00,0.00,23.00,,0.00,,22596.00,,,,,,4.31,0.44,3736.00,1,6,888,19930,AS,Alaska Airlines Inc.,AS,Alaska Airlines Inc.,16031,L,3,3,2025,2
4948.00,0.00,70.00,322.00,0.00,0.00,6364.00,13.00,595.00,0.00,46.00,1119.00,0.00,414.00,279.00,0.00,14170.00,573.00,15.00,611.00,571.00,0.00,323.00,27.00,0.00,0.00,0.00,0.00,2120.00,780.00,2900.00,24.00,364.00,815.00,119.00,0.00,24.00,,0.00,0.00,18416.00,,,,,,3.18,0.38,2665.78,1,6,614,19393,WN,Southwest Airlines Co.,WN,Southwest Airlines Co.,11033,L,3,3,2025,1
4981.00,0.00,0.00,369.00,0.00,0.00,8288.00,18.00,427.00,0.00,21.00,1472.00,0.00,271.00,343.00,51.00,16242.00,736.00,32.00,1277.00,886.00,0.00,255.00,138.00,0.00,0.00,0.00,0.00,3324.00,799.00,4123.00,26.00,1173.00,459.00,123.00,0.00,23.00,,0.00,,22170.00,,,,,,3.82,0.44,3318.00,1,6,614,19930,AS,Alaska Airlines Inc.,AS,Alaska Airlines Inc.,16031,L,3,3,2025,1
5039.00,0.00,95.00,413.00,0.00,0.00,6291.00,0.00,519.00,0.00,73.00,1599.00,0.00,238.00,0.00,12.00,14279.00,343.00,144.00,101.00,1195.00,0.00,618.00,99.00,0.00,0.00,0.00,0.00,2500.00,1241.00,3741.00,47.00,937.00,552.00,7.00,56.00,0.00,,63.00,0.00,19682.00,,,,,,2.95,0.42,2784.56,1,6,698,19790,DL,Delta Air Lines Inc.,DL,Delta Air Lines Inc.,10260,L,3,3,2025,4
5076.30,,663.98,694.43,,,15168.83,,0.70,,21.89,1335.06,-15.47,444.60,376.63,,23766.95,421.41,1.26,1336.85,5019.28,,488.82,40.70,,,,,7308.31,1070.59,8378.91,251.56,1638.81,593.88,69.61,144.82,,,0.51,,34845.06,,,,,,4.00,0.38,6278.19,1,6,624,19977,UA,United Air Lines Inc.,UA,United Air Lines Inc.,0A875,D,3,3,2025,1
5104.89,,65.14,2324.78,0.00,,18459.10,,593.53,,0.00,1271.74,,245.08,,95.43,28159.69,266.70,,592.17,,,880.06,128.63,25.20,,,,1892.75,2061.26,3954.01,,844.75,1208.47,586.02,0.00,0.00,,0.00,0.00,34752.94,,,,,,3.61,0.29,11353.06,2,8,821,20007,5Y,Atlas Air Inc.,5Y,Atlas Air Inc.,06087,D,3,3,2025,3
5127.00,,826.00,,,,8354.00,,,,,,,,653.00,1146.00,16106.00,0.00,0.00,0.00,63.00,,405.00,19.00,722.00,,0.00,,1209.00,4341.00,5550.00,,4161.00,803.00,66.00,2.00,,,,,26688.00,,,,,,2.23,0.63,3782.67,2,6,626,20107,FX,Federal Express Corporation,FX,Federal Express Corporation,16196,A,3,3,2025,2
5204.73,0.00,5.75,337.60,2.01,0.00,6750.53,0.00,86.19,0.13,-1.34,1697.79,0.00,210.78,125.51,26.14,14445.82,491.35,0.00,895.45,1592.44,0.00,333.30,14.17,0.00,0.00,0.00,0.00,3326.71,844.59,4171.30,30.94,1374.53,848.88,58.92,19.77,196.54,,0.00,,21146.70,,,,,,2.87,0.42,2748.46,1,6,724,20409,B6,JetBlue Airways,B6,JetBlue Airways,16673,L,3,3,2025,4
5276.00,,28.86,1827.49,0.00,,2950.75,,0.00,,0.00,1532.95,,463.12,,109.83,12188.98,125.24,,365.74,,,451.49,46.22,7.68,,,,996.36,947.03,1943.40,,10.06,0.00,771.76,0.00,0.00,,0.00,0.00,14914.20,,,,,,0.60,0.17,873.94,2,6,626,20007,5Y,Atlas Air Inc.,5Y,Atlas Air Inc.,06087,D,3,3,2025,1
5280.96,0.00,1437.89,145.66,0.00,0.00,7616.19,0.00,135.64,0.00,41.61,1816.10,0.00,522.51,400.69,3.06,17400.32,43.92,2.06,551.63,932.20,0.00,-39.10,-1.18,0.00,0.00,0.00,0.00,1489.52,1041.16,2530.68,107.79,2657.39,564.52,122.53,75.53,0.00,,0.00,0.00,23458.76,,,,,,1.90,0.01,3292.59,1,6,837,19690,HA,Hawaiian Airlines Inc.,HA,Hawaiian Airlines Inc.,05375,D,3,3,2025,1
5423.58,0.00,40.90,95.78,18.36,0.00,8549.41,0.00,5385.91,-0.05,128.18,1201.64,0.00,267.76,305.98,0.00,21417.46,1223.75,0.00,453.53,187.88,0.00,306.60,679.04,0.00,0.00,0.00,0.00,2850.80,0.00,2850.80,0.00,623.46,94.04,23.70,0.00,0.00,,603.79,,25613.24,,,,,,4.20,0.69,3825.24,1,6,694,20416,NK,Spirit Air Lines,NK,Spirit Air Lines,16831,L,3,3,2025,3
5425.04,,373.27,542.60,,,11891.45,,42.68,,13.81,1436.00,1.77,116.96,14.85,,19858.43,303.35,1.83,1022.51,107.91,,3314.01,298.27,,,,,5047.88,1560.58,6608.46,255.64,1063.58,176.27,25.13,92.61,,,,,28080.11,,,,,,2.94,0.26,4980.86,1,6,626,19977,UA,United Air Lines Inc.,UA,United Air Lines Inc.,10876,L,3,3,2025,4
5457.00,0.00,190.00,470.00,0.00,0.00,7844.00,0.00,649.00,4.00,89.00,1654.00,0.00,285.00,0.00,20.00,16662.00,374.00,154.00,839.00,1172.00,0.00,669.00,340.00,0.00,0.00,0.00,0.00,3548.00,1458.00,5006.00,76.00,1154.00,613.00,16.00,63.00,0.00,,87.00,0.00,23677.00,,,,,,3.39,0.52,3192.92,1,6,698,19790,DL,Delta Air Lines Inc.,DL,Delta Air Lines Inc.,10260,L,3,3,2025,1
5460.00,0.00,139.00,365.00,0.00,0.00,12412.00,0.00,459.00,1.00,63.00,1271.00,0.00,224.00,0.00,15.00,20409.00,292.00,140.00,528.00,903.00,0.00,497.00,26.00,0.00,0.00,0.00,0.00,2386.00,1052.00,3438.00,26.00,819.00,459.00,2.00,46.00,0.00,,52.00,0.00,25251.00,,,,,,2.70,0.20,5629.13,1,6,359,19790,DL,Delta Air Lines Inc.,DL,Delta Air Lines Inc.,10260,L,3,3,2025,2
5537.32,156.45,244.10,88.45,4.27,0.00,8499.00,0.00,357.54,0.13,97.55,663.44,0.00,417.19,0.00,221.05,16286.49,765.29,0.00,4.63,15.85,0.00,174.86,2.26,0.00,0.00,0.00,0.00,962.88,548.49,1511.37,0.00,1352.38,1147.35,629.98,0.00,0.00,,0.00,,20927.58,,,,,,4.25,0.51,3259.58,1,6,838,20368,G4,Allegiant Air,G4,Allegiant Air,06035,D,3,3,2025,1
5565.00,0.00,87.00,381.00,0.00,0.00,12975.00,0.00,457.00,0.00,64.00,1281.00,0.00,201.00,0.00,10.00,21021.00,311.00,140.00,354.00,1107.00,0.00,575.00,197.00,0.00,0.00,0.00,0.00,2684.00,1069.00,3753.00,41.00,820.00,475.00,6.00,48.00,0.00,,55.00,0.00,26219.00,,,,,,2.74,0.20,5798.26,1,6,359,19790,DL,Delta Air Lines Inc.,DL,Delta Air Lines Inc.,10260,L,3,3,2025,3
5698.00,0.00,65.00,284.00,0.00,0.00,8537.00,0.00,341.00,0.00,47.00,955.00,0.00,150.00,0.00,7.00,16084.00,231.00,104.00,264.00,825.00,0.00,429.00,147.00,0.00,0.00,0.00,0.00,2000.00,797.00,2797.00,30.00,612.00,354.00,4.00,36.00,0.00,,41.00,0.00,19958.00,,,,,,2.04,0.15,3815.27,1,6,339,19790,DL,Delta Air Lines Inc.,DL,Delta Air Lines Inc.,10262,P,3,3,2025,3
5784.00,0.00,151.00,374.00,0.00,0.00,13707.00,0.00,516.00,3.00,70.00,1316.00,0.00,226.00,0.00,16.00,22163.00,297.00,122.00,667.00,933.00,0.00,532.00,270.00,0.00,0.00,0.00,0.00,2821.00,1159.00,3980.00,61.00,918.00,488.00,12.00,50.00,0.00,,69.00,0.00,27741.00,,,,,,2.70,0.23,5579.65,1,6,359,19790,DL,Delta Air Lines Inc.,DL,Delta Air Lines Inc.,10260,L,3,3,2025,1
5825.00,0.00,198.00,523.00,0.00,0.00,15977.00,0.00,657.00,2.00,90.00,1818.00,0.00,321.00,0.00,21.00,25432.00,418.00,200.00,756.00,1291.00,0.00,711.00,37.00,0.00,0.00,0.00,0.00,3413.00,1505.00,4918.00,38.00,1172.00,656.00,3.00,66.00,0.00,,74.00,0.00,32359.00,,,,,,3.86,0.31,7246.15,1,6,624,19790,DL,Delta Air Lines Inc.,DL,Delta Air Lines Inc.,01260,D,3,3,2025,2
5876.01,,38.53,2024.39,0.00,,5223.79,,0.00,,0.00,1530.33,,261.13,,198.31,15152.48,156.27,,510.60,,,587.14,59.62,11.47,,,,1325.09,1118.53,2443.62,,1650.70,377.72,309.71,0.00,0.00,,0.00,0.00,19934.23,,,,,,1.33,0.35,2036.64,1,6,626,20007,5Y,Atlas Air Inc.,5Y,Atlas Air Inc.,16087,I,3,3,2025,4
5939.00,0.00,110.00,477.00,0.00,0.00,8420.00,0.00,598.00,0.00,84.00,1845.00,0.00,275.00,0.00,14.00,17762.00,395.00,166.00,117.00,1378.00,0.00,713.00,115.00,0.00,0.00,0.00,0.00,2884.00,1431.00,4315.00,54.00,1081.00,637.00,8.00,64.00,0.00,,73.00,0.00,23994.00,,,,,,3.40,0.39,3727.04,1,6,699,19790,DL,Delta Air Lines Inc.,DL,Delta Air Lines Inc.,10260,L,3,3,2025,4
6033.00,0.00,67.00,291.00,0.00,0.00,8625.00,0.00,365.00,0.00,51.00,1126.00,0.00,168.00,0.00,9.00,16735.00,241.00,101.00,71.00,841.00,0.00,435.00,70.00,0.00,0.00,0.00,0.00,1759.00,873.00,2632.00,33.00,659.00,389.00,5.00,39.00,0.00,,45.00,0.00,20537.00,,,,,,2.08,0.16,3817.96,1,6,339,19790,DL,Delta Air Lines Inc.,DL,Delta Air Lines Inc.,10262,P,3,3,2025,4
6062.77,0.00,448.33,0.00,0.00,,14467.91,27.44,5197.33,0.00,518.13,492.66,0.00,386.77,0.00,0.00,27601.35,2305.07,0.00,0.00,0.00,,4222.74,1042.09,0.00,0.00,0.00,0.00,7569.90,0.00,7569.90,0.00,0.00,0.00,655.56,0.00,275.51,,0.00,,36102.32,,,,,,6.90,0.87,6203.00,1,6,614,20207,XP,TEM Enterprises dba  Avelo Airlines,XP,TEM Enterprises dba  Avelo Airlines,06144,D,2,2,2025,2
6094.82,,434.66,672.54,,,13255.86,,25.72,,16.29,1616.85,-28.17,309.45,9.76,,22407.77,301.84,1.17,1004.26,98.62,,3374.26,436.75,,,,,5216.90,1543.18,6760.08,282.65,1161.71,187.56,45.94,827.09,,,,,31672.81,,,,,,3.36,0.29,5913.71,1,6,626,19977,UA,United Air Lines Inc.,UA,United Air Lines Inc.,10876,L,3,3,2025,2
6110.98,0.00,6.79,447.93,1.22,0.00,8874.48,0.00,141.73,0.12,3.39,2850.45,0.00,194.17,211.43,31.20,18873.90,572.50,0.00,1272.04,1996.83,0.00,462.26,15.92,0.00,0.00,0.00,0.00,4319.56,888.09,5207.65,37.49,1942.89,818.02,76.51,22.53,242.97,,0.00,,27221.95,,,,,,3.60,0.53,3667.14,1,6,724,20409,B6,JetBlue Airways,B6,JetBlue Airways,16673,L,3,3,2025,3
6127.31,,342.99,553.59,,,8420.02,,80.63,,11.31,1616.90,-7.99,538.46,29.51,,17712.73,429.16,1.52,16218.72,124.14,,512.74,51.50,,,,,17337.77,1412.84,18750.61,135.06,442.71,1840.13,11.49,98.26,,,,,38990.99,,,,,,4.77,0.55,3197.69,1,6,612,19977,UA,United Air Lines Inc.,UA,United Air Lines Inc.,10876,L,3,3,2025,1
6250.00,,786.00,,,,10586.00,,,,,,,,733.00,1383.00,19738.00,0.00,0.00,8.00,66.00,,423.00,20.00,828.00,,0.00,,1345.00,1723.00,3068.00,,4817.00,927.00,72.00,2.00,,,,,28624.00,,,,,,2.77,0.73,4561.64,2,6,626,20107,FX,Federal Express Corporation,FX,Federal Express Corporation,16196,A,3,3,2025,4
6267.16,0.00,0.00,222.97,5.38,,12015.32,28.25,1265.82,4.00,147.30,1772.69,0.00,607.93,234.49,-3.64,22567.67,1471.32,0.00,1399.26,0.00,,1023.33,1974.02,0.00,,0.00,,5867.92,1657.30,7525.22,,1160.34,216.38,64.61,,,,25.96,,31560.18,,,,,,2.94,0.55,4844.71,2,6,626,19917,5X,United Parcel Service,5X,United Parcel Service,16912,L,3,3,2025,1
6284.34,90.00,0.00,575.42,12.30,,11662.38,28.33,1165.79,33.71,146.59,1528.94,0.00,175.17,277.77,497.81,22478.56,1320.60,0.00,1448.61,0.00,,958.69,1822.55,0.00,,0.00,,5550.44,1804.76,7355.21,,1392.00,0.00,0.00,,,,18.97,,31244.73,,,,,,2.92,0.54,4875.82,2,6,626,19917,5X,United Parcel Service,5X,United Parcel Service,16912,L,3,3,2025,3
6290.00,0.00,4.00,289.00,82.00,0.00,12439.00,1.00,1501.00,0.00,39.00,1748.00,0.00,344.00,377.00,337.00,23450.00,1486.00,62.00,2393.00,2620.00,0.00,361.00,308.00,0.00,0.00,0.00,0.00,7230.00,435.00,7665.00,192.00,1211.00,508.00,138.00,0.00,13.00,,-244.00,,32934.00,,,,,,3.69,0.36,7319.00,1,6,837,19690,HA,Hawaiian Airlines Inc.,HA,Hawaiian Airlines Inc.,05375,D,3,3,2025,3
6338.62,,660.71,819.51,,,19274.97,,181.08,,24.76,1677.80,-1.70,321.11,28.65,,29325.51,315.98,69.61,215.78,2767.36,,676.32,617.68,,,,,4662.74,1609.61,6272.34,238.14,1398.36,476.92,59.26,198.91,,,,,37969.46,,,,,,3.49,0.24,8446.10,1,6,627,19977,UA,United Air Lines Inc.,UA,United Air Lines Inc.,10876,L,3,3,2025,2
6356.00,0.00,96.00,421.00,0.00,0.00,14334.00,0.00,505.00,0.00,70.00,1415.00,0.00,222.00,0.00,11.00,23430.00,343.00,154.00,392.00,1223.00,0.00,636.00,218.00,0.00,0.00,0.00,0.00,2966.00,1181.00,4147.00,45.00,907.00,525.00,6.00,53.00,0.00,,61.00,0.00,29174.00,,,,,,3.03,0.22,6405.81,1,6,687,19790,DL,Delta Air Lines Inc.,DL,Delta Air Lines Inc.,10260,L,3,3,2025,3
6365.71,0.00,460.88,0.00,0.00,,14293.63,42.53,5542.19,0.00,505.65,420.85,0.00,316.06,0.00,0.00,27947.50,2528.51,0.00,0.00,0.00,,4449.44,1298.86,0.00,0.00,0.00,0.00,8276.81,0.00,8276.81,0.00,0.00,0.00,810.72,0.00,283.88,,0.00,,37318.91,,,,,,7.07,0.94,5245.76,1,6,614,20207,XP,TEM Enterprises dba  Avelo Airlines,XP,TEM Enterprises dba  Avelo Airlines,06144,D,2,2,2025,3
6381.80,131.56,0.00,349.58,9.97,,12215.24,25.19,2716.11,31.29,133.90,1238.02,0.00,128.88,273.47,369.35,24004.35,1339.73,0.00,1144.56,0.00,,810.06,1600.22,0.00,,0.00,,4894.57,1724.99,6619.56,,1276.19,0.00,0.00,,,,18.53,,31918.63,,,,,,2.92,0.50,4842.30,2,6,626,19917,5X,United Parcel Service,5X,United Parcel Service,16912,L,3,3,2025,4
6390.51,0.00,431.47,0.00,0.00,,16432.74,36.61,5051.73,0.00,518.92,472.88,0.00,420.93,0.00,0.00,29755.80,2317.25,0.00,0.00,0.00,,3932.66,1119.87,0.00,0.00,0.00,0.00,7369.78,0.00,7369.78,0.00,0.00,0.00,584.08,0.00,286.68,,0.00,,37996.34,,,,,,7.10,0.86,6341.47,1,6,614,20207,XP,TEM Enterprises dba  Avelo Airlines,XP,TEM Enterprises dba  Avelo Airlines,06144,D,2,2,2025,1
6391.00,0.00,3.00,486.00,0.00,0.00,11088.00,19.00,556.00,0.00,28.00,1888.00,0.00,349.00,502.00,57.00,21367.00,922.00,40.00,1871.00,1211.00,0.00,339.00,175.00,0.00,0.00,0.00,0.00,4559.00,1050.00,5609.00,34.00,1532.00,604.00,164.00,0.00,30.00,,0.00,,29341.00,,,,,,5.59,0.58,4851.00,1,6,839,19930,AS,Alaska Airlines Inc.,AS,Alaska Airlines Inc.,16031,L,3,3,2025,2
6460.54,,631.50,812.59,,,20124.97,,-494.76,,21.89,1608.98,1.68,180.66,63.73,,29411.78,315.18,132.95,223.54,2821.22,,523.44,554.99,,,,,4571.33,1042.19,5613.52,266.61,1438.95,488.27,61.82,219.31,,,,,37500.27,,,,,,3.59,0.25,8462.98,1,6,627,19977,UA,United Air Lines Inc.,UA,United Air Lines Inc.,10876,L,3,3,2025,3
6501.75,0.00,731.52,1030.80,0.00,0.00,0.00,0.00,3531.92,0.00,0.00,53.85,0.00,453.81,0.00,0.00,12303.64,967.46,29.92,1667.63,11.88,0.00,459.05,187.03,0.00,0.00,0.00,1770.86,5093.83,2248.60,7342.43,106.90,0.00,0.00,0.00,0.00,0.00,,0.00,,19752.97,,,,,,7.18,3.14,4964.84,1,6,673,20398,MQ,Envoy Air,MQ,Envoy Air,16820,L,3,3,2025,3
6531.01,0.00,47.20,100.39,27.57,0.00,8906.70,0.00,4667.41,0.00,139.58,1189.38,0.00,221.75,385.15,0.00,22216.13,1497.21,0.00,385.93,103.93,0.00,406.22,813.77,0.00,0.00,0.00,0.00,3207.06,0.00,3207.06,0.00,960.24,97.82,31.96,0.00,0.00,,753.12,,27266.33,,,,,,4.28,0.66,3820.95,1,6,694,20416,NK,Spirit Air Lines,NK,Spirit Air Lines,16831,L,3,3,2025,4
6549.00,0.00,97.00,429.00,0.00,0.00,12881.00,0.00,514.00,0.00,71.00,1440.00,0.00,226.00,0.00,11.00,22218.00,349.00,157.00,398.00,1245.00,0.00,647.00,222.00,0.00,0.00,0.00,0.00,3018.00,1202.00,4220.00,46.00,923.00,535.00,6.00,54.00,0.00,,62.00,0.00,28064.00,,,,,,3.08,0.22,5756.49,1,6,339,19790,DL,Delta Air Lines Inc.,DL,Delta Air Lines Inc.,10260,L,3,3,2025,3
6554.19,0.00,9.23,922.78,0.00,0.00,7760.76,0.00,3.94,32.79,0.00,706.16,0.00,540.66,0.00,147.85,16678.38,1119.30,0.00,5343.38,-5.60,0.00,2927.33,0.00,0.00,0.00,0.00,0.00,9384.40,1402.24,10786.63,0.00,355.24,0.00,0.00,0.00,13.33,,0.00,,27833.58,,,,,,6.91,2.35,2267.25,1,6,530,20304,OO,SkyWest Airlines Inc.,OO,SkyWest Airlines Inc.,06700,D,3,3,2025,1
6568.00,0.00,3.00,498.00,0.00,0.00,11529.00,3.00,1.00,0.00,17.00,1941.00,0.00,358.00,493.00,59.00,21470.00,2020.00,87.00,6320.00,430.00,0.00,742.00,384.00,0.00,0.00,0.00,0.00,9984.00,2298.00,12282.00,82.00,1382.00,336.00,355.00,0.00,0.00,,0.00,,35907.00,,,,,,5.73,1.06,4932.00,1,6,612,19930,AS,Alaska Airlines Inc.,AS,Alaska Airlines Inc.,06031,D,3,3,2025,2
6626.56,0.00,1375.55,292.81,0.00,0.00,12129.48,0.00,174.30,0.00,70.51,1744.58,0.00,324.54,610.04,1.09,23349.46,84.11,6.48,609.26,1380.45,0.00,75.03,-0.50,0.00,0.00,0.00,0.00,2154.83,1030.97,3185.79,112.30,3830.67,723.92,148.50,79.85,0.00,,0.00,0.00,31430.48,,,,,,3.23,0.01,5809.15,1,6,837,19690,HA,Hawaiian Airlines Inc.,HA,Hawaiian Airlines Inc.,05375,D,3,3,2025,2
6792.10,,37.15,2352.63,0.00,,3798.67,,0.00,,0.00,1973.45,,596.20,,141.39,15691.58,161.23,,470.84,,,581.23,59.50,9.88,,,,1282.68,1219.17,2501.85,,12.95,0.00,993.53,0.00,0.00,,0.00,0.00,19199.92,,,,,,1.71,0.47,2487.38,2,6,626,20007,5Y,Atlas Air Inc.,5Y,Atlas Air Inc.,16087,I,3,3,2025,1
6796.00,0.00,71.00,426.00,0.00,0.00,7888.00,12.00,639.00,0.00,58.00,1019.00,0.00,203.00,310.00,0.00,17422.00,691.00,18.00,711.00,651.00,0.00,426.00,72.00,0.00,0.00,0.00,0.00,2569.00,991.00,3560.00,22.00,331.00,815.00,86.00,68.00,30.00,,45.00,0.00,22379.00,,,,,,5.09,0.46,3352.76,1,6,838,19393,WN,Southwest Airlines Co.,WN,Southwest Airlines Co.,11033,L,3,3,2025,4
6801.00,0.00,168.00,441.00,0.00,0.00,14990.00,0.00,554.00,2.00,76.00,1536.00,0.00,271.00,0.00,18.00,24857.00,353.00,169.00,638.00,1091.00,0.00,601.00,31.00,0.00,0.00,0.00,0.00,2883.00,1271.00,4154.00,32.00,990.00,554.00,3.00,56.00,0.00,,63.00,0.00,30709.00,,,,,,3.26,0.23,6798.26,1,6,687,19790,DL,Delta Air Lines Inc.,DL,Delta Air Lines Inc.,10260,L,3,3,2025,2
6844.61,0.00,306.15,0.00,0.00,,15466.19,31.58,5718.54,0.00,495.89,448.67,0.00,325.44,0.00,0.00,29637.06,2604.84,0.00,0.00,0.00,,4774.66,1091.17,0.00,0.00,0.00,0.00,8470.67,0.00,8470.67,0.00,0.00,0.00,908.40,0.00,292.63,,0.00,,39308.76,,,,,,7.56,1.03,5900.37,1,6,614,20207,XP,TEM Enterprises dba  Avelo Airlines,XP,TEM Enterprises dba  Avelo Airlines,06144,D,2,2,2025,4
6853.59,67.76,479.53,5650.01,6.79,0.00,9432.04,0.00,6079.05,291.45,195.68,1242.02,0.00,292.65,0.00,0.00,30590.58,2652.92,16.91,1690.88,0.00,0.00,0.00,0.00,0.00,0.00,922.93,0.00,5283.63,2346.53,7630.16,0.00,0.00,0.00,0.00,0.00,1501.05,,0.00,,39721.78,,,,,,2.22,0.59,3918.08,1,6,626,20377,X9,Omni Air International LLC,X9,Omni Air International LLC,16736,I,2,2,2025,4
6862.00,0.00,169.00,444.00,0.00,0.00,13288.00,0.00,558.00,2.00,76.00,1545.00,0.00,273.00,0.00,18.00,23235.00,355.00,170.00,642.00,1097.00,0.00,604.00,31.00,0.00,0.00,0.00,0.00,2899.00,1279.00,4178.00,32.00,996.00,558.00,3.00,56.00,0.00,,63.00,0.00,29121.00,,,,,,3.28,0.24,6026.53,1,6,339,19790,DL,Delta Air Lines Inc.,DL,Delta Air Lines Inc.,10260,L,3,3,2025,2
6888.29,0.00,51.12,124.46,23.62,0.00,10716.39,0.00,6057.68,0.02,173.91,1472.17,0.00,536.04,499.11,0.00,26542.81,1406.01,0.00,567.21,13.94,0.00,400.29,859.13,0.00,0.00,0.00,0.00,3246.57,0.00,3246.57,0.00,735.58,164.03,30.25,0.00,0.00,,824.26,,31543.50,,,,,,5.49,0.84,4239.46,1,6,722,20416,NK,Spirit Air Lines,NK,Spirit Air Lines,16831,L,3,3,2025,2
6918.71,0.00,473.37,489.92,0.00,0.00,25949.10,22.65,2142.11,0.00,7.59,2126.98,0.00,374.02,625.91,0.00,39130.35,1201.87,303.59,1523.57,1929.68,0.00,692.48,783.84,0.00,0.00,0.00,0.00,6435.02,2878.69,9313.70,151.59,1213.53,299.67,240.22,0.00,91.67,,122.81,,50563.54,,,,,,3.10,0.27,11741.15,1,6,627,19805,AA,American Airlines Inc.,AA,American Airlines Inc.,0A050,D,3,3,2025,2
6974.12,0.00,479.89,494.51,0.00,0.00,15742.20,22.40,2163.12,0.00,7.64,2135.93,0.00,374.86,384.27,0.00,28778.94,1208.42,306.20,1546.00,1906.67,0.00,697.14,775.22,0.00,0.00,0.00,0.00,6439.65,2897.24,9336.89,149.45,1224.09,301.47,239.49,0.00,91.95,,122.94,,40245.22,,,,,,2.49,0.22,7114.20,1,6,637,19805,AA,American Airlines Inc.,AA,American Airlines Inc.,10052,P,3,3,2025,2
7000.51,0.00,485.58,446.45,0.00,0.00,16864.98,20.74,2085.73,0.00,7.45,2259.44,0.00,210.90,346.65,0.00,29728.45,1230.26,308.35,1474.03,2114.75,0.00,805.65,949.29,0.00,0.00,0.00,0.00,6882.32,2922.83,9805.15,132.31,1178.46,299.24,225.54,0.00,85.66,,121.21,,41576.02,,,,,,7.43,1.18,7338.67,1,6,698,19805,AA,American Airlines Inc.,AA,American Airlines Inc.,10050,L,3,3,2025,3
7046.79,109.12,0.00,305.30,11.63,,12664.42,33.97,1344.00,33.91,172.46,1859.93,0.00,369.95,332.60,426.62,24710.71,1540.75,0.00,1812.52,0.00,,1044.66,2344.22,0.00,,0.00,,6742.14,2114.04,8856.19,,1639.19,0.00,0.00,,,,41.91,,35247.98,,,,,,3.40,0.53,7052.65,2,6,626,19917,5X,United Parcel Service,5X,United Parcel Service,16912,L,3,3,2025,2
7051.76,0.00,50.97,108.40,29.77,0.00,9616.86,0.00,5039.56,0.00,150.71,1284.21,0.00,239.43,415.86,0.00,23987.52,1616.59,0.00,416.70,112.22,0.00,438.61,878.66,0.00,0.00,0.00,0.00,3462.77,0.00,3462.77,0.00,1036.81,105.62,34.50,0.00,0.00,,813.16,,29440.39,,,,,,4.62,0.72,3545.20,1,6,722,20416,NK,Spirit Air Lines,NK,Spirit Air Lines,16831,L,3,3,2025,4
7067.62,,89.76,2874.08,0.00,,25456.24,,737.89,,0.00,1543.80,,232.45,,138.28,38140.11,364.06,,1189.54,,,1367.86,138.90,26.71,,,,3087.07,2605.86,5692.93,,989.84,1417.89,1024.54,0.00,0.00,,0.00,0.00,47265.31,,,,,,4.08,0.31,12748.58,2,8,821,20007,5Y,Atlas Air Inc.,5Y,Atlas Air Inc.,06087,D,3,3,2025,4
7194.40,,1325.83,1200.12,,,23503.92,,64.94,,43.71,1887.56,-30.89,628.60,1349.58,,37167.77,599.45,,1962.24,16.40,,1249.93,71.24,,,,,3899.26,2328.08,6227.34,75.83,4791.97,1512.98,3.73,83.79,,,,,49863.41,,,,,,5.64,0.47,9626.12,1,6,837,19977,UA,United Air Lines Inc.,UA,United Air Lines Inc.,0A875,D,3,3,2025,1
7208.00,0.00,86.00,486.00,0.00,0.00,9091.00,19.00,795.00,0.00,58.00,1634.00,0.00,362.00,406.00,0.00,20145.00,767.00,21.00,736.00,1120.00,0.00,431.00,68.00,0.00,0.00,0.00,0.00,3143.00,1094.00,4237.00,17.00,485.00,1094.00,145.00,0.00,34.00,,0.00,0.00,26157.00,,,,,,4.81,0.53,4092.25,1,6,614,19393,WN,Southwest Airlines Co.,WN,Southwest Airlines Co.,11033,L,3,3,2025,2
7226.00,0.00,148.00,653.00,0.00,0.00,11681.00,0.00,784.00,0.00,109.00,2195.00,0.00,344.00,0.00,17.00,23157.00,532.00,239.00,607.00,1897.00,0.00,986.00,338.00,0.00,0.00,0.00,0.00,4599.00,1832.00,6431.00,70.00,1406.00,815.00,10.00,82.00,0.00,,95.00,0.00,32066.00,,,,,,4.70,0.51,5220.18,1,6,699,19790,DL,Delta Air Lines Inc.,DL,Delta Air Lines Inc.,10260,L,3,3,2025,3
7243.61,,446.96,748.14,,,11909.78,,5.32,,15.49,1807.66,0.35,202.97,182.94,,22563.21,521.13,2.55,3238.77,476.86,,1022.49,474.28,,,,,5736.08,2151.19,7887.27,437.95,1832.21,512.42,61.33,585.64,,,,,33880.03,,,,,,6.04,0.82,4843.55,1,6,694,19977,UA,United Air Lines Inc.,UA,United Air Lines Inc.,10876,L,3,3,2025,3
7253.00,0.00,0.00,530.00,0.00,0.00,11791.00,4.00,17.00,0.00,14.00,2143.00,0.00,395.00,463.00,74.00,22684.00,1527.00,66.00,3483.00,1001.00,0.00,528.00,286.00,0.00,0.00,0.00,0.00,6892.00,1658.00,8550.00,75.00,1495.00,340.00,325.00,0.00,0.00,,0.00,,33469.00,,,,,,5.47,1.00,4713.00,1,6,612,19930,AS,Alaska Airlines Inc.,AS,Alaska Airlines Inc.,06031,D,3,3,2025,1
7275.00,0.00,38.00,586.00,0.00,0.00,11035.00,-3.00,-104.00,0.00,46.00,2144.00,0.00,400.00,456.00,5.00,21878.00,118.00,5.00,615.00,-258.00,0.00,36.00,19.00,0.00,0.00,0.00,0.00,534.00,132.00,666.00,11.00,2910.00,872.00,95.00,0.00,-6.00,,0.00,,26426.00,,,,,,6.24,0.61,4626.00,1,6,838,19930,AS,Alaska Airlines Inc.,AS,Alaska Airlines Inc.,06031,D,3,3,2025,3
7278.82,219.96,524.62,7530.14,112.74,0.00,10287.83,0.00,6325.60,348.50,353.18,1369.11,0.00,529.21,0.00,0.00,34879.71,3070.01,19.54,1736.55,0.00,0.00,0.00,0.00,0.00,0.00,967.82,0.00,5793.92,3163.56,8957.48,0.00,0.00,0.00,0.00,0.00,1460.64,,0.00,,45297.83,,,,,,2.49,0.65,4283.04,1,6,626,20377,X9,Omni Air International LLC,X9,Omni Air International LLC,16736,I,2,2,2025,3
7287.48,,1000.97,1024.67,,,26953.44,,2.88,,33.00,1916.03,-23.32,638.08,1163.44,,39996.67,605.24,1.80,1613.75,21.06,,927.21,63.14,,,,,3232.20,2224.16,5456.35,51.26,4125.46,928.49,12.14,131.10,,,,,50701.48,,,,,,5.76,0.42,11161.83,1,6,889,19977,UA,United Air Lines Inc.,UA,United Air Lines Inc.,0A875,D,3,3,2025,1
7313.00,0.00,153.00,403.00,0.00,0.00,12025.00,0.00,506.00,1.00,69.00,1401.00,0.00,247.00,0.00,16.00,22134.00,322.00,154.00,582.00,995.00,0.00,548.00,28.00,0.00,0.00,0.00,0.00,2629.00,1160.00,3789.00,29.00,903.00,506.00,3.00,51.00,0.00,,57.00,0.00,27472.00,,,,,,2.97,0.22,5453.68,1,6,339,19790,DL,Delta Air Lines Inc.,DL,Delta Air Lines Inc.,10262,P,3,3,2025,2
7327.00,0.00,37.00,526.00,0.00,0.00,11818.00,26.00,575.00,0.00,30.00,2177.00,0.00,402.00,542.00,13.00,23474.00,1031.00,44.00,1577.00,1204.00,0.00,238.00,152.00,0.00,0.00,0.00,0.00,4245.00,1140.00,5385.00,40.00,1589.00,647.00,183.00,0.00,39.00,,0.00,,31357.00,,,,,,5.54,0.61,4803.00,1,6,888,19930,AS,Alaska Airlines Inc.,AS,Alaska Airlines Inc.,16031,L,3,3,2025,4
7334.43,0.00,0.00,260.95,6.30,,30015.47,33.06,1222.71,4.69,187.52,2074.57,0.00,711.45,213.26,-4.26,42060.14,1721.88,0.00,3917.13,0.00,,1279.39,5648.40,0.00,,0.00,,12566.80,1939.53,14506.33,,2117.47,825.01,208.31,,,,30.38,,59747.65,,,,,,3.58,0.46,11675.51,2,8,819,19917,5X,United Parcel Service,5X,United Parcel Service,16913,P,3,3,2025,1
7363.00,0.00,201.00,497.00,0.00,0.00,14395.00,0.00,686.00,5.00,94.00,1749.00,0.00,301.00,0.00,21.00,25312.00,395.00,162.00,887.00,1240.00,0.00,708.00,359.00,0.00,0.00,0.00,0.00,3751.00,1541.00,5292.00,81.00,1220.00,649.00,16.00,66.00,0.00,,92.00,0.00,32728.00,,,,,,3.59,0.38,5859.48,1,6,626,19790,DL,Delta Air Lines Inc.,DL,Delta Air Lines Inc.,10261,A,3,3,2025,1
7374.51,,21.46,2404.20,0.00,,58.57,,0.00,,0.00,2310.62,,586.43,,28.48,12784.26,91.26,,4.42,,,324.20,52.07,4.49,,,,476.43,675.33,1151.77,,2.65,0.00,2179.95,0.00,0.00,,0.00,0.00,16118.63,,,,,,1.07,0.30,804.52,2,6,614,20007,5Y,Atlas Air Inc.,5Y,Atlas Air Inc.,06087,D,3,3,2025,2
7380.00,0.00,153.00,675.00,0.00,0.00,20709.00,0.00,810.00,0.00,113.00,2269.00,0.00,356.00,0.00,17.00,32482.00,550.00,247.00,628.00,1961.00,0.00,1019.00,349.00,0.00,0.00,0.00,0.00,4754.00,1893.00,6647.00,72.00,1454.00,842.00,10.00,85.00,0.00,,98.00,0.00,41690.00,,,,,,4.86,0.40,9254.61,1,6,624,19790,DL,Delta Air Lines Inc.,DL,Delta Air Lines Inc.,01260,D,3,3,2025,3
7416.06,192.52,359.19,119.53,-0.30,0.00,13027.68,0.00,1030.62,0.00,169.50,1036.79,0.00,613.22,0.00,247.25,24212.07,1831.27,0.00,16.63,10.90,0.00,328.17,6.54,0.00,0.00,0.00,0.00,2193.51,1386.19,3579.70,0.00,1925.67,1529.55,4099.58,0.00,0.00,,0.00,,35346.57,,,,,,6.96,0.79,5455.83,1,6,838,20368,G4,Allegiant Air,G4,Allegiant Air,06035,D,3,3,2025,2
7427.00,0.00,250.00,658.00,0.00,0.00,11668.00,0.00,826.00,2.00,113.00,2287.00,0.00,404.00,0.00,26.00,23661.00,526.00,252.00,951.00,1624.00,0.00,895.00,46.00,0.00,0.00,0.00,0.00,4294.00,1893.00,6187.00,47.00,1474.00,826.00,4.00,83.00,0.00,,93.00,0.00,32375.00,,,,,,4.85,0.52,5291.57,1,6,699,19790,DL,Delta Air Lines Inc.,DL,Delta Air Lines Inc.,10260,L,3,3,2025,2
7437.11,3.48,0.00,2642.76,0.00,0.00,46.09,0.00,46.02,0.00,300.45,1150.63,0.00,630.14,0.00,10.46,12267.13,1637.47,0.00,1700.77,-122.92,0.00,408.98,78.83,0.00,0.00,0.00,0.00,3703.13,679.32,4382.44,0.00,0.00,0.00,0.00,0.00,0.00,,0.00,,16649.57,,,,,,6.42,1.09,5749.71,2,6,614,20422,SY,Sun Country Airlines d/b/a MN Airlines,SY,Sun Country Airlines d/b/a MN Airlines,06795,D,3,3,2025,1
7463.49,,486.10,795.93,,,11905.09,,20.32,,18.22,1980.76,-0.34,379.10,152.26,,23200.92,550.72,2.15,3413.15,943.79,,1244.66,758.65,,,,,6913.13,2242.50,9155.62,422.16,1696.60,537.14,55.61,906.47,,,,,35974.52,,,,,,6.18,0.76,5112.87,1,6,694,19977,UA,United Air Lines Inc.,UA,United Air Lines Inc.,10876,L,3,3,2025,2
7472.75,219.55,698.24,7208.41,149.44,0.00,13666.36,0.00,6920.38,376.70,581.22,1542.87,0.00,567.97,0.00,0.00,39403.89,3118.35,18.75,1545.17,0.00,0.00,0.00,0.00,0.00,0.00,1023.06,0.00,5705.33,3271.85,8977.19,0.00,0.00,0.00,0.00,0.00,1489.15,,0.00,,49870.23,,,,,,2.93,0.68,5045.95,1,6,626,20377,X9,Omni Air International LLC,X9,Omni Air International LLC,16736,I,2,2,2025,2
7475.77,0.00,519.70,473.80,0.00,0.00,17026.01,21.58,2238.75,0.00,8.01,2391.42,0.00,221.99,328.70,0.00,30705.73,1308.31,331.24,1596.26,2257.61,0.00,861.67,980.22,0.00,0.00,0.00,0.00,7335.31,3133.31,10468.62,144.25,1271.16,322.60,240.58,0.00,94.58,,130.13,,43377.65,,,,,,2.58,0.22,7427.68,1,6,637,19805,AA,American Airlines Inc.,AA,American Airlines Inc.,10052,P,3,3,2025,3
7499.66,211.20,722.44,4082.75,183.96,0.00,8684.96,0.00,6760.69,202.34,197.57,1289.17,0.00,684.70,0.00,0.00,30519.44,3096.82,18.58,823.78,0.00,0.00,0.00,0.00,0.00,0.00,929.30,0.00,4868.47,1382.06,6250.54,0.00,0.00,0.00,0.00,0.00,1338.17,,0.00,,38108.15,,,,,,1.65,0.75,2844.71,1,6,626,20377,X9,Omni Air International LLC,X9,Omni Air International LLC,16736,I,2,2,2025,1
7566.54,0.00,8.36,730.18,0.00,0.00,12.80,0.00,2694.81,0.00,17.27,2011.02,0.00,285.24,0.44,0.77,13327.42,1.03,0.00,2468.13,3862.05,0.00,710.74,94.64,0.00,0.00,0.00,0.00,7136.59,320.77,7457.35,0.01,1.15,0.48,0.00,0.01,1.29,,0.00,,20787.71,,,,,,0.01,0.00,5.21,1,6,678,20409,B6,JetBlue Airways,B6,JetBlue Airways,06673,D,3,3,2025,4
7572.91,0.00,528.94,524.87,0.00,0.00,17659.57,20.59,2340.20,0.00,8.71,2307.37,0.00,645.81,367.49,0.00,31976.47,1344.79,343.21,1745.15,1856.80,0.00,931.12,1075.26,0.00,0.00,0.00,0.00,7296.33,3319.13,10615.45,148.32,1358.77,334.00,270.23,0.00,101.90,,169.31,,44974.46,,,,,,2.47,0.25,7335.87,1,6,637,19805,AA,American Airlines Inc.,AA,American Airlines Inc.,10052,P,3,3,2025,1
7585.63,108.64,0.00,694.58,14.85,,30656.37,34.20,1044.52,40.69,0.00,1845.54,0.00,211.44,77.32,600.89,42914.66,1594.06,0.00,3692.04,0.00,,1128.77,5049.74,0.00,,0.00,,11464.60,2178.48,13643.08,,2719.92,0.00,0.00,,,,22.89,,59300.55,,,,,,3.63,0.40,12385.81,2,8,819,19917,5X,United Parcel Service,5X,United Parcel Service,06910,D,3,3,2025,3
7763.54,0.00,838.25,1228.91,0.00,0.00,0.00,0.00,4243.97,0.00,0.00,116.28,0.00,627.87,0.00,0.00,14818.83,1270.93,39.31,1896.55,0.00,0.00,515.55,308.52,0.00,0.00,0.00,1695.35,5726.20,2469.69,8195.89,129.32,0.00,0.00,0.00,0.00,0.00,,0.00,,23144.04,,,,,,8.83,3.74,6018.84,1,6,673,20398,MQ,Envoy Air,MQ,Envoy Air,16820,L,3,3,2025,2
7808.00,0.00,40.00,627.00,0.00,0.00,13846.00,3.00,377.00,0.00,15.00,2304.00,0.00,429.00,571.00,6.00,26026.00,1125.00,47.00,3399.00,-4.00,0.00,339.00,183.00,0.00,0.00,0.00,0.00,5088.00,1262.00,6350.00,85.00,1103.00,387.00,367.00,0.00,0.00,,0.00,,34319.00,,,,,,6.67,1.05,5710.00,1,6,612,19930,AS,Alaska Airlines Inc.,AS,Alaska Airlines Inc.,06031,D,3,3,2025,3
7825.00,0.00,1.00,560.00,0.00,0.00,12714.00,3.00,338.00,0.00,26.00,2312.00,0.00,427.00,529.00,9.00,24744.00,2449.00,105.00,6813.00,-205.00,0.00,565.00,360.00,0.00,0.00,0.00,0.00,10087.00,2708.00,12795.00,97.00,1010.00,579.00,407.00,0.00,0.00,,0.00,,39631.00,,,,,,5.89,1.11,5122.00,1,6,612,19930,AS,Alaska Airlines Inc.,AS,Alaska Airlines Inc.,06031,D,3,3,2025,4
8043.21,0.00,306.68,2274.40,1563.26,0.00,15260.38,81.41,0.00,4.07,418.29,410.11,0.00,579.17,0.00,7048.56,35989.52,3042.35,0.00,0.00,0.00,0.00,4605.31,7363.09,0.00,0.00,0.00,0.00,15010.75,0.00,15010.75,,0.00,0.00,0.00,0.00,0.00,,0.00,,51000.26,,,,,,6.54,1.40,6291.11,2,6,626,20151,M6,Amerijet International,M6,Amerijet International,16052,L,2,2,2025,2
8047.18,0.00,563.36,562.78,0.00,0.00,28221.25,21.15,2508.27,0.00,9.24,2474.77,0.00,695.08,589.34,0.00,43692.43,1444.07,367.74,1876.52,2009.67,0.00,1020.55,1140.72,0.00,0.00,0.00,0.00,7859.27,3553.85,11413.12,157.04,1443.41,354.60,287.26,0.00,108.24,,175.88,,57631.97,,,,,,3.32,0.34,11757.20,1,6,627,19805,AA,American Airlines Inc.,AA,American Airlines Inc.,0A050,D,3,3,2025,1
8058.00,,1081.00,,,,12927.00,,,,,,,,982.00,1208.00,24256.00,0.00,0.00,23.00,90.00,,526.00,0.00,1149.00,,0.00,,1788.00,7252.00,9040.00,,5989.00,1147.00,96.00,2.00,,,,,40530.00,,,,,,3.28,0.88,5507.43,2,6,626,20107,FX,Federal Express Corporation,FX,Federal Express Corporation,16196,A,3,3,2025,1
8065.11,0.00,587.67,546.31,0.00,0.00,17985.32,17.07,2351.41,0.00,8.51,2587.24,0.00,302.57,405.89,0.00,32857.09,1414.15,350.38,1776.84,2113.92,0.00,946.93,840.83,0.00,0.00,0.00,0.00,7443.05,3389.93,10832.97,156.66,1367.65,361.34,200.74,0.00,88.50,,146.79,,46011.74,,,,,,2.63,0.24,7677.19,1,6,637,19805,AA,American Airlines Inc.,AA,American Airlines Inc.,10052,P,3,3,2025,4
8071.63,,54.13,2737.72,0.00,,5204.05,,0.00,,0.00,2239.75,,484.10,,169.13,18960.51,221.61,,492.05,,,731.27,106.88,20.94,,,,1572.76,1712.77,3285.53,,0.45,0.00,395.44,0.00,0.00,,0.00,0.00,22641.93,,,,,,2.12,0.31,2368.00,2,6,626,20007,5Y,Atlas Air Inc.,5Y,Atlas Air Inc.,16087,I,3,3,2025,3
8120.35,125.74,0.00,351.81,13.40,,29731.37,39.15,1146.86,39.07,0.00,2143.29,0.00,426.31,94.73,491.62,42723.69,1775.48,0.00,3982.45,0.00,,1593.33,4126.34,0.00,,0.00,,11477.60,2436.11,13913.71,,2970.66,0.00,0.00,,,,48.29,,59656.36,,,,,,4.04,0.43,11621.36,2,8,819,19917,5X,United Parcel Service,5X,United Parcel Service,06910,D,3,3,2025,2
8189.56,0.00,0.00,291.37,7.03,,33514.99,36.91,1365.27,5.23,209.38,2316.45,0.00,794.40,238.12,-4.76,46963.95,1922.63,0.00,4373.83,0.00,,1428.55,6306.95,0.00,,0.00,,14031.97,2165.66,16197.63,,2364.35,921.20,232.60,,,,33.92,,66713.65,,,,,,3.90,0.51,12640.47,2,8,819,19917,5X,United Parcel Service,5X,United Parcel Service,06910,D,3,3,2025,1
8294.78,0.00,575.82,528.16,0.00,0.00,29244.94,24.40,2476.52,0.00,8.85,2669.93,0.00,248.76,575.48,0.00,44647.64,1456.01,366.14,1755.77,2505.53,0.00,955.75,1112.41,0.00,0.00,0.00,0.00,8151.61,3468.48,11620.10,157.89,1401.36,355.77,267.23,0.00,102.63,,143.89,,58696.50,,,,,,3.50,0.30,12749.66,1,6,627,19805,AA,American Airlines Inc.,AA,American Airlines Inc.,0A050,D,3,3,2025,3
8345.51,0.00,62.93,147.38,28.25,0.00,13155.37,0.00,8287.55,-0.08,197.24,1849.01,0.00,412.02,470.83,0.00,32956.01,1883.04,0.00,697.87,289.10,0.00,471.77,1044.87,0.00,0.00,0.00,0.00,4386.65,0.00,4386.65,0.00,959.34,144.71,36.47,0.00,0.00,,929.07,,39412.25,,,,,,6.47,1.06,4985.69,1,6,722,20416,NK,Spirit Air Lines,NK,Spirit Air Lines,16831,L,3,3,2025,3
8366.40,0.00,292.65,672.23,0.00,0.00,8280.86,0.00,3.86,25.79,0.00,947.22,0.00,622.30,0.00,157.33,19368.64,1718.26,0.00,3518.07,0.00,0.00,2321.03,0.00,0.00,0.00,0.00,0.00,7557.36,1797.13,9354.50,0.00,496.26,0.00,0.00,0.00,14.93,,0.00,,29234.33,,,,,,10.36,2.87,6804.10,1,6,530,20304,OO,SkyWest Airlines Inc.,OO,SkyWest Airlines Inc.,06700,D,3,3,2025,2
8425.00,0.00,1012.00,2326.00,378.00,,14211.00,,0.00,31.00,33.00,0.00,,951.00,554.00,1416.00,29337.00,6668.00,741.00,327.00,278.00,,162.00,195.00,2395.00,,796.00,,11562.00,9764.00,21326.00,,352.00,738.00,262.00,25.00,,,,,52040.00,,,,,,2.29,0.44,6022.69,2,7,740,20107,FX,Federal Express Corporation,FX,Federal Express Corporation,16197,P,3,3,2025,1
8425.23,0.00,68.03,146.29,29.73,0.00,13832.85,0.00,7727.10,7.97,179.49,1899.54,0.00,749.82,525.93,0.00,33591.97,1935.59,0.00,626.38,492.43,0.00,489.10,1012.16,0.00,0.00,0.00,0.00,4555.66,0.00,4555.66,0.00,991.54,153.86,35.33,0.00,0.00,,1254.75,,40583.11,,,,,,6.67,0.98,5120.86,1,6,722,20416,NK,Spirit Air Lines,NK,Spirit Air Lines,16831,L,3,3,2025,1
8470.00,0.00,119.00,518.00,0.00,0.00,17334.00,0.00,650.00,0.00,91.00,2006.00,0.00,299.00,0.00,15.00,29502.00,430.00,180.00,127.00,1498.00,0.00,775.00,125.00,0.00,0.00,0.00,0.00,3135.00,1556.00,4691.00,58.00,1174.00,693.00,8.00,70.00,0.00,,80.00,0.00,36276.00,,,,,,3.70,0.32,7672.87,1,6,687,19790,DL,Delta Air Lines Inc.,DL,Delta Air Lines Inc.,10260,L,3,3,2025,4
8503.00,0.00,6.00,391.00,111.00,0.00,16815.00,1.00,2029.00,0.00,53.00,2363.00,0.00,465.00,510.00,455.00,31701.00,2009.00,84.00,3235.00,3541.00,0.00,488.00,416.00,0.00,0.00,0.00,0.00,9773.00,589.00,10362.00,260.00,1637.00,687.00,187.00,0.00,18.00,,-330.00,,44522.00,,,,,,5.34,0.00,0.00,2,6,339,19690,HA,Hawaiian Airlines Inc.,HA,Hawaiian Airlines Inc.,05375,D,3,3,2025,3
8711.21,0.00,414.41,2254.33,1659.86,0.00,14791.97,67.81,0.00,8.64,396.81,421.71,0.00,557.20,0.00,5660.69,34944.64,2885.84,0.00,0.00,0.00,0.00,4045.56,6898.83,0.00,0.00,0.00,0.00,13830.23,0.00,13830.23,,0.00,0.00,0.00,0.00,0.00,,0.00,,48774.86,,,,,,6.64,0.59,5464.64,2,6,626,20151,M6,Amerijet International,M6,Amerijet International,16052,L,2,2,2025,1
8778.61,192.04,411.64,129.63,5.97,0.00,14686.29,0.00,1284.88,0.00,173.36,1252.48,0.00,515.58,0.00,363.40,27793.88,992.94,0.00,23.58,21.78,0.00,487.14,2.89,0.00,0.00,0.00,0.00,1528.33,711.02,2239.35,0.00,2068.58,1706.63,835.09,0.00,0.00,,0.00,,34643.52,,,,,,7.33,0.89,5825.35,1,6,838,20368,G4,Allegiant Air,G4,Allegiant Air,06035,D,3,3,2025,3
8783.35,0.00,608.12,569.14,0.00,0.00,16388.08,27.46,2616.64,0.00,9.30,2879.35,0.00,270.60,365.12,0.00,32517.18,1557.47,385.10,1834.62,2655.52,0.00,1020.84,1241.65,0.00,0.00,0.00,0.00,8695.20,3662.78,12357.98,162.01,1465.34,372.42,284.94,0.00,102.52,,151.35,,47413.74,,,,,,4.05,0.33,7110.76,1,6,887,19805,AA,American Airlines Inc.,AA,American Airlines Inc.,10052,P,3,3,2025,3
8809.87,,54.98,3323.06,0.00,,8450.12,,0.00,,0.00,2655.75,,750.59,,158.52,24202.89,233.78,,680.01,,,830.49,133.38,11.49,,,,1889.15,1729.94,3619.09,,6.78,0.00,1676.55,0.00,0.00,,0.00,0.00,29505.31,,,,,,1.62,0.37,2400.10,2,6,626,20007,5Y,Atlas Air Inc.,5Y,Atlas Air Inc.,16087,I,3,3,2025,2
8854.52,182.53,0.00,485.03,13.83,,24756.11,34.96,0.00,43.41,168.59,1717.71,0.00,178.81,761.65,512.46,37709.61,1858.83,0.00,18189.34,0.00,,3389.63,5914.35,0.00,,0.00,,29352.15,2393.36,31745.51,,21021.51,0.00,0.00,,,,25.71,,90502.34,,,,,,3.77,0.81,9417.23,2,7,740,19917,5X,United Parcel Service,5X,United Parcel Service,06910,D,3,3,2025,4
8871.54,0.00,618.03,617.32,0.00,0.00,16861.64,23.68,2739.56,0.00,10.19,2711.16,0.00,759.74,348.90,0.00,33561.74,1576.84,401.17,2052.72,2188.29,0.00,1098.95,1189.80,0.00,0.00,0.00,0.00,8507.76,3884.39,12392.15,174.26,1590.62,391.15,315.48,0.00,119.30,,194.60,,48739.32,,,,,,4.17,0.41,7011.06,1,6,887,19805,AA,American Airlines Inc.,AA,American Airlines Inc.,0A050,D,3,3,2025,1
8877.00,0.00,1315.00,2670.00,537.00,,12529.00,,0.00,28.00,28.00,0.00,,1055.00,540.00,7011.00,34590.00,7619.00,847.00,446.00,313.00,,906.00,257.00,2738.00,,900.00,,14026.00,11591.00,25617.00,,383.00,798.00,218.00,20.00,,,,,61626.00,,,,,,2.22,0.48,5892.03,2,7,740,20107,FX,Federal Express Corporation,FX,Federal Express Corporation,16197,P,3,3,2025,2
8896.77,0.00,612.63,630.83,0.00,0.00,14643.94,28.53,2761.39,0.00,9.75,2723.47,0.00,477.99,358.95,0.00,31144.24,1541.51,390.75,1972.81,2427.85,0.00,889.14,989.15,0.00,0.00,0.00,0.00,8211.21,3695.23,11906.43,190.11,1560.97,384.38,304.99,0.00,117.24,,156.89,,45765.25,,,,,,3.40,0.30,6615.38,1,6,889,19805,AA,American Airlines Inc.,AA,American Airlines Inc.,10050,L,3,3,2025,2
8957.38,,55.90,3378.70,0.00,,9004.74,,0.00,,0.00,2700.22,,763.16,,161.17,25021.27,237.70,,691.40,,,844.39,135.61,11.68,,,,1920.78,1758.91,3679.69,,2008.66,622.87,1704.62,0.00,0.00,,0.00,0.00,33037.12,,,,,,2.20,0.35,3421.95,1,6,626,20007,5Y,Atlas Air Inc.,5Y,Atlas Air Inc.,16087,I,3,3,2025,2
8988.68,0.00,624.60,569.42,0.00,0.00,14275.93,25.95,2687.33,0.00,9.61,2876.75,0.00,267.24,276.38,0.00,30601.88,1573.02,397.78,1912.87,2714.42,0.00,1033.92,1183.78,0.00,0.00,0.00,0.00,8815.79,3763.35,12579.13,172.91,1525.49,387.16,289.07,0.00,113.29,,156.30,,45825.23,,,,,,3.33,0.27,6226.96,1,6,889,19805,AA,American Airlines Inc.,AA,American Airlines Inc.,10050,L,3,3,2025,3
9014.46,0.00,52.26,1648.10,0.00,0.00,9748.27,0.00,7.66,35.17,0.00,1024.46,0.00,627.80,0.00,194.38,22352.55,2089.13,0.00,6753.95,96.63,0.00,3325.22,36.68,0.00,0.00,0.00,0.00,12301.61,2381.62,14683.22,0.00,496.26,0.00,0.00,0.00,18.87,,0.00,,37550.90,,,,,,11.23,3.63,7468.25,1,6,530,20304,OO,SkyWest Airlines Inc.,OO,SkyWest Airlines Inc.,06700,D,3,3,2025,3
9021.03,,60.49,3059.74,0.00,,10089.61,,0.00,,0.00,2503.20,,541.04,,189.02,25464.13,247.67,,549.93,,,817.29,119.45,23.40,,,,1757.75,1914.23,3671.98,,2051.96,639.66,441.96,0.00,0.00,,0.00,0.00,32269.69,,,,,,2.34,0.36,3659.80,1,6,626,20007,5Y,Atlas Air Inc.,5Y,Atlas Air Inc.,16087,I,3,3,2025,3
9021.74,0.00,1513.09,96.93,0.00,0.00,0.00,0.00,151.65,0.00,25.03,2709.62,0.00,827.94,0.00,0.00,14346.00,174.60,13.98,2060.87,11.21,0.00,211.71,0.00,0.00,0.00,0.00,0.00,2472.37,7.76,2480.13,0.00,0.00,0.00,205.60,70.19,0.00,,0.00,0.00,17101.92,,,,,,4.31,0.60,8023.51,2,6,339,19690,HA,Hawaiian Airlines Inc.,HA,Hawaiian Airlines Inc.,05375,D,3,3,2025,1
9031.00,0.00,6.00,415.00,118.00,0.00,17860.00,1.00,2155.00,0.00,56.00,2509.00,0.00,494.00,542.00,484.00,33671.00,2134.00,89.00,3436.00,3761.00,0.00,519.00,442.00,0.00,0.00,0.00,0.00,10381.00,625.00,11006.00,276.00,1739.00,730.00,199.00,0.00,19.00,,-351.00,,47288.00,,,,,,5.94,1.67,6231.40,1,6,608,19690,HA,Hawaiian Airlines Inc.,HA,Hawaiian Airlines Inc.,05375,D,3,3,2025,3
9046.78,,87.35,2930.48,0.00,,61.47,,0.00,,0.00,2757.31,,787.00,,171.18,15841.57,379.12,,64.71,,,1366.70,139.91,23.24,,,,1973.67,2866.77,4840.44,,30.46,0.00,3035.98,0.00,0.00,,0.00,0.00,23748.44,,,,,,3.72,0.59,2764.14,2,6,614,20007,5Y,Atlas Air Inc.,5Y,Atlas Air Inc.,06087,D,3,3,2025,1
9110.79,,583.58,884.58,,,14826.27,,83.01,,21.59,2412.38,2.77,196.48,208.91,,28330.36,764.11,4.60,3751.80,421.52,,1447.89,412.22,,,,,6802.15,2661.24,9463.39,963.33,2403.24,645.81,113.14,1443.34,,,,,43362.61,,,,,,7.41,1.03,5756.53,1,6,694,19977,UA,United Air Lines Inc.,UA,United Air Lines Inc.,10876,L,3,3,2025,4
9111.85,,726.22,934.34,,,21195.49,,27.00,,23.94,2401.92,-16.92,799.89,8.55,,35212.28,428.66,1.51,1174.63,17.20,,3117.19,228.82,,,,,4968.01,2268.15,7236.16,505.14,1930.31,274.69,72.23,1430.88,,,,,46661.69,,,,,,4.90,0.50,8593.86,1,6,626,19977,UA,United Air Lines Inc.,UA,United Air Lines Inc.,10876,L,3,3,2025,1
9114.98,775.54,201.53,4994.92,714.05,0.00,49730.48,0.00,23709.37,0.00,1637.65,2830.62,-6.74,627.46,20.54,7199.95,101550.33,4025.19,1006.30,0.00,0.00,0.00,7732.60,1933.15,0.00,2633.26,0.00,0.00,17330.49,0.00,17330.49,0.00,0.00,0.00,838.46,0.00,121.80,,0.00,,119841.08,,,,,,5.65,0.83,19660.42,2,8,819,20405,N8,National Air Cargo Group Inc d/ba National Airlines,N8,National Air Cargo Group Inc d/ba National Airlines,11049,I,2,2,2025,3
9155.02,0.00,669.28,615.69,0.00,0.00,19479.85,19.45,2662.19,0.00,9.64,2903.11,0.00,342.11,428.79,0.00,36285.14,1603.94,398.66,1980.29,2381.85,0.00,1066.95,960.31,0.00,0.00,0.00,0.00,8392.00,3850.91,12242.91,177.51,1550.97,410.88,227.93,0.00,99.68,,167.14,,51162.15,,,,,,8.95,1.38,8317.93,1,6,698,19805,AA,American Airlines Inc.,AA,American Airlines Inc.,10050,L,3,3,2025,4
9202.27,4.20,0.00,2979.46,0.00,0.00,202.03,0.00,54.89,0.00,410.10,1435.24,0.00,634.21,0.00,4.90,14927.29,2023.71,0.00,2525.70,115.65,0.00,458.03,97.45,0.00,0.00,0.00,0.00,5220.53,829.53,6050.05,0.00,0.00,0.00,0.00,0.00,0.00,,0.00,,20977.34,,,,,,7.62,1.31,6970.28,2,6,614,20422,SY,Sun Country Airlines d/b/a MN Airlines,SY,Sun Country Airlines d/b/a MN Airlines,06795,D,3,3,2025,2
9253.35,0.00,637.07,656.14,0.00,0.00,16725.38,29.68,2871.36,0.00,10.14,2832.98,0.00,497.18,410.29,0.00,33923.57,1603.25,406.36,2051.86,2526.12,0.00,924.84,1028.36,0.00,0.00,0.00,0.00,8540.78,3843.58,12384.36,197.87,1623.79,399.86,317.37,0.00,121.95,,163.14,,49131.91,,,,,,4.35,0.38,7552.56,1,6,887,19805,AA,American Airlines Inc.,AA,American Airlines Inc.,10050,L,3,3,2025,2
9300.32,0.00,649.64,644.40,0.00,0.00,15494.78,25.33,2873.72,0.00,10.69,2832.92,0.00,792.82,322.78,0.00,32947.40,1651.22,421.49,2142.46,2279.10,0.00,1142.60,1323.81,0.00,0.00,0.00,0.00,8960.68,4075.94,13036.62,182.14,1668.77,410.20,331.93,0.00,125.14,,208.18,,48910.36,,,,,,3.31,0.31,6436.56,1,6,889,19805,AA,American Airlines Inc.,AA,American Airlines Inc.,10050,L,3,3,2025,1
9316.00,0.00,47.00,669.00,0.00,0.00,15027.00,33.00,732.00,0.00,38.00,2768.00,0.00,512.00,689.00,16.00,29847.00,1311.00,56.00,2005.00,1531.00,0.00,302.00,193.00,0.00,0.00,0.00,0.00,5398.00,1449.00,6847.00,51.00,2020.00,822.00,233.00,0.00,50.00,,0.00,,39870.00,,,,,,7.05,0.78,6107.00,1,6,839,19930,AS,Alaska Airlines Inc.,AS,Alaska Airlines Inc.,16031,L,3,3,2025,4
9355.43,,822.16,1051.28,,,21393.27,,137.43,,30.42,2473.20,-66.21,201.43,206.94,,35605.35,764.54,18.08,3155.41,4361.41,,2127.81,565.03,,,,,10992.27,2343.77,13336.04,914.70,997.82,639.75,156.82,619.05,,,0.32,,52269.85,,,,,,7.60,0.73,8643.00,1,6,622,19977,UA,United Air Lines Inc.,UA,United Air Lines Inc.,10874,A,3,3,2025,4
9403.78,,1328.35,1288.29,,,30127.49,,282.68,,43.80,2472.02,-30.95,823.23,358.55,,46097.23,438.94,1.55,3896.05,17.71,,493.26,50.60,,,,,4898.10,1423.97,6322.07,89.54,3769.76,811.24,52.87,112.54,,,,,57255.25,,,,,,4.83,0.38,12123.02,1,6,637,19977,UA,United Air Lines Inc.,UA,United Air Lines Inc.,10874,A,3,3,2025,1
9573.00,0.00,1.00,506.00,96.00,0.00,17955.00,0.00,1538.00,0.00,59.00,2661.00,0.00,522.00,611.00,-77.00,33445.00,2178.00,91.00,3664.00,2937.00,0.00,484.00,412.00,0.00,0.00,0.00,0.00,9766.00,604.00,10370.00,280.00,1698.00,776.00,228.00,0.00,15.00,,-130.00,,46683.00,,,,,,5.59,0.00,0.00,2,6,339,19690,HA,Hawaiian Airlines Inc.,HA,Hawaiian Airlines Inc.,05375,D,3,3,2025,4
9628.82,198.49,0.00,527.44,15.04,,39116.06,38.01,1318.53,47.21,0.00,1867.92,0.00,194.45,153.92,557.27,53663.16,2021.38,0.00,3486.86,0.00,,1664.73,6225.70,0.00,,0.00,,13398.68,2602.65,16001.32,,3328.75,0.00,0.00,,,,27.96,,73021.20,,,,,,4.48,0.49,14788.64,2,8,819,19917,5X,United Parcel Service,5X,United Parcel Service,06910,D,3,3,2025,4
9668.00,0.00,102.00,634.00,0.00,0.00,11304.00,24.00,898.00,0.00,77.00,1406.00,0.00,243.00,527.00,0.00,24883.00,962.00,26.00,937.00,987.00,0.00,595.00,101.00,0.00,0.00,0.00,0.00,3608.00,1389.00,4997.00,41.00,547.00,1299.00,150.00,146.00,43.00,,63.00,0.00,32169.00,,,,,,5.70,0.66,4931.89,1,6,838,19393,WN,Southwest Airlines Co.,WN,Southwest Airlines Co.,11033,L,3,3,2025,3
9668.00,0.00,1388.00,2866.00,388.00,,14090.00,,0.00,19.00,39.00,0.00,,770.00,622.00,2304.00,32154.00,9084.00,1009.00,365.00,329.00,,1539.00,592.00,5725.00,,1386.00,,20029.00,15787.00,35816.00,,413.00,869.00,241.00,22.00,,,,,69515.00,,,,,,2.49,0.58,6523.11,2,7,740,20107,FX,Federal Express Corporation,FX,Federal Express Corporation,16197,P,3,3,2025,3
9744.00,0.00,246.00,609.00,0.00,0.00,22440.00,0.00,841.00,6.00,115.00,2143.00,0.00,369.00,0.00,25.00,36538.00,485.00,199.00,1087.00,1519.00,0.00,867.00,440.00,0.00,0.00,0.00,0.00,4597.00,1889.00,6486.00,99.00,1495.00,795.00,20.00,81.00,0.00,,112.00,0.00,45626.00,,,,,,4.39,0.40,9134.45,1,6,687,19790,DL,Delta Air Lines Inc.,DL,Delta Air Lines Inc.,10260,L,3,3,2025,1
9753.54,0.00,671.10,691.67,0.00,0.00,12471.99,31.31,3024.13,0.00,10.69,2987.32,0.00,524.19,304.95,0.00,30470.88,1689.75,428.15,2162.72,2665.98,0.00,975.03,1082.48,0.00,0.00,0.00,0.00,9004.10,4052.03,13056.13,209.07,1712.46,421.71,335.06,0.00,128.58,,171.81,,46505.71,,,,,,6.06,0.57,5633.38,1,6,721,19805,AA,American Airlines Inc.,AA,American Airlines Inc.,10050,L,3,3,2025,2
9770.31,0.00,673.98,693.10,0.00,0.00,21505.29,31.13,3033.91,0.00,10.70,2987.32,0.00,523.93,527.75,0.00,39757.42,1691.40,429.17,2171.28,2648.83,0.00,976.06,1079.06,0.00,0.00,0.00,0.00,8995.81,4056.12,13051.92,207.29,1714.78,421.89,333.79,0.00,128.54,,171.88,,55787.51,,,,,,10.33,1.55,9714.47,1,6,698,19805,AA,American Airlines Inc.,AA,American Airlines Inc.,10050,L,3,3,2025,2
9776.53,0.00,679.45,619.15,0.00,0.00,16744.44,28.18,2924.07,0.00,10.46,3127.31,0.00,290.41,325.51,0.00,34525.52,1710.54,432.82,2082.65,2952.30,0.00,1124.83,1284.77,0.00,0.00,0.00,0.00,9587.91,4094.42,13682.32,188.32,1660.34,421.38,314.40,0.00,123.47,,170.06,,51085.81,,,,,,4.43,0.38,7302.10,1,6,887,19805,AA,American Airlines Inc.,AA,American Airlines Inc.,10050,L,3,3,2025,3
9791.00,0.00,1.00,726.00,0.00,0.00,16291.00,34.00,839.00,0.00,42.00,2893.00,0.00,534.00,675.00,101.00,31927.00,1447.00,63.00,2510.00,1741.00,0.00,501.00,271.00,0.00,0.00,0.00,0.00,6534.00,1571.00,8105.00,51.00,2307.00,902.00,243.00,0.00,45.00,,0.00,,43578.00,,,,,,7.50,0.86,6522.00,1,6,888,19930,AS,Alaska Airlines Inc.,AS,Alaska Airlines Inc.,16031,L,3,3,2025,1
9846.69,0.00,683.55,627.81,0.00,0.00,12885.48,29.09,2941.34,0.00,10.50,3172.73,0.00,295.70,262.11,0.00,30754.99,1729.60,434.67,2085.18,2974.51,0.00,1136.13,1323.03,0.00,0.00,0.00,0.00,9683.12,4118.39,13801.51,187.28,1663.41,422.33,317.46,0.00,121.56,,170.80,,47439.34,,,,,,5.92,0.57,5610.59,1,6,721,19805,AA,American Airlines Inc.,AA,American Airlines Inc.,10050,L,3,3,2025,3
9848.56,152.50,0.00,426.69,16.25,,36058.94,47.48,1390.94,47.39,0.00,2599.43,0.00,517.04,114.89,596.25,51816.35,2153.35,0.00,4830.01,0.00,,1932.43,5004.52,0.00,,0.00,,13920.32,2954.57,16874.89,,3602.89,0.00,0.00,,,,58.57,,72352.70,,,,,,4.99,0.52,14591.08,2,8,819,19917,5X,United Parcel Service,5X,United Parcel Service,16913,P,3,3,2025,2
9880.00,0.00,-12.00,710.00,0.00,0.00,13319.00,-5.00,-126.00,0.00,69.00,2915.00,0.00,537.00,542.00,11.00,27840.00,-126.00,-5.00,400.00,-739.00,0.00,-29.00,-19.00,0.00,0.00,0.00,0.00,-518.00,-139.00,-658.00,14.00,3423.00,1059.00,124.00,0.00,-15.00,,0.00,,31787.00,,,,,,7.48,0.76,5456.00,1,6,838,19930,AS,Alaska Airlines Inc.,AS,Alaska Airlines Inc.,06031,D,3,3,2025,4
9948.97,1501.59,192.65,15706.30,607.65,0.00,57961.17,0.00,20137.38,0.00,1333.70,1827.06,8.28,668.95,-308.95,-4577.82,105006.92,3801.20,950.30,0.00,0.00,0.00,12428.52,3107.13,0.00,2718.32,0.00,0.00,23005.46,0.00,23005.46,0.00,0.00,0.00,618.56,0.00,108.07,,0.00,,128739.01,,,,,,6.95,0.83,23970.58,2,8,819,20405,N8,National Air Cargo Group Inc d/ba National Airlines,N8,National Air Cargo Group Inc d/ba National Airlines,11049,I,2,2,2025,4
9954.82,,65.27,3429.62,0.00,,4968.08,,0.00,,0.00,2592.61,,442.39,,335.97,21788.75,264.74,,865.03,,,994.69,101.01,19.43,,,,2244.89,1894.96,4139.85,,0.50,0.00,524.69,0.00,0.00,,0.00,0.00,26453.78,,,,,,2.39,0.32,3354.29,2,6,626,20007,5Y,Atlas Air Inc.,5Y,Atlas Air Inc.,16087,I,3,3,2025,4
9964.00,0.00,1.00,526.00,100.00,0.00,18688.00,0.00,1601.00,0.00,62.00,2770.00,0.00,543.00,636.00,-80.00,34812.00,2267.00,94.00,3813.00,3057.00,0.00,504.00,429.00,0.00,0.00,0.00,0.00,10165.00,629.00,10794.00,291.00,1768.00,808.00,237.00,0.00,15.00,,-135.00,,48590.00,,,,,,5.82,1.75,6243.33,1,6,608,19690,HA,Hawaiian Airlines Inc.,HA,Hawaiian Airlines Inc.,05375,D,3,3,2025,4
9977.00,0.00,204.00,896.00,0.00,0.00,13191.00,0.00,1075.00,0.00,149.00,3011.00,0.00,472.00,0.00,23.00,28998.00,730.00,328.00,833.00,2602.00,0.00,1352.00,464.00,0.00,0.00,0.00,0.00,6309.00,2512.00,8821.00,96.00,1929.00,1118.00,13.00,112.00,0.00,,130.00,0.00,41217.00,,,,,,6.44,0.59,5895.18,1,6,721,19790,DL,Delta Air Lines Inc.,DL,Delta Air Lines Inc.,10260,L,3,3,2025,3
9985.64,,676.77,1069.08,,,17079.51,,289.86,,23.46,2491.09,-152.32,279.71,217.92,,31960.70,713.18,3.51,4456.87,1724.09,,291.59,315.87,,,,,7505.12,8342.63,15847.75,152.01,1989.10,1365.49,13.13,125.66,,,83.70,,51537.54,,,,,,8.33,0.95,6938.40,1,6,614,19977,UA,United Air Lines Inc.,UA,United Air Lines Inc.,10876,L,3,3,2025,3
10087.19,201.89,230.34,2751.66,471.34,0.00,291.00,0.00,3180.24,8.88,369.09,2054.90,0.00,803.62,0.00,0.00,20450.16,8102.37,0.00,3705.85,2223.67,0.00,5619.48,644.09,0.00,0.00,0.00,0.00,20295.45,0.00,20295.45,0.00,1158.33,1709.85,0.00,222.54,0.00,,0.00,0.00,43836.33,,,,,,8.40,1.60,14315.18,2,6,626,20453,ABX,ABX Air Inc,ABX,ABX Air Inc,80006,D,2,2,2025,3
10087.28,0.00,703.82,701.90,0.00,0.00,22219.24,26.97,3121.05,0.00,11.59,3084.14,0.00,864.39,461.91,0.00,41282.29,1795.80,457.31,2335.17,2490.42,0.00,1252.92,1386.80,0.00,0.00,0.00,0.00,9718.40,4425.04,14143.44,197.76,1809.06,444.74,359.28,0.00,135.67,,222.15,,58594.38,,,,,,10.10,1.55,9242.78,1,6,698,19805,AA,American Airlines Inc.,AA,American Airlines Inc.,10050,L,3,3,2025,1
10093.64,,908.03,1252.45,,,16667.47,,74.20,,34.03,2674.31,-0.63,511.83,420.37,,32635.69,393.32,,2161.40,56.38,,870.18,76.52,,,,,3557.80,1013.63,4571.43,53.02,3324.24,1050.90,2.65,55.39,,,,,41693.33,,,,,,4.21,0.32,7696.68,1,6,837,19977,UA,United Air Lines Inc.,UA,United Air Lines Inc.,10877,P,3,3,2025,2
10128.94,0.00,1936.35,529.09,24.50,0.00,15035.11,2.29,0.00,0.00,22.75,3628.17,0.00,1029.90,518.06,18.66,32873.82,5117.13,247.96,5997.22,9753.49,0.00,2105.42,39.32,0.00,0.00,0.00,0.00,23260.53,2293.59,25554.12,840.25,237.07,683.21,330.24,16.67,0.23,,0.00,0.00,60535.59,,,,,,6.01,1.71,6401.54,1,6,608,19690,HA,Hawaiian Airlines Inc.,HA,Hawaiian Airlines Inc.,05375,D,3,3,2025,1
10149.29,0.00,299.76,581.27,2.08,0.00,16541.24,0.00,89.56,0.69,-11.71,2557.55,0.00,834.54,34.42,51.40,31130.07,1002.26,0.00,748.92,267.52,0.00,129.49,8.01,0.00,0.00,0.00,0.00,2156.19,1651.27,3807.46,5.08,1422.52,388.86,0.00,9.15,44.14,,0.00,,36807.27,,,,,,6.67,0.84,6489.30,1,6,721,20409,B6,JetBlue Airways,B6,JetBlue Airways,16673,L,3,3,2025,1
10185.05,0.00,1654.68,545.30,208.66,0.00,13636.78,1.88,0.00,0.00,23.14,3202.92,3.68,820.59,479.43,11.25,30773.35,5166.56,271.95,6427.28,9553.64,0.00,1856.32,78.23,0.00,0.00,0.00,0.00,23353.97,2272.16,25626.13,957.92,237.07,683.21,411.96,29.61,1.66,,0.00,0.00,58720.90,,,,,,6.02,1.73,6449.18,1,6,608,19690,HA,Hawaiian Airlines Inc.,HA,Hawaiian Airlines Inc.,05375,D,3,3,2025,2
10229.00,0.00,214.00,943.00,0.00,0.00,19112.00,0.00,1131.00,0.00,157.00,3168.00,0.00,497.00,0.00,24.00,35475.00,768.00,345.00,876.00,2738.00,0.00,1423.00,488.00,0.00,0.00,0.00,0.00,6638.00,2643.00,9281.00,101.00,2029.00,1176.00,14.00,118.00,0.00,,137.00,0.00,48331.00,,,,,,6.78,0.85,8540.98,1,6,622,19790,DL,Delta Air Lines Inc.,DL,Delta Air Lines Inc.,10260,L,3,3,2025,3
10246.65,0.00,1329.93,1397.87,90.22,0.00,164.64,13.42,1812.69,-2.88,28.34,1364.77,0.00,893.73,24.24,2.49,17366.11,2507.65,0.00,5965.37,1362.71,0.00,2297.69,55.63,0.00,0.00,0.00,580.88,12769.92,4111.11,16881.03,0.00,661.13,1034.19,99.76,50.01,0.00,,0.00,,36092.22,,,,,,9.32,3.68,4505.87,1,6,629,20046,ZW,Air Wisconsin Airlines Corp,ZW,Air Wisconsin Airlines Corp,06024,D,2,2,2025,1
10254.42,0.00,935.82,1484.79,0.00,0.00,0.00,0.00,5066.01,0.00,0.00,17.46,0.00,588.10,0.00,0.00,18346.60,1252.96,38.75,2470.49,0.00,0.00,621.03,208.97,0.00,0.00,0.00,1931.87,6524.07,2802.32,9326.39,34.59,0.00,0.00,0.00,0.00,0.00,,0.00,,27707.58,,,,,,10.25,4.48,6954.62,1,6,673,20398,MQ,Envoy Air,MQ,Envoy Air,16820,L,3,3,2025,4
10327.04,249.40,254.15,2704.25,421.44,0.00,247.49,0.00,3877.21,27.20,439.09,2161.06,0.00,673.46,0.00,0.00,21381.78,8695.28,0.00,4568.55,2363.77,0.00,4938.32,971.82,0.00,0.00,0.00,0.00,21537.73,0.00,21537.73,0.00,1390.38,1386.27,0.00,1223.41,0.00,,0.00,0.00,46919.56,,,,,,9.10,1.64,15580.55,2,6,626,20453,ABX,ABX Air Inc,ABX,ABX Air Inc,80006,D,2,2,2025,4
10363.28,,773.47,1102.47,,,19186.51,,379.07,,28.62,2742.07,-60.86,223.33,365.10,,35103.06,881.63,5.23,8146.81,3023.78,,838.07,314.38,,,,,13209.89,2580.75,15790.64,150.49,2206.31,1409.89,15.35,115.43,,,434.74,,55225.91,,,,,,8.43,0.99,7211.01,1,6,614,19977,UA,United Air Lines Inc.,UA,United Air Lines Inc.,10877,P,3,3,2025,4
10372.64,212.93,289.46,2644.02,480.88,0.00,368.13,0.00,3430.89,12.38,408.29,3150.31,0.00,1019.30,0.00,0.00,22389.22,10421.55,0.00,4172.76,2541.56,0.00,6334.45,492.33,0.00,0.00,0.00,0.00,23962.65,0.00,23962.65,0.00,1252.76,1973.43,0.00,163.95,0.00,,0.00,0.00,49742.01,,,,,,9.14,1.81,15596.48,2,6,626,20453,ABX,ABX Air Inc,ABX,ABX Air Inc,80006,D,2,2,2025,2
10488.67,150.22,0.00,960.39,20.53,,42388.63,47.29,1444.26,56.26,0.00,2551.84,0.00,292.36,106.91,830.86,59338.20,2204.10,0.00,5104.99,0.00,,1560.75,6982.29,0.00,,0.00,,15852.13,3012.18,18864.32,,3760.84,0.00,0.00,,,,31.66,,81995.00,,,,,,5.11,0.55,17418.68,2,8,819,19917,5X,United Parcel Service,5X,United Parcel Service,16913,P,3,3,2025,3
10542.91,0.00,290.03,1400.47,0.00,0.00,9151.28,0.00,7.21,42.16,0.00,1350.16,0.00,713.14,0.00,250.60,23747.96,2279.43,0.00,8829.36,-96.76,0.00,4199.71,0.00,0.00,0.00,0.00,0.00,15211.74,2756.14,17967.88,0.00,126.52,-1523.68,-58.63,0.00,21.92,,0.00,,40281.96,,,,,,12.58,4.05,8191.01,1,6,530,20304,OO,SkyWest Airlines Inc.,OO,SkyWest Airlines Inc.,06700,D,3,3,2025,4
10555.12,,885.76,1274.46,,,18234.89,,78.81,,30.70,2630.77,318.70,295.39,330.15,,34634.75,395.35,,1824.86,-0.95,,649.36,170.45,,,,,3039.07,1117.77,4156.84,52.35,3236.43,1019.26,3.36,52.29,,,,,43155.29,,,,,,4.40,0.31,8045.51,1,6,837,19977,UA,United Air Lines Inc.,UA,United Air Lines Inc.,10877,P,3,3,2025,3
10560.42,0.00,769.64,715.49,0.00,0.00,12605.54,22.37,3081.78,0.00,11.15,3378.88,0.00,397.46,285.53,0.00,31828.26,1857.03,459.95,2318.28,2779.14,0.00,1238.32,1114.94,0.00,0.00,0.00,0.00,9767.65,4455.24,14222.88,205.13,1792.42,473.92,262.99,0.00,115.10,,192.49,,49093.20,,,,,,6.01,0.61,5388.20,1,6,721,19805,AA,American Airlines Inc.,AA,American Airlines Inc.,10050,L,3,3,2025,4
10610.00,0.00,314.00,2172.07,1801.86,0.00,15776.62,53.10,0.00,4.02,425.96,465.19,0.00,464.32,0.00,7559.18,39646.32,3149.82,0.00,0.00,0.00,0.00,4707.16,7858.17,0.00,0.00,0.00,0.00,15715.15,0.00,15715.15,,0.00,0.00,0.00,0.00,0.00,,0.00,,55361.47,,,,,,6.72,0.67,6945.68,2,6,626,20151,M6,Amerijet International,M6,Amerijet International,16052,L,2,2,2025,3
10633.54,,777.07,1263.84,,,15591.70,,26.48,,29.12,2820.56,-83.47,539.82,9145.44,,40744.09,918.01,3.07,5562.82,456.05,,683.39,121.48,,,,,7744.82,2404.52,10149.35,9.20,148.68,21.59,,25.27,,,,,51098.18,,,,,,8.80,1.08,7198.31,1,6,634,19977,UA,United Air Lines Inc.,UA,United Air Lines Inc.,0A875,D,3,3,2025,2
10647.81,,930.44,1213.50,,,18420.00,,143.27,,34.43,2814.95,4.42,229.27,506.14,,34944.22,459.61,,1687.35,47.48,,770.77,185.97,,,,,3151.19,1074.41,4225.60,54.13,3286.23,1031.32,3.70,47.99,,,,,43593.18,,,,,,4.33,0.32,7891.52,1,6,837,19977,UA,United Air Lines Inc.,UA,United Air Lines Inc.,10877,P,3,3,2025,4
10679.07,220.14,0.00,584.97,16.68,,43382.60,42.16,1462.35,52.36,0.00,2071.66,0.00,215.66,170.71,618.05,59516.42,2241.86,0.00,3867.19,0.00,,1846.31,6904.77,0.00,,0.00,,14860.13,2886.53,17746.65,,3691.83,0.00,0.00,,,,31.01,,80985.92,,,,,,5.11,0.54,16791.58,2,8,819,19917,5X,United Parcel Service,5X,United Parcel Service,16913,P,3,3,2025,4
10745.04,,66.20,3981.97,0.00,,834.01,,0.00,,0.00,2953.14,,814.45,,438.96,19833.76,281.50,,13.62,,,1000.00,160.60,13.83,,,,1469.55,2083.05,3552.60,,8.16,0.00,831.80,0.00,0.00,,0.00,0.00,24226.33,,,,,,2.90,0.22,6574.90,2,6,627,20007,5Y,Atlas Air Inc.,5Y,Atlas Air Inc.,06087,D,3,3,2025,2
10775.00,0.00,1355.00,0.00,0.00,,19184.00,,0.00,0.00,0.00,0.00,,0.00,1270.00,2296.00,34880.00,0.00,0.00,15.00,115.00,,836.00,137.00,1438.00,,0.00,,2541.00,4740.00,7281.00,,8365.00,1610.00,125.00,4.00,,,,,52265.00,,,,,,4.81,1.24,7985.47,2,6,626,20107,FX,Federal Express Corporation,FX,Federal Express Corporation,16195,L,3,3,2025,4
10884.63,168.54,0.00,471.57,17.96,,19561.73,52.47,2075.98,52.37,266.39,2872.89,0.00,571.43,513.74,658.97,38168.67,2379.88,0.00,2799.65,0.00,,1613.60,3620.92,0.00,,0.00,,10414.06,3265.39,13679.45,,2531.92,0.00,0.00,,,,64.73,,54444.77,,,,,,5.09,0.82,7335.41,2,6,626,19917,5X,United Parcel Service,5X,United Parcel Service,16913,P,3,3,2025,2
10929.73,0.00,763.04,758.18,0.00,0.00,14113.21,29.61,3377.39,0.00,12.56,3332.39,0.00,932.95,293.36,0.00,34542.41,1941.45,495.18,2520.99,2683.45,0.00,1346.22,1535.46,0.00,0.00,0.00,0.00,10522.74,4789.85,15312.59,214.18,1960.79,482.02,389.76,0.00,147.04,,243.42,,53292.22,,,,,,6.38,0.65,5864.78,1,6,721,19805,AA,American Airlines Inc.,AA,American Airlines Inc.,10050,L,3,3,2025,1
10939.45,0.00,0.00,389.21,9.39,,20972.96,49.31,2209.51,6.99,257.12,3094.27,0.00,1061.15,409.31,-6.35,39392.30,2568.21,0.00,2442.43,0.00,,1786.23,3445.69,0.00,,0.00,,10242.56,2892.85,13135.41,,2025.40,377.70,112.77,,,,45.31,,55088.90,,,,,,4.98,0.96,8168.27,2,6,626,19917,5X,United Parcel Service,5X,United Parcel Service,16913,P,3,3,2025,1
11013.21,,869.62,1178.85,,,16597.55,,1.52,,28.67,2903.22,-20.26,966.83,8684.05,,42223.26,911.03,2.73,5330.59,160.86,,478.32,48.14,,,,,6931.69,2794.76,9726.44,9.84,145.23,22.13,,28.47,,,,,52155.37,,,,,,8.55,1.08,6943.81,1,6,634,19977,UA,United Air Lines Inc.,UA,United Air Lines Inc.,0A875,D,3,3,2025,1
11091.00,0.00,211.00,917.00,0.00,0.00,18231.00,0.00,1152.00,1.00,161.00,3552.00,0.00,529.00,0.00,27.00,35872.00,761.00,319.00,224.00,2653.00,0.00,1372.00,221.00,0.00,0.00,0.00,0.00,5550.00,2755.00,8305.00,103.00,2080.00,1227.00,15.00,124.00,0.00,,141.00,0.00,47867.00,,,,,,6.55,0.92,8069.73,1,6,622,19790,DL,Delta Air Lines Inc.,DL,Delta Air Lines Inc.,10260,L,3,3,2025,4
11114.03,,1061.79,1256.16,,,18897.11,,50.36,,35.01,2927.62,-24.74,974.96,463.94,,36756.22,408.63,,1583.28,12.36,,901.83,55.11,,,,,2961.21,1936.17,4897.38,58.80,3716.18,1173.32,2.89,64.98,,,,,46669.77,,,,,,4.32,0.36,7903.71,1,6,837,19977,UA,United Air Lines Inc.,UA,United Air Lines Inc.,10877,P,3,3,2025,1
11239.04,272.37,328.80,2914.45,334.26,0.00,353.03,0.00,3634.97,25.38,425.95,4172.05,0.00,1219.88,0.00,0.00,24920.20,10376.13,0.00,3430.26,1910.44,0.00,5408.75,564.74,0.00,0.00,0.00,0.00,21690.32,0.00,21690.32,0.00,1337.44,1938.13,0.00,269.44,0.00,,0.00,0.00,50155.52,,,,,,8.76,1.80,14916.78,2,6,626,20453,ABX,ABX Air Inc,ABX,ABX Air Inc,80006,D,2,2,2025,1
11280.40,0.00,774.95,800.17,0.00,0.00,18926.75,36.28,3489.47,0.00,12.38,3458.67,0.00,606.57,463.93,0.00,39849.55,1953.58,494.57,2501.59,3092.65,0.00,1128.32,1246.19,0.00,0.00,0.00,0.00,10416.90,4688.60,15105.50,243.34,1983.62,488.49,389.17,0.00,148.85,,198.17,,58406.69,,,,,,4.34,0.39,8537.00,1,6,889,19805,AA,American Airlines Inc.,AA,American Airlines Inc.,10052,P,3,3,2025,2
11295.14,0.00,777.65,800.90,0.00,0.00,24243.31,36.23,3505.39,0.00,12.38,3458.04,0.00,606.92,592.74,0.00,45328.69,1957.13,496.06,2504.34,3083.85,0.00,1128.88,1256.05,0.00,0.00,0.00,0.00,10426.30,4691.64,15117.94,241.52,1981.86,488.05,387.35,0.00,148.86,,199.20,,63893.46,,,,,,4.58,0.40,10954.51,1,6,627,19805,AA,American Airlines Inc.,AA,American Airlines Inc.,10052,P,3,3,2025,2
11354.14,,803.85,1208.28,,,17559.65,,90.54,,29.74,3005.02,-140.37,244.75,8754.57,,42910.16,1080.29,5.73,4191.70,592.03,,582.14,259.76,,,,,6711.66,2670.63,9382.29,5.77,211.27,35.60,,12.41,,,,,52557.50,,,,,,9.23,1.10,7612.05,1,6,634,19977,UA,United Air Lines Inc.,UA,United Air Lines Inc.,0A875,D,3,3,2025,4
11355.00,0.00,1.00,842.00,0.00,0.00,18894.00,40.00,973.00,0.00,48.00,3355.00,0.00,619.00,783.00,117.00,37027.00,1678.00,73.00,2911.00,2020.00,0.00,581.00,315.00,0.00,0.00,0.00,0.00,7578.00,1822.00,9400.00,59.00,2675.00,1046.00,281.00,0.00,52.00,,0.00,,50540.00,,,,,,8.70,1.00,7564.00,1,6,839,19930,AS,Alaska Airlines Inc.,AS,Alaska Airlines Inc.,16031,L,3,3,2025,1
11405.23,,62.38,3950.52,0.00,,9829.30,,0.00,,0.00,3313.80,,1001.13,,237.42,29799.78,270.73,,790.63,,,975.99,99.91,16.60,,,,2153.86,2047.22,4201.08,,2121.37,626.31,1668.33,0.00,0.00,,0.00,0.00,38416.87,,,,,,2.13,0.32,3269.53,1,6,626,20007,5Y,Atlas Air Inc.,5Y,Atlas Air Inc.,16087,I,3,3,2025,1
11458.56,164.11,0.00,1049.20,22.43,,21264.64,51.66,2125.64,61.47,267.29,2787.80,0.00,319.39,506.47,907.69,40986.34,2407.92,0.00,2641.32,0.00,,1748.03,3323.15,0.00,,0.00,,10120.42,3290.72,13411.14,,2538.10,0.00,0.00,,,,34.58,,56970.16,,,,,,5.14,0.98,8606.67,2,6,626,19917,5X,United Parcel Service,5X,United Parcel Service,16913,P,3,3,2025,3
11466.29,0.00,338.66,656.69,2.35,0.00,6886.29,0.00,101.07,0.77,12.20,2889.42,0.00,942.84,38.89,58.07,23393.53,1132.32,0.00,845.73,302.23,0.00,146.29,9.05,0.00,0.00,0.00,0.00,2435.62,1865.19,4300.81,5.74,1607.11,439.32,0.00,10.34,49.87,,0.00,,29806.71,,,,,,7.53,0.95,2701.57,1,6,721,20409,B6,JetBlue Airways,B6,JetBlue Airways,10875,A,3,3,2025,1
11498.00,0.00,122.00,753.00,0.00,0.00,13442.00,29.00,1068.00,0.00,92.00,1672.00,0.00,289.00,626.00,0.00,29591.00,1143.00,31.00,1114.00,1173.00,0.00,707.00,120.00,0.00,0.00,0.00,0.00,4288.00,1651.00,5939.00,49.00,650.00,1544.00,178.00,246.00,51.00,,107.00,0.00,38355.00,,,,,,6.78,0.79,5865.04,1,6,612,19393,WN,Southwest Airlines Co.,WN,Southwest Airlines Co.,11033,L,3,3,2025,3
11498.00,0.00,387.00,1020.00,0.00,0.00,14940.00,0.00,1281.00,4.00,175.00,3547.00,0.00,626.00,0.00,41.00,33519.00,816.00,391.00,1475.00,2520.00,0.00,1388.00,72.00,0.00,0.00,0.00,0.00,6662.00,2936.00,9598.00,73.00,2286.00,1281.00,7.00,129.00,0.00,,145.00,0.00,47038.00,,,,,,7.52,0.67,6775.70,1,6,721,19790,DL,Delta Air Lines Inc.,DL,Delta Air Lines Inc.,10260,L,3,3,2025,2
11517.86,0.00,349.50,869.60,2.80,0.00,19433.50,0.00,198.93,0.15,14.35,3115.36,0.00,374.74,376.79,69.76,36323.33,1309.60,0.00,888.66,383.51,0.00,237.79,8.39,0.00,0.00,0.00,0.00,2827.94,2039.82,4867.76,6.74,1668.90,468.09,0.00,12.11,70.54,,0.00,,43417.48,,,,,,8.32,0.82,8030.37,1,6,721,20409,B6,JetBlue Airways,B6,JetBlue Airways,06673,D,3,3,2025,3
11590.00,0.00,285.00,706.00,0.00,0.00,22809.00,0.00,975.00,7.00,133.00,2486.00,0.00,428.00,0.00,29.00,39448.00,562.00,231.00,1261.00,1762.00,0.00,1006.00,511.00,0.00,0.00,0.00,0.00,5333.00,2191.00,7524.00,115.00,1734.00,922.00,23.00,94.00,0.00,,130.00,0.00,49990.00,,,,,,5.10,0.41,9284.77,1,6,339,19790,DL,Delta Air Lines Inc.,DL,Delta Air Lines Inc.,10260,L,3,3,2025,1
11607.67,0.00,312.13,2376.83,2178.43,0.00,19657.29,62.10,0.00,8.70,467.10,425.46,0.00,430.20,0.00,8043.99,45569.89,2860.79,0.00,0.00,0.00,0.00,5692.94,8472.69,0.00,0.00,0.00,0.00,17026.41,0.00,17026.41,,0.00,0.00,0.00,0.00,0.00,,0.00,,62596.30,,,,,,8.58,0.69,7790.90,2,6,626,20151,M6,Amerijet International,M6,Amerijet International,16052,L,2,2,2025,4
11643.92,0.00,809.09,737.40,0.00,0.00,25738.07,33.58,3480.47,0.00,12.45,3725.84,0.00,346.11,499.88,0.00,47026.80,2037.40,515.24,2477.23,3516.20,0.00,1338.79,1533.25,0.00,0.00,0.00,0.00,11418.10,4874.52,16292.63,223.99,1975.94,501.48,374.38,0.00,146.78,,202.47,,66744.46,,,,,,4.59,0.39,11225.07,1,6,627,19805,AA,American Airlines Inc.,AA,American Airlines Inc.,10052,P,3,3,2025,3
11670.31,376.42,577.10,171.05,3.81,0.00,21221.62,0.00,1363.87,0.08,288.57,1792.36,0.00,654.79,0.00,356.59,38476.56,958.48,0.00,63.63,98.55,0.00,886.00,4.05,0.00,0.00,0.00,0.00,2010.70,706.88,2717.58,0.00,3215.12,2014.98,863.30,0.00,0.00,,0.00,,47287.53,,,,,,10.73,1.36,8249.20,1,6,838,20368,G4,Allegiant Air,G4,Allegiant Air,06035,D,3,3,2025,4
11675.00,0.00,1881.00,,0.00,,18915.00,,,,,,,,1500.00,2661.00,36632.00,,,0.00,144.00,,921.00,42.00,1644.00,,,,2751.00,2273.00,5024.00,,9474.00,1827.00,151.00,4.00,,,,,53112.00,,,,,,5.07,1.47,8774.74,2,6,626,20107,FX,Federal Express Corporation,FX,Federal Express Corporation,16197,P,3,3,2025,2
11687.13,,60.67,4077.35,0.00,,130.12,,0.00,,0.00,3347.17,,985.89,,545.64,20833.97,263.34,,44.95,,,949.33,97.18,16.14,,,,1370.94,1991.30,3362.24,,21.16,0.00,312.09,0.00,0.00,,0.00,0.00,24529.46,,,,,,2.74,0.23,6091.55,2,6,627,20007,5Y,Atlas Air Inc.,5Y,Atlas Air Inc.,06087,D,3,3,2025,1
11698.16,0.00,818.56,812.10,0.00,0.00,26032.22,31.67,3626.96,0.00,13.45,3571.78,0.00,1000.47,545.01,0.00,48150.38,2084.28,532.19,2702.77,2880.18,0.00,1450.00,1696.03,0.00,0.00,0.00,0.00,11345.45,5142.89,16488.33,228.57,2099.30,515.85,418.06,0.00,157.41,,261.42,,68319.31,,,,,,4.49,0.47,10823.57,1,6,627,19805,AA,American Airlines Inc.,AA,American Airlines Inc.,10052,P,3,3,2025,1
11711.00,0.00,167.00,763.00,0.00,0.00,15063.00,30.00,1408.00,0.00,110.00,2649.00,0.00,980.00,660.00,0.00,33541.00,1357.00,35.00,1447.00,1350.00,0.00,766.00,64.00,0.00,0.00,0.00,0.00,5019.00,1846.00,6865.00,57.00,863.00,1928.00,283.00,194.00,57.00,,92.00,0.00,43880.00,,,,,,7.52,0.91,6309.00,1,6,838,19393,WN,Southwest Airlines Co.,WN,Southwest Airlines Co.,11033,L,3,3,2025,1
11777.78,0.00,2122.91,141.02,0.00,0.00,0.00,0.00,215.67,0.00,89.66,3019.75,2.30,551.72,0.00,0.00,17920.81,153.34,10.36,2890.08,34.69,0.00,509.17,0.11,0.00,0.00,0.00,0.00,3597.75,4.32,3602.07,0.00,0.00,0.00,330.43,174.07,0.00,,0.00,0.00,22027.37,,,,,,4.80,0.77,8939.32,2,6,339,19690,HA,Hawaiian Airlines Inc.,HA,Hawaiian Airlines Inc.,05375,D,3,3,2025,2
11805.00,0.00,141.00,795.00,0.00,0.00,14889.00,31.00,1303.00,0.00,94.00,2676.00,0.00,593.00,665.00,0.00,32992.00,1257.00,34.00,1204.00,1834.00,0.00,707.00,112.00,0.00,0.00,0.00,0.00,5148.00,1792.00,6940.00,29.00,794.00,1792.00,238.00,202.00,56.00,,81.00,0.00,43124.00,,,,,,7.88,0.86,6702.17,1,6,838,19393,WN,Southwest Airlines Co.,WN,Southwest Airlines Co.,11033,L,3,3,2025,2
11811.40,0.00,866.13,788.47,0.00,0.00,25442.25,25.17,3422.82,0.00,12.40,3711.36,0.00,438.35,541.22,0.00,47059.58,2062.20,514.33,2516.51,3038.88,0.00,1368.01,1232.18,0.00,0.00,0.00,0.00,10732.12,4955.14,15687.27,228.59,1997.40,530.20,294.01,0.00,128.40,,216.00,,66141.46,,,,,,3.92,0.37,10852.45,1,6,637,19805,AA,American Airlines Inc.,AA,American Airlines Inc.,10050,L,3,3,2025,4
11829.53,,841.83,1198.78,,,18402.93,,432.80,,31.15,3130.77,-66.24,254.99,266.01,,36322.54,985.95,5.97,5309.58,3452.40,,-34.96,333.85,,,,,10052.79,2649.98,12702.77,171.82,2519.06,1609.74,17.53,131.79,,,496.36,,53971.61,,,,,,9.62,1.14,7457.06,1,6,614,19977,UA,United Air Lines Inc.,UA,United Air Lines Inc.,10876,L,3,3,2025,4
11840.00,0.00,1619.00,,0.00,,20799.00,,,,,,,,1540.00,2934.00,38732.00,,,18.00,90.00,,1314.00,14.00,1799.00,,,,3235.00,2550.00,5785.00,,10126.00,1950.00,152.00,5.00,,,,,56750.00,,,,,,5.26,1.58,9167.74,2,6,626,20107,FX,Federal Express Corporation,FX,Federal Express Corporation,16197,P,3,3,2025,3
11856.10,0.00,21.11,1695.17,0.00,0.00,552.83,0.00,4.54,30.63,40.39,1320.06,0.00,884.15,242.96,185.31,16833.24,3107.40,0.00,11423.74,1915.33,0.00,7239.77,450.49,0.00,0.00,0.00,0.00,24136.72,2308.00,26444.73,0.00,1097.18,226.20,0.00,0.00,17.61,,0.00,,44618.95,,,,,,15.40,4.19,10736.14,1,6,638,20304,OO,SkyWest Airlines Inc.,OO,SkyWest Airlines Inc.,06700,D,3,3,2025,2
11858.52,0.00,816.49,840.78,0.00,0.00,25640.74,38.05,3681.22,0.00,12.99,3630.33,0.00,637.24,627.09,0.00,47783.44,2054.97,520.88,2628.77,3237.95,0.00,1185.13,1320.14,0.00,0.00,0.00,0.00,10947.85,4925.52,15873.37,253.48,2080.23,512.31,406.55,0.00,156.29,,209.24,,67274.91,,,,,,4.89,0.43,11590.85,1,6,627,19805,AA,American Airlines Inc.,AA,American Airlines Inc.,10050,L,3,3,2025,2
11981.00,0.00,178.00,774.00,0.00,0.00,25849.00,0.00,971.00,1.00,136.00,2996.00,0.00,447.00,0.00,23.00,43356.00,642.00,269.00,189.00,2237.00,0.00,1157.00,186.00,0.00,0.00,0.00,0.00,4680.00,2324.00,7004.00,87.00,1754.00,1035.00,13.00,104.00,0.00,,119.00,0.00,53472.00,,,,,,5.52,0.49,11441.96,1,6,687,19790,DL,Delta Air Lines Inc.,DL,Delta Air Lines Inc.,01260,D,3,3,2025,4
12003.00,0.00,1641.00,0.00,0.00,,20623.00,,0.00,0.00,0.00,0.00,,0.00,1520.00,2549.00,38336.00,0.00,0.00,19.00,93.00,,1605.00,268.00,1854.00,,0.00,,3839.00,6816.00,10655.00,,10435.00,2010.00,157.00,5.00,,,,,61598.00,,,,,,5.42,1.54,8932.06,2,6,626,20107,FX,Federal Express Corporation,FX,Federal Express Corporation,16195,L,3,3,2025,3
12039.00,0.00,1244.00,2136.00,423.00,,7918.00,,0.00,21.00,38.00,0.00,,648.00,369.00,9194.00,34030.00,9210.00,1023.00,143.00,608.00,,177.00,285.00,1898.00,,941.00,,14285.00,12899.00,27184.00,,427.00,897.00,251.00,23.00,,,,,62812.00,,,,,,1.36,0.63,3506.85,2,7,740,20107,FX,Federal Express Corporation,FX,Federal Express Corporation,16197,P,3,3,2025,4
12161.13,0.00,844.83,770.73,0.00,0.00,24876.32,35.18,3633.34,0.00,13.00,3895.21,0.00,362.05,489.94,0.00,47081.73,2128.93,537.81,2583.71,3672.52,0.00,1398.21,1607.14,0.00,0.00,0.00,0.00,11928.31,5089.17,17017.48,233.43,2061.60,523.25,391.08,0.00,152.76,,211.34,,67672.67,,,,,,4.81,0.41,10842.92,1,6,627,19805,AA,American Airlines Inc.,AA,American Airlines Inc.,10050,L,3,3,2025,3
12177.14,251.02,0.00,667.03,19.02,,23307.96,48.07,5182.63,59.70,255.50,2362.28,0.00,245.91,521.81,704.76,45802.82,2556.35,0.00,2183.94,0.00,,1545.68,3053.39,0.00,,0.00,,9339.36,3291.45,12630.81,,2435.11,0.00,0.00,,,,35.36,,60904.11,,,,,,5.49,0.96,8926.43,2,6,626,19917,5X,United Parcel Service,5X,United Parcel Service,16913,P,3,3,2025,4
12261.08,,1393.85,1470.34,,,35654.76,,246.17,,45.96,3227.13,-32.47,1074.70,187.24,,55528.74,580.10,146.07,489.96,3577.92,,786.38,792.98,,,,,6373.41,2836.64,9210.06,475.07,2934.82,1027.26,128.04,404.98,,,,,69708.98,,,,,,6.31,0.56,14226.99,1,6,627,19977,UA,United Air Lines Inc.,UA,United Air Lines Inc.,10876,L,3,3,2025,1
12270.00,0.00,175.00,799.00,0.00,0.00,15782.00,32.00,1476.00,0.00,115.00,2775.00,0.00,1026.00,692.00,0.00,35142.00,1421.00,37.00,1515.00,1415.00,0.00,802.00,67.00,0.00,0.00,0.00,0.00,5257.00,1933.00,7190.00,59.00,904.00,2020.00,296.00,285.00,60.00,,136.00,0.00,46092.00,,,,,,7.88,0.95,6610.35,1,6,612,19393,WN,Southwest Airlines Co.,WN,Southwest Airlines Co.,11033,L,3,3,2025,1
12339.66,,869.42,1402.79,,,19794.42,,-1.20,,30.13,3077.87,747.85,345.59,6336.43,,44942.98,1025.16,4.34,5400.82,533.72,,280.80,341.09,,,,,7585.92,2781.12,10367.04,10.93,191.13,31.57,,29.06,,,,,55572.71,,,,,,10.29,1.07,8633.63,1,6,634,19977,UA,United Air Lines Inc.,UA,United Air Lines Inc.,0A875,D,3,3,2025,3
12360.32,0.00,359.84,856.41,10.15,0.00,20064.92,0.00,168.19,0.48,-9.83,3365.95,0.00,763.39,341.08,73.87,38354.78,1278.16,0.00,682.43,412.32,0.00,202.07,9.22,0.00,0.00,0.00,0.00,2584.20,2046.27,4630.48,6.82,1752.02,482.23,0.00,12.08,54.15,,0.00,,45292.55,,,,,,8.63,0.94,8571.09,1,6,721,20409,B6,JetBlue Airways,B6,JetBlue Airways,16673,L,3,3,2025,2
12373.63,0.00,903.94,833.07,0.00,0.00,20562.62,26.26,3597.57,0.00,13.03,3938.66,0.00,461.71,451.32,0.00,43161.82,2163.98,537.69,2691.68,3214.72,0.00,1445.19,1285.65,0.00,0.00,0.00,0.00,11338.91,5191.30,16530.21,239.98,2095.33,554.56,307.94,0.00,135.52,,225.56,,63250.92,,,,,,4.52,0.39,8768.03,1,6,889,19805,AA,American Airlines Inc.,AA,American Airlines Inc.,10050,L,3,3,2025,4
12388.49,,890.71,1369.97,,,20435.48,,405.86,,33.38,3286.33,-76.30,628.97,234.99,,39597.87,914.59,3.57,6612.58,1352.12,,454.60,184.04,,,,,9521.49,3341.99,12863.48,202.72,2307.01,1733.25,15.17,160.27,,,106.67,,56986.43,,,,,,10.26,1.20,8634.64,1,6,614,19977,UA,United Air Lines Inc.,UA,United Air Lines Inc.,10876,L,3,3,2025,2
12509.87,0.00,916.63,836.82,0.00,0.00,34530.49,26.65,3629.40,0.00,13.15,3938.29,0.00,465.49,757.60,0.00,57624.37,2187.64,545.06,2674.16,3231.42,0.00,1450.94,1310.76,0.00,0.00,0.00,0.00,11399.98,5256.38,16656.36,242.23,2116.99,561.73,311.45,0.00,135.85,,228.74,,77877.72,,,,,,4.98,0.53,14735.32,1,6,627,19805,AA,American Airlines Inc.,AA,American Airlines Inc.,0A050,D,3,3,2025,4
12511.00,0.00,2015.00,0.00,0.00,,19476.00,,0.00,0.00,0.00,0.00,,0.00,1561.00,2479.00,38042.00,0.00,0.00,0.00,156.00,,1182.00,232.00,1782.00,,0.00,,3352.00,5853.00,9205.00,,10270.00,1981.00,163.00,4.00,,,,,59665.00,,,,,,5.50,1.50,8915.80,2,6,626,20107,FX,Federal Express Corporation,FX,Federal Express Corporation,16195,L,3,3,2025,2
12620.05,0.00,383.25,846.53,6.02,0.00,20200.76,0.00,46.23,0.39,-6.43,3576.19,0.00,489.47,326.93,76.91,38566.29,1470.29,0.00,969.99,433.01,0.00,322.02,10.40,0.00,0.00,0.00,0.00,3205.71,2432.92,5638.63,7.46,1652.20,682.56,0.00,14.05,87.79,,0.00,,46648.99,,,,,,8.59,0.92,8224.69,1,6,721,20409,B6,JetBlue Airways,B6,JetBlue Airways,16673,L,3,3,2025,4
12645.00,0.00,151.00,852.00,0.00,0.00,15948.00,34.00,1395.00,0.00,101.00,2866.00,0.00,634.00,712.00,0.00,35338.00,1346.00,36.00,1291.00,1964.00,0.00,757.00,120.00,0.00,0.00,0.00,0.00,5514.00,1920.00,7434.00,30.00,850.00,1920.00,256.00,340.00,60.00,,137.00,0.00,46365.00,,,,,,8.44,0.92,7179.03,1,6,612,19393,WN,Southwest Airlines Co.,WN,Southwest Airlines Co.,11033,L,3,3,2025,2
12655.00,0.00,-22.12,1811.82,0.00,0.00,2069.45,0.00,8.66,40.09,40.39,1390.29,0.00,917.83,242.96,219.37,19373.75,3450.69,0.00,17831.97,2216.23,0.00,8585.76,386.69,0.00,0.00,0.00,0.00,32471.35,3054.73,35526.08,0.00,1190.93,226.20,0.00,0.00,38.08,,0.00,,56355.02,,,,,,16.70,4.46,11694.29,1,6,638,20304,OO,SkyWest Airlines Inc.,OO,SkyWest Airlines Inc.,06700,D,3,3,2025,3
12702.85,,899.03,1243.05,,,18867.50,,1.75,,29.64,3349.86,-20.95,1115.57,263.41,,38451.72,892.68,3.15,5545.40,1043.45,,2375.66,854.38,,,,,10714.72,4342.00,15056.73,789.64,2828.94,962.58,95.81,2104.11,,,18.56,,60308.09,,,,,,9.85,1.31,7406.59,1,6,694,19977,UA,United Air Lines Inc.,UA,United Air Lines Inc.,10876,L,3,3,2025,1
12737.84,,75.48,5211.09,0.00,,125.82,,0.00,,0.00,3291.68,,650.18,,272.29,22364.37,309.05,,16.59,,,1019.82,149.06,29.20,,,,1523.71,2388.59,3912.30,,0.63,0.00,242.33,0.00,0.00,,0.00,0.00,26519.64,,,,,,3.19,0.23,7379.27,2,6,627,20007,5Y,Atlas Air Inc.,5Y,Atlas Air Inc.,06087,D,3,3,2025,3
12874.52,0.00,0.00,458.05,11.05,,24682.85,58.03,2600.35,8.23,302.60,3641.61,0.00,1248.85,481.71,-7.48,46360.36,3022.50,0.00,2874.47,0.00,,2102.20,4055.19,0.00,,0.00,,12054.36,3404.56,15458.92,,2383.67,444.51,132.72,,,,53.33,,64833.50,,,,,,5.99,1.13,10184.12,2,6,626,19917,5X,United Parcel Service,5X,United Parcel Service,16911,A,3,3,2025,1
12913.59,199.96,0.00,559.48,21.30,,23208.17,62.25,2462.95,62.14,316.05,3408.42,0.00,677.95,609.51,781.81,45283.57,2823.51,0.00,3321.52,0.00,,1914.39,4295.89,0.00,,0.00,,12355.31,3874.09,16229.39,,3003.89,0.00,0.00,,,,76.80,,64593.65,,,,,,6.23,0.97,9746.90,2,6,626,19917,5X,United Parcel Service,5X,United Parcel Service,16911,A,3,3,2025,2
12998.63,7.11,0.00,4172.09,0.00,0.00,165.89,0.00,70.08,0.00,542.71,2031.26,0.00,582.24,0.00,12.73,20582.75,2791.70,0.00,3111.39,368.40,0.00,527.71,93.90,0.00,0.00,0.00,0.00,6893.11,1092.15,7985.25,0.00,0.00,0.00,0.00,0.00,0.00,,0.00,,28568.00,,,,,,9.75,1.75,9131.49,2,6,614,20422,SY,Sun Country Airlines d/b/a MN Airlines,SY,Sun Country Airlines d/b/a MN Airlines,06795,D,3,3,2025,3
13006.00,0.00,451.00,1116.00,0.00,0.00,17693.00,0.00,1542.00,10.00,211.00,3931.00,0.00,677.00,0.00,47.00,38684.00,889.00,365.00,1994.00,2787.00,0.00,1591.00,808.00,0.00,0.00,0.00,0.00,8434.00,3464.00,11898.00,181.00,2742.00,1458.00,37.00,149.00,0.00,,206.00,0.00,55355.00,,,,,,8.06,0.81,7202.20,1,6,721,19790,DL,Delta Air Lines Inc.,DL,Delta Air Lines Inc.,10260,L,3,3,2025,1
13035.00,0.00,1748.00,0.00,0.00,,21027.00,,0.00,0.00,0.00,0.00,,0.00,1558.00,1768.00,39136.00,0.00,0.00,38.00,147.00,,949.00,94.00,1868.00,,0.00,,3096.00,6142.00,9238.00,,9741.00,1866.00,156.00,4.00,,,,,60141.00,,,,,,5.33,1.41,8568.55,2,6,626,20107,FX,Federal Express Corporation,FX,Federal Express Corporation,16195,L,3,3,2025,1
13127.94,203.28,0.00,568.77,21.66,,52388.51,63.28,6622.37,63.17,517.00,3464.99,0.00,689.20,71.59,794.79,78596.55,2870.37,0.00,1756.48,0.00,,1650.84,9107.42,0.00,,0.00,,15385.11,3938.39,19323.49,,5729.97,0.00,0.00,,,,78.07,,103728.08,,,,,,6.51,0.59,18778.74,2,8,821,19917,5X,United Parcel Service,5X,United Parcel Service,06910,D,3,3,2025,2
13133.61,270.74,0.00,719.43,20.51,,25138.71,51.85,5589.70,64.39,275.56,2547.83,0.00,265.23,562.79,760.11,49400.46,2757.15,0.00,2355.48,0.00,,1667.09,3293.22,0.00,,0.00,,10072.93,3549.98,13622.91,,2626.38,0.00,0.00,,,,38.14,,65687.89,,,,,,5.97,1.03,10150.02,2,6,626,19917,5X,United Parcel Service,5X,United Parcel Service,16911,A,3,3,2025,4
13171.00,0.00,270.00,1187.00,0.00,0.00,18794.00,0.00,1424.00,1.00,198.00,3990.00,0.00,625.00,0.00,30.00,39690.00,967.00,435.00,1104.00,3448.00,0.00,1792.00,614.00,0.00,0.00,0.00,0.00,8360.00,3329.00,11689.00,127.00,2556.00,1481.00,18.00,149.00,0.00,,173.00,0.00,55883.00,,,,,,8.54,1.09,8398.84,1,6,614,19790,DL,Delta Air Lines Inc.,DL,Delta Air Lines Inc.,10260,L,3,3,2025,3
13230.03,189.48,0.00,1211.40,25.89,,24552.11,59.65,2454.26,70.97,308.62,3218.79,0.00,368.77,584.77,1048.01,47322.74,2780.18,0.00,3049.66,0.00,,2018.27,3836.91,0.00,,0.00,,11685.01,3799.46,15484.47,,2930.49,0.00,0.00,,,,39.93,,65777.63,,,,,,6.11,1.13,10423.95,2,6,626,19917,5X,United Parcel Service,5X,United Parcel Service,16911,A,3,3,2025,3
13256.00,0.00,248.00,1078.00,0.00,0.00,15627.00,0.00,1354.00,1.00,189.00,4175.00,0.00,622.00,0.00,32.00,36582.00,894.00,375.00,264.00,3118.00,0.00,1613.00,259.00,0.00,0.00,0.00,0.00,6523.00,3239.00,9762.00,121.00,2445.00,1442.00,18.00,145.00,0.00,,166.00,0.00,50681.00,,,,,,7.70,0.75,6917.33,1,6,721,19790,DL,Delta Air Lines Inc.,DL,Delta Air Lines Inc.,10260,L,3,3,2025,4
13265.27,,1362.84,1595.45,,,39986.72,,322.46,,50.42,3503.30,-21.57,285.33,223.42,,60573.65,765.27,236.66,68.10,8661.12,,1304.44,1019.43,,,,,12055.01,2757.78,14812.79,615.75,3026.28,1039.62,142.77,713.90,,,,,80924.75,,,,,,7.18,0.59,16516.62,1,6,627,19977,UA,United Air Lines Inc.,UA,United Air Lines Inc.,10876,L,3,3,2025,4
13313.03,,1033.73,1400.33,,,22285.81,,244.11,,38.25,3521.85,4.91,286.84,8.36,,42137.21,1111.03,6.72,4090.57,-366.22,,1740.58,383.57,,,,,6966.27,3646.33,10612.59,156.47,3539.14,1323.31,108.22,207.65,,,,,58084.59,,,,,,10.82,1.25,9109.48,1,6,888,19977,UA,United Air Lines Inc.,UA,United Air Lines Inc.,10876,L,3,3,2025,4
13322.86,0.00,783.77,28.06,3.65,0.00,25165.57,0.00,20450.36,0.00,66.40,2030.37,0.00,667.47,1415.83,27.41,63961.75,2403.56,0.00,2026.37,-367.41,0.00,1071.53,0.00,0.00,0.00,0.00,0.00,5134.05,5044.38,10178.43,0.00,0.00,0.00,415.51,0.00,1913.85,,0.00,,76469.54,,,,,,10.79,1.57,11831.62,1,6,699,20436,F9,Frontier Airlines Inc.,F9,Frontier Airlines Inc.,06460,D,3,3,2025,3
13583.35,,78.15,5398.04,0.00,,103.99,,0.00,,0.00,3390.16,,524.59,,204.86,23283.14,316.95,,14.78,,,1190.87,120.93,23.26,,,,1666.78,2268.69,3935.47,,0.59,0.00,245.25,0.00,0.00,,0.00,0.00,27464.44,,,,,,3.44,0.24,7884.86,2,6,627,20007,5Y,Atlas Air Inc.,5Y,Atlas Air Inc.,06087,D,3,3,2025,4
13775.88,,1734.99,1866.56,,,46006.04,,510.60,,64.19,3632.48,8.24,295.85,261.14,,68155.95,760.91,4.62,10453.39,272.22,,1611.99,275.30,,,,,13378.44,2434.95,15813.38,141.91,5789.18,1271.99,92.30,162.01,,,,,91426.72,,,,,,7.44,0.60,19254.64,1,6,637,19977,UA,United Air Lines Inc.,UA,United Air Lines Inc.,10874,A,3,3,2025,4
13783.67,0.00,418.25,1040.67,3.35,0.00,24293.89,0.00,238.18,0.18,-9.09,3728.22,0.00,448.45,450.92,83.49,44480.16,1567.22,0.00,1064.18,458.96,0.00,284.56,10.04,0.00,0.00,0.00,0.00,3384.96,2328.38,5713.34,8.07,1997.21,560.18,0.00,14.50,84.42,,0.00,,52857.87,,,,,,9.86,0.98,10038.80,1,6,721,20409,B6,JetBlue Airways,B6,JetBlue Airways,16673,L,3,3,2025,3
13802.51,0.00,15.35,1424.98,1.07,0.00,7447.74,0.00,2683.82,0.08,22.72,3880.90,0.00,750.40,228.70,29.57,30287.84,501.89,0.00,3471.95,2273.67,0.00,508.71,99.80,0.00,0.00,0.00,0.00,6856.02,1123.17,7979.19,237.64,668.67,179.39,788.30,152.06,30.02,,0.00,,40323.11,,,,,,3.20,0.60,3077.58,1,6,678,20409,B6,JetBlue Airways,B6,JetBlue Airways,06673,D,3,3,2025,3
13856.95,0.00,967.97,958.80,0.00,0.00,31326.62,37.94,4278.18,0.00,15.93,4215.44,0.00,1179.15,652.68,0.00,57489.65,2457.29,627.61,3186.80,3387.00,0.00,1695.47,1984.55,0.00,0.00,0.00,0.00,13338.72,6068.82,19407.54,271.40,2486.65,611.25,494.72,0.00,186.47,,311.52,,81259.19,,,,,,4.70,0.47,13007.68,1,6,637,19805,AA,American Airlines Inc.,AA,American Airlines Inc.,10050,L,3,3,2025,1
13887.00,0.00,289.00,1273.00,0.00,0.00,21049.00,0.00,1528.00,1.00,212.00,4279.00,0.00,671.00,0.00,32.00,43221.00,1038.00,467.00,1184.00,3698.00,0.00,1922.00,659.00,0.00,0.00,0.00,0.00,8968.00,3570.00,12538.00,136.00,2741.00,1588.00,19.00,160.00,0.00,,185.00,0.00,60588.00,,,,,,9.16,1.09,9406.54,1,6,888,19790,DL,Delta Air Lines Inc.,DL,Delta Air Lines Inc.,10260,L,3,3,2025,3
13897.84,0.00,958.47,985.25,0.00,0.00,23846.19,44.46,4322.49,0.00,15.21,4249.90,0.00,746.19,582.12,0.00,49648.12,2408.54,611.05,3082.14,3780.02,0.00,1388.19,1550.28,0.00,0.00,0.00,0.00,12820.22,5769.80,18590.02,295.10,2435.19,599.59,474.47,0.00,182.97,,245.60,,72471.06,,,,,,6.38,0.55,10788.94,1,6,887,19805,AA,American Airlines Inc.,AA,American Airlines Inc.,10052,P,3,3,2025,2
13947.59,0.00,752.78,2259.01,0.00,,20.48,0.00,0.00,0.00,83.50,905.34,0.00,670.77,0.00,963.50,19602.95,5252.42,0.00,5614.13,3954.29,,13874.20,0.00,0.00,0.00,0.00,0.00,28695.03,4285.81,32980.84,0.00,0.00,0.00,310.29,0.00,35.41,,0.00,,52929.50,,,,,,21.81,5.18,9842.73,1,6,675,20445,C5,CommuteAir LLC dba CommuteAir,C5,CommuteAir LLC dba CommuteAir,06944,D,2,2,2025,3
13957.65,0.00,1090.14,-37.32,4.46,0.00,25409.87,0.00,22269.14,0.00,55.77,2141.31,0.00,939.12,1111.14,29.14,66970.42,2397.60,0.00,2024.90,-400.70,0.00,798.41,0.00,0.00,0.00,0.00,0.00,4820.20,4463.40,9283.60,0.00,0.00,0.00,413.86,0.00,1710.72,,0.00,,78378.59,,,,,,11.80,1.53,12715.48,1,6,699,20436,F9,Frontier Airlines Inc.,F9,Frontier Airlines Inc.,06460,D,3,3,2025,2
14088.00,0.00,187.00,810.00,0.00,0.00,23977.00,0.00,1017.00,1.00,142.00,3135.00,0.00,467.00,0.00,24.00,43848.00,672.00,282.00,198.00,2342.00,0.00,1211.00,195.00,0.00,0.00,0.00,0.00,4900.00,2432.00,7332.00,91.00,1836.00,1083.00,13.00,109.00,0.00,,124.00,0.00,54436.00,,,,,,5.78,0.45,10613.34,1,6,339,19790,DL,Delta Air Lines Inc.,DL,Delta Air Lines Inc.,10260,L,3,3,2025,4
14110.85,0.00,1030.39,952.34,0.00,0.00,30020.56,29.97,4113.95,0.00,14.88,4479.62,0.00,530.85,669.16,0.00,55952.55,2484.04,616.22,3060.34,3706.27,0.00,1646.70,1504.79,0.00,0.00,0.00,0.00,13018.36,5967.31,18985.67,273.83,2394.91,634.40,351.57,0.00,152.58,,257.84,,79003.34,,,,,,5.30,0.55,12854.64,1,6,627,19805,AA,American Airlines Inc.,AA,American Airlines Inc.,10052,P,3,3,2025,4
14117.67,0.00,815.78,2134.85,0.00,,18.07,0.00,0.00,0.00,83.74,687.50,0.00,1464.82,0.00,995.71,20318.13,6236.49,0.00,2366.10,5781.95,,10279.56,0.00,0.00,0.00,0.00,0.00,24664.11,4124.45,28788.55,0.00,0.00,0.00,306.97,0.00,39.67,,0.00,,49453.33,,,,,,19.72,5.06,9520.39,1,6,675,20445,C5,CommuteAir LLC dba CommuteAir,C5,CommuteAir LLC dba CommuteAir,06944,D,2,2,2025,1
14119.18,0.00,1744.21,1303.85,135.05,0.00,40449.26,1.96,9898.94,0.00,84.03,4565.41,0.00,1372.84,1031.43,16.09,74722.22,553.19,38.06,4155.02,7402.29,0.00,412.30,4.03,0.00,0.00,0.00,0.00,12564.89,4840.06,17404.96,492.15,2796.08,1421.16,202.34,51.14,162.29,,0.00,0.00,97252.34,,,,,,9.32,0.58,18178.43,1,6,696,19690,HA,Hawaiian Airlines Inc.,HA,Hawaiian Airlines Inc.,15375,P,3,3,2025,1
14130.00,0.00,1895.00,,0.00,,23087.00,,,,,,,,1728.00,2120.00,42960.00,,,41.00,158.00,,937.00,13.00,2015.00,,,,3164.00,2672.00,5836.00,,10509.00,2013.00,169.00,4.00,,,,,61491.00,,,,,,5.75,1.57,9733.02,2,6,626,20107,FX,Federal Express Corporation,FX,Federal Express Corporation,16197,P,3,3,2025,1
14135.88,4.86,0.00,5154.46,0.00,0.00,235.43,0.00,71.98,0.00,486.73,2206.77,0.00,736.31,0.00,24.19,23056.60,2789.76,0.00,3883.88,567.49,0.00,585.38,115.14,0.00,0.00,0.00,0.00,7941.64,1321.46,9263.10,0.00,0.00,0.00,0.00,0.00,0.00,,0.00,,32319.70,,,,,,10.77,1.84,9923.03,2,6,614,20422,SY,Sun Country Airlines d/b/a MN Airlines,SY,Sun Country Airlines d/b/a MN Airlines,06795,D,3,3,2025,4
14158.61,202.78,0.00,1296.43,27.71,,57000.02,63.84,6687.32,75.95,529.22,3444.71,0.00,394.65,92.83,1121.57,85095.63,2975.31,0.00,2110.07,0.00,,2230.38,9632.90,0.00,,0.00,,16948.67,4066.13,21014.80,,5837.37,0.00,0.00,,,,42.73,,111990.54,,,,,,6.76,0.65,23002.27,2,8,821,19917,5X,United Parcel Service,5X,United Parcel Service,06910,D,3,3,2025,3
14170.10,0.00,412.52,981.81,11.64,0.00,21610.74,0.00,192.65,0.55,17.28,3858.78,0.00,875.16,391.02,84.69,42606.93,1465.30,0.00,782.19,472.69,0.00,231.66,10.57,0.00,0.00,0.00,0.00,2962.41,2433.86,5396.27,7.82,2008.54,552.84,0.00,13.84,62.08,,0.00,,50648.32,,,,,,9.89,1.07,9231.41,1,6,721,20409,B6,JetBlue Airways,B6,JetBlue Airways,06673,D,3,3,2025,2
14273.00,0.00,1794.00,,0.00,,25859.00,,,,,,,,1729.00,3310.00,46965.00,,,19.00,152.00,,1017.00,95.00,1896.00,,,,3179.00,2871.00,6050.00,,11032.00,2123.00,165.00,5.00,,,,,66340.00,,,,,,6.35,1.71,11091.32,2,6,626,20107,FX,Federal Express Corporation,FX,Federal Express Corporation,16197,P,3,3,2025,4
14334.13,0.00,1838.61,1229.68,250.93,0.00,37839.12,1.62,8905.66,0.00,85.73,3899.06,0.17,728.06,1007.40,4.97,70125.14,546.41,28.21,5307.48,7425.98,0.00,1466.36,0.22,0.00,0.00,0.00,0.00,14774.66,3056.69,17831.34,407.22,2924.21,1433.97,163.79,51.69,218.91,,0.00,0.00,93156.27,,,,,,9.61,0.54,17866.32,1,6,696,19690,HA,Hawaiian Airlines Inc.,HA,Hawaiian Airlines Inc.,15375,P,3,3,2025,2
14365.24,,74.58,5011.68,0.00,,159.94,,0.00,,0.00,4114.17,,1211.80,,670.67,25608.09,323.68,,55.25,,,1166.87,119.45,19.84,,,,1685.09,2447.61,4132.70,,26.00,0.00,383.61,0.00,0.00,,0.00,0.00,30150.40,,,,,,7.79,0.67,17336.81,2,6,627,20007,5Y,Atlas Air Inc.,5Y,Atlas Air Inc.,16087,I,3,3,2025,1
14405.59,0.00,103.65,1823.18,0.00,0.00,111.02,0.00,6.09,49.95,40.39,1466.53,0.00,1177.04,242.96,227.06,19653.47,3202.87,0.00,8912.94,1822.96,0.00,5072.86,501.70,0.00,0.00,0.00,0.00,19513.32,2379.65,21892.97,0.00,1034.68,228.47,0.00,0.00,21.09,,0.00,,42830.67,,,,,,15.10,4.05,11052.86,1,6,638,20304,OO,SkyWest Airlines Inc.,OO,SkyWest Airlines Inc.,06700,D,3,3,2025,1
14419.00,0.00,151.00,903.00,0.00,0.00,16736.00,25.00,1356.00,0.00,120.00,2163.00,0.00,430.00,657.00,0.00,36960.00,1466.00,39.00,1509.00,1381.00,0.00,903.00,152.00,0.00,0.00,0.00,0.00,5450.00,2102.00,7552.00,46.00,703.00,1730.00,183.00,171.00,65.00,,112.00,0.00,47522.00,,,,,,10.81,0.97,7113.77,1,6,612,19393,WN,Southwest Airlines Co.,WN,Southwest Airlines Co.,11033,L,3,3,2025,4
14496.59,0.00,1795.56,2122.69,0.00,0.00,0.00,0.00,18035.26,0.00,125.74,714.94,0.00,1337.82,0.00,992.48,39621.07,3793.78,0.00,8507.73,43.04,0.00,2976.27,498.10,0.00,0.00,0.00,0.00,15818.92,5648.25,21467.17,0.00,0.00,0.00,56.70,0.00,0.00,,0.00,0.00,61144.94,,,,,,18.42,5.21,11577.71,1,6,530,20500,G7,GoJet Airlines LLC d/b/a United Express,G7,GoJet Airlines LLC d/b/a United Express,07041,D,2,2,2025,1
14503.49,0.00,922.41,2.58,4.44,0.00,26464.27,0.00,25437.62,0.00,70.82,2308.15,0.00,528.70,732.03,29.69,71004.19,2681.35,0.00,2171.73,143.73,0.00,1426.02,0.00,0.00,0.00,0.00,0.00,6422.84,5137.00,11559.84,0.00,0.00,0.00,448.40,0.00,2243.68,,0.00,,85256.10,,,,,,37.24,1.74,12686.40,1,6,699,20436,F9,Frontier Airlines Inc.,F9,Frontier Airlines Inc.,06460,D,3,3,2025,4
14562.00,0.00,385.00,952.00,0.00,0.00,35010.00,0.00,1315.00,9.00,180.00,3352.00,0.00,577.00,0.00,40.00,56382.00,758.00,311.00,1700.00,2376.00,0.00,1356.00,689.00,0.00,0.00,0.00,0.00,7190.00,2953.00,10143.00,155.00,2338.00,1243.00,31.00,127.00,0.00,,176.00,0.00,70595.00,,,,,,6.87,0.63,14250.92,1,6,687,19790,DL,Delta Air Lines Inc.,DL,Delta Air Lines Inc.,01260,D,3,3,2025,1
14579.58,0.00,1087.58,28.54,5.54,0.00,28019.83,0.00,19524.76,0.00,55.46,2243.44,0.00,1269.20,865.40,27.73,67707.04,2342.38,0.00,1916.71,108.79,0.00,725.43,0.00,0.00,0.00,0.00,0.00,5093.30,5055.85,10149.15,0.00,0.00,0.00,412.99,0.00,1633.94,,0.00,,79903.12,,,,,,12.09,1.49,12514.61,1,6,699,20436,F9,Frontier Airlines Inc.,F9,Frontier Airlines Inc.,06460,D,3,3,2025,1
14656.24,0.00,1072.01,986.02,0.00,0.00,23899.89,31.22,4270.92,0.00,15.44,4618.07,0.00,551.76,524.32,0.00,50625.89,2584.92,642.00,3142.38,3848.65,0.00,1702.71,1582.60,0.00,0.00,0.00,0.00,13503.26,6218.09,19721.35,284.18,2488.14,660.28,365.37,0.00,157.05,,268.48,,74570.73,,,,,,6.39,0.67,10245.72,1,6,887,19805,AA,American Airlines Inc.,AA,American Airlines Inc.,10050,L,3,3,2025,4
14680.46,0.00,445.83,984.73,7.00,0.00,9416.30,0.00,53.59,0.45,21.39,4160.06,0.00,569.38,380.32,89.47,30808.98,1710.41,0.00,1128.04,503.73,0.00,374.61,12.72,0.00,0.00,0.00,0.00,3729.51,2829.16,6558.68,8.68,1922.02,794.03,0.00,16.35,102.13,,0.00,,40210.87,,,,,,9.99,1.07,3833.83,1,6,721,20409,B6,JetBlue Airways,B6,JetBlue Airways,10875,A,3,3,2025,4
14763.00,0.00,495.00,1304.00,0.00,0.00,20506.00,0.00,1637.00,5.00,224.00,4534.00,0.00,800.00,0.00,52.00,44320.00,1043.00,500.00,1885.00,3220.00,0.00,1774.00,92.00,0.00,0.00,0.00,0.00,8514.00,3753.00,12267.00,94.00,2922.00,1637.00,8.00,164.00,0.00,,185.00,0.00,61597.00,,,,,,9.62,1.27,9299.96,1,6,614,19790,DL,Delta Air Lines Inc.,DL,Delta Air Lines Inc.,10260,L,3,3,2025,2
14766.64,0.00,749.07,3550.44,0.00,,83.55,0.00,0.00,0.00,83.19,241.16,0.00,1060.11,0.00,905.26,21439.41,5374.17,0.00,5700.59,602.67,,11241.13,0.00,0.00,0.00,0.00,0.00,22918.56,3998.16,26916.72,0.00,0.00,0.00,218.92,0.00,27.19,,0.00,,48602.23,,,,,,21.32,5.16,10133.51,1,6,675,20445,C5,CommuteAir LLC dba CommuteAir,C5,CommuteAir LLC dba CommuteAir,06944,D,2,2,2025,4
14788.18,476.99,731.27,216.74,4.83,0.00,32027.91,0.00,1728.25,0.10,253.48,2271.21,0.00,829.73,0.00,451.86,53780.55,5579.79,0.00,481.61,745.95,0.00,6706.09,30.64,0.00,0.00,0.00,0.00,13544.08,4115.09,17659.17,0.00,7260.20,1985.21,861.88,0.00,0.00,,0.00,,81547.01,,,,,,13.57,2.61,12227.77,1,6,698,20368,G4,Allegiant Air,G4,Allegiant Air,06035,D,3,3,2025,4
14814.10,0.00,769.77,2376.25,0.00,,0.00,0.00,0.00,0.00,85.09,663.36,0.00,1348.04,0.00,1015.90,21072.51,6334.66,0.00,2883.87,6981.93,,11998.47,0.00,0.00,0.00,0.00,0.00,28198.92,4101.77,32300.69,0.00,0.00,0.00,319.90,0.00,41.32,,0.00,,53734.43,,,,,,32.97,5.21,10664.18,1,6,675,20445,C5,CommuteAir LLC dba CommuteAir,C5,CommuteAir LLC dba CommuteAir,06944,D,2,2,2025,2
14839.94,0.00,201.55,1925.04,0.00,0.00,3499.61,0.00,7.68,44.61,42.79,1619.16,0.00,1059.44,242.96,266.61,23749.40,3853.94,0.00,11185.68,2395.13,0.00,7630.65,1293.02,0.00,0.00,0.00,0.00,26358.42,3257.75,29616.17,0.00,1222.18,226.20,-63.87,0.00,23.35,,0.00,,54773.43,,,,,,16.38,4.37,11437.08,1,6,638,20304,OO,SkyWest Airlines Inc.,OO,SkyWest Airlines Inc.,06700,D,3,3,2025,4
14978.51,,1156.53,1515.68,,,24887.39,,459.32,,38.13,3948.83,276.89,1315.04,316.07,,48892.39,1051.10,3.72,6755.23,1720.66,,698.02,123.30,,,,,10352.03,4221.88,14573.91,236.43,2591.41,2099.53,17.38,197.74,,,128.79,,68737.58,,,,,,11.58,1.45,9682.88,1,6,614,19977,UA,United Air Lines Inc.,UA,United Air Lines Inc.,10876,L,3,3,2025,1
15099.00,0.00,513.00,1270.00,0.00,0.00,24442.00,0.00,1755.00,12.00,240.00,4473.00,0.00,770.00,0.00,53.00,48627.00,1011.00,415.00,2269.00,3171.00,0.00,1810.00,919.00,0.00,0.00,0.00,0.00,9595.00,3942.00,13537.00,206.00,3120.00,1659.00,42.00,170.00,0.00,,235.00,0.00,67596.00,,,,,,9.17,1.06,9949.44,1,6,699,19790,DL,Delta Air Lines Inc.,DL,Delta Air Lines Inc.,10260,L,3,3,2025,1
15137.77,0.00,0.00,538.57,12.99,,62116.26,68.23,7270.25,9.67,540.88,4281.78,0.00,1468.39,160.92,-8.79,91596.93,3553.84,0.00,2414.16,0.00,,1912.89,10646.64,0.00,,0.00,,18527.53,4003.06,22530.59,,4117.13,1904.80,301.10,,,,62.71,,120513.25,,,,,,7.26,0.71,23582.02,2,8,821,19917,5X,United Parcel Service,5X,United Parcel Service,06910,D,3,3,2025,1
15356.35,5721.43,342.85,0.00,0.00,0.00,60085.94,0.00,24797.90,0.00,1720.40,1025.71,0.00,847.19,0.00,18996.58,128894.35,2623.41,655.85,0.00,0.00,0.00,8079.36,2019.84,0.00,0.00,0.00,0.00,13378.46,0.00,13378.46,0.00,0.00,0.00,4040.21,0.00,0.00,,0.00,,146313.01,,,,,,7.27,0.82,23636.85,2,8,819,20405,N8,National Air Cargo Group Inc d/ba National Airlines,N8,National Air Cargo Group Inc d/ba National Airlines,11049,I,2,2,2025,2
15437.00,0.00,10.00,709.00,202.00,0.00,30527.00,2.00,3684.00,0.00,96.00,4289.00,0.00,844.00,926.00,826.00,57552.00,3647.00,152.00,5873.00,6429.00,0.00,887.00,755.00,0.00,0.00,0.00,0.00,17743.00,1069.00,18812.00,472.00,2972.00,1247.00,340.00,0.00,33.00,,-600.00,,80827.00,,,,,,9.70,0.66,2478.58,1,6,696,19690,HA,Hawaiian Airlines Inc.,HA,Hawaiian Airlines Inc.,15375,P,3,3,2025,3
15444.23,0.00,2040.35,2095.16,0.00,0.00,0.00,0.00,17790.98,0.00,242.25,790.93,0.00,1298.33,0.00,984.75,40686.99,4793.77,0.00,8622.42,189.29,0.00,4589.38,200.12,0.00,0.00,0.00,0.00,18394.98,5743.47,24138.45,0.00,0.00,0.00,55.41,0.00,0.00,,0.00,0.00,64880.85,,,,,,19.76,5.10,12691.12,1,6,530,20500,G7,GoJet Airlines LLC d/b/a United Express,G7,GoJet Airlines LLC d/b/a United Express,07041,D,2,2,2025,2
15455.58,0.00,1133.23,1031.90,0.00,0.00,26000.61,32.93,4478.61,0.00,16.23,4859.82,0.00,573.40,554.70,0.00,54137.01,2697.41,672.74,3296.36,3975.01,0.00,1790.79,1609.21,0.00,0.00,0.00,0.00,14041.52,6480.46,20521.98,299.14,2613.40,693.60,384.69,0.00,168.22,,282.57,,79100.59,,,,,,6.79,0.71,11091.55,1,6,887,19805,AA,American Airlines Inc.,AA,American Airlines Inc.,0A050,D,3,3,2025,4
15492.68,0.00,1085.01,1075.68,0.00,0.00,27385.10,41.95,4809.05,0.00,17.81,4732.29,0.00,1325.71,573.95,0.00,56539.24,2763.18,705.85,3581.14,3817.46,0.00,1924.10,2273.39,0.00,0.00,0.00,0.00,15065.11,6818.69,21883.80,302.37,2780.61,683.14,554.12,0.00,208.48,,346.79,,83298.55,,,,,,6.78,0.68,11386.01,1,6,887,19805,AA,American Airlines Inc.,AA,American Airlines Inc.,10050,L,3,3,2025,1
15883.00,0.00,2.00,839.00,159.00,0.00,29788.00,1.00,2551.00,0.00,98.00,4415.00,0.00,866.00,1014.00,-127.00,55488.00,3614.00,151.00,6078.00,4873.00,0.00,803.00,684.00,0.00,0.00,0.00,0.00,16203.00,1002.00,17205.00,464.00,2818.00,1288.00,378.00,0.00,25.00,,-216.00,,77450.00,,,,,,9.28,0.64,2273.88,1,6,696,19690,HA,Hawaiian Airlines Inc.,HA,Hawaiian Airlines Inc.,15375,P,3,3,2025,4
15898.36,0.00,2271.36,2474.71,0.00,0.00,0.00,0.00,19153.24,0.00,238.69,1273.28,0.00,1185.74,0.00,1110.65,43606.02,5361.41,0.00,9150.48,0.00,0.00,5329.11,572.21,0.00,0.00,0.00,0.00,20413.21,6297.20,26710.40,0.00,0.00,0.00,65.55,0.00,0.00,,0.00,0.00,70381.98,,,,,,20.89,5.21,13706.98,1,6,530,20500,G7,GoJet Airlines LLC d/b/a United Express,G7,GoJet Airlines LLC d/b/a United Express,07041,D,2,2,2025,3
16023.26,330.31,0.00,877.72,25.02,,65859.65,63.26,39.93,78.56,540.80,3108.40,0.00,323.59,100.78,927.35,88298.61,3363.77,0.00,2476.56,0.00,,2521.83,9046.08,0.00,,0.00,,17408.24,4331.05,21739.29,,6199.78,0.00,0.00,,,,46.53,,116284.20,,,,,,7.50,0.69,24874.08,2,8,821,19917,5X,United Parcel Service,5X,United Parcel Service,06910,D,3,3,2025,4
16073.01,0.00,467.92,1113.65,13.20,0.00,26091.84,0.00,218.82,0.63,-30.24,4376.98,0.00,992.69,499.74,96.06,49914.28,1662.08,0.00,887.52,536.17,0.00,262.77,11.99,0.00,0.00,0.00,0.00,3360.53,2661.28,6021.80,8.87,2278.27,627.08,0.00,15.70,70.42,,0.00,,58936.42,,,,,,11.22,1.04,11145.60,1,6,699,20409,B6,JetBlue Airways,B6,JetBlue Airways,16673,L,3,3,2025,2
16303.19,,1696.87,2098.38,,,37725.31,,129.71,,62.78,4305.22,8.06,350.64,2347.31,,65027.46,1586.30,31.47,14681.28,7745.10,,10304.60,1776.99,,,,,36125.74,5540.47,41666.21,505.47,3974.47,1301.97,137.06,234.17,,,,,112846.81,,,,,,13.23,1.93,15977.66,1,6,623,19977,UA,United Air Lines Inc.,UA,United Air Lines Inc.,0A875,D,3,3,2025,4
16506.28,,1254.22,1851.07,,,30712.10,,175.55,,43.47,4115.87,8.95,462.14,5.01,,55134.66,1180.22,5.80,5289.14,941.15,,1524.58,529.92,,,,,9470.81,4222.35,13693.16,200.98,3999.24,1553.77,127.10,274.40,,,,,74983.31,,,,,,13.76,1.43,12450.76,1,6,888,19977,UA,United Air Lines Inc.,UA,United Air Lines Inc.,10876,L,3,3,2025,3
16620.83,0.00,1835.29,2617.41,0.00,0.00,0.00,0.00,18947.48,0.00,247.82,889.50,0.00,1047.21,0.00,934.44,43139.97,5192.43,0.00,10400.53,0.00,0.00,5038.32,502.31,0.00,0.00,0.00,0.00,21133.59,6171.67,27305.26,0.00,0.00,0.00,62.60,0.00,0.00,,0.00,0.00,70507.83,,,,,,22.27,5.55,14426.32,1,6,530,20500,G7,GoJet Airlines LLC d/b/a United Express,G7,GoJet Airlines LLC d/b/a United Express,07041,D,2,2,2025,4
16638.47,6501.45,427.80,0.00,0.00,0.00,59651.92,0.00,24452.47,0.00,1695.50,1921.20,0.00,864.27,0.00,8767.56,120920.64,2764.28,691.07,0.00,0.00,0.00,4117.26,1029.32,0.00,0.00,0.00,0.00,8601.92,0.00,8601.92,0.00,0.00,0.00,3815.85,0.00,0.00,,0.00,,133338.42,,,,,,6.34,0.81,20648.08,2,8,819,20405,N8,National Air Cargo Group Inc d/ba National Airlines,N8,National Air Cargo Group Inc d/ba National Airlines,11049,I,2,2,2025,1
16777.53,0.00,4510.72,1100.38,0.00,0.00,32518.76,3.97,2807.23,0.00,139.39,5824.47,0.00,1743.94,2228.92,42.22,67697.54,1577.17,40.15,3320.97,7702.72,0.00,1029.28,30.09,0.00,0.00,0.00,0.00,13700.37,879.67,14580.04,219.16,6462.72,903.56,91.04,80.62,0.00,,2333.06,0.00,92367.72,,,,,,15.45,1.61,14029.60,1,6,721,19690,HA,Hawaiian Airlines Inc.,HA,Hawaiian Airlines Inc.,05375,D,3,3,2025,1
16813.40,0.00,233.83,7265.72,717.66,0.00,1234.54,0.00,3246.88,372.93,72.26,2425.35,0.00,1648.65,0.00,222.38,34253.60,9130.10,0.00,22345.79,5018.41,0.00,2927.34,0.00,1974.04,0.00,1160.67,0.00,42556.35,11198.32,53754.67,0.00,781.32,0.00,3064.86,0.00,0.00,,0.00,,91854.44,,,,,,17.71,3.54,28821.92,2,6,626,19874,8C,Air Transport International,8C,Air Transport International,06029,D,2,2,2025,1
16815.83,,656.50,7462.47,,,4810.61,,10797.05,,642.70,3312.96,,1167.05,,,45665.16,4412.20,0.00,1991.22,4930.78,,1032.07,132.85,,,,,12499.12,4703.89,17203.01,,0.00,521.70,1759.98,154.06,0.00,2435.75,,,65303.92,,,,,,8.66,0.73,22369.51,2,6,683,20370,KAQ,Kalitta Air LLC,KAQ,Kalitta Air LLC,16683,I,3,3,2025,2
16913.71,,623.48,7049.17,,,6586.77,,9518.20,,642.45,2721.01,,1269.92,,,45324.70,4307.08,0.00,2799.94,3800.52,,1463.58,568.26,,,,,12939.38,4844.81,17784.18,,0.00,521.70,1647.87,144.44,0.00,2314.01,,,65422.89,,,,,,8.31,0.45,20970.32,2,6,683,20370,KAQ,Kalitta Air LLC,KAQ,Kalitta Air LLC,16683,I,3,3,2025,1
16942.00,0.00,579.00,1525.00,0.00,0.00,30721.00,0.00,1915.00,6.00,262.00,5304.00,0.00,936.00,0.00,61.00,58251.00,1220.00,585.00,2205.00,3767.00,0.00,2075.00,107.00,0.00,0.00,0.00,0.00,9959.00,4390.00,14349.00,109.00,3419.00,1915.00,10.00,192.00,0.00,,216.00,0.00,78461.00,,,,,,11.25,1.48,13932.53,1,6,622,19790,DL,Delta Air Lines Inc.,DL,Delta Air Lines Inc.,10260,L,3,3,2025,2
16987.13,,496.51,7523.88,,,429.38,,11157.97,,642.38,2885.05,,1021.50,,,41143.80,4055.80,0.00,415.83,4743.87,,1834.32,27.97,,,,,11077.79,4649.84,15727.64,,0.00,521.18,1828.21,156.26,0.00,2505.65,,,59377.08,,,,,,8.32,0.74,21998.15,2,6,683,20370,KAQ,Kalitta Air LLC,KAQ,Kalitta Air LLC,16683,I,3,3,2025,3
17034.14,372.65,798.74,251.53,11.58,0.00,33577.31,0.00,2493.20,0.00,253.67,2430.34,0.00,1000.44,0.00,705.15,58928.74,6009.90,0.00,306.55,283.14,0.00,6333.03,37.61,0.00,0.00,0.00,0.00,12970.23,4303.54,17273.76,0.00,6659.65,2766.18,867.10,0.00,0.00,,0.00,,86495.42,,,,,,14.13,2.78,13057.86,1,6,698,20368,G4,Allegiant Air,G4,Allegiant Air,06035,D,3,3,2025,3
17063.22,,2221.80,2488.82,,,54586.81,,455.94,,83.25,4508.63,-1.54,862.90,344.46,,82614.29,838.84,3.27,647.41,274.35,,1160.83,151.74,,,,,3076.44,2709.77,5786.21,169.23,6924.53,1521.79,105.93,204.67,,,,,97326.65,,,,,,9.38,0.70,23916.60,1,6,637,19977,UA,United Air Lines Inc.,UA,United Air Lines Inc.,10874,A,3,3,2025,2
17070.98,0.00,18.24,1423.48,6.13,0.00,11389.95,0.00,1843.37,0.29,28.76,4642.26,0.00,1347.89,327.82,46.12,38145.29,772.29,0.00,5156.40,4372.68,0.00,716.45,118.46,0.00,0.00,0.00,0.00,11136.28,1459.15,12595.43,388.30,1171.67,915.71,1223.76,226.49,84.21,,0.00,,54750.86,,,,,,5.21,0.93,4865.42,1,6,678,20409,B6,JetBlue Airways,B6,JetBlue Airways,06673,D,3,3,2025,2
17196.76,0.00,0.00,611.83,14.76,,70565.09,77.51,8259.12,10.99,614.45,4864.17,0.00,1668.11,182.81,-9.99,104055.61,4037.22,0.00,2742.53,0.00,,2173.08,12094.76,0.00,,0.00,,21047.58,4547.55,25595.12,,4677.13,2163.89,342.05,,,,71.23,,136905.04,,,,,,8.49,0.80,29270.47,2,8,821,19917,5X,United Parcel Service,5X,United Parcel Service,16911,A,3,3,2025,1
17201.53,0.00,127.65,310.80,58.99,0.00,26761.10,0.00,15127.32,0.06,434.29,3676.31,0.00,1338.60,1246.39,0.00,66283.04,3511.11,0.00,1416.44,34.80,0.00,999.61,2145.42,0.00,0.00,0.00,0.00,8107.38,0.00,8107.38,0.00,1836.89,409.62,75.54,0.00,0.00,,2058.35,,78770.83,,,,,,13.71,2.10,14525.77,1,6,699,20416,NK,Spirit Air Lines,NK,Spirit Air Lines,06830,D,3,3,2025,2
17274.12,247.39,0.00,1581.70,33.81,,69542.48,77.88,8158.82,92.66,645.67,4202.70,0.00,481.49,113.26,1368.36,103820.34,3630.01,0.00,2574.38,0.00,,2721.16,11752.56,0.00,,0.00,,20678.10,4960.86,25638.96,,7121.85,0.00,0.00,,,,52.14,,136633.28,,,,,,8.42,0.79,29941.57,2,8,821,19917,5X,United Parcel Service,5X,United Parcel Service,16911,A,3,3,2025,3
17351.82,,1948.33,2188.19,,,40022.96,,2.39,,64.24,4567.31,-45.39,1521.01,2296.13,,69916.99,1438.60,37.15,8401.00,2303.35,,5609.25,1210.27,,,,,18999.62,5550.77,24550.39,467.67,4817.29,1290.05,115.29,233.67,,,,,101391.36,,,,,,13.56,1.89,16489.63,1,6,623,19977,UA,United Air Lines Inc.,UA,United Air Lines Inc.,0A875,D,3,3,2025,1
17465.00,0.00,602.00,1490.00,0.00,0.00,25364.00,0.00,2058.00,14.00,281.00,5247.00,0.00,903.00,0.00,62.00,53486.00,1186.00,487.00,2661.00,3719.00,0.00,2123.00,1078.00,0.00,0.00,0.00,0.00,11254.00,4624.00,15878.00,242.00,3659.00,1946.00,49.00,199.00,0.00,,275.00,0.00,75734.00,,,,,,10.75,1.51,10324.79,1,6,614,19790,DL,Delta Air Lines Inc.,DL,Delta Air Lines Inc.,10260,L,3,3,2025,1
17661.62,,1596.82,2163.45,,,36880.03,,42.90,,59.84,4679.30,-1.11,895.57,320.37,,64298.78,1281.94,24.14,8318.89,10042.55,,4407.48,776.08,,,,,24851.09,4194.27,29045.36,1892.26,1928.97,1323.04,277.92,1051.96,,,0.63,,99818.91,,,,,,14.60,1.39,15636.97,1,6,622,19977,UA,United Air Lines Inc.,UA,United Air Lines Inc.,10874,A,3,3,2025,2
17690.65,0.00,537.24,1186.65,8.43,0.00,28317.22,0.00,64.88,0.55,-20.20,5013.07,0.00,686.13,517.41,107.81,54109.84,2061.08,0.00,1359.88,607.00,0.00,451.42,14.58,0.00,0.00,0.00,0.00,4493.95,3410.92,7904.87,10.46,2316.08,956.83,0.00,19.70,123.07,,0.00,,65440.85,,,,,,12.04,1.20,11529.29,1,6,699,20409,B6,JetBlue Airways,B6,JetBlue Airways,16673,L,3,3,2025,4
17716.00,0.00,590.00,1555.00,0.00,0.00,33599.00,0.00,1953.00,6.00,267.00,5409.00,0.00,955.00,0.00,62.00,62112.00,1244.00,596.00,2249.00,3842.00,0.00,2116.00,109.00,0.00,0.00,0.00,0.00,10156.00,4477.00,14633.00,112.00,3486.00,1953.00,10.00,196.00,0.00,,220.00,0.00,82722.00,,,,,,11.47,1.44,15238.10,1,6,623,19790,DL,Delta Air Lines Inc.,DL,Delta Air Lines Inc.,01260,D,3,3,2025,2
17758.99,,236.90,7646.86,0.00,,63446.58,,2328.30,,0.00,4810.92,,1372.21,,506.76,98107.52,1007.36,,2930.15,,,3578.54,574.71,49.50,,,,8140.26,7454.25,15594.52,,3126.83,4435.64,3367.37,0.00,0.00,,0.00,0.00,124631.88,,,,,,14.87,1.21,46314.04,2,8,821,20007,5Y,Atlas Air Inc.,5Y,Atlas Air Inc.,16087,I,3,3,2025,2
17872.98,,1790.89,2399.06,,,42401.95,,-1.73,,62.07,4450.61,12.77,499.73,1826.41,,71314.74,1494.66,32.95,10361.45,3665.41,,8881.55,1702.95,,,,,26138.97,5557.40,31696.37,501.87,4428.70,1293.58,127.25,241.60,,,,,109604.12,,,,,,14.88,1.88,18080.56,1,6,623,19977,UA,United Air Lines Inc.,UA,United Air Lines Inc.,0A875,D,3,3,2025,3
17884.89,0.00,144.42,310.53,63.11,0.00,29364.04,0.00,16402.90,16.92,381.01,4032.30,0.00,1591.69,1116.43,0.00,71308.23,4108.83,0.00,1329.66,1045.32,0.00,1038.24,2148.59,0.00,0.00,0.00,0.00,9670.65,0.00,9670.65,0.00,2104.83,326.61,75.00,0.00,0.00,,2663.55,,86148.86,,,,,,14.16,2.08,14188.49,1,6,699,20416,NK,Spirit Air Lines,NK,Spirit Air Lines,06830,D,3,3,2025,1
17898.54,0.00,521.07,1240.14,14.70,0.00,10910.98,0.00,243.34,0.70,21.83,4874.11,0.00,1105.43,493.91,106.97,37431.70,1850.85,0.00,988.00,597.07,0.00,292.62,13.35,0.00,0.00,0.00,0.00,3741.88,2962.72,6704.60,9.87,2537.03,698.30,0.00,17.49,78.41,,0.00,,47477.41,,,,,,12.49,1.36,4660.82,1,6,721,20409,B6,JetBlue Airways,B6,JetBlue Airways,10875,A,3,3,2025,2
17979.00,0.00,606.00,1500.00,0.00,0.00,34981.00,0.00,2072.00,14.00,283.00,5283.00,0.00,909.00,0.00,63.00,63690.00,1194.00,490.00,2679.00,3745.00,0.00,2138.00,1085.00,0.00,0.00,0.00,0.00,11331.00,4655.00,15986.00,244.00,3684.00,1959.00,50.00,201.00,0.00,,277.00,0.00,86091.00,,,,,,10.83,1.44,14239.34,1,6,623,19790,DL,Delta Air Lines Inc.,DL,Delta Air Lines Inc.,01260,D,3,3,2025,1
17980.64,0.00,111.74,3095.72,103.50,,138.12,0.00,1911.28,32.62,0.00,696.69,0.00,1566.99,0.00,0.00,25637.31,5741.45,1435.36,11869.77,5878.32,,1109.73,277.43,0.00,0.00,0.00,0.00,26312.06,0.00,26312.06,0.00,0.00,42.32,2012.98,0.00,130.98,,0.00,,54135.65,,,,,,31.64,4.36,19776.16,1,6,673,20378,YV,Mesa Airlines Inc.,YV,Mesa Airlines Inc.,06689,D,2,2,2025,3
18016.13,,1574.09,1953.21,,,38959.04,,1.66,,51.90,4747.48,-36.67,1581.01,180.08,,67027.93,833.76,2.98,2619.49,11898.29,,963.10,96.18,,,,,16413.79,3112.55,19526.34,596.38,3885.09,1407.90,165.03,343.33,,,1.21,,92953.20,,,,,,9.29,0.89,15797.70,1,6,624,19977,UA,United Air Lines Inc.,UA,United Air Lines Inc.,10874,A,3,3,2025,1
18035.76,0.00,193.72,2847.98,135.45,,102.27,0.00,1676.17,93.40,0.00,866.97,0.00,1578.26,0.00,0.00,25529.98,6474.03,1618.51,10047.46,5278.39,,1044.89,261.22,0.00,0.00,0.00,0.00,24724.50,0.00,24724.50,0.00,0.00,42.37,2003.04,0.00,131.03,,0.00,,52430.91,,,,,,21.41,4.47,20153.88,1,6,673,20378,YV,Mesa Airlines Inc.,YV,Mesa Airlines Inc.,06689,D,2,2,2025,2
18052.33,,250.87,7339.78,0.00,,58050.36,,12317.90,,0.00,5074.06,,1552.82,,517.37,103155.48,1088.88,,3179.87,,,3925.37,401.83,66.75,,,,8662.69,8233.79,16896.48,,2190.61,3117.83,2667.39,0.00,0.00,,0.00,0.00,128027.79,,,,,,9.51,0.91,29512.97,2,8,819,20007,5Y,Atlas Air Inc.,5Y,Atlas Air Inc.,06087,D,3,3,2025,1
18085.32,0.00,19.36,1229.99,2.80,0.00,16796.14,0.00,2738.83,0.74,27.66,5565.93,0.00,1535.26,215.97,57.73,46275.71,1077.14,0.00,5314.17,2244.04,0.00,1136.34,113.96,0.00,0.00,0.00,0.00,9885.65,2477.34,12362.98,545.00,1676.27,1768.75,1277.36,247.50,123.16,,0.00,,64276.74,,,,,,7.16,2.00,6589.31,1,6,678,20409,B6,JetBlue Airways,B6,JetBlue Airways,06673,D,3,3,2025,1
18122.67,0.00,2128.18,1260.97,0.00,0.00,34093.19,3.26,2925.71,0.00,141.10,5237.66,0.00,1170.70,2326.11,16.01,67425.56,1581.95,59.31,2384.99,8966.28,0.00,598.72,58.96,0.00,0.00,0.00,0.00,13650.21,6220.26,19870.48,327.39,6469.88,904.56,93.56,81.61,0.32,,2335.64,0.00,97508.99,,,,,,17.57,1.63,15925.76,1,6,721,19690,HA,Hawaiian Airlines Inc.,HA,Hawaiian Airlines Inc.,05375,D,3,3,2025,2
18159.22,,1909.75,2552.78,,,40229.20,,45.12,,71.56,4806.35,-1.32,919.88,2449.55,,71142.08,1571.97,24.80,12105.89,4268.23,,10400.63,1672.27,,,,,30043.79,6149.24,36193.04,503.54,4570.98,1290.96,123.02,223.20,,,,,114046.83,,,,,,15.00,1.89,18144.55,1,6,623,19977,UA,United Air Lines Inc.,UA,United Air Lines Inc.,0A875,D,3,3,2025,2
18210.57,,1329.74,1833.82,,,28875.75,,590.88,,43.84,4801.81,-30.98,1599.10,419.38,,57673.92,633.75,2.26,7153.42,32742.30,,2434.68,156.88,,,,,43123.30,2165.11,45288.41,865.38,4015.80,2067.02,433.93,2191.15,,,,,112535.61,,,,,,7.10,0.74,11364.09,1,6,887,19977,UA,United Air Lines Inc.,UA,United Air Lines Inc.,10874,A,3,3,2025,1
18213.19,0.00,552.66,1375.10,4.43,0.00,32100.97,0.00,314.78,0.23,-25.35,4926.32,0.00,592.57,704.98,110.31,58870.18,2070.86,0.00,1406.53,606.45,0.00,376.01,13.26,0.00,0.00,0.00,0.00,4473.11,3077.20,7550.31,10.66,2639.03,740.19,0.00,19.15,111.55,,0.00,,69941.08,,,,,,13.06,1.21,13264.86,1,6,699,20409,B6,JetBlue Airways,B6,JetBlue Airways,16673,L,3,3,2025,3
18247.29,376.16,0.00,999.54,28.50,,75001.00,72.04,45.47,89.46,615.86,3539.85,0.00,368.50,114.77,1056.07,100554.49,3830.66,0.00,2820.31,0.00,,2871.86,10301.68,0.00,,0.00,,19824.51,4932.20,24756.71,,7060.31,0.00,0.00,,,,52.99,,132424.50,,,,,,8.77,0.79,30573.70,2,8,821,19917,5X,United Parcel Service,5X,United Parcel Service,16911,A,3,3,2025,4
18266.66,,112.54,6769.38,0.00,,1417.82,,0.00,,0.00,5020.37,,1384.58,,746.24,33717.59,478.55,,23.15,,,1700.01,273.02,23.52,,,,2498.26,3541.20,6039.46,,13.88,0.00,1414.07,0.00,0.00,,0.00,0.00,41184.99,,,,,,10.91,0.84,24733.31,2,6,627,20007,5Y,Atlas Air Inc.,5Y,Atlas Air Inc.,16087,I,3,3,2025,2
18293.90,,2256.45,2616.38,,,62207.29,,412.01,,78.20,4549.51,16.09,510.83,405.22,,91345.88,864.73,4.27,8911.22,270.72,,1273.14,362.87,,,,,11686.96,2974.44,14661.39,184.69,7316.98,1608.46,113.70,220.16,,,,,115451.27,,,,,,10.14,0.74,26365.45,1,6,637,19977,UA,United Air Lines Inc.,UA,United Air Lines Inc.,10874,A,3,3,2025,3
18323.51,0.00,205.75,7927.66,940.28,0.00,1009.71,2.17,3155.25,362.01,80.74,3267.23,0.00,1526.04,0.00,155.46,36955.82,8855.72,0.00,22729.07,1867.72,0.00,3005.18,0.00,1657.65,0.00,1485.53,0.00,39600.87,10251.66,49852.53,0.00,777.18,0.00,2330.09,0.00,0.00,,0.00,,89915.62,,,,,,18.74,3.59,31090.01,2,6,626,19874,8C,Air Transport International,8C,Air Transport International,06029,D,2,2,2025,2
18342.00,0.00,345.00,1496.00,0.00,0.00,23392.00,0.00,1879.00,1.00,263.00,5794.00,0.00,864.00,0.00,44.00,52420.00,1241.00,521.00,366.00,4328.00,0.00,2238.00,360.00,0.00,0.00,0.00,0.00,9054.00,4495.00,13549.00,169.00,3393.00,2001.00,24.00,202.00,0.00,,230.00,0.00,71988.00,,,,,,10.68,1.34,10354.44,1,6,614,19790,DL,Delta Air Lines Inc.,DL,Delta Air Lines Inc.,10260,L,3,3,2025,4
18348.98,0.00,289.22,2761.20,182.97,,-41.08,0.00,2061.53,206.16,0.00,920.77,0.00,1711.08,0.00,0.78,26441.58,6028.26,1507.07,13723.26,9135.77,,846.39,211.60,0.00,0.00,0.00,0.00,31452.35,0.00,31452.35,0.00,822.58,56.69,1030.16,0.00,137.35,,0.00,,59940.71,,,,,,28.66,4.30,13093.52,1,6,673,20378,YV,Mesa Airlines Inc.,YV,Mesa Airlines Inc.,06689,D,2,2,2025,1
18349.06,0.00,1277.72,1145.30,0.00,0.00,29007.68,50.17,5494.26,0.00,19.73,5783.14,0.00,533.26,508.99,0.00,62169.31,3184.07,816.33,3945.14,5536.90,0.00,2094.80,2308.48,0.00,0.00,0.00,0.00,17885.73,7698.17,25583.90,361.72,3145.10,797.53,586.62,0.00,241.70,,320.76,,93206.63,,,,,,6.63,0.55,12692.02,1,6,889,19805,AA,American Airlines Inc.,AA,American Airlines Inc.,10052,P,3,3,2025,3
18394.64,284.83,0.00,796.94,30.35,,73405.87,88.67,9279.15,88.51,724.42,4855.09,0.00,965.69,100.31,1113.64,110128.12,4021.91,0.00,2461.15,0.00,,2313.12,12761.16,0.00,,0.00,,21557.34,5518.40,27075.75,,8028.73,0.00,0.00,,,,109.39,,145341.99,,,,,,9.33,0.83,30507.16,2,8,821,19917,5X,United Parcel Service,5X,United Parcel Service,16911,A,3,3,2025,2
18401.49,0.00,543.49,1053.88,3.76,0.00,28335.86,0.00,162.20,1.24,19.58,4637.04,0.00,1513.10,62.41,93.19,54827.24,1817.18,0.00,1357.26,485.03,0.00,234.77,14.53,0.00,0.00,0.00,0.00,3908.76,3083.27,6992.03,9.21,2579.15,705.03,0.00,16.59,80.03,,0.00,,65209.27,,,,,,12.09,1.53,11116.46,1,6,721,20409,B6,JetBlue Airways,B6,JetBlue Airways,06673,D,3,3,2025,1
18544.01,,257.71,7539.69,0.00,,73319.91,,1984.54,,0.00,5212.26,,1595.11,,565.36,109018.59,1118.53,,3266.48,,,4032.28,412.77,68.56,,,,8898.62,8467.81,17366.43,,3250.50,4455.72,1825.20,0.00,0.00,,0.00,0.00,135916.44,,,,,,11.59,1.12,35751.64,2,8,821,20007,5Y,Atlas Air Inc.,5Y,Atlas Air Inc.,16087,I,3,3,2025,1
18570.15,,236.95,8456.90,0.00,,67149.06,,2159.10,,0.00,4626.25,,891.55,,347.13,102437.09,970.16,,2154.14,,,3201.41,467.91,91.68,,,,6885.30,7498.27,14383.57,,3072.97,4396.09,2131.77,0.00,0.00,,0.00,0.00,126421.49,,,,,,15.40,1.25,48399.87,2,8,821,20007,5Y,Atlas Air Inc.,5Y,Atlas Air Inc.,16087,I,3,3,2025,3
18572.90,,247.75,7997.32,0.00,,56663.73,,13855.71,,0.00,5031.41,,1435.10,,529.99,104333.91,1053.53,,3064.45,,,3742.55,601.05,51.77,,,,8513.34,7795.89,16309.22,,2108.19,3323.71,2003.20,0.00,0.00,,0.00,0.00,128078.23,,,,,,8.06,0.74,25109.57,2,8,819,20007,5Y,Atlas Air Inc.,5Y,Atlas Air Inc.,06087,D,3,3,2025,2
18647.66,0.00,140.62,329.32,63.12,0.00,29395.08,0.00,18518.15,-0.18,440.72,4131.53,0.00,920.64,1052.05,0.00,73638.70,4207.56,0.00,1559.37,645.97,0.00,1054.16,2334.72,0.00,0.00,0.00,0.00,9801.78,0.00,9801.78,0.00,2143.61,323.34,81.48,0.00,0.00,,2075.97,,88064.87,,,,,,14.45,2.37,14944.35,1,6,699,20416,NK,Spirit Air Lines,NK,Spirit Air Lines,06830,D,3,3,2025,3
18650.91,0.00,1363.81,1254.25,0.00,0.00,37730.03,39.66,5426.95,0.00,19.64,5900.59,0.00,698.59,826.42,0.00,71910.85,3274.66,813.77,4021.14,4866.34,0.00,2171.06,1975.40,0.00,0.00,0.00,0.00,17122.37,7867.45,24989.82,361.61,3161.77,838.12,464.55,0.00,201.99,,340.90,,102269.62,,,,,,7.01,0.74,16131.60,1,6,627,19805,AA,American Airlines Inc.,AA,American Airlines Inc.,10050,L,3,3,2025,4
18689.78,0.00,1973.05,3022.32,0.00,0.00,0.00,0.00,11378.30,0.00,0.00,248.25,0.00,1660.47,0.00,0.00,36972.16,2814.56,87.05,5039.94,-392.83,0.00,817.66,439.28,0.00,0.00,0.00,3377.56,12183.22,6851.53,19034.75,363.73,0.00,0.00,0.00,0.00,0.00,,0.00,,56370.65,,,,,,22.52,9.92,14973.32,1,6,677,20398,MQ,Envoy Air,MQ,Envoy Air,06820,D,3,3,2025,1
18837.21,0.00,222.91,7676.72,468.64,0.00,1360.65,4.77,3620.77,383.60,81.22,2637.17,0.00,1392.43,0.00,234.63,36920.71,9361.29,0.00,24599.96,1744.55,0.00,3129.86,0.00,1754.65,0.00,1467.47,0.00,42057.77,10376.30,52434.07,0.00,788.25,0.00,2539.88,0.00,0.00,,0.00,,92682.91,,,,,,19.17,3.59,31090.01,2,6,626,19874,8C,Air Transport International,8C,Air Transport International,06029,D,2,2,2025,3
18923.21,0.00,574.67,1269.33,9.02,0.00,29526.57,0.00,69.07,0.59,27.57,4940.65,0.00,733.94,490.23,115.32,56680.16,2204.67,0.00,1454.40,649.29,0.00,482.87,15.59,0.00,0.00,0.00,0.00,4806.82,3745.94,8552.75,11.19,2477.44,1023.49,0.00,21.07,131.64,,0.00,,68897.74,,,,,,12.88,1.38,12021.67,1,6,721,20409,B6,JetBlue Airways,B6,JetBlue Airways,06673,D,3,3,2025,4
19297.75,,114.36,7894.77,0.00,,190.61,,0.00,,0.00,4986.88,,985.02,,412.51,33881.90,468.21,,25.14,,,1545.02,225.82,44.24,,,,2308.42,3618.70,5927.12,,0.96,0.00,367.13,0.00,0.00,,0.00,0.00,40177.11,,,,,,13.61,0.97,31458.03,2,6,627,20007,5Y,Atlas Air Inc.,5Y,Atlas Air Inc.,16087,I,3,3,2025,3
19377.36,,247.25,8824.50,0.00,,57457.52,,12113.09,,0.00,4827.34,,930.30,,362.22,104139.60,1012.34,,2247.77,,,3340.57,488.25,95.66,,,,7184.59,7824.21,15008.80,,1932.29,3140.57,2241.55,0.00,0.00,,0.00,0.00,126462.80,,,,,,7.73,0.68,24261.49,2,8,819,20007,5Y,Atlas Air Inc.,5Y,Atlas Air Inc.,06087,D,3,3,2025,3
19575.67,0.00,256.25,8135.81,480.58,0.00,731.86,0.00,3987.98,229.57,61.88,3326.08,0.00,969.82,0.00,376.89,38132.38,9900.18,0.00,23454.92,-442.82,0.00,3571.35,0.00,2575.09,0.00,1648.86,0.00,40707.57,10481.65,51189.22,0.00,746.59,0.00,2733.34,0.00,0.00,,0.00,,92801.53,,,,,,20.23,3.59,31090.01,2,6,626,19874,8C,Air Transport International,8C,Air Transport International,06029,D,2,2,2025,4
19606.95,509.00,949.65,316.03,-0.79,0.00,40326.13,0.00,2724.82,0.00,331.02,2741.12,0.00,1621.27,0.00,653.69,69778.88,6837.36,0.00,366.21,239.91,0.00,7226.46,144.09,0.00,0.00,0.00,0.00,14814.02,5175.58,19989.60,0.00,9591.85,2873.23,850.82,0.00,0.00,,0.00,,103084.37,,,,,,18.50,2.99,16659.05,1,6,698,20368,G4,Allegiant Air,G4,Allegiant Air,06035,D,3,3,2025,2
19778.88,,1591.35,2283.85,,,34735.69,,272.25,,59.63,5243.76,-1.10,1003.60,3.54,,64971.45,1461.59,5.70,4010.68,2064.92,,1854.03,285.16,,,,,9682.07,5016.89,14698.96,226.62,4536.07,1757.89,132.82,305.18,,,,,86628.98,,,,,,16.36,1.65,14594.67,1,6,888,19977,UA,United Air Lines Inc.,UA,United Air Lines Inc.,10876,L,3,3,2025,2
19829.00,0.00,411.00,1810.00,0.00,0.00,39229.00,0.00,2172.00,1.00,302.00,6082.00,0.00,953.00,0.00,46.00,70835.00,1475.00,663.00,1683.00,5257.00,0.00,2732.00,937.00,0.00,0.00,0.00,0.00,12747.00,5075.00,17822.00,193.00,3896.00,2258.00,27.00,227.00,0.00,,263.00,0.00,95521.00,,,,,,13.01,1.44,17531.41,1,6,623,19790,DL,Delta Air Lines Inc.,DL,Delta Air Lines Inc.,01260,D,3,3,2025,3
19865.00,0.00,497.00,1230.00,0.00,0.00,43434.00,0.00,1699.00,11.00,232.00,4331.00,0.00,746.00,0.00,51.00,72096.00,979.00,402.00,2197.00,3070.00,0.00,1752.00,890.00,0.00,0.00,0.00,0.00,9290.00,3816.00,13106.00,200.00,3020.00,1606.00,41.00,165.00,0.00,,227.00,0.00,90461.00,,,,,,8.88,0.97,17679.98,1,6,696,19790,DL,Delta Air Lines Inc.,DL,Delta Air Lines Inc.,10261,A,3,3,2025,1
19918.95,308.43,0.00,862.98,32.86,,51482.21,96.02,0.00,95.84,182.10,5257.42,0.00,1045.72,1940.80,1205.93,82429.25,4355.20,0.00,12581.31,0.00,,7107.72,21389.26,0.00,,0.00,,45433.49,5975.70,51409.19,,15538.52,0.00,0.00,,,,118.46,,149495.42,,,,,,8.94,3.52,19108.40,2,7,740,19917,5X,United Parcel Service,5X,United Parcel Service,06910,D,3,3,2025,2
19961.81,0.00,1393.56,1381.60,0.00,0.00,32196.84,54.56,6159.36,0.00,22.95,6073.09,0.00,1698.85,668.90,0.00,69611.50,3538.53,903.33,4591.46,4880.01,0.00,2441.86,2829.11,0.00,0.00,0.00,0.00,19184.30,8737.36,27921.67,391.26,3581.74,880.54,712.19,0.00,268.60,,447.68,,103815.17,,,,,,6.98,0.66,13368.57,1,6,889,19805,AA,American Airlines Inc.,AA,American Airlines Inc.,10052,P,3,3,2025,1
20186.25,0.00,2271.17,3200.37,0.00,0.00,0.00,0.00,10965.68,0.00,0.00,167.19,0.00,1408.95,0.00,0.00,38199.60,3003.71,92.90,5177.56,36.87,0.00,1425.23,580.69,0.00,0.00,0.00,5498.05,15815.00,6981.33,22796.33,331.90,0.00,0.00,0.00,0.00,0.00,,0.00,,61327.83,,,,,,22.31,9.76,15414.54,1,6,677,20398,MQ,Envoy Air,MQ,Envoy Air,06820,D,3,3,2025,3
20204.00,0.00,439.00,1086.00,0.00,0.00,39813.00,0.00,1500.00,10.00,205.00,3824.00,0.00,658.00,0.00,45.00,67784.00,865.00,355.00,1940.00,2711.00,0.00,1547.00,786.00,0.00,0.00,0.00,0.00,8204.00,3370.00,11574.00,176.00,2667.00,1418.00,36.00,145.00,0.00,,200.00,0.00,84000.00,,,,,,7.85,0.66,16206.22,1,6,359,19790,DL,Delta Air Lines Inc.,DL,Delta Air Lines Inc.,10261,A,3,3,2025,1
20204.18,0.00,596.73,1157.13,4.13,0.00,32928.62,0.00,178.31,1.36,-29.10,5091.31,0.00,1661.33,77.54,102.31,61973.86,1995.20,0.00,1490.96,532.54,0.00,257.77,15.95,0.00,0.00,0.00,0.00,4292.42,3287.25,7579.67,10.11,2831.81,774.10,0.00,18.21,87.87,,0.00,,73275.64,,,,,,13.27,1.27,12918.25,1,6,699,20409,B6,JetBlue Airways,B6,JetBlue Airways,16673,L,3,3,2025,1
20316.20,,704.99,9374.93,,,11535.00,,24183.29,,780.36,3388.28,,1075.61,,,71358.64,15077.61,0.00,4172.08,26831.01,,2367.50,-12.44,,,,,48435.76,4056.40,52492.16,,0.00,520.66,1509.73,127.68,9.43,2167.50,,,126018.30,,,,,,13.65,1.13,35565.00,2,6,683,20370,KAQ,Kalitta Air LLC,KAQ,Kalitta Air LLC,16683,I,3,3,2025,4
20328.69,0.00,2194.94,3217.89,0.00,0.00,0.00,0.00,11112.76,0.00,0.00,304.47,0.00,1644.07,0.00,0.00,38802.82,3327.90,102.93,4966.08,0.00,0.00,1349.96,807.86,0.00,0.00,0.00,4439.23,14993.95,6466.84,21460.79,338.63,0.00,0.00,0.00,0.00,0.00,,0.00,,60602.24,,,,,,23.11,9.79,15760.22,1,6,677,20398,MQ,Envoy Air,MQ,Envoy Air,06820,D,3,3,2025,2
20394.00,0.00,700.00,1843.00,0.00,0.00,30179.00,0.00,2315.00,7.00,317.00,6410.00,0.00,1131.00,0.00,73.00,63369.00,1475.00,706.00,2664.00,4552.00,0.00,2508.00,130.00,0.00,0.00,0.00,0.00,12035.00,5305.00,17340.00,132.00,4131.00,2314.00,12.00,232.00,0.00,,261.00,0.00,87791.00,,,,,,13.59,1.58,13687.01,1,6,888,19790,DL,Delta Air Lines Inc.,DL,Delta Air Lines Inc.,10260,L,3,3,2025,2
20471.00,0.00,0.00,848.00,1.00,0.00,0.00,0.00,5.00,0.00,0.00,4571.00,0.00,1406.00,0.00,77.00,27379.00,6209.00,259.00,7041.00,12627.00,0.00,1378.00,742.00,0.00,0.00,0.00,0.00,28255.00,2770.00,31025.00,67.00,9000.00,4463.00,431.00,0.00,0.00,,0.00,,72365.00,,,,,,27.76,3.96,16677.00,1,6,673,19687,QX,Horizon Air,QX,Horizon Air,06580,D,2,2,2025,1
20471.81,293.19,0.00,1874.50,40.06,,55181.15,92.30,0.00,109.82,190.64,4980.68,0.00,570.62,1840.52,1621.66,87266.94,4301.98,0.00,14862.14,0.00,,6024.58,20905.86,0.00,,0.00,,46094.56,5879.18,51973.74,,14547.24,0.00,0.00,,,,61.79,,153849.70,,,,,,8.90,2.39,22266.95,2,7,740,19917,5X,United Parcel Service,5X,United Parcel Service,06910,D,3,3,2025,3
20532.00,0.00,294.00,1275.00,0.00,0.00,34281.00,0.00,1600.00,1.00,224.00,4935.00,0.00,736.00,0.00,38.00,63916.00,1057.00,444.00,312.00,3686.00,0.00,1906.00,306.00,0.00,0.00,0.00,0.00,7711.00,3828.00,11539.00,144.00,2890.00,1704.00,21.00,172.00,0.00,,196.00,0.00,80582.00,,,,,,9.10,0.87,15174.40,1,6,626,19790,DL,Delta Air Lines Inc.,DL,Delta Air Lines Inc.,10261,A,3,3,2025,4
20770.00,0.00,1839.00,6711.00,443.00,,42790.00,,2.00,72.00,,2056.00,,2468.00,1505.00,1930.00,80586.00,53.00,6.00,28.00,6781.00,,3362.00,1555.00,2785.00,,134.00,,14704.00,10386.00,25090.00,,9461.00,4439.00,388.00,71.00,,,,,120035.00,,,,,,8.86,0.91,19661.24,2,6,683,20107,FX,Federal Express Corporation,FX,Federal Express Corporation,06200,D,3,3,2025,1
20817.00,0.00,393.00,1706.00,0.00,0.00,27759.00,0.00,2142.00,2.00,300.00,6604.00,0.00,985.00,0.00,51.00,60759.00,1415.00,594.00,417.00,4933.00,0.00,2551.00,410.00,0.00,0.00,0.00,0.00,10320.00,5123.00,15443.00,192.00,3867.00,2281.00,28.00,230.00,0.00,,262.00,0.00,83062.00,,,,,,12.18,1.56,12287.47,1,6,888,19790,DL,Delta Air Lines Inc.,DL,Delta Air Lines Inc.,10260,L,3,3,2025,4
20868.88,,265.04,8486.43,0.00,,75165.80,,2178.80,,0.00,4558.46,,686.35,,408.30,112618.05,1074.96,,3512.42,,,4038.93,410.13,78.88,,,,9115.32,7694.44,16809.77,,2922.75,4186.67,3025.22,0.00,0.00,,0.00,0.00,139562.45,,,,,,16.31,1.24,50994.31,2,8,821,20007,5Y,Atlas Air Inc.,5Y,Atlas Air Inc.,16087,I,3,3,2025,4
20876.00,0.00,0.00,905.00,1.00,0.00,0.00,0.00,0.00,0.00,0.00,4662.00,0.00,1434.00,0.00,51.00,27928.00,6616.00,285.00,4641.00,14430.00,0.00,2416.00,1251.00,0.00,0.00,0.00,0.00,29639.00,3115.00,32754.00,96.00,9203.00,4538.00,443.00,0.00,0.00,,0.00,,74962.00,,,,,,31.81,4.09,19137.00,1,6,673,19687,QX,Horizon Air,QX,Horizon Air,06580,D,2,2,2025,2
20946.00,0.00,238.00,1033.00,0.00,0.00,34687.00,0.00,1297.00,1.00,182.00,4001.00,0.00,596.00,0.00,31.00,63012.00,857.00,360.00,253.00,2988.00,0.00,1545.00,248.00,0.00,0.00,0.00,0.00,6251.00,3104.00,9355.00,116.00,2343.00,1382.00,17.00,139.00,0.00,,159.00,0.00,76523.00,,,,,,7.39,0.58,15353.99,1,6,359,19790,DL,Delta Air Lines Inc.,DL,Delta Air Lines Inc.,10261,A,3,3,2025,4
20983.19,,120.72,8338.74,0.00,,160.63,,0.00,,0.00,5237.03,,810.37,,316.47,35967.14,489.62,,22.83,,,1839.62,186.80,35.93,,,,2574.80,3504.61,6079.40,,0.92,0.00,378.85,0.00,0.00,,0.00,0.00,42426.31,,,,,,13.76,0.96,31538.49,2,6,627,20007,5Y,Atlas Air Inc.,5Y,Atlas Air Inc.,16087,I,3,3,2025,4
21113.20,0.00,0.00,751.17,18.12,,57959.07,95.17,0.00,13.49,175.85,5971.95,0.00,2048.02,2106.64,-12.26,90240.41,4956.66,0.00,12661.87,0.00,,6754.25,18309.10,0.00,,0.00,,42681.88,5583.22,48265.10,,8128.79,7620.00,4133.89,,,,87.46,,158475.64,,,,,,9.28,2.58,22155.81,2,7,740,19917,5X,United Parcel Service,5X,United Parcel Service,06910,D,3,3,2025,1
21215.00,0.00,400.00,1734.00,0.00,0.00,37101.00,0.00,2177.00,2.00,305.00,6713.00,0.00,1001.00,0.00,52.00,70700.00,1438.00,604.00,424.00,5014.00,0.00,2593.00,417.00,0.00,0.00,0.00,0.00,10490.00,5208.00,15698.00,195.00,3931.00,2319.00,28.00,234.00,0.00,,266.00,0.00,93371.00,,,,,,12.38,1.44,16422.41,1,6,623,19790,DL,Delta Air Lines Inc.,DL,Delta Air Lines Inc.,01260,D,3,3,2025,4
21227.20,0.00,1485.74,1467.82,0.00,0.00,37079.07,58.38,6567.12,0.00,24.42,6457.50,0.00,1806.21,777.01,0.00,76950.48,3769.74,964.21,4881.07,5188.23,0.00,2601.23,3137.65,0.00,0.00,0.00,0.00,20542.12,9315.61,29857.73,414.75,3810.65,936.39,759.44,0.00,285.71,,480.49,,113495.64,,,,,,9.10,0.91,15396.67,1,6,887,19805,AA,American Airlines Inc.,AA,American Airlines Inc.,10052,P,3,3,2025,1
21349.26,0.00,154.30,328.17,90.13,0.00,29115.14,0.00,15257.31,0.01,456.26,3887.97,0.00,724.89,1259.01,0.00,72622.42,4894.23,0.00,1261.57,339.75,0.00,1327.89,2660.14,0.00,0.00,0.00,0.00,10483.58,0.00,10483.58,0.00,3138.94,319.77,104.46,0.00,0.00,,2461.86,,89131.03,,,,,,13.98,2.16,14183.87,1,6,699,20416,NK,Spirit Air Lines,NK,Spirit Air Lines,06830,D,3,3,2025,4
21465.38,,2703.86,2755.42,,,51357.65,,129.51,,89.15,5646.60,-62.99,1880.43,702.02,,86667.02,999.51,,4064.83,31.78,,2256.48,141.73,,,,,7494.32,3823.43,11317.75,151.22,9556.71,3017.36,7.43,167.11,,,,,110884.60,,,,,,11.04,0.91,20475.71,1,6,837,19977,UA,United Air Lines Inc.,UA,United Air Lines Inc.,10874,A,3,3,2025,1
21560.70,,1659.30,2547.50,,,45960.37,,38.64,,57.51,5375.91,-11.65,603.62,1484.67,,79276.57,1791.97,39.80,9267.28,9389.17,,6180.80,1727.30,,,,,28396.32,5724.42,34120.74,1999.27,2128.20,1449.63,322.44,1240.57,,,0.70,,120538.11,,,,,,17.97,1.55,19711.62,1,6,622,19977,UA,United Air Lines Inc.,UA,United Air Lines Inc.,0A875,D,3,3,2025,3
21973.23,0.00,1531.73,1531.46,0.00,0.00,37227.31,58.30,6797.89,0.00,25.23,6726.76,0.00,1886.25,771.28,0.00,78529.43,3913.86,995.48,5095.43,5438.69,0.00,2738.26,2956.74,0.00,0.00,0.00,0.00,21138.46,9636.91,30775.37,431.22,3939.62,968.65,781.62,0.00,295.47,,480.28,,116201.66,,,,,,14.16,1.70,15491.22,1,6,699,19805,AA,American Airlines Inc.,AA,American Airlines Inc.,10050,L,3,3,2025,1
22028.50,,3825.13,3862.89,,,88572.27,,799.39,,141.53,5789.90,-60.54,471.56,4566.71,,129997.35,2161.26,586.68,2832.28,21472.98,,3075.84,2405.14,,,,,32534.18,5580.09,38114.27,1526.47,7502.28,2577.26,353.92,1769.79,,,,,181841.33,,,,,,17.79,2.22,37113.15,1,6,627,19977,UA,United Air Lines Inc.,UA,United Air Lines Inc.,0A875,D,3,3,2025,4
22208.34,0.00,2026.74,3215.66,0.00,0.00,0.00,0.00,10971.63,0.00,0.00,37.81,0.00,1273.67,0.00,0.00,39733.85,2713.57,83.93,5350.42,0.00,0.00,1344.98,452.57,0.00,0.00,0.00,4183.92,14129.39,6069.09,20198.47,74.92,0.00,0.00,0.00,0.00,0.00,,0.00,,60007.24,,,,,,22.20,9.70,15061.86,1,6,677,20398,MQ,Envoy Air,MQ,Envoy Air,06820,D,3,3,2025,4
22222.64,627.89,979.61,354.99,17.12,0.00,39667.54,0.00,1434.91,0.53,287.25,2662.54,0.00,1674.30,0.00,887.12,70816.43,6495.53,0.00,218.81,749.43,0.00,8268.86,106.83,0.00,0.00,0.00,0.00,15839.46,4655.46,20494.91,0.00,8143.59,3182.48,1059.99,0.00,0.00,,0.00,,103697.41,,,,,,17.08,3.06,15142.02,1,6,698,20368,G4,Allegiant Air,G4,Allegiant Air,06035,D,3,3,2025,1
22406.33,0.00,679.90,1691.68,5.45,0.00,15140.94,0.00,386.99,0.29,27.92,6060.48,0.00,728.99,733.00,135.71,47997.67,2547.63,0.00,1728.75,746.07,0.00,462.58,16.31,0.00,0.00,0.00,0.00,5501.34,3783.12,9284.46,13.12,3246.61,910.61,0.00,23.56,137.23,,0.00,,61613.24,,,,,,16.05,1.60,6256.59,1,6,721,20409,B6,JetBlue Airways,B6,JetBlue Airways,10875,A,3,3,2025,3
22501.00,0.00,0.00,1014.00,0.00,0.00,0.00,0.00,0.00,0.00,0.00,5036.00,0.00,1546.00,0.00,93.00,30190.00,6999.00,284.00,3597.00,15034.00,0.00,1291.00,692.00,0.00,0.00,0.00,0.00,27897.00,3038.00,30935.00,114.00,9817.00,4703.00,454.00,0.00,0.00,,0.00,,76213.00,,,,,,33.49,4.31,20454.00,1,6,673,19687,QX,Horizon Air,QX,Horizon Air,06580,D,2,2,2025,3
22547.47,,1917.76,2371.29,,,40978.11,,242.11,,63.23,5942.17,-44.68,1978.86,362.30,,76358.62,1583.36,5.59,3889.16,981.32,,1921.82,188.38,,,,,8569.65,6071.84,14641.48,233.37,5301.41,2055.59,152.39,365.96,,,,,99108.83,,,,,,17.45,1.92,15906.30,1,6,888,19977,UA,United Air Lines Inc.,UA,United Air Lines Inc.,10876,L,3,3,2025,1
22787.01,0.00,2272.75,2121.95,219.79,0.00,65829.75,3.19,16137.52,0.00,136.76,7430.04,0.00,2234.25,1678.61,26.18,120877.78,1939.42,81.37,7072.37,12046.97,0.00,1010.26,6.55,0.00,0.00,0.00,0.00,22156.93,9472.39,31629.32,800.96,4550.52,2312.89,383.34,160.95,264.11,,0.00,0.00,160979.88,,,,,,15.17,1.59,27661.27,1,6,696,19690,HA,Hawaiian Airlines Inc.,HA,Hawaiian Airlines Inc.,05375,D,3,3,2025,1
22845.07,384.37,720.75,0.00,12.74,,52397.91,0.00,37475.15,0.00,1217.55,2532.42,0.00,1828.09,0.00,-1688.01,117726.04,840.11,840.11,840.11,840.11,,3134.80,3134.80,0.00,0.00,0.00,0.00,9630.02,5521.36,15151.38,0.00,3158.88,0.00,496.62,0.00,390.79,,0.00,,136923.71,,,,,,28.95,3.43,20783.66,1,6,724,22080,MX,Breeze Aviation Group DBA  Breeze,MX,Breeze Aviation Group DBA  Breeze,01268,D,2,2,2025,2
22874.00,0.00,2642.66,1973.37,402.50,0.00,60693.84,2.60,14284.66,0.00,137.51,6254.08,0.28,1167.80,1615.86,7.97,112057.13,2103.41,52.57,9081.49,11926.26,0.00,2651.44,0.36,0.00,0.00,0.00,0.00,25815.51,6030.75,31846.27,653.18,4690.42,2300.08,262.75,82.92,351.12,,0.00,0.00,152243.87,,,,,,15.42,1.65,28957.22,1,6,696,19690,HA,Hawaiian Airlines Inc.,HA,Hawaiian Airlines Inc.,05375,D,3,3,2025,2
22935.20,0.00,165.76,352.55,96.82,0.00,31277.98,0.00,16390.71,0.01,490.15,4176.79,0.00,778.74,1352.53,0.00,78017.23,5257.80,0.00,1355.29,364.99,0.00,1426.53,2857.75,0.00,0.00,0.00,0.00,11262.36,0.00,11262.36,0.00,3372.12,343.53,112.22,0.00,0.00,,2644.74,,95752.19,,,,,,15.01,2.33,11542.30,1,6,722,20416,NK,Spirit Air Lines,NK,Spirit Air Lines,06830,D,3,3,2025,4
23169.15,0.00,1587.55,1641.33,0.00,0.00,38966.07,75.44,7175.28,0.00,25.41,7115.82,0.00,1250.51,939.27,0.00,81945.82,4021.67,1016.68,5111.96,6427.23,0.00,2318.26,2609.30,0.00,0.00,0.00,0.00,21505.09,9636.35,31141.44,504.76,4065.35,1003.11,802.28,0.00,306.57,,410.32,,120179.65,,,,,,15.71,1.76,17630.26,1,6,699,19805,AA,American Airlines Inc.,AA,American Airlines Inc.,10050,L,3,3,2025,2
23186.02,0.00,1607.09,1473.13,0.00,0.00,40084.29,68.07,6881.02,0.00,24.60,7472.09,0.00,697.82,824.74,0.00,82318.86,4068.24,1019.04,4849.72,7002.69,0.00,2651.02,3153.34,0.00,0.00,0.00,0.00,22744.04,9657.89,32401.93,436.75,3891.25,988.04,744.90,0.00,283.21,,400.80,,121465.74,,,,,,15.29,1.80,17433.17,1,6,699,19805,AA,American Airlines Inc.,AA,American Airlines Inc.,10050,L,3,3,2025,3
23205.00,0.00,813.00,2012.00,0.00,0.00,43847.00,0.00,2779.00,19.00,379.00,7086.00,0.00,1220.00,0.00,84.00,81444.00,1602.00,658.00,3594.00,5023.00,0.00,2867.00,1456.00,0.00,0.00,0.00,0.00,15200.00,6244.00,21444.00,327.00,4942.00,2628.00,67.00,269.00,0.00,,371.00,0.00,111492.00,,,,,,14.52,1.91,17848.07,1,6,622,19790,DL,Delta Air Lines Inc.,DL,Delta Air Lines Inc.,10260,L,3,3,2025,1
23241.00,0.00,0.00,957.00,0.00,0.00,0.00,0.00,0.00,0.00,0.00,5186.00,0.00,1597.00,0.00,90.00,31071.00,7152.00,307.00,4353.00,14297.00,0.00,1778.00,1135.00,0.00,0.00,0.00,0.00,29021.00,3039.00,32060.00,117.00,10330.00,4733.00,487.00,0.00,0.00,,0.00,,78799.00,,,,,,31.29,4.32,18946.00,1,6,673,19687,QX,Horizon Air,QX,Horizon Air,06580,D,2,2,2025,4
23270.00,0.00,2023.00,7908.00,370.00,,47521.00,,1360.00,58.00,,1534.00,,1911.00,1898.00,3619.00,91472.00,66.00,7.00,58.00,9669.00,,2495.00,1445.00,2865.00,,149.00,,16754.00,11467.00,28221.00,,10554.00,4901.00,385.00,71.00,,,,,135604.00,,,,,,10.21,1.03,23075.16,2,6,683,20107,FX,Federal Express Corporation,FX,Federal Express Corporation,06200,D,3,3,2025,3
23374.54,,296.86,9505.37,0.00,,65232.01,,13815.09,,0.00,5105.77,,768.76,,457.32,118555.72,1204.03,,3934.15,,,4523.87,459.38,88.35,,,,10209.78,8618.29,18828.07,,2092.20,3526.09,2946.85,0.00,0.00,,0.00,0.00,145948.92,,,,,,8.79,0.72,27157.88,2,8,819,20007,5Y,Atlas Air Inc.,5Y,Atlas Air Inc.,06087,D,3,3,2025,4
23535.01,,3995.14,4290.71,,,96009.03,,-2692.60,,138.46,5837.65,10.63,655.47,3154.71,,134934.20,1993.89,723.56,3263.32,15355.17,,1993.87,2221.44,,,,,25551.25,5921.92,31473.17,1450.98,7831.09,2657.27,336.45,1193.55,,,,,179876.72,,,,,,19.50,2.26,40889.17,1,6,627,19977,UA,United Air Lines Inc.,UA,United Air Lines Inc.,0A875,D,3,3,2025,3
23540.66,0.00,1715.49,1595.11,0.00,0.00,36797.29,49.85,6869.26,0.00,24.85,7536.19,0.00,885.70,834.17,0.00,79848.57,4138.10,1024.91,5171.96,6192.75,0.00,2761.23,2481.06,0.00,0.00,0.00,0.00,21770.03,9926.56,31696.59,457.28,3995.17,1056.17,586.20,0.00,256.85,,428.98,,118325.79,,,,,,14.63,1.80,15726.21,1,6,699,19805,AA,American Airlines Inc.,AA,American Airlines Inc.,10050,L,3,3,2025,4
23970.48,519.31,812.64,0.00,15.32,,58249.97,0.00,43439.93,0.00,1232.14,2797.70,0.00,1569.76,0.00,-369.11,132238.13,860.59,860.59,860.59,860.59,,4032.01,4032.01,0.00,0.00,0.00,0.00,11506.37,8285.21,19791.59,0.00,3625.70,0.00,1060.65,0.00,429.90,,0.00,,157145.96,,,,,,29.71,3.73,21334.76,1,6,724,22080,MX,Breeze Aviation Group DBA  Breeze,MX,Breeze Aviation Group DBA  Breeze,01268,D,2,2,2025,3
24032.58,0.00,464.45,3331.79,0.00,0.00,17524.42,0.00,13.04,76.00,35.41,2850.83,0.00,1642.50,189.99,452.31,50613.31,3998.72,0.00,20171.67,5742.81,0.00,11988.75,219.27,0.00,0.00,0.00,0.00,42121.20,5628.10,47749.31,0.00,59.75,179.75,2555.04,0.00,42.84,,0.00,,101200.00,,,,,,26.66,11.78,13353.85,1,6,629,20304,OO,SkyWest Airlines Inc.,OO,SkyWest Airlines Inc.,06700,D,3,3,2025,4
24045.50,0.00,-1050.98,4926.72,0.00,0.00,15017.46,0.00,16.14,107.84,36.28,2848.47,0.00,1870.87,189.99,654.85,48663.14,4054.81,0.00,24019.72,5300.01,0.00,10286.72,935.47,0.00,0.00,0.00,0.00,44596.74,6420.70,51017.44,0.00,59.75,536.44,2446.70,0.00,73.13,,0.00,,102796.60,,,,,,31.09,11.83,15388.01,1,6,629,20304,OO,SkyWest Airlines Inc.,OO,SkyWest Airlines Inc.,06700,D,3,3,2025,2
24263.33,357.12,793.87,0.00,15.36,,50960.70,0.00,34427.59,0.00,1208.38,2396.99,0.00,1769.63,0.00,-3930.23,112262.75,782.33,782.33,782.33,782.33,,3052.61,3052.61,0.00,0.00,0.00,0.00,9234.55,5311.29,14545.84,0.00,2019.03,0.00,466.74,0.00,0.00,,0.00,,129294.35,,,,,,25.76,3.09,17979.52,1,6,724,22080,MX,Breeze Aviation Group DBA  Breeze,MX,Breeze Aviation Group DBA  Breeze,01268,D,2,2,2025,1
24384.00,0.00,2235.00,8261.00,403.00,,45609.00,,1.00,63.00,,2107.00,,2913.00,1767.00,3131.00,90874.00,71.00,8.00,33.00,5763.00,,3414.00,1835.00,3221.00,,130.00,,14475.00,9379.00,23854.00,,10780.00,5050.00,426.00,78.00,,,,,131062.00,,,,,,10.52,1.06,23381.39,2,6,683,20107,FX,Federal Express Corporation,FX,Federal Express Corporation,06200,D,3,3,2025,2
24595.31,,1241.67,14358.25,,,106492.10,,2352.97,,750.72,5034.05,,1719.04,,,156544.11,28538.17,3524.66,14871.45,13366.94,,6286.32,4212.49,,,,,70800.01,11467.12,82267.13,,3902.00,6857.69,2530.77,1711.46,0.00,15001.92,,,253813.16,,,,,,17.59,1.92,62217.22,2,8,819,20370,KAQ,Kalitta Air LLC,KAQ,Kalitta Air LLC,16683,I,3,3,2025,2
24689.00,0.00,576.00,1517.00,0.00,0.00,49412.00,0.00,1906.00,6.00,261.00,5278.00,0.00,932.00,0.00,60.00,84637.00,1214.00,582.00,2194.00,3749.00,0.00,2065.00,107.00,0.00,0.00,0.00,0.00,9911.00,4369.00,14280.00,109.00,3402.00,1906.00,10.00,191.00,0.00,,215.00,0.00,104750.00,,,,,,11.19,0.93,22409.32,1,6,696,19790,DL,Delta Air Lines Inc.,DL,Delta Air Lines Inc.,10261,A,3,3,2025,2
24698.48,0.00,1562.29,4145.66,0.00,0.00,18752.36,0.00,20.61,91.45,35.46,2958.13,0.00,1766.39,189.99,526.35,54747.18,4090.23,0.00,11320.83,7456.36,0.00,8573.81,2326.84,0.00,0.00,0.00,0.00,33768.08,6464.25,40232.33,0.00,59.75,227.29,2490.77,0.00,59.13,,0.00,,97816.44,,,,,,32.89,11.91,16141.43,1,6,629,20304,OO,SkyWest Airlines Inc.,OO,SkyWest Airlines Inc.,06700,D,3,3,2025,3
24706.35,,1655.46,2462.76,,,40807.54,,780.36,,61.25,6540.53,-285.52,532.70,624.51,,77885.92,1030.35,6.24,8238.49,35691.74,,4579.27,441.46,,,,,49987.55,5469.84,55457.39,1130.21,5231.62,2828.68,674.00,2992.84,,,,,146200.64,,,,,,10.05,0.98,16435.82,1,6,887,19977,UA,United Air Lines Inc.,UA,United Air Lines Inc.,10874,A,3,3,2025,4
24746.82,0.00,2077.24,4801.99,0.00,0.00,13505.12,0.00,14.92,122.77,35.36,2829.53,0.00,2139.16,189.99,556.96,51019.85,4009.11,0.00,16192.68,4613.13,0.00,10083.52,1077.24,0.00,0.00,0.00,0.00,35975.68,6144.33,42120.01,0.00,162.01,913.55,2391.85,0.00,71.32,,0.00,,96678.59,,,,,,27.68,11.55,15720.78,1,6,629,20304,OO,SkyWest Airlines Inc.,OO,SkyWest Airlines Inc.,06700,D,3,3,2025,1
24785.68,,1898.22,2788.78,,,39520.87,,6488.92,,65.79,6180.15,-100.59,693.92,311.53,,82633.27,1771.76,8.71,3786.70,1070.19,,684.94,682.25,,,,,8004.54,6063.50,14068.04,194.04,3723.29,1757.24,242.87,496.61,,,,,103115.35,,,,,,20.66,1.49,15888.61,1,6,839,19977,UA,United Air Lines Inc.,UA,United Air Lines Inc.,10876,L,3,3,2025,3
24934.00,0.00,528.00,1305.00,0.00,0.00,42218.00,0.00,1803.00,12.00,246.00,4597.00,0.00,791.00,0.00,54.00,76488.00,1039.00,427.00,2332.00,3259.00,0.00,1860.00,944.00,0.00,0.00,0.00,0.00,9861.00,4051.00,13912.00,212.00,3206.00,1705.00,43.00,175.00,0.00,,241.00,0.00,95982.00,,,,,,9.42,0.76,17185.32,1,6,339,19790,DL,Delta Air Lines Inc.,DL,Delta Air Lines Inc.,10262,P,3,3,2025,1
24962.19,386.52,0.00,1081.48,41.18,,99614.43,120.33,12592.15,120.11,983.06,6588.53,0.00,1310.48,136.13,1511.25,149447.84,5457.88,0.00,3339.87,0.00,,3138.99,17317.35,0.00,,0.00,,29254.09,7488.67,36742.76,,10895.28,0.00,0.00,,,,148.45,,197234.33,,,,,,12.60,1.13,36964.51,2,8,821,19917,5X,United Parcel Service,5X,United Parcel Service,16913,P,3,3,2025,2
25201.00,0.00,16.00,1158.00,330.00,0.00,49837.00,3.00,6014.00,0.00,156.00,7002.00,0.00,1377.00,1512.00,1349.00,93956.00,5954.00,248.00,9588.00,10496.00,0.00,1447.00,1233.00,0.00,0.00,0.00,0.00,28966.00,1745.00,30711.00,771.00,4851.00,2036.00,555.00,0.00,54.00,,-979.00,,131955.00,,,,,,15.84,1.54,47589.42,1,6,696,19690,HA,Hawaiian Airlines Inc.,HA,Hawaiian Airlines Inc.,05375,D,3,3,2025,3
25497.11,0.00,184.27,391.93,107.64,0.00,34771.80,0.00,18221.58,0.01,544.90,4643.34,0.00,865.72,1503.61,0.00,86731.92,5845.11,0.00,1506.68,405.76,0.00,1585.87,3176.96,0.00,0.00,0.00,0.00,12520.39,0.00,12520.39,0.00,3748.79,381.90,124.76,0.00,0.00,,2940.17,,106447.91,,,,,,16.69,2.59,14517.37,1,6,721,20416,NK,Spirit Air Lines,NK,Spirit Air Lines,06830,D,3,3,2025,4
25602.85,0.00,0.00,910.90,21.97,,105058.63,115.40,12296.33,16.36,914.81,7241.87,0.00,2483.52,272.17,-14.87,154919.95,6010.68,0.00,4083.13,0.00,,3235.32,18006.90,0.00,,0.00,,31336.03,6770.47,38106.50,,6963.40,3221.64,509.25,,,,106.05,,203826.78,,,,,,12.47,1.19,41135.22,2,8,821,19917,5X,United Parcel Service,5X,United Parcel Service,16913,P,3,3,2025,1
25604.07,0.00,1789.07,1773.91,0.00,0.00,54392.39,69.76,7914.32,0.00,29.44,7799.38,0.00,2182.75,1134.97,0.00,102690.06,4547.09,1160.96,5898.37,6274.82,0.00,3146.73,3663.33,0.00,0.00,0.00,0.00,24691.29,11225.27,35916.55,501.24,4594.44,1129.29,914.11,0.00,344.52,,573.70,,146663.91,,,,,,9.81,1.02,22592.17,1,6,627,19805,AA,American Airlines Inc.,AA,American Airlines Inc.,10050,L,3,3,2025,1
25653.46,,2203.58,3061.99,,,60091.92,,45.95,,76.37,6393.19,-15.47,717.84,454.23,,98683.05,1794.34,47.33,10478.63,11164.35,,4390.95,1903.85,,,,,29779.45,6436.47,36215.92,2377.59,2530.91,1723.94,383.46,1475.32,,,0.83,,143391.02,,,,,,21.37,1.84,24496.99,1,6,622,19977,UA,United Air Lines Inc.,UA,United Air Lines Inc.,10874,A,3,3,2025,3
25661.20,360.10,769.57,0.00,16.77,,66016.27,0.00,49208.97,0.00,1481.76,3412.22,0.00,1405.94,0.00,-9203.06,139129.75,929.99,929.99,929.99,929.99,,4828.43,4828.43,0.00,0.00,0.00,0.00,13376.80,12831.09,26207.89,0.00,5282.25,0.00,1161.61,0.00,393.23,,0.00,,172174.73,,,,,,33.59,4.17,23842.09,1,6,724,22080,MX,Breeze Aviation Group DBA  Breeze,MX,Breeze Aviation Group DBA  Breeze,01268,D,2,2,2025,4
25785.49,,2041.81,2762.94,,,58592.91,,137.00,,75.54,6820.63,16.85,555.51,241.69,,97030.36,1412.56,8.68,3941.09,9807.91,,1740.29,491.94,,,,,17402.46,3783.27,21185.72,873.80,5188.86,1951.24,225.57,679.30,,,,,127134.86,,,,,,13.97,1.18,23808.23,1,6,624,19977,UA,United Air Lines Inc.,UA,United Air Lines Inc.,10874,A,3,3,2025,4
25870.00,0.00,347.00,1507.00,0.00,0.00,48124.00,0.00,1893.00,1.00,265.00,5836.00,0.00,870.00,0.00,45.00,84758.00,1250.00,525.00,369.00,4359.00,0.00,2255.00,362.00,0.00,0.00,0.00,0.00,9120.00,4528.00,13648.00,170.00,3418.00,2016.00,25.00,203.00,0.00,,231.00,0.00,104469.00,,,,,,10.76,0.89,21301.87,1,6,696,19790,DL,Delta Air Lines Inc.,DL,Delta Air Lines Inc.,10261,A,3,3,2025,4
25881.31,,1995.48,2946.19,,,60025.44,,-1.67,,69.16,6453.15,-0.55,724.58,235.08,,98328.16,1213.15,6.06,3232.66,16111.91,,1128.78,669.98,,,,,22362.54,3739.51,26102.05,895.72,5402.25,2004.89,230.78,619.96,,,9.12,,133592.93,,,,,,14.38,1.21,24713.13,1,6,624,19977,UA,United Air Lines Inc.,UA,United Air Lines Inc.,10874,A,3,3,2025,3
26172.54,122.05,0.00,2470.59,0.00,0.00,44625.24,0.00,115.57,0.00,293.19,4045.71,0.00,1334.52,0.00,38.84,79218.24,4601.34,0.00,12035.10,-119.56,0.00,871.59,289.43,0.00,0.00,0.00,0.00,17677.89,1882.87,19560.76,0.00,2797.66,7240.14,3431.07,0.00,0.00,,4235.72,,116483.58,,,,,,19.74,3.59,17682.23,1,6,614,20422,SY,Sun Country Airlines d/b/a MN Airlines,SY,Sun Country Airlines d/b/a MN Airlines,06795,D,3,3,2025,4
26211.38,,2114.60,3249.47,,,54307.31,,63.71,,79.24,6949.05,-1.46,1329.97,2546.02,,96849.27,2265.07,35.86,12391.17,14915.08,,8137.38,1341.47,,,,,39086.02,6922.09,46008.11,2810.12,2864.64,1964.79,412.73,1562.22,,,0.93,,152472.80,,,,,,21.68,2.07,24243.02,1,6,622,19977,UA,United Air Lines Inc.,UA,United Air Lines Inc.,0A875,D,3,3,2025,2
26240.94,0.00,211.89,455.62,92.59,0.00,43083.30,0.00,24066.55,24.82,559.02,5916.24,0.00,2335.35,1638.05,0.00,104624.37,6028.53,0.00,1950.90,1533.71,0.00,1523.32,3152.45,0.00,0.00,0.00,0.00,14188.90,0.00,14188.90,0.00,3088.23,479.21,110.03,0.00,0.00,,3907.99,,126398.74,,,,,,20.77,3.05,17790.11,1,6,721,20416,NK,Spirit Air Lines,NK,Spirit Air Lines,06830,D,3,3,2025,1
26358.89,0.00,1841.60,1830.56,0.00,0.00,44373.67,71.13,8158.86,0.00,30.29,8047.32,0.00,2254.08,925.84,0.00,93892.23,4690.66,1196.39,6089.91,6488.66,0.00,3262.27,3728.64,0.00,0.00,0.00,0.00,25456.52,11569.35,37025.87,515.99,4728.94,1162.33,940.47,0.00,354.62,,586.06,,139206.50,,,,,,9.80,0.93,18447.50,1,6,889,19805,AA,American Airlines Inc.,AA,American Airlines Inc.,10049,A,3,3,2025,1
26402.61,,1109.42,13852.83,,,100415.42,,2360.32,,751.34,4654.32,,2071.39,,,151617.64,29096.88,3512.75,19401.17,12903.16,,7617.88,10370.76,,,,,82902.61,12329.76,95232.37,,3914.19,7097.58,2499.19,1632.04,0.00,15143.00,,,261993.01,,,,,,17.97,1.91,61920.80,2,8,819,20370,KAQ,Kalitta Air LLC,KAQ,Kalitta Air LLC,16683,I,3,3,2025,1
26476.38,,1174.88,16581.31,,,142882.03,,2362.77,,753.46,4436.99,,1459.78,,,196127.60,30218.82,3536.93,21418.38,6130.63,,7535.82,7762.72,,,,,76603.29,13251.83,89855.12,,3918.26,6758.95,2248.37,1750.42,0.00,14676.00,,,300658.71,,,,,,19.82,1.95,70254.01,2,8,819,20370,KAQ,Kalitta Air LLC,KAQ,Kalitta Air LLC,16683,I,3,3,2025,3
26580.53,,4817.84,5107.10,,,99205.39,,1133.10,,180.53,6999.15,-12.38,1339.56,5144.46,,150495.29,2315.95,435.59,3348.69,17317.91,,3806.86,1949.10,,,,,29174.10,6897.18,36071.28,1490.17,8750.19,2984.32,370.84,1244.69,,,,,201406.77,,,,,,21.73,2.35,44617.26,1,6,627,19977,UA,United Air Lines Inc.,UA,United Air Lines Inc.,0A875,D,3,3,2025,2
26930.00,0.00,18.00,1237.00,352.00,0.00,53256.00,4.00,6427.00,0.00,167.00,7483.00,0.00,1472.00,1615.00,1442.00,100401.00,6362.00,265.00,10245.00,11216.00,0.00,1547.00,1318.00,0.00,0.00,0.00,0.00,30953.00,1864.00,32817.00,824.00,5184.00,2176.00,593.00,0.00,58.00,,-1046.00,,141006.00,,,,,,16.92,1.64,15427.56,1,6,721,19690,HA,Hawaiian Airlines Inc.,HA,Hawaiian Airlines Inc.,05375,D,3,3,2025,3
27392.60,15.76,0.00,2281.54,0.00,0.00,48508.54,0.00,141.09,0.00,385.75,4204.28,0.00,1836.03,0.00,12.60,84778.17,4972.17,0.00,8534.04,92.27,0.00,1410.23,339.82,0.00,0.00,0.00,0.00,15348.53,2211.29,17559.82,0.00,2951.84,7748.75,4114.88,0.00,0.00,,4437.19,,121590.66,,,,,,22.31,3.79,19930.79,1,6,614,20422,SY,Sun Country Airlines d/b/a MN Airlines,SY,Sun Country Airlines d/b/a MN Airlines,06795,D,3,3,2025,2
27599.95,,5139.05,4649.35,,,109705.20,,828.48,,169.44,7240.64,-119.73,2411.28,5521.50,,163145.16,2300.89,491.61,3727.60,12043.34,,2999.76,2467.31,,,,,24030.51,8417.73,32448.24,1598.85,9877.19,3457.27,430.93,1362.96,,,,,212320.61,,,,,,21.43,2.43,45262.34,1,6,627,19977,UA,United Air Lines Inc.,UA,United Air Lines Inc.,0A875,D,3,3,2025,1
27737.00,0.00,3567.00,5451.00,468.00,,27616.00,,190.00,28.00,280.00,0.00,,2252.00,1528.00,5278.00,74395.00,2772.00,308.00,577.00,880.00,,3620.00,1925.00,18665.00,,8213.00,,36960.00,25298.00,62258.00,,7847.00,10325.00,1213.00,1100.00,,,,,157138.00,,,,,,7.49,4.60,13378.20,2,6,691,20107,FX,Federal Express Corporation,FX,Federal Express Corporation,06200,D,3,3,2025,3
27757.78,74.58,0.00,2491.88,0.00,0.00,47012.22,0.00,131.81,0.00,336.02,4272.97,0.00,1209.78,0.00,23.93,83310.96,5250.92,0.00,3175.09,1233.14,0.00,1270.01,246.13,0.00,0.00,0.00,0.00,11175.29,1382.79,12558.07,0.00,2946.66,8347.98,3457.71,0.00,0.00,,4501.33,,115122.71,,,,,,20.51,3.81,18648.32,1,6,614,20422,SY,Sun Country Airlines d/b/a MN Airlines,SY,Sun Country Airlines d/b/a MN Airlines,06795,D,3,3,2025,3
27767.09,,1162.19,15816.77,,,158798.68,,2289.24,,632.51,4772.02,,1367.53,,,212606.01,23219.21,3883.02,18586.76,12178.35,,4867.92,2740.35,,,,,65475.60,8343.89,73819.48,,3796.32,6413.41,2065.44,1422.13,5.23,13702.53,,,300128.02,,,,,,20.59,1.89,71452.09,2,8,819,20370,KAQ,Kalitta Air LLC,KAQ,Kalitta Air LLC,16683,I,3,3,2025,4
27786.00,0.00,4.00,1467.00,278.00,0.00,52114.00,1.00,4464.00,0.00,172.00,7724.00,0.00,1515.00,1773.00,-223.00,97075.00,6323.00,263.00,10634.00,8526.00,0.00,1404.00,1196.00,0.00,0.00,0.00,0.00,28347.00,1754.00,30100.00,812.00,4930.00,2253.00,661.00,0.00,43.00,,-377.00,,135497.00,,,,,,16.23,1.57,46103.12,1,6,696,19690,HA,Hawaiian Airlines Inc.,HA,Hawaiian Airlines Inc.,05375,D,3,3,2025,4
27863.00,0.00,397.00,1747.00,0.00,0.00,56832.00,0.00,2096.00,1.00,291.00,5872.00,0.00,920.00,0.00,44.00,96063.00,1424.00,640.00,1624.00,5075.00,0.00,2637.00,904.00,0.00,0.00,0.00,0.00,12304.00,4899.00,17203.00,187.00,3762.00,2180.00,26.00,219.00,0.00,,254.00,0.00,119894.00,,,,,,12.56,0.94,25397.69,1,6,696,19790,DL,Delta Air Lines Inc.,DL,Delta Air Lines Inc.,10261,A,3,3,2025,3
28006.00,0.00,2025.00,10140.00,473.00,,55087.00,,1407.00,61.00,,1581.00,,1572.00,2050.00,3760.00,106162.00,75.00,8.00,25.00,10544.00,,1321.00,1413.00,2441.00,,189.00,,16016.00,12781.00,28797.00,,10769.00,5004.00,394.00,73.00,,,,,151199.00,,,,,,11.11,1.05,25448.40,2,6,683,20107,FX,Federal Express Corporation,FX,Federal Express Corporation,06200,D,3,3,2025,4
28032.04,,2284.95,3289.31,,,60924.76,,46.50,,85.62,7431.31,-1.58,1422.27,165.92,,103681.10,1364.50,5.39,3629.26,20590.29,,1707.00,374.75,,,,,27671.17,3831.52,31502.69,857.88,5338.29,2011.92,222.02,527.10,,,27.97,,144168.97,,,,,,15.46,1.20,26216.10,1,6,624,19977,UA,United Air Lines Inc.,UA,United Air Lines Inc.,10874,A,3,3,2025,2
28144.00,0.00,4.00,1486.00,281.00,0.00,52784.00,1.00,4521.00,0.00,174.00,7824.00,0.00,1534.00,1796.00,-226.00,98324.00,6404.00,267.00,10771.00,8636.00,0.00,1422.00,1211.00,0.00,0.00,0.00,0.00,28711.00,1776.00,30488.00,823.00,4993.00,2282.00,670.00,0.00,43.00,,-382.00,,137240.00,,,,,,16.44,1.63,15090.71,1,6,721,19690,HA,Hawaiian Airlines Inc.,HA,Hawaiian Airlines Inc.,05375,D,3,3,2025,4
28227.99,,2948.38,3316.14,,,62346.45,,7.45,,97.21,7432.73,-68.69,2475.25,563.18,,107346.09,1309.91,4.67,4388.90,53.24,,2141.86,162.83,,,,,8061.40,4638.12,12699.52,132.56,10669.07,2401.23,31.40,339.05,,,,,133618.93,,,,,,14.53,1.07,24734.01,1,6,889,19977,UA,United Air Lines Inc.,UA,United Air Lines Inc.,10874,A,3,3,2025,1
28520.85,57.21,0.00,2484.56,0.00,0.00,57644.04,0.00,141.22,0.00,369.34,4375.64,0.00,2358.59,0.00,32.09,95983.53,4869.42,0.00,5725.91,1873.04,0.00,1104.72,513.80,0.00,0.00,0.00,-81.47,14005.43,2092.56,16097.99,0.00,2702.83,7051.79,3740.89,0.00,0.00,,4089.97,,129666.99,,,,,,24.43,3.42,21800.77,1,6,614,20422,SY,Sun Country Airlines d/b/a MN Airlines,SY,Sun Country Airlines d/b/a MN Airlines,06795,D,3,3,2025,1
28537.84,0.00,1982.09,1813.90,0.00,0.00,38343.26,83.37,8529.30,0.00,30.49,9164.81,0.00,852.76,761.09,0.00,90098.89,5003.73,1261.40,6059.42,8619.41,0.00,3288.33,3796.16,0.00,0.00,0.00,0.00,28028.45,11943.04,39971.49,545.92,4832.51,1226.70,918.99,0.00,356.00,,495.66,,138446.16,,,,,,19.86,2.19,16709.83,1,6,838,19805,AA,American Airlines Inc.,AA,American Airlines Inc.,10050,L,3,3,2025,3
28608.08,409.72,0.00,2619.49,55.99,,115170.97,128.99,13512.02,153.46,1069.31,6960.19,0.00,797.41,187.57,2266.18,171939.35,6011.74,0.00,4263.50,0.00,,4506.57,19463.69,0.00,,0.00,,34245.50,8215.79,42461.29,,11794.66,0.00,0.00,,,,86.34,,226281.65,,,,,,13.91,1.32,47271.65,2,8,821,19917,5X,United Parcel Service,5X,United Parcel Service,16913,P,3,3,2025,3
28790.90,,2320.47,3326.74,,,47860.49,,6479.62,,86.95,7632.96,-128.74,1460.86,294.66,,98124.90,2127.57,8.30,3123.72,1232.75,,1788.48,331.00,,,,,8611.82,7033.80,15645.62,231.08,4495.51,2132.28,234.33,592.73,,,,,121456.45,,,,,,23.82,1.83,20211.46,1,6,839,19977,UA,United Air Lines Inc.,UA,United Air Lines Inc.,10876,L,3,3,2025,2
29107.00,0.00,642.00,1691.00,0.00,0.00,57457.00,0.00,2124.00,6.00,291.00,5883.00,0.00,1038.00,0.00,67.00,98306.00,1353.00,648.00,2445.00,4178.00,0.00,2302.00,119.00,0.00,0.00,0.00,0.00,11045.00,4869.00,15914.00,121.00,3792.00,2124.00,11.00,213.00,0.00,,240.00,0.00,120721.00,,,,,,12.49,0.93,26057.84,1,6,359,19790,DL,Delta Air Lines Inc.,DL,Delta Air Lines Inc.,10261,A,3,3,2025,2
29351.49,0.00,2038.18,1857.90,0.00,0.00,62789.51,84.69,8752.56,0.00,31.32,9399.84,0.00,874.15,1229.50,0.00,116409.13,5136.02,1296.44,6214.18,8863.20,0.00,3365.22,3890.84,0.00,0.00,0.00,0.00,28765.90,12268.42,41034.32,562.00,4966.85,1260.64,942.83,0.00,367.77,,509.60,,166053.14,,,,,,25.92,4.03,27368.42,1,6,694,19805,AA,American Airlines Inc.,AA,American Airlines Inc.,0A050,D,3,3,2025,3
29496.00,0.00,4016.00,5429.00,200.00,,26266.00,,233.00,24.00,223.00,0.00,,3467.00,1516.00,6278.00,77148.00,2152.00,239.00,840.00,784.00,,5077.00,1970.00,20162.00,,6904.00,,38128.00,24705.00,62833.00,,8021.00,10636.00,1210.00,1100.00,,,,,160948.00,,,,,,7.51,4.71,13316.31,2,6,691,20107,FX,Federal Express Corporation,FX,Federal Express Corporation,06200,D,3,3,2025,2
29568.00,0.00,564.00,2484.00,0.00,0.00,67536.00,0.00,2979.00,1.00,414.00,8345.00,0.00,1308.00,0.00,63.00,113262.00,2024.00,910.00,2309.00,7213.00,0.00,3748.00,1285.00,0.00,0.00,0.00,0.00,17489.00,6963.00,24452.00,265.00,5346.00,3098.00,37.00,312.00,0.00,,361.00,0.00,147133.00,,,,,,17.86,1.37,30181.25,1,6,626,19790,DL,Delta Air Lines Inc.,DL,Delta Air Lines Inc.,01260,D,3,3,2025,3
29800.38,614.32,0.00,1632.39,46.54,,122487.14,117.65,74.26,146.11,1005.78,5781.06,0.00,601.81,187.43,1724.70,164219.57,6256.01,0.00,4605.95,0.00,,4690.14,16824.09,0.00,,0.00,,32376.20,8054.97,40431.17,,11530.48,0.00,0.00,,,,86.54,,216267.76,,,,,,14.25,1.28,47361.00,2,8,821,19917,5X,United Parcel Service,5X,United Parcel Service,16913,P,3,3,2025,4
29827.58,,3532.39,4127.66,,,69026.27,,291.78,,132.36,7887.64,-2.44,1509.61,888.85,,117221.70,1462.85,,8591.13,221.72,,3300.91,300.92,,,,,13877.54,4824.39,18701.93,208.51,13072.77,4132.70,10.43,217.83,,,,,153565.86,,,,,,16.41,1.25,29854.31,1,6,837,19977,UA,United Air Lines Inc.,UA,United Air Lines Inc.,10874,A,3,3,2025,2
30012.00,0.00,3557.00,6093.00,284.00,,31464.00,,176.00,-46.00,264.00,0.00,,1683.00,1625.00,7020.00,82132.00,2878.00,320.00,546.00,1155.00,,3652.00,1750.00,6275.00,,8606.00,,25182.00,20095.00,45277.00,,7346.00,9919.00,1232.00,1118.00,,,,,147024.00,,,,,,8.30,4.67,14706.46,2,6,691,20107,FX,Federal Express Corporation,FX,Federal Express Corporation,06200,D,3,3,2025,4
30152.62,0.00,2104.63,2099.72,0.00,0.00,66548.44,80.39,9338.19,0.00,34.63,9226.75,0.00,2586.77,1384.13,0.00,123556.26,5373.67,1368.31,6987.61,7456.63,0.00,3756.19,4155.98,0.00,0.00,0.00,0.00,29098.39,13238.52,42336.92,590.83,5407.60,1329.30,1074.16,0.00,405.54,,663.06,,175363.67,,,,,,10.38,1.02,27692.45,1,6,637,19805,AA,American Airlines Inc.,AA,American Airlines Inc.,10049,A,3,3,2025,1
30270.28,0.00,2107.89,2110.13,0.00,0.00,55164.86,80.16,9353.74,0.00,34.74,9265.59,0.00,2598.10,1141.53,0.00,112127.01,5386.92,1369.16,7018.81,7490.56,0.00,3767.64,4001.66,0.00,0.00,0.00,0.00,29034.75,13260.48,42295.23,594.81,5426.20,1334.42,1075.58,0.00,406.99,,659.45,,163919.69,,,,,,13.41,1.33,22951.06,1,6,887,19805,AA,American Airlines Inc.,AA,American Airlines Inc.,10049,A,3,3,2025,1
30396.15,,2553.66,3180.63,,,43634.32,,3083.08,,84.20,8010.99,-59.49,2667.82,365.40,,93916.75,2134.32,7.54,1312.56,441.90,,1377.25,132.11,,,,,5405.68,7941.52,13347.20,38.40,6115.75,1679.16,9.00,93.20,,,,,115199.46,,,,,,23.52,2.11,17336.92,1,6,838,19977,UA,United Air Lines Inc.,UA,United Air Lines Inc.,10876,L,3,3,2025,1
30496.93,0.00,2854.71,4458.38,0.00,0.00,0.00,0.00,11661.16,0.00,23.66,2450.75,0.00,2757.73,0.00,210.27,54913.58,5020.83,0.00,15528.56,27032.62,0.00,1498.62,0.00,0.00,0.00,0.00,0.00,49080.63,96.82,49177.45,1499.06,0.00,0.00,717.91,0.00,557.39,,0.00,,106865.39,,,,,,27.53,5.37,35944.29,1,6,631,20397,OH,PSA Airlines Inc.,OH,PSA Airlines Inc.,07028,D,2,2,2025,1
30499.36,,3536.71,3933.57,,,74388.37,,546.14,,130.85,8047.60,16.79,655.44,830.93,,122585.77,1681.68,,6428.43,180.99,,2729.12,708.89,,,,,11729.11,4554.77,16283.88,206.33,12526.57,3931.21,14.12,182.93,,,,,155730.81,,,,,,16.49,1.22,30423.62,1,6,837,19977,UA,United Air Lines Inc.,UA,United Air Lines Inc.,10874,A,3,3,2025,4
30513.00,0.00,411.00,1808.00,0.00,0.00,61551.00,0.00,2168.00,1.00,301.00,6074.00,0.00,952.00,0.00,46.00,103825.00,1473.00,662.00,1680.00,5249.00,0.00,2728.00,935.00,0.00,0.00,0.00,0.00,12727.00,5068.00,17795.00,193.00,3891.00,2255.00,27.00,227.00,0.00,,263.00,0.00,128476.00,,,,,,13.01,0.93,27506.76,1,6,359,19790,DL,Delta Air Lines Inc.,DL,Delta Air Lines Inc.,10261,A,3,3,2025,3
30532.72,0.00,226.58,551.67,104.70,0.00,47500.96,0.00,26850.99,0.11,770.87,6525.45,0.00,2376.01,2212.34,0.00,117652.40,6232.21,0.00,2514.18,61.77,0.00,1774.31,3808.13,0.00,0.00,0.00,0.00,14390.60,0.00,14390.60,0.00,3260.48,727.07,134.09,0.00,0.00,,3653.58,,139818.22,,,,,,24.33,3.72,21121.33,1,6,721,20416,NK,Spirit Air Lines,NK,Spirit Air Lines,06830,D,3,3,2025,2
30699.28,0.00,4007.09,3797.34,0.00,0.00,0.00,94.56,13722.05,182.24,9.90,2994.72,0.00,2775.98,0.00,0.00,58283.16,6800.28,0.00,11572.53,7370.21,0.00,2741.36,0.00,0.00,0.00,0.00,0.00,28484.36,12874.55,41358.91,743.15,0.00,0.00,1408.32,0.00,0.00,,0.00,,101793.54,,,,,,30.53,6.09,15792.49,1,6,675,20427,PT,Piedmont Airlines,PT,Piedmont Airlines,06918,D,2,2,2025,1
30910.33,,2097.19,3376.31,,,47022.05,,865.30,,78.59,8201.89,-1.45,1569.75,651.60,,94771.55,1153.86,4.46,7513.12,51703.89,,2755.34,368.03,,,,,63498.69,3523.94,67022.64,1261.89,5715.32,3095.69,619.04,3112.01,,,,,175598.13,,,,,,12.80,1.05,20180.85,1,6,887,19977,UA,United Air Lines Inc.,UA,United Air Lines Inc.,10874,A,3,3,2025,2
31064.00,0.00,2139.01,2202.98,0.00,0.00,40616.12,99.54,9637.65,0.00,34.04,9509.46,0.00,1668.58,994.05,0.00,97965.42,5381.09,1364.02,6891.19,8472.71,0.00,3104.69,3446.17,0.00,0.00,0.00,0.00,28659.87,12902.67,41562.53,663.85,5452.43,1342.43,1065.24,0.00,409.31,,547.25,,149008.47,,,,,,22.26,2.36,18348.13,1,6,838,19805,AA,American Airlines Inc.,AA,American Airlines Inc.,10050,L,3,3,2025,2
31068.55,,2467.33,3300.51,,,45841.70,,9278.92,,91.29,8217.95,11.71,669.32,542.09,,101489.36,2591.44,15.68,1954.61,1616.65,,1828.68,807.10,,,,,8814.16,8306.70,17120.86,229.33,4110.84,2142.50,303.07,994.17,,,,,126390.11,,,,,,25.25,2.28,18201.56,1,6,839,19977,UA,United Air Lines Inc.,UA,United Air Lines Inc.,10876,L,3,3,2025,4
31370.93,0.00,2287.00,2123.29,0.00,0.00,63600.36,66.45,9147.16,0.00,33.11,10037.39,0.00,1178.05,1433.78,0.00,121277.52,5507.22,1364.83,6884.65,8229.91,0.00,3677.78,3291.74,0.00,0.00,0.00,0.00,28956.12,13209.28,42165.40,609.22,5321.29,1406.87,781.03,0.00,342.87,,571.57,,172475.77,,,,,,26.47,4.18,27161.11,1,6,694,19805,AA,American Airlines Inc.,AA,American Airlines Inc.,0A050,D,3,3,2025,4
31483.90,0.00,3035.33,5775.46,0.00,0.00,0.00,0.00,11599.02,0.00,25.61,2284.91,0.00,2557.08,0.00,198.43,56959.74,5488.87,0.00,14783.48,23155.56,0.00,2859.69,0.00,0.00,0.00,0.00,0.00,46287.59,165.21,46452.80,1749.91,0.00,0.00,621.71,0.00,603.32,,0.00,,106387.48,,,,,,32.29,5.46,21151.72,1,6,631,20397,OH,PSA Airlines Inc.,OH,PSA Airlines Inc.,07028,D,2,2,2025,2
31797.77,,3043.64,4098.04,,,92184.94,,537.93,,105.49,7920.06,21.71,889.29,1289.35,,141888.22,1194.41,5.58,13692.07,353.46,,2255.97,473.78,,,,,17975.27,4005.07,21980.34,241.14,9553.39,2100.08,148.45,287.45,,,,,176199.08,,,,,,13.24,0.97,39276.67,1,6,637,19977,UA,United Air Lines Inc.,UA,United Air Lines Inc.,10877,P,3,3,2025,3
31803.74,,2038.56,3356.78,,,51980.86,,826.69,,70.65,7935.61,14.54,891.03,603.06,,99521.51,1124.36,5.59,15414.42,41340.24,,2795.29,663.22,,,,,61343.12,3767.70,65110.82,1275.33,5752.58,3112.04,698.70,3262.72,,,,,178733.70,,,,,,13.26,1.06,21406.19,1,6,887,19977,UA,United Air Lines Inc.,UA,United Air Lines Inc.,10874,A,3,3,2025,3
31840.99,0.00,3096.68,4091.38,0.00,0.00,0.00,184.93,14230.50,151.21,9.90,3335.58,0.00,1669.65,0.00,0.00,58610.83,6884.71,0.00,10400.66,7567.25,0.00,2352.59,0.00,0.00,0.00,0.00,0.00,27205.21,14825.22,42030.43,770.81,0.00,0.00,1019.40,0.00,0.00,,0.00,,102431.47,,,,,,33.61,6.53,17693.99,1,6,675,20427,PT,Piedmont Airlines,PT,Piedmont Airlines,06918,D,2,2,2025,4
31890.20,0.00,240.48,563.19,107.94,0.00,50269.84,0.00,31668.73,-0.31,753.69,7065.51,0.00,1574.43,1799.16,0.00,125932.85,7195.54,0.00,2666.74,1104.71,0.00,1802.76,3992.71,0.00,0.00,0.00,0.00,16762.46,0.00,16762.46,0.00,3665.89,552.95,139.35,0.00,0.00,,3550.21,,150603.69,,,,,,24.72,4.05,21728.43,1,6,721,20416,NK,Spirit Air Lines,NK,Spirit Air Lines,06830,D,3,3,2025,3
31893.24,,2795.42,3396.14,,,53353.49,,4945.07,,92.17,8404.17,-65.13,2798.76,542.74,,108156.07,2240.17,7.91,3823.58,463.59,,1242.89,144.79,,,,,7922.93,8336.36,16259.29,272.37,5646.92,2734.82,273.32,701.96,,,,,134044.76,,,,,,24.69,2.35,20791.77,1,6,839,19977,UA,United Air Lines Inc.,UA,United Air Lines Inc.,10876,L,3,3,2025,1
32000.00,0.00,4594.00,9486.00,1283.00,,41574.00,,0.00,63.00,128.00,0.00,,2547.00,1896.00,8233.00,101804.00,29369.00,3263.00,1181.00,1063.00,,3793.00,716.00,18507.00,,4480.00,,62372.00,42691.00,105063.00,,1334.00,2809.00,778.00,71.00,,,,,211859.00,,,,,,8.04,1.86,19287.80,2,7,740,20107,FX,Federal Express Corporation,FX,Federal Express Corporation,06200,D,3,3,2025,3
32326.91,,3262.37,4241.64,,,87692.28,,649.13,,122.25,8558.68,-2.26,1638.03,1714.48,,140203.51,1263.46,4.65,1858.21,390.59,,2370.95,216.03,,,,,6103.90,3905.69,10009.59,240.93,9858.58,2166.60,150.82,291.39,,,,,162921.41,,,,,,14.67,1.10,39494.26,1,6,637,19977,UA,United Air Lines Inc.,UA,United Air Lines Inc.,10877,P,3,3,2025,2
32340.58,,1487.22,2903.51,,,41438.26,,788.35,,55.02,8573.62,-133.64,698.28,2172.99,,90324.18,3071.44,16.36,131544.07,1880.65,,10216.88,1296.78,,,,,148026.17,10116.03,158142.19,828.19,2413.38,10921.56,76.51,501.53,,,,,263207.53,,,,,,26.35,3.33,17703.87,1,6,612,19977,UA,United Air Lines Inc.,UA,United Air Lines Inc.,0A875,D,3,3,2025,4
32474.00,0.00,4809.00,9766.00,1963.00,,39916.00,,1.00,103.00,103.00,0.00,,3858.00,1800.00,25621.00,120414.00,27810.00,3090.00,1627.00,1143.00,,2942.00,569.00,9992.00,,3284.00,,50457.00,32694.00,83151.00,,1397.00,2911.00,797.00,73.00,,,,,208743.00,,,,,,8.11,1.78,19211.94,2,7,740,20107,FX,Federal Express Corporation,FX,Federal Express Corporation,06200,D,3,3,2025,2
32954.41,0.00,0.00,1172.46,28.28,,47370.70,148.54,2052.86,21.05,366.73,9321.28,0.00,3196.63,1755.28,-19.14,98369.08,7736.58,0.00,13503.18,0.00,,6431.00,40706.11,0.00,,0.00,,68376.86,8714.53,77091.40,,5072.27,1066.82,370.13,,,,136.51,,182106.20,,,,,,14.61,6.19,18047.48,2,6,622,19917,5X,United Parcel Service,5X,United Parcel Service,06910,D,3,3,2025,1
33158.74,0.00,2310.57,2305.71,0.00,0.00,67521.84,88.77,10238.33,0.00,38.08,10127.46,0.00,2837.35,1397.25,0.00,130024.10,5891.57,1499.54,7666.43,8169.57,0.00,4100.76,4479.03,0.00,0.00,0.00,0.00,31806.89,14517.85,46324.74,651.17,5945.77,1462.08,1179.64,0.00,445.94,,729.43,,186762.87,,,,,,28.28,4.18,28071.15,1,6,694,19805,AA,American Airlines Inc.,AA,American Airlines Inc.,0A050,D,3,3,2025,1
33497.58,0.00,2307.13,2375.09,0.00,0.00,68539.23,107.38,10400.73,0.00,36.69,10252.67,0.00,1799.59,1673.60,0.00,130989.69,5804.38,1471.51,7427.56,9137.55,0.00,3347.44,3727.29,0.00,0.00,0.00,0.00,30915.72,13912.31,44828.04,715.13,5875.79,1446.90,1147.60,0.00,441.36,,591.00,,186035.50,,,,,,30.38,4.14,30983.72,1,6,694,19805,AA,American Airlines Inc.,AA,American Airlines Inc.,0A050,D,3,3,2025,2
33614.86,,3028.23,3809.01,,,46565.64,,4.63,,99.84,8856.87,-70.55,2949.52,135.71,,98993.76,2787.50,8.34,3254.94,2761.01,,1850.31,2000.36,,,,,12662.46,8024.84,20687.30,30.01,443.06,2545.01,,86.85,,,,,122785.99,,,,,,26.12,2.91,18970.79,1,6,721,19977,UA,United Air Lines Inc.,UA,United Air Lines Inc.,0A875,D,3,3,2025,1
33663.11,,1802.29,3112.96,,,44484.68,,443.02,,59.42,8884.15,-41.99,2958.60,2161.72,,97527.96,2779.74,8.36,89859.01,684.26,,4840.14,354.58,,,,,98526.09,9515.38,108041.47,742.10,2432.47,10110.68,63.15,539.89,,,,,219457.72,,,,,,26.26,3.05,18153.91,1,6,612,19977,UA,United Air Lines Inc.,UA,United Air Lines Inc.,0A875,D,3,3,2025,1
33936.00,0.00,874.00,2303.00,0.00,0.00,62881.00,0.00,2893.00,9.00,396.00,8011.00,0.00,1414.00,0.00,92.00,112809.00,1843.00,883.00,3330.00,5690.00,0.00,3134.00,162.00,0.00,0.00,0.00,0.00,15042.00,6631.00,21673.00,165.00,5163.00,2892.00,15.00,291.00,0.00,,327.00,0.00,143335.00,,,,,,16.99,1.38,28518.14,1,6,626,19790,DL,Delta Air Lines Inc.,DL,Delta Air Lines Inc.,10261,A,3,3,2025,2
34009.36,,1635.58,3466.18,,,43310.38,,518.78,,61.29,9036.21,-22.26,1729.43,2208.39,,95953.34,2929.80,9.82,109767.62,1906.61,,7272.57,543.32,,,,,122429.74,9182.95,131612.68,773.67,2601.38,10810.74,69.34,543.74,,,,,242364.89,,,,,,28.20,3.24,19419.67,1,6,612,19977,UA,United Air Lines Inc.,UA,United Air Lines Inc.,0A875,D,3,3,2025,2
34044.00,0.00,4242.00,7800.00,126.00,,27283.00,,230.00,74.00,284.00,0.00,,4046.00,1481.00,6061.00,85671.00,3806.00,423.00,1231.00,591.00,,5710.00,2690.00,19281.00,,7938.00,,41670.00,29433.00,71103.00,,8611.00,10228.00,1212.00,1102.00,,,,,177927.00,,,,,,7.14,4.93,12533.29,2,6,691,20107,FX,Federal Express Corporation,FX,Federal Express Corporation,06200,D,3,3,2025,1
34093.63,,3840.65,4633.34,,,84287.95,,338.87,,133.11,8483.84,1381.87,952.59,762.01,,138907.86,1608.45,,7952.50,-4.09,,2140.00,727.29,,,,,12424.15,4988.70,17412.86,225.10,13916.02,4382.62,14.45,224.85,,,,,175083.74,,,,,,18.90,1.33,35115.91,1,6,837,19977,UA,United Air Lines Inc.,UA,United Air Lines Inc.,10874,A,3,3,2025,3
34266.86,0.00,3885.35,4328.90,0.00,0.00,0.00,215.27,14129.63,205.12,9.90,2749.56,0.00,2247.74,0.00,0.00,62038.33,6591.73,0.00,13919.57,7518.92,0.00,3006.40,0.00,0.00,0.00,0.00,0.00,31036.62,14265.78,45302.41,745.60,0.00,0.00,1074.53,0.00,0.00,,0.00,,109160.86,,,,,,34.50,6.47,17693.99,1,6,675,20427,PT,Piedmont Airlines,PT,Piedmont Airlines,06918,D,2,2,2025,3
34285.70,,1549.64,3298.99,,,45905.03,,530.53,,53.71,8563.97,11.05,961.59,1568.81,,96729.01,2842.77,12.07,73721.20,1663.44,,4648.13,1104.88,,,,,83992.48,9347.46,93339.95,865.89,2709.30,10985.66,71.96,555.04,,,,,205256.81,,,,,,28.62,3.28,19757.93,1,6,612,19977,UA,United Air Lines Inc.,UA,United Air Lines Inc.,0A875,D,3,3,2025,3
34552.61,,3355.43,4161.74,,,102427.85,,962.37,,124.15,9128.66,15.93,743.49,1963.62,,157435.84,1494.99,8.71,19996.39,513.07,,3659.64,518.89,,,,,26191.68,4833.28,31024.97,267.47,10911.46,2397.45,173.96,305.36,,,,,202516.49,,,,,,14.03,1.13,41742.68,1,6,637,19977,UA,United Air Lines Inc.,UA,United Air Lines Inc.,10877,P,3,3,2025,4
34617.46,0.00,2333.67,5185.37,0.00,0.00,0.00,0.00,11670.71,0.00,23.35,2351.63,0.00,1813.89,0.00,197.98,58194.07,5825.85,0.00,12637.91,23138.03,0.00,3600.35,0.00,0.00,0.00,0.00,0.00,45202.13,247.99,45450.12,1924.00,0.00,0.00,562.57,0.00,551.17,,0.00,,106681.93,,,,,,29.20,5.52,17855.54,1,6,631,20397,OH,PSA Airlines Inc.,OH,PSA Airlines Inc.,07028,D,2,2,2025,4
34712.13,0.00,4025.99,4464.18,0.00,0.00,0.00,79.98,14071.50,34.16,13.27,3506.18,0.00,1643.26,0.00,0.00,62550.66,7234.20,0.00,10853.83,7437.58,0.00,3377.47,0.00,0.00,0.00,0.00,0.00,28903.08,12879.24,41782.32,723.81,0.00,0.00,1190.84,0.00,0.00,,0.00,,106247.62,,,,,,34.28,6.37,18267.78,1,6,675,20427,PT,Piedmont Airlines,PT,Piedmont Airlines,06918,D,2,2,2025,2
34903.39,,3405.93,4423.80,,,77539.17,,62.96,,127.63,9242.89,-355.89,1768.98,892.56,,132011.43,1704.55,6.70,4430.02,562.42,,2382.21,421.84,,,,,9507.74,5315.93,14823.67,155.07,13075.00,2977.55,32.20,394.22,,,,,163469.13,,,,,,19.23,1.25,33260.09,1,6,889,19977,UA,United Air Lines Inc.,UA,United Air Lines Inc.,10874,A,3,3,2025,2
34919.78,,2864.52,3977.86,,,73265.24,,513.17,,105.98,9235.02,-230.69,752.15,3782.79,,129185.82,3325.35,67.50,11842.96,16288.33,,11658.34,2152.46,,,,,45334.95,9591.15,54926.10,3415.50,3725.89,2388.86,585.57,2311.57,,,1.21,,196540.52,,,,,,28.38,2.74,30772.96,1,6,622,19977,UA,United Air Lines Inc.,UA,United Air Lines Inc.,0A875,D,3,3,2025,4
34993.00,0.00,3615.00,6210.00,1231.00,,21407.00,,0.00,61.00,111.00,0.00,,1882.00,1011.00,26590.00,97111.00,26724.00,2969.00,414.00,1764.00,,437.00,751.00,5506.00,,2731.00,,41296.00,32954.00,74250.00,,1240.00,2604.00,730.00,67.00,,,,,176002.00,,,,,,3.95,1.90,9457.91,2,7,740,20107,FX,Federal Express Corporation,FX,Federal Express Corporation,06200,D,3,3,2025,4
35036.00,0.00,4209.00,9671.00,1574.00,,51472.00,,0.00,129.00,137.00,0.00,,3955.00,2090.00,5267.00,113540.00,27856.00,3095.00,1365.00,1161.00,,826.00,968.00,10008.00,,3326.00,,48605.00,34332.00,82937.00,,1472.00,3084.00,1096.00,106.00,,,,,202235.00,,,,,,9.56,1.90,22488.20,2,7,740,20107,FX,Federal Express Corporation,FX,Federal Express Corporation,06200,D,3,3,2025,1
35134.84,0.00,2572.07,2355.99,0.00,0.00,43552.57,74.79,10207.78,0.00,36.95,11083.47,0.00,1311.63,945.73,0.00,107275.83,6156.76,1532.13,7537.70,9120.19,0.00,4081.38,3703.13,0.00,0.00,0.00,0.00,32131.28,14793.53,46924.81,680.73,5950.89,1578.41,874.95,0.00,380.87,,642.40,,164308.90,,,,,,23.07,2.64,18606.80,1,6,838,19805,AA,American Airlines Inc.,AA,American Airlines Inc.,10050,L,3,3,2025,4
35796.82,,3403.28,4180.54,,,82692.74,,153.54,,125.92,9458.67,-22.76,770.37,1179.70,,137738.81,1966.51,12.03,5320.99,708.82,,2719.94,751.92,,,,,11480.23,5746.54,17226.77,140.77,13039.44,3009.69,30.12,352.93,,,,,171538.52,,,,,,19.38,1.32,33655.70,1,6,889,19977,UA,United Air Lines Inc.,UA,United Air Lines Inc.,10874,A,3,3,2025,4
35806.89,512.81,0.00,3278.65,70.07,,47134.16,161.44,2061.91,192.08,398.04,8711.61,0.00,998.07,1816.42,2836.43,103978.57,7524.51,0.00,13619.74,0.00,,8168.87,47394.38,0.00,,0.00,,76707.49,10283.18,86990.67,,6651.41,0.00,0.00,,,,108.07,,197728.71,,,,,,15.80,6.16,19164.34,2,6,622,19917,5X,United Parcel Service,5X,United Parcel Service,06910,D,3,3,2025,3
35871.62,555.45,0.00,1554.13,59.18,,47099.75,172.92,1640.14,172.60,396.76,9467.97,0.00,1883.21,1995.67,2171.73,103041.12,7843.19,0.00,13097.08,0.00,,7691.47,47457.75,0.00,,0.00,,76089.48,10761.51,86850.99,,6747.07,0.00,0.00,,,,213.33,,196852.50,,,,,,16.47,6.36,17189.89,2,6,622,19917,5X,United Parcel Service,5X,United Parcel Service,06910,D,3,3,2025,2
35933.00,0.00,1207.00,2986.00,0.00,0.00,37817.00,0.00,4124.00,28.00,563.00,10515.00,0.00,1810.00,0.00,125.00,95108.00,2377.00,976.00,5333.00,7453.00,0.00,4255.00,2160.00,0.00,0.00,0.00,0.00,22554.00,9266.00,31820.00,485.00,7334.00,3900.00,99.00,400.00,0.00,,551.00,0.00,139697.00,,,,,,21.55,2.70,15393.63,1,6,724,19790,DL,Delta Air Lines Inc.,DL,Delta Air Lines Inc.,01260,D,3,3,2025,1
36050.81,0.00,2518.06,2503.20,0.00,0.00,47428.78,97.32,11153.90,0.00,41.43,11003.56,0.00,3081.86,988.35,0.00,114867.28,6412.64,1635.44,8326.65,8870.22,0.00,4457.42,5082.64,0.00,0.00,0.00,0.00,34785.02,15816.82,50601.83,705.96,6467.54,1589.74,1285.97,0.00,485.00,,801.44,,176804.76,,,,,,24.43,2.69,19717.44,1,6,838,19805,AA,American Airlines Inc.,AA,American Airlines Inc.,10050,L,3,3,2025,1
36532.00,0.00,501.00,2173.00,0.00,0.00,65713.00,0.00,2729.00,2.00,382.00,8415.00,0.00,1255.00,0.00,65.00,117767.00,1803.00,757.00,532.00,6285.00,0.00,3251.00,523.00,0.00,0.00,0.00,0.00,13151.00,6528.00,19679.00,245.00,4928.00,2907.00,35.00,293.00,0.00,,334.00,0.00,146188.00,,,,,,15.52,1.55,29087.30,1,6,624,19790,DL,Delta Air Lines Inc.,DL,Delta Air Lines Inc.,10261,A,3,3,2025,4
36575.37,523.82,0.00,3349.01,71.58,,71940.63,164.91,488.23,196.20,880.50,8898.58,0.00,1019.49,2722.91,2897.30,129728.54,7686.00,0.00,20380.53,0.00,,7959.58,33431.86,0.00,,0.00,,69457.96,10503.88,79961.83,,21430.36,0.00,0.00,,,,110.39,,231231.12,,,,,,16.17,4.50,28937.42,2,6,691,19917,5X,United Parcel Service,5X,United Parcel Service,06910,D,3,3,2025,3
37071.00,0.00,1155.00,3042.00,0.00,0.00,82609.00,0.00,3821.00,11.00,523.00,10583.00,0.00,1868.00,0.00,121.00,140804.00,2435.00,1166.00,4399.00,7516.00,0.00,4141.00,214.00,0.00,0.00,0.00,0.00,19871.00,8759.00,28630.00,218.00,6821.00,3821.00,20.00,384.00,0.00,,431.00,0.00,181129.00,,,,,,22.44,1.89,37464.97,1,6,626,19790,DL,Delta Air Lines Inc.,DL,Delta Air Lines Inc.,01260,D,3,3,2025,2
37288.56,,3338.76,4216.11,,,76801.84,,7.47,,110.08,9825.06,-77.79,3271.95,3853.86,,138635.90,3087.61,79.92,13969.94,22028.59,,14372.95,3333.82,,,,,56872.82,12691.12,69563.95,4378.34,4584.71,3127.21,607.80,2177.74,,,1.43,,223077.07,,,,,,29.00,3.17,31569.75,1,6,622,19977,UA,United Air Lines Inc.,UA,United Air Lines Inc.,0A875,D,3,3,2025,1
37641.11,582.85,0.00,1630.79,62.10,,72490.15,181.45,490.49,181.12,870.01,9935.01,0.00,1976.10,2929.08,2278.85,131249.11,8230.08,0.00,20501.02,0.00,,6708.60,28522.80,0.00,,0.00,,63962.49,11292.35,75254.84,,21399.87,0.00,0.00,,,,223.85,,228127.67,,,,,,17.31,4.73,26581.72,2,6,691,19917,5X,United Parcel Service,5X,United Parcel Service,06910,D,3,3,2025,2
37796.04,0.00,2746.04,2578.12,0.00,0.00,80507.82,79.76,11057.46,0.00,40.00,12222.76,0.00,1428.02,1866.07,0.00,150322.09,6652.47,1642.77,8438.25,10017.66,0.00,4462.58,3970.19,0.00,0.00,0.00,0.00,35183.91,15937.54,51121.46,735.43,6421.28,1693.59,941.01,0.00,414.85,,686.99,,212336.68,,,,,,12.65,1.17,34400.28,1,6,637,19805,AA,American Airlines Inc.,AA,American Airlines Inc.,10049,A,3,3,2025,4
37874.00,0.00,967.00,2392.00,0.00,0.00,79106.00,0.00,3304.00,22.00,451.00,8425.00,0.00,1450.00,0.00,100.00,134091.00,1905.00,782.00,4273.00,5972.00,0.00,3409.00,1731.00,0.00,0.00,0.00,0.00,18072.00,7424.00,25496.00,389.00,5876.00,3125.00,79.00,320.00,0.00,,442.00,0.00,169818.00,,,,,,17.27,1.49,32200.82,1,6,624,19790,DL,Delta Air Lines Inc.,DL,Delta Air Lines Inc.,10261,A,3,3,2025,1
37973.62,0.00,-303.91,4298.43,0.00,0.00,1042.24,0.00,19.75,89.68,75.15,3884.24,0.00,2643.32,446.19,503.68,50672.37,8308.76,0.00,25977.92,13419.23,0.00,11028.37,1247.54,0.00,0.00,0.00,0.00,59981.83,6490.81,66472.64,0.00,7264.21,8335.27,0.00,0.00,5370.44,,0.00,,138114.92,,,,,,46.80,9.22,30453.26,1,6,631,20304,OO,SkyWest Airlines Inc.,OO,SkyWest Airlines Inc.,06700,D,3,3,2025,3
38205.95,,2978.65,4357.12,,,53763.23,,3910.98,,111.61,10130.84,-2.06,1938.93,455.36,,115850.61,2822.49,11.01,1322.53,1636.17,,2402.97,427.33,,,,,8622.52,9711.83,18334.34,47.78,7907.68,2175.47,12.08,109.19,,,,,144437.15,,,,,,31.61,2.56,23100.46,1,6,838,19977,UA,United Air Lines Inc.,UA,United Air Lines Inc.,10876,L,3,3,2025,2
38876.00,0.00,3442.00,12562.00,830.00,,90889.00,,4.00,134.00,,3849.00,,4620.00,3159.00,9441.00,167806.00,99.00,11.00,52.00,12581.00,,3580.00,192.00,5167.00,,249.00,,21931.00,88947.00,110878.00,,17553.00,8235.00,720.00,132.00,,,,,305324.00,,,,,,16.43,1.66,38972.44,2,6,683,20107,FX,Federal Express Corporation,FX,Federal Express Corporation,16196,A,3,3,2025,1
38931.30,,2902.80,4331.59,,,55366.99,,3655.91,,100.61,9708.37,17.94,1090.08,471.32,,116576.91,2782.38,13.68,1573.73,1681.16,,1173.06,1065.37,,,,,8289.37,9745.23,18034.60,51.41,7758.91,2149.41,15.97,109.21,,,,,144696.42,,,,,,32.45,2.43,22679.25,1,6,838,19977,UA,United Air Lines Inc.,UA,United Air Lines Inc.,10876,L,3,3,2025,3
39000.34,0.00,2849.18,2627.95,0.00,0.00,61309.68,82.84,11355.60,0.00,41.09,12381.01,0.00,1462.05,1353.23,0.00,132462.98,6847.63,1700.23,8454.25,10193.76,0.00,4549.70,4119.85,0.00,0.00,0.00,0.00,35865.41,16443.41,52308.82,756.53,6612.81,1751.53,971.29,0.00,423.52,,712.17,,195999.65,,,,,,13.80,1.17,26209.28,1,6,889,19805,AA,American Airlines Inc.,AA,American Airlines Inc.,10052,P,3,3,2025,4
39000.91,,3007.47,4089.88,,,54534.85,,4028.75,,111.27,10317.74,-1276.74,840.33,554.66,,115209.11,3252.39,19.69,1315.28,2029.72,,3209.19,989.12,,,,,10815.39,10078.10,20893.49,41.57,7741.07,2235.27,21.49,50.48,,,,,146192.49,,,,,,31.71,2.76,21979.03,1,6,838,19977,UA,United Air Lines Inc.,UA,United Air Lines Inc.,10876,L,3,3,2025,4
39034.00,0.00,578.00,2544.00,0.00,0.00,78050.00,0.00,3052.00,1.00,424.00,8547.00,0.00,1340.00,0.00,64.00,133634.00,2073.00,932.00,2365.00,7388.00,0.00,3839.00,1316.00,0.00,0.00,0.00,0.00,17913.00,7132.00,25045.00,272.00,5476.00,3173.00,38.00,319.00,0.00,,370.00,0.00,168327.00,,,,,,18.29,1.49,34880.09,1,6,624,19790,DL,Delta Air Lines Inc.,DL,Delta Air Lines Inc.,10261,A,3,3,2025,3
39149.20,0.00,2846.97,2664.67,0.00,0.00,67040.86,82.69,11441.74,0.00,41.40,12626.77,0.00,1476.18,1538.75,0.00,138909.22,6883.67,1701.59,8702.58,10342.92,0.00,4613.96,4105.79,0.00,0.00,0.00,0.00,36350.51,16495.38,52845.89,761.35,6647.67,1754.33,974.64,0.00,429.49,,711.95,,203034.53,,,,,,15.07,1.28,28633.88,1,6,889,19805,AA,American Airlines Inc.,AA,American Airlines Inc.,10049,A,3,3,2025,4
39262.89,0.00,2693.67,2780.61,0.00,0.00,63379.21,127.69,12184.12,0.00,43.00,12048.27,0.00,2118.46,1525.89,0.00,136163.80,6817.84,1724.73,8660.25,10868.45,0.00,3926.65,4442.20,0.00,0.00,0.00,0.00,36440.12,16323.78,52763.90,851.08,6879.39,1697.58,1354.73,0.00,519.18,,697.15,,200926.81,,,,,,15.41,1.38,28706.46,1,6,889,19805,AA,American Airlines Inc.,AA,American Airlines Inc.,10049,A,3,3,2025,2
39331.71,0.00,0.00,1399.35,33.76,,80313.26,177.29,486.44,25.13,811.83,11125.13,0.00,3815.24,2828.63,-22.84,140324.91,9233.75,0.00,20455.32,0.00,,6576.97,36320.16,0.00,,0.00,,72586.21,10400.96,82987.17,,18614.46,1960.44,666.83,,,,162.92,,244716.73,,,,,,17.64,4.67,30743.85,2,6,691,19917,5X,United Parcel Service,5X,United Parcel Service,06910,D,3,3,2025,1
39609.92,0.00,764.99,5144.49,0.00,0.00,1279.21,0.00,12.99,83.59,74.11,3952.81,0.00,2959.75,446.16,505.04,54833.06,7675.49,0.00,16592.76,14933.91,0.00,12967.18,1543.26,0.00,0.00,0.00,0.00,53712.60,7317.33,61029.93,0.00,7284.76,7290.02,0.00,0.00,5370.42,,0.00,,135808.19,,,,,,47.02,9.94,30096.55,1,6,631,20304,OO,SkyWest Airlines Inc.,OO,SkyWest Airlines Inc.,06700,D,3,3,2025,2
39638.00,0.00,1303.00,3432.00,0.00,0.00,40166.00,1.00,4311.00,13.00,590.00,11940.00,0.00,2107.00,0.00,137.00,103638.00,2747.00,1316.00,4963.00,8480.00,0.00,4672.00,241.00,0.00,0.00,0.00,0.00,22419.00,9883.00,32302.00,246.00,7695.00,4311.00,22.00,433.00,0.00,,487.00,0.00,149134.00,,,,,,25.32,2.97,18216.21,1,6,724,19790,DL,Delta Air Lines Inc.,DL,Delta Air Lines Inc.,01260,D,3,3,2025,2
39826.21,0.00,5878.60,11400.47,0.00,0.00,0.00,0.00,32657.99,0.00,27.57,3346.44,0.00,2742.64,0.00,419.88,96301.22,11489.76,0.00,34949.16,33407.27,0.00,7694.34,0.00,0.00,0.00,0.00,0.00,87540.53,351.89,87892.42,2718.48,0.00,0.00,797.17,0.00,569.02,,0.00,,188278.16,,,,,,31.40,5.52,19221.70,1,6,631,20397,OH,PSA Airlines Inc.,OH,PSA Airlines Inc.,07028,D,2,2,2025,3
39841.00,0.00,736.00,3192.00,0.00,0.00,85432.00,0.00,4008.00,3.00,561.00,12359.00,0.00,1843.00,0.00,95.00,148070.00,2648.00,1111.00,781.00,9231.00,0.00,4774.00,767.00,0.00,0.00,0.00,0.00,19312.00,9588.00,28900.00,360.00,7237.00,4269.00,52.00,430.00,0.00,,490.00,0.00,189808.00,,,,,,22.79,2.25,37815.73,1,6,626,19790,DL,Delta Air Lines Inc.,DL,Delta Air Lines Inc.,01260,D,3,3,2025,4
40288.00,0.00,1405.00,3477.00,1.00,0.00,61848.00,0.00,4803.00,32.00,656.00,12245.00,0.00,2108.00,0.00,145.00,127008.00,2768.00,1136.00,6211.00,8680.00,0.00,4955.00,2516.00,0.00,0.00,0.00,0.00,26266.00,10791.00,37057.00,565.00,8540.00,4542.00,115.00,465.00,0.00,,642.00,0.00,178934.00,,,,,,25.10,3.21,25175.70,1,6,888,19790,DL,Delta Air Lines Inc.,DL,Delta Air Lines Inc.,10260,L,3,3,2025,1
40290.14,0.00,370.38,4533.23,0.00,0.00,449.07,0.00,15.97,131.14,70.69,4071.93,0.00,3290.34,446.04,595.57,54264.50,6743.38,0.00,21031.08,13025.77,0.00,14017.75,1494.73,0.00,0.00,0.00,0.00,56312.71,5947.88,62260.59,0.00,7238.46,6362.78,0.00,0.00,5396.02,,0.00,,135522.34,,,,,,45.44,10.51,27919.50,1,6,631,20304,OO,SkyWest Airlines Inc.,OO,SkyWest Airlines Inc.,06700,D,3,3,2025,1
40374.40,0.00,619.12,4279.31,0.00,0.00,463.96,0.00,15.09,87.71,86.99,4164.85,0.00,2700.85,446.15,523.68,53762.11,9021.84,0.00,23520.65,11985.66,0.00,6831.82,1667.96,0.00,0.00,0.00,0.00,53027.93,6480.19,59508.12,0.00,7191.03,8895.30,-160.25,0.00,5365.19,,0.00,,134561.49,,,,,,42.68,8.63,27323.13,1,6,631,20304,OO,SkyWest Airlines Inc.,OO,SkyWest Airlines Inc.,06700,D,3,3,2025,4
41125.00,0.00,1362.00,3371.00,1.00,0.00,40458.00,0.00,4656.00,31.00,636.00,11871.00,0.00,2044.00,0.00,141.00,105696.00,2684.00,1102.00,6021.00,8415.00,0.00,4803.00,2439.00,0.00,0.00,0.00,0.00,25464.00,10461.00,35925.00,548.00,8280.00,4403.00,111.00,451.00,0.00,,622.00,0.00,156036.00,,,,,,24.33,3.97,16468.90,1,6,723,19790,DL,Delta Air Lines Inc.,DL,Delta Air Lines Inc.,01260,D,3,3,2025,1
41211.20,,3807.15,5087.97,,,96512.19,,2.04,,131.95,10266.65,-615.56,1152.77,1303.70,,158860.05,1937.10,9.64,4392.71,610.92,,1526.88,1043.95,,,,,9521.20,5748.07,15269.27,176.27,14958.55,3429.25,36.29,448.44,,,,,193178.12,,,,,,22.88,1.39,39674.37,1,6,889,19977,UA,United Air Lines Inc.,UA,United Air Lines Inc.,10874,A,3,3,2025,3
41311.00,0.00,1379.00,3412.00,1.00,0.00,100758.00,0.00,4712.00,32.00,643.00,12014.00,0.00,2068.00,0.00,142.00,166472.00,2716.00,1115.00,6094.00,8516.00,0.00,4861.00,2468.00,0.00,0.00,0.00,0.00,25770.00,10587.00,36357.00,554.00,8379.00,4456.00,113.00,457.00,0.00,,630.00,0.00,217418.00,,,,,,24.63,2.77,41014.21,1,6,626,19790,DL,Delta Air Lines Inc.,DL,Delta Air Lines Inc.,01260,D,3,3,2025,1
41444.00,0.00,1006.00,2651.00,0.00,0.00,81250.00,0.00,3330.00,10.00,456.00,9221.00,0.00,1628.00,0.00,106.00,141102.00,2121.00,1016.00,3833.00,6549.00,0.00,3608.00,186.00,0.00,0.00,0.00,0.00,17313.00,7632.00,24945.00,190.00,5943.00,3329.00,17.00,334.00,0.00,,376.00,0.00,176236.00,,,,,,19.56,1.57,36848.80,1,6,624,19790,DL,Delta Air Lines Inc.,DL,Delta Air Lines Inc.,10261,A,3,3,2025,2
41994.00,0.00,839.00,3694.00,0.00,0.00,43261.00,0.00,4431.00,2.00,616.00,12412.00,0.00,1946.00,0.00,94.00,109289.00,3010.00,1353.00,3434.00,10728.00,0.00,5574.00,1912.00,0.00,0.00,0.00,0.00,26011.00,10356.00,36367.00,394.00,7951.00,4607.00,55.00,463.00,0.00,,538.00,0.00,159664.00,,,,,,26.56,3.03,19332.93,1,6,724,19790,DL,Delta Air Lines Inc.,DL,Delta Air Lines Inc.,01260,D,3,3,2025,3
42143.75,0.00,312.75,761.47,144.52,0.00,65564.70,0.00,37061.94,0.15,1064.01,9006.96,0.00,3279.56,3053.66,0.00,162393.46,8602.21,0.00,3470.28,85.27,0.00,2449.04,5256.29,0.00,0.00,0.00,0.00,19863.08,0.00,19863.08,0.00,4500.38,1003.56,185.08,0.00,0.00,,5042.96,,192988.53,,,,,,33.58,5.14,29982.84,1,6,694,20416,NK,Spirit Air Lines,NK,Spirit Air Lines,06830,D,3,3,2025,2
42159.92,0.00,317.93,744.55,142.70,0.00,66458.43,0.00,41867.13,-0.41,996.41,9340.85,0.00,2081.45,2378.55,0.00,166487.49,9512.75,0.00,3525.52,1460.46,0.00,2383.31,5278.49,0.00,0.00,0.00,0.00,22160.54,0.00,22160.54,0.00,4846.42,731.02,184.22,0.00,0.00,,4693.50,,199103.18,,,,,,32.68,5.35,29660.98,1,6,694,20416,NK,Spirit Air Lines,NK,Spirit Air Lines,06830,D,3,3,2025,3
42430.18,0.00,319.96,749.32,143.62,0.00,66884.45,0.00,42135.51,-0.41,1002.79,9400.72,0.00,2094.79,2393.79,0.00,167554.72,9573.73,0.00,3548.12,1469.82,0.00,2398.59,5312.33,0.00,0.00,0.00,0.00,22302.59,0.00,22302.59,0.00,4877.49,735.71,185.40,0.00,0.00,,4723.58,,200379.49,,,,,,32.89,5.39,25271.90,1,6,722,20416,NK,Spirit Air Lines,NK,Spirit Air Lines,06830,D,3,3,2025,3
42446.05,875.00,0.00,2325.09,66.29,,85568.02,167.57,504.23,208.11,837.44,8234.23,0.00,857.19,2898.23,2456.58,147444.02,8910.72,0.00,20336.92,0.00,,10973.24,39367.68,0.00,,0.00,,79588.56,11473.07,91061.63,,21446.87,0.00,0.00,,,,123.26,,260075.78,,,,,,18.38,4.66,32743.97,2,6,691,19917,5X,United Parcel Service,5X,United Parcel Service,06910,D,3,3,2025,4
42478.05,875.66,0.00,2326.84,66.34,,57788.38,167.69,2155.03,208.27,384.01,8240.44,0.00,857.83,1938.94,2458.43,119945.90,8917.44,0.00,18251.59,0.00,,9125.46,55760.12,0.00,,0.00,,92054.60,11481.72,103536.32,,6750.55,0.00,0.00,,,,123.35,,230356.11,,,,,,18.40,6.30,22056.37,2,6,622,19917,5X,United Parcel Service,5X,United Parcel Service,06910,D,3,3,2025,4
42579.07,,3570.35,5366.96,,,57019.80,,115.78,,133.79,11285.96,-2.47,2160.00,205.67,,122434.90,3680.15,12.27,5232.00,5379.61,,2863.73,4072.31,,,,,21240.07,9744.99,30985.06,36.80,594.91,3060.54,,101.13,,,,,157213.34,,,,,,35.22,2.91,25493.13,1,6,721,19977,UA,United Air Lines Inc.,UA,United Air Lines Inc.,0A875,D,3,3,2025,2
42699.50,0.00,3185.22,83.57,16.22,0.00,82062.24,0.00,57182.55,0.00,162.42,6570.42,0.00,3717.12,2534.51,81.22,198294.98,6860.16,0.00,5613.50,318.60,0.00,2124.58,0.00,0.00,0.00,0.00,0.00,14916.85,14807.18,29724.02,0.00,0.00,0.00,1209.53,0.00,4785.35,,0.00,,234013.89,,,,,,33.43,4.07,29204.02,1,6,721,20436,F9,Frontier Airlines Inc.,F9,Frontier Airlines Inc.,06460,D,3,3,2025,1
42710.08,0.00,1297.05,2864.90,591.38,0.00,68365.52,0.00,3231.37,1.51,57.45,12102.92,0.00,1656.52,1606.15,272.49,134757.32,4975.82,0.00,16617.90,18671.84,0.00,3586.87,144.59,0.00,0.00,0.00,0.00,43997.01,8642.17,52639.18,550.13,15050.23,8248.55,1091.05,493.38,1024.54,,0.00,,213854.38,,,,,,29.07,3.63,27834.86,1,6,694,20409,B6,JetBlue Airways,B6,JetBlue Airways,16673,L,3,3,2025,4
42722.00,0.00,3916.00,14473.00,707.00,,91463.00,,2.00,110.00,,3692.00,,5104.00,3485.00,10687.00,176361.00,123.00,14.00,56.00,9998.00,,3690.00,922.00,5587.00,,226.00,,20616.00,74021.00,94637.00,,18703.00,8761.00,740.00,136.00,,,,,299338.00,,,,,,18.25,1.80,43723.52,2,6,683,20107,FX,Federal Express Corporation,FX,Federal Express Corporation,16196,A,3,3,2025,2
42861.02,0.00,45.78,2928.02,33.61,0.00,62415.24,0.00,909.93,1.60,220.88,10388.50,0.00,2806.67,1566.77,250.29,124428.32,4232.02,0.00,6364.94,15891.52,0.00,2660.27,117.08,0.00,0.00,0.00,0.00,29265.83,7038.62,36304.45,259.08,14480.93,5875.30,548.69,154.38,1690.80,,0.00,,183741.95,,,,,,28.56,3.76,26661.78,1,6,724,20409,B6,JetBlue Airways,B6,JetBlue Airways,06673,D,3,3,2025,2
43072.00,0.00,3744.00,14637.00,685.00,,100257.00,,2517.00,107.00,,2839.00,,3537.00,3917.00,11252.00,186564.00,122.00,14.00,108.00,17810.00,,2828.00,871.00,5277.00,,275.00,,27305.00,30150.00,57455.00,,19438.00,9028.00,708.00,131.00,,,,,273324.00,,,,,,18.81,1.86,45687.54,2,6,683,20107,FX,Federal Express Corporation,FX,Federal Express Corporation,16196,A,3,3,2025,3
43743.00,0.00,1397.00,3679.00,0.00,0.00,40763.00,1.00,4621.00,14.00,633.00,12796.00,0.00,2259.00,0.00,147.00,110053.00,2944.00,1410.00,5319.00,9088.00,0.00,5007.00,259.00,0.00,0.00,0.00,0.00,24027.00,10592.00,34619.00,264.00,8248.00,4620.00,24.00,464.00,0.00,,522.00,0.00,158814.00,,,,,,27.14,4.02,18487.15,1,6,723,19790,DL,Delta Air Lines Inc.,DL,Delta Air Lines Inc.,01260,D,3,3,2025,2
43747.00,0.00,1093.00,2704.00,0.00,0.00,98861.00,0.00,3735.00,25.00,510.00,9523.00,0.00,1639.00,0.00,113.00,161950.00,2153.00,884.00,4830.00,6751.00,0.00,3853.00,1957.00,0.00,0.00,0.00,0.00,20428.00,8392.00,28820.00,439.00,6642.00,3532.00,89.00,362.00,0.00,,499.00,0.00,202333.00,,,,,,19.52,1.75,40242.12,1,6,687,19790,DL,Delta Air Lines Inc.,DL,Delta Air Lines Inc.,10261,A,3,3,2025,1
43869.00,0.00,2191.00,9195.00,656.00,,23038.00,,51.00,-40.00,564.00,28318.00,,1863.00,930.00,3723.00,114358.00,0.00,0.00,789.00,,,5260.00,1896.00,14993.00,,2327.00,,25265.00,17293.00,42558.00,,23912.00,21176.00,1245.00,978.00,,,,,204227.00,,,,,,10.79,7.30,11035.61,2,6,622,20107,FX,Federal Express Corporation,FX,Federal Express Corporation,06200,D,3,3,2025,3
44035.50,0.00,3053.91,2797.87,0.00,0.00,73930.93,129.07,13093.17,0.00,46.80,14176.85,0.00,1322.64,1502.48,0.00,154089.21,7724.66,1938.37,9248.07,13299.77,0.00,5045.00,5952.68,0.00,0.00,0.00,0.00,43208.55,18365.56,61574.11,833.02,7408.36,1880.94,1415.55,0.00,541.06,,762.18,,228504.43,,,,,,32.27,4.25,32175.54,1,6,614,19805,AA,American Airlines Inc.,AA,American Airlines Inc.,10050,L,3,3,2025,3
44330.53,0.00,47.47,2447.91,9.04,0.00,60465.16,0.00,663.10,2.67,209.76,11039.55,0.00,3644.53,697.72,203.94,123761.38,3877.64,0.00,9974.57,13516.29,0.00,2978.73,113.27,0.00,0.00,0.00,0.00,30460.49,6855.30,37315.79,239.81,14312.95,5797.74,523.15,148.34,1704.04,,0.00,,183803.19,,,,,,25.79,3.74,23721.13,1,6,724,20409,B6,JetBlue Airways,B6,JetBlue Airways,06673,D,3,3,2025,1
44712.21,0.00,361.04,776.33,157.77,0.00,73410.09,0.00,41007.26,42.29,952.53,10080.75,0.00,3979.23,2791.08,0.00,178270.58,10272.08,0.00,3324.16,2613.30,0.00,2595.60,5371.48,0.00,0.00,0.00,0.00,24176.62,0.00,24176.62,0.00,5262.07,816.53,187.49,0.00,0.00,,6658.87,,215372.15,,,,,,35.39,5.19,31923.46,1,6,694,20416,NK,Spirit Air Lines,NK,Spirit Air Lines,06830,D,3,3,2025,1
44824.61,0.00,3500.96,-119.86,14.32,0.00,81603.12,0.00,71516.76,0.00,179.10,6876.77,0.00,3015.95,3568.38,93.58,215073.69,7699.84,0.00,6502.90,-1286.84,0.00,2564.06,0.00,0.00,0.00,0.00,0.00,15479.96,14334.09,29814.04,0.00,0.00,0.00,1329.09,0.00,5493.92,,0.00,,251710.74,,,,,,35.69,4.50,32115.54,1,6,721,20436,F9,Frontier Airlines Inc.,F9,Frontier Airlines Inc.,06460,D,3,3,2025,2
44962.96,0.00,3262.34,3072.87,0.00,0.00,79403.26,94.61,13146.52,0.00,47.62,14650.26,0.00,1692.64,1852.94,0.00,162186.00,7881.37,1945.27,10149.14,11872.34,0.00,5331.46,4623.38,0.00,0.00,0.00,0.00,41802.95,18848.62,60651.57,875.35,7630.68,2008.65,1118.39,0.00,499.76,,814.67,,235785.07,,,,,,19.28,1.98,33826.03,1,6,887,19805,AA,American Airlines Inc.,AA,American Airlines Inc.,10049,A,3,3,2025,4
45260.85,0.00,3155.84,3141.44,0.00,0.00,64515.27,122.16,13969.41,0.00,52.00,13802.00,0.00,3864.44,1337.23,0.00,149220.64,8033.57,2047.01,10442.78,11116.34,0.00,5572.31,6222.31,0.00,0.00,0.00,0.00,43434.32,19811.71,63246.03,888.27,8117.78,1996.03,1611.83,0.00,608.81,,1003.06,,226692.46,,,,,,31.75,3.49,26806.60,1,6,838,19805,AA,American Airlines Inc.,AA,American Airlines Inc.,0A050,D,3,3,2025,1
45404.00,0.00,3.00,3394.00,0.00,0.00,79074.00,693.00,5852.00,0.00,130.00,13417.00,0.00,2475.00,3437.00,472.00,154350.00,14746.00,642.00,20101.00,23215.00,0.00,5105.00,2766.00,0.00,0.00,0.00,0.00,66574.00,16010.00,82584.00,376.00,14010.00,2151.00,1606.00,0.00,170.00,,0.00,,255246.00,,,,,,35.00,4.74,31464.00,1,6,614,19930,AS,Alaska Airlines Inc.,AS,Alaska Airlines Inc.,06031,D,3,3,2025,1
45669.33,,3318.42,5184.24,,,103884.40,,-2626.77,,115.01,11389.86,8.83,1278.88,1158.71,,169380.91,1728.93,705.87,1697.19,14978.41,,1579.32,2171.13,,,,,22860.85,5924.11,28784.96,1415.51,7639.64,2592.31,328.23,1164.37,,,,,211305.92,,,,,,19.05,1.33,45007.86,1,6,627,19977,UA,United Air Lines Inc.,UA,United Air Lines Inc.,10877,P,3,3,2025,3
45848.27,1478.83,2267.19,671.97,14.97,0.00,103136.76,0.00,5358.14,0.30,1011.06,7041.51,0.00,2572.43,0.00,1400.91,170802.34,16896.39,0.00,1098.93,1702.09,0.00,15301.85,69.92,0.00,0.00,0.00,0.00,35069.17,12461.06,47530.23,0.00,13290.54,9837.30,5457.22,0.00,0.00,,5633.93,,252551.55,,,,,,42.83,7.43,39468.32,1,6,694,20368,G4,Allegiant Air,G4,Allegiant Air,06035,D,3,3,2025,4
46074.15,0.00,3165.83,3266.24,0.00,0.00,99388.85,148.59,14279.75,0.00,50.51,14124.47,0.00,2479.64,2420.14,0.00,185398.18,7987.11,2022.23,10199.79,12655.25,0.00,4607.28,5137.88,0.00,0.00,0.00,0.00,42609.54,19148.47,61758.00,992.96,8087.85,1992.98,1586.94,0.00,608.16,,813.01,,261238.08,,,,,,16.69,1.44,44912.03,1,6,637,19805,AA,American Airlines Inc.,AA,American Airlines Inc.,10049,A,3,3,2025,2
46260.80,0.00,4459.95,8148.07,0.00,0.00,0.00,0.00,20259.05,0.00,37.62,3357.33,0.00,3757.24,0.00,291.56,86571.63,8065.06,0.00,22544.70,19717.09,0.00,4336.45,0.00,0.00,0.00,0.00,0.00,54663.30,242.75,54906.05,1858.80,0.00,0.00,790.43,0.00,886.48,,0.00,,145013.39,,,,,,47.91,7.31,33768.95,1,6,638,20397,OH,PSA Airlines Inc.,OH,PSA Airlines Inc.,07028,D,2,2,2025,2
46304.62,,3585.21,5410.84,,,96006.09,,993.91,,134.34,12278.76,-9.21,2350.02,1430.33,,168484.91,1798.22,382.08,4725.71,15189.47,,3009.48,1630.10,,,,,26735.05,5782.44,32517.49,1307.12,7675.32,2617.72,325.29,1091.80,,,,,214019.65,,,,,,19.27,1.35,43401.56,1,6,627,19977,UA,United Air Lines Inc.,UA,United Air Lines Inc.,10877,P,3,3,2025,2
46497.22,0.00,2735.38,97.92,12.74,0.00,87828.67,0.00,71372.42,0.00,231.74,7086.05,0.00,2329.49,4941.31,95.67,223228.61,8388.49,0.00,7072.10,-1282.28,0.00,3739.69,0.00,0.00,0.00,0.00,0.00,17918.01,17605.05,35523.06,0.00,0.00,0.00,1450.13,0.00,6679.41,,0.00,,266881.20,,,,,,35.46,4.91,32522.62,1,6,721,20436,F9,Frontier Airlines Inc.,F9,Frontier Airlines Inc.,06460,D,3,3,2025,3
46772.64,,4998.31,5589.92,,,125180.57,,1056.12,,164.80,12314.40,-116.45,4100.95,2549.09,,202610.33,1723.85,5.80,16735.49,66.15,,2508.72,189.04,,,,,21229.03,6826.71,28055.75,334.54,14084.36,3030.92,197.51,420.45,,,,,248733.86,,,,,,19.36,1.51,51331.99,1,6,637,19977,UA,United Air Lines Inc.,UA,United Air Lines Inc.,10877,P,3,3,2025,1
46975.91,0.00,2763.54,98.92,12.87,0.00,88732.86,0.00,72107.20,0.00,234.13,7159.00,0.00,2353.47,4992.18,96.66,225526.74,8474.85,0.00,7144.91,-1295.48,0.00,3778.19,0.00,0.00,0.00,0.00,0.00,18102.47,17786.29,35888.76,0.00,0.00,0.00,1465.06,0.00,6748.17,,0.00,,269628.73,,,,,,47.33,7.09,38851.07,1,6,722,20436,F9,Frontier Airlines Inc.,F9,Frontier Airlines Inc.,06460,D,3,3,2025,3
47117.00,0.00,860.00,3730.00,0.00,0.00,42999.00,0.00,4684.00,3.00,655.00,14442.00,0.00,2153.00,0.00,111.00,116754.00,3094.00,1299.00,913.00,10787.00,0.00,5579.00,897.00,0.00,0.00,0.00,0.00,22569.00,11204.00,33773.00,420.00,8457.00,4988.00,61.00,503.00,0.00,,573.00,0.00,165529.00,,,,,,26.63,3.21,19033.26,1,6,724,19790,DL,Delta Air Lines Inc.,DL,Delta Air Lines Inc.,01260,D,3,3,2025,4
47257.54,0.00,1375.77,3274.34,561.11,0.00,76714.72,0.00,5169.79,1.93,44.94,12869.12,0.00,2918.67,2265.78,295.63,152749.33,4886.81,0.00,19151.26,24089.08,0.00,3647.97,164.06,0.00,0.00,0.00,0.00,51939.18,8153.01,60092.19,529.03,17047.46,7510.70,1022.62,498.60,1093.16,,0.00,,240543.08,,,,,,32.98,3.96,32770.06,1,6,694,20409,B6,JetBlue Airways,B6,JetBlue Airways,16673,L,3,3,2025,2
47335.00,0.00,2392.00,8783.00,941.00,,23368.00,,59.00,29.00,451.00,28219.00,,2990.00,911.00,4497.00,119975.00,0.00,0.00,1116.00,,,4160.00,1788.00,17481.00,,4349.00,,28894.00,18722.00,47616.00,,23824.00,21375.00,1265.00,984.00,,,,,215039.00,,,,,,11.39,7.27,11615.98,2,6,622,20107,FX,Federal Express Corporation,FX,Federal Express Corporation,06200,D,3,3,2025,2
47467.00,0.00,916.00,4033.00,0.00,0.00,44877.00,0.00,4838.00,2.00,672.00,13552.00,0.00,2124.00,0.00,102.00,118583.00,3286.00,1478.00,3749.00,11713.00,0.00,6086.00,2087.00,0.00,0.00,0.00,0.00,28399.00,11307.00,39706.00,431.00,8681.00,5031.00,60.00,506.00,0.00,,587.00,0.00,173585.00,,,,,,29.00,4.05,20055.05,1,6,723,19790,DL,Delta Air Lines Inc.,DL,Delta Air Lines Inc.,01260,D,3,3,2025,3
47828.63,0.00,53.18,3505.83,9.58,0.00,66491.58,0.00,1108.41,0.90,218.07,20310.26,0.00,1519.69,1654.76,244.23,142945.12,4480.77,0.00,9950.67,15628.55,0.00,3617.97,124.58,0.00,0.00,0.00,0.00,33802.54,7031.20,40833.74,293.43,15206.33,6402.33,598.78,176.36,1901.67,,0.00,,208357.76,,,,,,28.32,4.17,27475.86,1,6,724,20409,B6,JetBlue Airways,B6,JetBlue Airways,06673,D,3,3,2025,3
47850.69,,2612.07,4578.36,,,69283.16,,436.24,,96.64,12678.10,12.40,1032.57,3812.72,,142392.95,4575.03,24.19,19621.67,2218.97,,7335.47,2021.89,,,,,35797.21,10912.37,46709.58,5062.70,12630.03,3394.01,594.60,7585.39,,,,,218369.25,,,,,,38.96,5.41,29169.15,1,6,694,19977,UA,United Air Lines Inc.,UA,United Air Lines Inc.,0A875,D,3,3,2025,4
48118.39,,5250.05,5771.66,,,139263.83,,966.28,,173.10,12667.43,-122.31,4218.51,1168.40,,217475.34,2235.64,573.38,2826.70,14044.38,,2842.13,2695.67,,,,,25217.90,8864.56,34082.46,1864.79,11520.04,4032.31,502.60,1589.66,,,,,271067.19,,,,,,24.78,1.93,56271.70,1,6,627,19977,UA,United Air Lines Inc.,UA,United Air Lines Inc.,10874,A,3,3,2025,1
48351.93,0.00,3075.14,8.59,14.79,0.00,88226.99,0.00,84804.30,0.00,236.10,7694.93,0.00,1762.59,2440.45,98.99,236714.79,8939.14,0.00,7240.15,479.16,0.00,4754.10,0.00,0.00,0.00,0.00,0.00,21412.55,17125.82,38538.36,0.00,0.00,0.00,1494.87,0.00,7480.03,,0.00,,284228.05,,,,,,11.53,7.30,38980.02,1,6,722,20436,F9,Frontier Airlines Inc.,F9,Frontier Airlines Inc.,06460,D,3,3,2025,4
48510.00,0.00,3508.00,17563.00,819.00,,105338.00,,2438.00,105.00,,2738.00,,2723.00,3874.00,11654.00,199270.00,132.00,15.00,43.00,18488.00,,679.00,819.00,4280.00,,332.00,,24788.00,31756.00,56544.00,,18883.00,8774.00,691.00,127.00,,,,,284289.00,,,,,,19.48,1.81,46179.09,2,6,683,20107,FX,Federal Express Corporation,FX,Federal Express Corporation,16196,A,3,3,2025,4
48782.00,0.00,2787.00,11191.00,241.00,,23896.00,,63.00,84.00,554.00,28355.00,,3253.00,848.00,3804.00,123858.00,0.00,0.00,886.00,,,3970.00,2091.00,11770.00,,1814.00,,20531.00,14502.00,35033.00,,23483.00,20496.00,1221.00,942.00,,,,,205033.00,,,,,,10.78,6.89,10733.86,2,6,622,20107,FX,Federal Express Corporation,FX,Federal Express Corporation,06200,D,3,3,2025,1
48944.72,,3921.68,5887.81,,,71129.62,,35.89,,135.92,12201.63,27.97,1370.03,182.48,,143837.74,4096.86,17.19,5175.69,3221.69,,2025.78,2844.15,,,,,17381.37,10667.67,28049.04,43.32,757.70,3458.82,,115.22,,,,,176261.82,,,,,,40.78,2.91,30137.99,1,6,721,19977,UA,United Air Lines Inc.,UA,United Air Lines Inc.,0A875,D,3,3,2025,3
49351.27,0.00,1497.51,3726.03,394.54,0.00,86982.23,0.00,5164.94,4.55,57.79,13348.57,0.00,1605.65,2656.65,312.43,165102.16,5611.30,0.00,18221.23,30478.57,0.00,4028.80,146.71,0.00,0.00,0.00,0.00,58486.60,8773.37,67259.97,599.55,18263.61,8419.37,1156.69,563.04,1260.37,,0.00,,262624.77,,,,,,35.41,4.28,35943.07,1,6,694,20409,B6,JetBlue Airways,B6,JetBlue Airways,16673,L,3,3,2025,3
49374.00,0.00,1216.00,3009.00,0.00,0.00,97044.00,0.00,4156.00,28.00,567.00,10595.00,0.00,1824.00,0.00,126.00,167939.00,2395.00,983.00,5374.00,7510.00,0.00,4287.00,2177.00,0.00,0.00,0.00,0.00,22726.00,9337.00,32063.00,489.00,7390.00,3930.00,99.00,403.00,0.00,,555.00,0.00,212868.00,,,,,,21.72,1.74,39502.62,1,6,339,19790,DL,Delta Air Lines Inc.,DL,Delta Air Lines Inc.,10261,A,3,3,2025,1
49483.05,0.00,3147.08,8.80,15.14,0.00,90290.92,0.00,86788.17,0.00,241.62,7874.94,0.00,1803.82,2497.54,101.30,242252.38,9148.25,0.00,7409.52,490.37,0.00,4865.31,0.00,0.00,0.00,0.00,0.00,21913.46,17526.45,39439.91,0.00,0.00,0.00,1529.84,0.00,7655.01,,0.00,,290877.13,,,,,,48.44,5.36,33937.35,1,6,721,20436,F9,Frontier Airlines Inc.,F9,Frontier Airlines Inc.,06460,D,3,3,2025,4
49815.37,0.00,3461.16,3159.41,0.00,0.00,109253.88,144.37,14894.21,0.00,53.27,15960.58,0.00,1483.37,2138.17,0.00,200363.78,8723.36,2203.91,10596.81,15044.26,0.00,5734.56,6579.64,0.00,0.00,0.00,0.00,48882.54,20856.02,69738.55,956.80,8449.71,2144.62,1602.84,0.00,625.93,,865.98,,284748.22,,,,,,17.37,1.46,47635.69,1,6,637,19805,AA,American Airlines Inc.,AA,American Airlines Inc.,10049,A,3,3,2025,3
49995.61,1093.72,2344.33,738.24,33.99,0.00,102985.53,0.00,7317.59,0.00,940.17,7133.10,0.00,2936.31,0.00,2069.64,177588.24,16751.71,0.00,924.11,853.54,0.00,19091.33,113.38,0.00,0.00,0.00,0.00,37734.07,11995.47,49729.53,0.00,13159.47,11323.51,5353.53,0.00,0.00,,6128.88,,263283.16,,,,,,42.22,7.71,40131.50,1,6,694,20368,G4,Allegiant Air,G4,Allegiant Air,06035,D,3,3,2025,3
50025.23,0.00,3907.15,-133.76,15.98,0.00,91070.84,0.00,79814.24,0.00,199.88,7674.62,0.00,3365.87,3982.39,104.44,240026.86,8593.19,0.00,7257.38,-1436.14,0.00,2861.54,0.00,0.00,0.00,0.00,0.00,17275.96,15997.15,33273.11,0.00,0.00,0.00,1483.29,0.00,6131.33,,0.00,,280914.59,,,,,,52.61,7.33,41922.30,1,6,722,20436,F9,Frontier Airlines Inc.,F9,Frontier Airlines Inc.,06460,D,3,3,2025,2
50412.22,,700.58,20496.78,0.00,,162109.13,,34398.48,,0.00,14169.61,,4336.34,,1444.78,288067.92,3040.75,,8879.98,,,10961.82,1122.13,186.39,,,,24191.07,22993.36,47184.43,,6117.41,8706.72,7448.85,0.00,0.00,,0.00,0.00,357525.34,,,,,,27.06,2.60,83998.46,2,8,819,20007,5Y,Atlas Air Inc.,5Y,Atlas Air Inc.,16087,I,3,3,2025,1
50709.91,0.00,1497.72,2904.24,560.63,0.00,82646.63,0.00,4884.01,4.72,30.32,12778.53,0.00,4169.71,1127.12,270.68,161584.22,5007.70,0.00,21612.76,20768.64,0.00,3346.09,158.58,0.00,0.00,0.00,0.00,50893.77,8718.92,59612.69,518.13,17573.27,7314.30,1015.45,475.69,1130.78,,0.00,,249224.53,,,,,,33.31,3.99,32423.16,1,6,694,20409,B6,JetBlue Airways,B6,JetBlue Airways,16673,L,3,3,2025,1
50999.07,0.00,4773.85,7182.28,0.00,0.00,0.00,0.00,20196.15,0.00,39.56,4098.32,0.00,4611.66,0.00,351.63,92252.51,8396.18,0.00,20694.62,49045.09,0.00,2971.93,0.00,0.00,0.00,0.00,0.00,81107.81,161.91,81269.72,1811.44,0.00,0.00,804.50,0.00,932.11,,0.00,,177070.28,,,,,,43.81,7.10,11981.43,1,6,638,20397,OH,PSA Airlines Inc.,OH,PSA Airlines Inc.,07028,D,2,2,2025,1
51003.00,0.00,263.00,4106.00,1.00,0.00,96123.00,1054.00,6497.00,0.00,119.00,15044.00,0.00,2801.00,4630.00,38.00,181678.00,13494.00,562.00,21338.00,19380.00,0.00,4070.00,2191.00,0.00,0.00,0.00,0.00,61035.00,15143.00,76178.00,428.00,14263.00,2319.00,1840.00,0.00,196.00,,0.00,,276903.00,,,,,,43.71,5.04,39526.00,1,6,614,19930,AS,Alaska Airlines Inc.,AS,Alaska Airlines Inc.,06031,D,3,3,2025,3
51111.00,0.00,907.00,3938.00,0.00,0.00,43300.00,0.00,4945.00,4.00,692.00,15247.00,0.00,2273.00,0.00,117.00,122534.00,3267.00,1371.00,963.00,11388.00,0.00,5890.00,947.00,0.00,0.00,0.00,0.00,23826.00,11828.00,35654.00,444.00,8928.00,5266.00,64.00,531.00,0.00,,605.00,0.00,174026.00,,,,,,28.11,4.03,19166.27,1,6,723,19790,DL,Delta Air Lines Inc.,DL,Delta Air Lines Inc.,01260,D,3,3,2025,4
51387.00,0.00,797.00,3509.00,0.00,0.00,95423.00,0.00,4209.00,2.00,585.00,11791.00,0.00,1848.00,0.00,89.00,169640.00,2859.00,1286.00,3262.00,10191.00,0.00,5295.00,1816.00,0.00,0.00,0.00,0.00,24709.00,9838.00,34547.00,375.00,7553.00,4377.00,52.00,440.00,0.00,,511.00,0.00,217495.00,,,,,,25.23,1.94,42644.11,1,6,626,19790,DL,Delta Air Lines Inc.,DL,Delta Air Lines Inc.,10261,A,3,3,2025,3
51741.00,0.00,1686.00,4171.00,1.00,0.00,69598.00,0.00,5761.00,39.00,787.00,14690.00,0.00,2529.00,0.00,174.00,151177.00,3321.00,1363.00,7451.00,10413.00,0.00,5944.00,3018.00,0.00,0.00,0.00,0.00,31510.00,12945.00,44455.00,678.00,10245.00,5448.00,138.00,558.00,0.00,,770.00,0.00,213469.00,,,,,,30.11,4.61,28330.30,1,6,698,19790,DL,Delta Air Lines Inc.,DL,Delta Air Lines Inc.,01260,D,3,3,2025,1
51807.29,0.00,3864.63,101.40,19.68,0.00,99566.09,0.00,69379.57,0.00,197.06,7971.89,0.00,4509.98,3075.12,98.54,240591.24,8323.43,0.00,6810.85,386.56,0.00,2577.76,0.00,0.00,0.00,0.00,0.00,18098.61,17965.54,36064.15,0.00,0.00,0.00,1467.52,0.00,5806.07,,0.00,,283928.97,,,,,,53.60,7.34,42299.68,1,6,722,20436,F9,Frontier Airlines Inc.,F9,Frontier Airlines Inc.,06460,D,3,3,2025,1
51818.00,0.00,24.00,3961.00,0.00,0.00,93724.00,579.00,6600.00,0.00,136.00,15310.00,0.00,2826.00,4313.00,466.00,179758.00,10543.00,454.00,16854.00,18377.00,0.00,3874.00,2005.00,0.00,0.00,0.00,0.00,52108.00,11996.00,64104.00,396.00,14049.00,2186.00,1708.00,0.00,245.00,,0.00,,262448.00,,,,,,45.49,4.85,40672.00,1,6,614,19930,AS,Alaska Airlines Inc.,AS,Alaska Airlines Inc.,06031,D,3,3,2025,2
51826.86,,3373.03,5002.81,,,100371.99,,153.65,,111.21,13670.73,-78.58,4552.63,665.45,,179649.78,2390.17,8.58,7141.26,97.92,,4317.66,401.97,,,,,14357.56,9098.36,23455.92,2875.06,10986.52,1563.43,411.12,8143.97,,,,,227085.79,,,,,,26.78,2.73,41143.21,1,6,626,19977,UA,United Air Lines Inc.,UA,United Air Lines Inc.,10874,A,3,3,2025,1
52214.18,0.00,377.36,802.60,220.42,0.00,71207.32,0.00,37315.01,0.02,1115.88,9508.86,0.00,1772.87,3079.17,0.00,177613.69,11969.89,0.00,3085.45,830.93,0.00,3247.63,6505.94,0.00,0.00,0.00,0.00,25639.83,0.00,25639.83,0.00,7676.94,782.07,255.49,0.00,0.00,,6021.01,,217989.03,,,,,,34.18,5.29,30695.99,1,6,694,20416,NK,Spirit Air Lines,NK,Spirit Air Lines,06830,D,3,3,2025,4
52233.32,0.00,3595.82,3704.21,0.00,0.00,83514.72,167.46,16202.10,0.00,57.24,15992.53,0.00,2806.14,2042.04,0.00,180315.58,9048.46,2293.33,11585.72,14256.30,0.00,5220.83,5795.21,0.00,0.00,0.00,0.00,48199.85,21697.00,69896.86,1117.34,9169.02,2257.62,1792.19,0.00,688.37,,920.15,,266157.13,,,,,,38.97,4.85,37730.91,1,6,614,19805,AA,American Airlines Inc.,AA,American Airlines Inc.,10050,L,3,3,2025,2
52293.14,1357.54,2532.77,842.87,-2.12,0.00,112392.72,0.00,7267.28,0.00,1095.54,7310.76,0.00,4324.04,0.00,1743.44,191157.98,14337.29,0.00,748.48,490.34,0.00,14769.92,294.50,0.00,0.00,0.00,0.00,30640.52,10852.69,41493.22,0.00,13083.85,11610.08,5251.94,0.00,0.00,,6081.64,,268678.70,,,,,,50.03,7.74,46337.62,1,6,694,20368,G4,Allegiant Air,G4,Allegiant Air,06035,D,3,3,2025,2
52961.55,0.00,3680.77,3367.20,0.00,0.00,89876.55,154.54,15864.28,0.00,56.70,16991.80,0.00,1579.28,1759.32,0.00,186291.98,9284.73,2345.08,11297.68,15996.52,0.00,6118.06,6997.54,0.00,0.00,0.00,0.00,52039.61,22196.93,74236.54,1017.85,8993.03,2282.64,1706.86,0.00,664.79,,921.20,,276114.89,,,,,,20.61,1.69,39195.48,1,6,889,19805,AA,American Airlines Inc.,AA,American Airlines Inc.,10049,A,3,3,2025,3
53038.00,0.00,1683.00,4432.00,0.00,0.00,68164.00,1.00,5567.00,16.00,762.00,15418.00,0.00,2721.00,0.00,177.00,151979.00,3547.00,1699.00,6409.00,10950.00,0.00,6033.00,312.00,0.00,0.00,0.00,0.00,28950.00,12762.00,41712.00,318.00,9937.00,5567.00,28.00,559.00,0.00,,628.00,0.00,210728.00,,,,,,32.70,4.70,30913.90,1,6,698,19790,DL,Delta Air Lines Inc.,DL,Delta Air Lines Inc.,01260,D,3,3,2025,2
53276.00,0.00,1026.00,4516.00,0.00,0.00,69640.00,0.00,5417.00,2.00,753.00,15173.00,0.00,2378.00,0.00,114.00,152295.00,3679.00,1655.00,4198.00,13114.00,0.00,6814.00,2337.00,0.00,0.00,0.00,0.00,31797.00,12660.00,44457.00,482.00,9720.00,5632.00,67.00,566.00,0.00,,657.00,0.00,213876.00,,,,,,32.46,4.71,31121.62,1,6,698,19790,DL,Delta Air Lines Inc.,DL,Delta Air Lines Inc.,01260,D,3,3,2025,3
53405.00,0.00,-9.00,3867.00,0.00,0.00,89966.00,835.00,6499.00,0.00,149.00,15775.00,0.00,2910.00,4414.00,61.00,177873.00,11005.00,473.00,15258.00,14433.00,0.00,2538.00,1619.00,0.00,0.00,0.00,0.00,45326.00,12167.00,57493.00,455.00,13699.00,2279.00,1905.00,0.00,188.00,,0.00,,253893.00,,,,,,40.72,4.99,36541.00,1,6,614,19930,AS,Alaska Airlines Inc.,AS,Alaska Airlines Inc.,06031,D,3,3,2025,4
53468.09,0.00,396.78,966.08,183.35,0.00,83182.43,0.00,47020.76,0.19,1349.92,11427.19,0.00,4160.81,3874.20,0.00,206029.80,10913.69,0.00,4402.77,108.18,0.00,3107.12,6668.69,0.00,0.00,0.00,0.00,25200.44,0.00,25200.44,0.00,5709.66,1273.23,234.81,0.00,0.00,,6398.05,,244845.99,,,,,,42.61,6.52,32888.14,1,6,722,20416,NK,Spirit Air Lines,NK,Spirit Air Lines,06830,D,3,3,2025,2
54520.00,0.00,2080.00,10813.00,869.00,,25782.00,,52.00,24.00,534.00,28578.00,,1518.00,983.00,4240.00,129993.00,0.00,0.00,1216.00,,,6746.00,2199.00,19051.00,,3984.00,,33196.00,26490.00,59686.00,,23981.00,21275.00,1248.00,982.00,,,,,237165.00,,,,,,12.04,7.33,12061.72,2,6,622,20107,FX,Federal Express Corporation,FX,Federal Express Corporation,06200,D,3,3,2025,4
54998.95,,2905.32,5586.32,,,83069.56,,40.39,,100.69,13731.91,2.30,1541.86,3185.21,,165162.50,4594.12,19.35,24830.95,3625.74,,7686.87,3527.49,,,,,44284.51,12555.96,56840.47,3326.90,13918.44,3892.61,465.91,4448.81,,,,,248055.62,,,,,,45.90,6.23,34893.96,1,6,694,19977,UA,United Air Lines Inc.,UA,United Air Lines Inc.,0A875,D,3,3,2025,3
55328.19,,3386.16,5358.83,,,77310.20,,7.64,,111.64,14596.84,-78.89,4861.05,4024.32,,164905.97,4578.96,13.74,24205.50,4550.37,,10572.84,3645.67,,,,,47567.08,15051.42,62618.50,3440.83,12326.94,4194.38,417.48,9168.56,,,80.88,,257153.52,,,,,,43.15,5.74,31693.87,1,6,694,19977,UA,United Air Lines Inc.,UA,United Air Lines Inc.,0A875,D,3,3,2025,1
55468.00,0.00,752.00,3262.00,0.00,0.00,109358.00,0.00,4096.00,3.00,573.00,12630.00,0.00,1883.00,0.00,97.00,188122.00,2706.00,1136.00,798.00,9434.00,0.00,4879.00,784.00,0.00,0.00,0.00,0.00,19737.00,9798.00,29535.00,368.00,7396.00,4362.00,53.00,440.00,0.00,,501.00,0.00,230777.00,,,,,,23.29,1.99,48406.44,1,6,687,19790,DL,Delta Air Lines Inc.,DL,Delta Air Lines Inc.,10261,A,3,3,2025,4
55786.90,0.00,3834.41,3953.59,0.00,0.00,96438.24,180.08,17309.80,0.00,61.12,17098.12,0.00,3003.22,2342.34,0.00,200007.81,9675.32,2450.09,12340.71,15328.07,0.00,5577.40,6249.55,0.00,0.00,0.00,0.00,51621.14,23182.51,74803.64,1200.66,9783.37,2411.42,1918.91,0.00,736.36,,986.62,,291848.79,,,,,,25.96,2.26,43619.14,1,6,887,19805,AA,American Airlines Inc.,AA,American Airlines Inc.,10049,A,3,3,2025,2
55960.44,,5607.72,6709.35,,,167840.76,,1360.54,,207.48,14781.44,-88.75,1203.88,1566.28,,255149.15,3161.41,998.52,1402.80,36543.74,,4445.68,3770.15,,,,,50322.29,9632.21,59954.50,2598.02,12768.74,4386.45,602.37,3012.15,,,,,338471.37,,,,,,30.28,2.27,68047.00,1,6,627,19977,UA,United Air Lines Inc.,UA,United Air Lines Inc.,10874,A,3,3,2025,4
56292.17,,4581.67,6385.27,,,79687.37,,512.28,,169.51,14887.88,21.75,1212.55,346.63,,164097.08,5388.64,28.41,6404.11,2605.73,,3734.18,2144.41,,,,,20305.48,12026.76,32332.24,28.60,1046.69,3985.58,,61.47,,,,,201551.67,,,,,,45.75,5.06,33471.95,1,6,721,19977,UA,United Air Lines Inc.,UA,United Air Lines Inc.,0A875,D,3,3,2025,4
56301.00,0.00,1098.00,4836.00,0.00,0.00,80143.00,0.00,5802.00,3.00,806.00,16251.00,0.00,2547.00,0.00,123.00,167910.00,3941.00,1772.00,4496.00,14045.00,0.00,7298.00,2503.00,0.00,0.00,0.00,0.00,34055.00,13559.00,47614.00,516.00,10410.00,6032.00,72.00,607.00,0.00,,704.00,0.00,233865.00,,,,,,34.77,4.38,35815.58,1,6,694,19790,DL,Delta Air Lines Inc.,DL,Delta Air Lines Inc.,01260,D,3,3,2025,3
56352.22,,751.71,24264.76,0.00,,171924.03,,42039.74,,0.00,15265.86,,4354.26,,1608.04,316560.62,3196.52,,9297.86,,,11355.30,1823.65,157.09,,,,25830.41,23653.58,49483.99,,6396.47,10084.51,6077.94,0.00,0.00,,0.00,0.00,388603.53,,,,,,30.33,2.80,94459.82,2,8,819,20007,5Y,Atlas Air Inc.,5Y,Atlas Air Inc.,16087,I,3,3,2025,2
56532.00,0.00,5182.00,19152.00,935.00,,117885.00,,1179.00,146.00,,4885.00,,6754.00,4506.00,9814.00,226970.00,163.00,18.00,75.00,13291.00,,7081.00,3430.00,7427.00,,300.00,,31785.00,26266.00,58051.00,,24862.00,11646.00,983.00,181.00,,,,,322693.00,,,,,,24.26,2.44,58541.60,2,6,683,20107,FX,Federal Express Corporation,FX,Federal Express Corporation,16197,P,3,3,2025,2
56908.48,,4249.24,6047.87,,,129960.03,,1039.47,,157.21,15057.68,-67.25,1226.38,2156.59,,216735.72,2513.34,762.88,8036.15,27919.99,,3811.44,3008.06,,,,,46051.86,7578.22,53630.07,1984.93,9755.52,3351.31,460.22,2301.33,,,,,288219.10,,,,,,23.14,1.73,54253.53,1,6,627,19977,UA,United Air Lines Inc.,UA,United Air Lines Inc.,10877,P,3,3,2025,4
57249.00,0.00,4976.00,19455.00,910.00,,131892.00,,4476.00,143.00,,3774.00,,4701.00,5150.00,11175.00,243901.00,163.00,18.00,144.00,23860.00,,5940.00,3347.00,7069.00,,368.00,,40909.00,32245.00,73154.00,,26042.00,12095.00,949.00,175.00,,,,,356316.00,,,,,,25.19,2.54,61881.80,2,6,683,20107,FX,Federal Express Corporation,FX,Federal Express Corporation,16197,P,3,3,2025,3
57298.64,0.00,3938.49,4060.67,0.00,0.00,79954.82,184.95,17780.26,0.00,62.77,17560.90,0.00,3084.57,1942.11,0.00,185868.19,9937.67,2516.59,12674.92,15742.31,0.00,5728.44,6420.14,0.00,0.00,0.00,0.00,53020.06,23810.41,76830.47,1232.96,10047.92,2476.64,1970.65,0.00,756.30,,1013.47,,280196.60,,,,,,42.67,4.51,36166.96,1,6,838,19805,AA,American Airlines Inc.,AA,American Airlines Inc.,0A050,D,3,3,2025,2
57454.81,,4804.04,6147.69,,,119634.68,,866.31,,158.39,15142.64,-111.92,5042.81,1569.04,,210708.49,2108.06,514.06,11135.46,12591.48,,2624.02,2504.35,,,,,31477.42,8375.06,39852.48,1671.87,10328.28,3615.16,450.61,1425.21,,,,,268052.10,,,,,,22.40,1.75,50375.93,1,6,627,19977,UA,United Air Lines Inc.,UA,United Air Lines Inc.,10877,P,3,3,2025,1
57591.04,0.00,63.66,3735.60,22.25,0.00,72815.75,0.00,951.68,1.46,287.42,17345.08,0.00,2332.26,1388.82,289.23,156824.25,5436.88,0.00,9905.04,17620.54,0.00,3687.99,156.84,0.00,0.00,0.00,0.00,36807.28,9443.42,46250.70,342.36,15209.33,9393.02,651.96,218.75,2174.72,,0.00,,231065.09,,,,,,31.77,4.68,29646.76,1,6,724,20409,B6,JetBlue Airways,B6,JetBlue Airways,06673,D,3,3,2025,4
57612.79,0.00,465.21,1000.32,203.29,0.00,94590.71,0.00,52838.86,54.49,1227.36,12989.29,0.00,5127.34,3596.38,0.00,229706.03,13235.83,0.00,4283.26,3367.30,0.00,3344.50,6921.29,0.00,0.00,0.00,0.00,31152.17,0.00,31152.17,0.00,6780.30,1052.12,241.58,0.00,0.00,,8580.11,,277512.32,,,,,,45.60,6.69,35013.65,1,6,722,20416,NK,Spirit Air Lines,NK,Spirit Air Lines,06830,D,3,3,2025,1
58274.00,0.00,1034.00,4488.00,0.00,0.00,73378.00,0.00,5635.00,4.00,788.00,17376.00,0.00,2591.00,0.00,133.00,163701.00,3723.00,1563.00,1098.00,12979.00,0.00,6712.00,1079.00,0.00,0.00,0.00,0.00,27154.00,13480.00,40634.00,506.00,10175.00,6002.00,73.00,605.00,0.00,,689.00,0.00,222385.00,,,,,,32.04,4.15,32480.25,1,6,694,19790,DL,Delta Air Lines Inc.,DL,Delta Air Lines Inc.,01260,D,3,3,2025,4
58787.00,0.00,5205.00,18995.00,1255.00,,132807.00,,1135.00,203.00,,5820.00,,6987.00,4655.00,8817.00,244666.00,150.00,17.00,79.00,19107.00,,8179.00,3071.00,7847.00,,378.00,,38828.00,32791.00,71619.00,,26658.00,12506.00,1093.00,201.00,,,,,356743.00,,,,,,24.95,2.56,59497.23,2,6,683,20107,FX,Federal Express Corporation,FX,Federal Express Corporation,16197,P,3,3,2025,1
58840.89,0.00,4306.44,3948.33,0.00,0.00,88290.47,125.24,17102.67,0.00,61.90,18569.66,0.00,2198.97,1926.44,0.00,195371.01,10318.28,2566.82,12633.83,15297.83,0.00,6837.64,6215.94,0.00,0.00,0.00,0.00,53870.35,24794.11,78664.45,1140.21,9968.95,2643.97,1465.44,0.00,637.31,,1075.91,,290967.26,,,,,,39.95,5.23,37731.63,1,6,614,19805,AA,American Airlines Inc.,AA,American Airlines Inc.,10050,L,3,3,2025,4
59688.22,0.00,4023.76,8075.27,0.00,0.00,0.00,0.00,21568.99,0.00,40.27,4054.74,0.00,3127.55,0.00,341.37,100920.16,10045.06,0.00,21703.42,9539.64,0.00,5549.72,0.00,0.00,0.00,0.00,0.00,46837.84,427.59,47265.44,2298.06,0.00,0.00,861.72,0.00,950.33,,0.00,,152295.71,,,,,,50.34,7.85,34017.19,1,6,638,20397,OH,PSA Airlines Inc.,OH,PSA Airlines Inc.,07028,D,2,2,2025,4
59839.58,0.00,4178.08,4153.72,0.00,0.00,122497.44,161.68,18501.68,0.00,68.76,18256.98,0.00,5112.63,2549.18,0.00,235319.73,10637.06,2712.54,13814.19,14711.51,0.00,7386.98,8398.85,0.00,0.00,0.00,0.00,57661.12,26237.62,83898.74,1172.38,10734.85,2638.86,2133.89,0.00,805.02,,1330.32,,338033.78,,,,,,22.99,2.40,50907.98,1,6,627,19805,AA,American Airlines Inc.,AA,American Airlines Inc.,10049,A,3,3,2025,1
60153.00,0.00,1055.00,4579.00,0.00,0.00,69735.00,0.00,5749.00,4.00,804.00,17726.00,0.00,2643.00,0.00,136.00,162584.00,3798.00,1594.00,1120.00,13241.00,0.00,6847.00,1101.00,0.00,0.00,0.00,0.00,27701.00,13752.00,41453.00,516.00,10380.00,6123.00,75.00,617.00,0.00,,703.00,0.00,222451.00,,,,,,32.69,4.71,30867.63,1,6,698,19790,DL,Delta Air Lines Inc.,DL,Delta Air Lines Inc.,01260,D,3,3,2025,4
60297.00,0.00,1927.00,5075.00,0.00,0.00,83822.00,1.00,6374.00,19.00,873.00,17653.00,0.00,3116.00,0.00,202.00,179359.00,4061.00,1946.00,7338.00,12538.00,0.00,6907.00,357.00,0.00,0.00,0.00,0.00,33147.00,14612.00,47759.00,364.00,11378.00,6374.00,33.00,640.00,0.00,,720.00,0.00,246627.00,,,,,,37.44,4.60,38015.30,1,6,694,19790,DL,Delta Air Lines Inc.,DL,Delta Air Lines Inc.,01260,D,3,3,2025,2
61000.15,0.00,9381.11,8766.79,5095.87,0.00,0.00,111.31,3296.10,380.02,908.67,7533.62,0.00,6156.69,567.94,141.15,103339.41,21574.35,0.00,32829.17,2279.12,0.00,7190.60,122.26,0.00,0.00,0.00,0.00,63995.49,0.00,63995.49,512.52,0.00,0.00,0.00,334.27,0.00,,0.00,0.00,168181.62,,,,,,64.29,9.99,44617.30,1,6,638,20363,9E,Endeavor Air Inc.,9E,Endeavor Air Inc.,07024,D,2,2,2025,1
61093.00,0.00,1987.00,4916.00,1.00,0.00,88122.00,1.00,6790.00,46.00,927.00,17313.00,0.00,2980.00,0.00,205.00,184381.00,3914.00,1607.00,8782.00,12272.00,0.00,7005.00,3557.00,0.00,0.00,0.00,0.00,37137.00,15257.00,52394.00,799.00,12075.00,6421.00,163.00,658.00,0.00,,908.00,0.00,257799.00,,,,,,35.49,4.87,35870.53,1,6,694,19790,DL,Delta Air Lines Inc.,DL,Delta Air Lines Inc.,01260,D,3,3,2025,1
61839.95,,3562.59,6699.94,,,86981.48,,168.45,,133.50,16420.21,-2.47,3142.64,5021.10,,183967.40,5332.86,17.85,28540.08,7826.92,,10058.94,6221.18,,,,,57997.84,14527.37,72525.21,3499.66,14064.53,4452.85,460.97,7514.51,,,,,286485.13,,,,,,51.24,6.29,38614.64,1,6,694,19977,UA,United Air Lines Inc.,UA,United Air Lines Inc.,0A875,D,3,3,2025,2
62190.82,0.00,6565.40,10056.86,0.00,0.00,0.00,0.00,37861.65,0.00,0.00,826.05,0.00,5525.25,0.00,0.00,123026.03,9365.53,289.66,16770.55,-1307.15,0.00,2720.80,1461.73,0.00,0.00,0.00,11238.95,40540.06,22798.67,63338.73,1210.34,0.00,0.00,0.00,0.00,0.00,,0.00,,187575.09,,,,,,74.94,33.01,49824.19,1,6,673,20398,MQ,Envoy Air,MQ,Envoy Air,06820,D,3,3,2025,1
62322.90,,2798.10,5550.03,,,84657.59,,865.63,,103.52,16523.26,10.57,1345.75,4320.78,,178498.11,5950.11,31.53,15653.69,2891.96,,9812.01,2592.67,,,,,36931.97,13961.93,50893.90,1046.98,9326.38,17239.36,1263.02,2466.66,,,14401.18,,275135.58,,,,,,50.77,6.83,35881.12,1,6,698,19977,UA,United Air Lines Inc.,UA,United Air Lines Inc.,0A875,D,3,3,2025,4
63325.69,,3916.97,6697.05,,,122917.51,,267.37,,146.77,16809.92,-253.82,3217.23,674.59,,217719.28,3070.08,12.18,11297.83,1025.34,,4720.33,669.19,,,,,20794.95,9081.15,29876.10,2938.65,12077.99,1950.01,477.67,8598.95,,,,,273638.65,,,,,,34.97,3.00,53273.47,1,6,626,19977,UA,United Air Lines Inc.,UA,United Air Lines Inc.,10874,A,3,3,2025,2
63842.14,0.00,4434.95,4039.81,0.00,0.00,88920.89,183.80,19060.23,0.00,68.21,20425.71,0.00,1898.00,1729.89,0.00,204603.62,11167.57,2822.87,13552.95,19278.00,0.00,7327.47,8422.14,0.00,0.00,0.00,0.00,62571.00,26706.71,89277.72,1226.24,10821.84,2746.52,2051.22,0.00,803.60,,1109.43,,312640.19,,,,,,45.34,5.01,38771.10,1,6,838,19805,AA,American Airlines Inc.,AA,American Airlines Inc.,0A050,D,3,3,2025,3
63917.58,1805.96,2817.60,1021.02,49.25,0.00,118154.39,0.00,4127.14,1.51,1060.72,7658.09,0.00,4815.69,0.00,2551.58,207980.52,16214.17,0.00,337.31,1155.31,0.00,12747.08,164.69,0.00,0.00,0.00,0.00,30618.56,11620.97,42239.53,0.00,13255.42,11486.67,5200.16,0.00,0.00,,6175.42,,286337.72,,,,,,49.70,7.68,45234.61,1,6,694,20368,G4,Allegiant Air,G4,Allegiant Air,06035,D,3,3,2025,1
63928.00,0.00,1925.00,4765.00,1.00,0.00,77228.00,1.00,6581.00,44.00,899.00,16780.00,0.00,2889.00,0.00,199.00,175240.00,3794.00,1557.00,8511.00,11894.00,0.00,6790.00,3447.00,0.00,0.00,0.00,0.00,35993.00,14787.00,50780.00,774.00,11703.00,6224.00,158.00,638.00,0.00,,880.00,0.00,246397.00,,,,,,34.39,7.20,31436.38,1,6,608,19790,DL,Delta Air Lines Inc.,DL,Delta Air Lines Inc.,01260,D,3,3,2025,1
63975.61,0.00,4648.25,4362.71,0.00,0.00,129126.04,134.97,18709.93,0.00,67.70,20698.32,0.00,2414.58,2987.95,0.00,247126.06,11250.41,2778.71,14290.90,16932.75,0.00,7554.94,6696.04,0.00,0.00,0.00,0.00,59503.75,26947.57,86451.32,1244.76,10865.77,2865.40,1592.55,0.00,703.45,,1162.43,,352011.72,,,,,,24.04,2.51,55149.30,1,6,627,19805,AA,American Airlines Inc.,AA,American Airlines Inc.,10049,A,3,3,2025,4
64176.15,,3882.97,6146.44,,,130821.60,,505.20,,143.66,16996.80,18.43,1384.31,1090.37,,225165.93,3508.01,21.62,12933.98,1277.19,,8212.32,1362.88,,,,,27316.00,11126.71,38442.72,3025.74,12588.72,2086.38,297.43,1096.13,,,,,282703.05,,,,,,34.82,3.10,53712.19,1,6,626,19977,UA,United Air Lines Inc.,UA,United Air Lines Inc.,10874,A,3,3,2025,4
64287.21,,820.30,29276.57,0.00,,190623.70,,40186.94,,0.00,16015.42,,3086.42,,1201.73,345498.28,3358.57,,7457.31,,,11082.83,1619.85,317.37,,,,23835.93,25957.95,49793.88,,6410.64,10419.29,7436.67,0.00,0.00,,0.00,0.00,419558.77,,,,,,32.95,2.91,103430.58,2,8,819,20007,5Y,Atlas Air Inc.,5Y,Atlas Air Inc.,16087,I,3,3,2025,3
64339.36,0.00,4425.96,4561.98,0.00,0.00,154480.06,206.78,19952.09,0.00,70.52,19708.72,0.00,3459.04,3770.96,0.00,274975.45,11149.09,2824.59,14259.15,17605.60,0.00,6431.93,7155.07,0.00,0.00,0.00,0.00,59425.44,26731.06,86156.50,1380.31,11293.40,2781.62,2210.77,0.00,848.45,,1134.34,,380780.83,,,,,,70.57,10.56,69805.56,1,6,698,19805,AA,American Airlines Inc.,AA,American Airlines Inc.,0A050,D,3,3,2025,2
64604.65,0.00,4702.49,4387.06,0.00,0.00,87146.17,136.56,18857.90,0.00,68.26,20788.12,0.00,2429.43,1986.38,0.00,205107.02,11341.43,2806.72,14304.45,16997.29,0.00,7601.16,6748.47,0.00,0.00,0.00,0.00,59799.52,27180.27,86979.78,1255.67,10962.14,2894.36,1608.10,0.00,709.27,,1175.19,,310691.53,,,,,,43.95,5.05,37203.74,1,6,838,19805,AA,American Airlines Inc.,AA,American Airlines Inc.,0A050,D,3,3,2025,4
64787.97,0.00,0.00,2305.04,55.60,,124210.61,292.03,13085.64,41.39,1522.74,18325.52,0.00,6284.54,2424.09,-37.62,233297.55,15210.02,0.00,14465.09,0.00,,10578.82,20406.78,0.00,,0.00,,60660.70,17132.67,77793.37,,11995.25,2236.90,667.88,,,,268.37,,326259.32,,,,,,29.49,5.70,46905.38,2,6,626,19917,5X,United Parcel Service,5X,United Parcel Service,06910,D,3,3,2025,1
64804.94,0.00,4504.17,4111.57,0.00,0.00,113911.99,187.82,19400.78,0.00,69.38,20755.65,0.00,1927.95,2214.81,0.00,231889.06,11348.58,2869.80,13820.95,19571.55,0.00,7471.94,8530.75,0.00,0.00,0.00,0.00,63613.57,27154.26,90767.83,1247.65,11008.40,2793.94,2086.29,0.00,816.71,,1127.44,,341737.32,,,,,,28.98,2.51,49685.05,1,6,887,19805,AA,American Airlines Inc.,AA,American Airlines Inc.,10049,A,3,3,2025,3
65006.18,0.00,9595.32,13896.75,0.00,0.00,0.00,0.00,21023.66,0.00,45.00,5462.21,0.00,4476.67,0.00,685.34,120189.71,18754.12,0.00,49249.70,43464.78,0.00,4214.99,0.00,0.00,0.00,0.00,0.00,115683.59,574.36,116257.96,2677.10,0.00,0.00,1166.64,0.00,928.77,,0.00,,241220.32,,,,,,51.26,7.64,33765.59,1,6,638,20397,OH,PSA Airlines Inc.,OH,PSA Airlines Inc.,07028,D,2,2,2025,3
65039.00,0.00,2155.00,5333.00,1.00,0.00,90742.00,1.00,7366.00,50.00,1006.00,18782.00,0.00,3233.00,0.00,223.00,193931.00,4246.00,1743.00,9526.00,13313.00,0.00,7600.00,3859.00,0.00,0.00,0.00,0.00,40287.00,16551.00,56838.00,866.00,13099.00,6966.00,176.00,714.00,0.00,,985.00,0.00,273575.00,,,,,,38.50,5.42,36937.05,1,6,614,19790,DL,Delta Air Lines Inc.,DL,Delta Air Lines Inc.,01260,D,3,3,2025,1
65143.41,0.00,4525.20,4124.46,0.00,0.00,157940.73,187.90,19450.66,0.00,69.59,20852.28,0.00,1938.00,3078.10,0.00,277310.33,11398.61,2880.20,13828.45,19671.51,0.00,7480.22,8603.81,0.00,0.00,0.00,0.00,63862.81,27251.86,91114.67,1250.50,11040.50,2802.09,2093.60,0.00,818.97,,1131.94,,387562.59,,,,,,68.50,10.97,68864.29,1,6,698,19805,AA,American Airlines Inc.,AA,American Airlines Inc.,0A050,D,3,3,2025,3
65347.21,0.00,7610.10,10194.93,5071.52,0.00,0.00,188.14,2905.56,23.25,1326.04,7846.95,0.00,5052.05,1027.14,83.73,106676.60,21594.93,0.00,29117.08,2209.85,0.00,9126.68,181.79,0.00,0.00,0.00,0.00,62230.32,0.00,62230.32,549.51,0.00,0.00,0.00,329.88,0.00,,0.00,0.00,169786.31,,,,,,69.00,9.81,48487.57,1,6,638,20363,9E,Endeavor Air Inc.,9E,Endeavor Air Inc.,07024,D,2,2,2025,3
65416.11,0.00,4563.48,4541.08,0.00,0.00,157560.71,176.54,20204.85,0.00,75.16,19954.24,0.00,5587.60,3270.67,0.00,281350.44,11618.65,2961.23,15098.44,16076.10,0.00,8064.63,9057.96,0.00,0.00,0.00,0.00,62877.00,28653.88,91530.88,1283.01,11733.56,2884.82,2330.70,0.00,879.96,,1450.87,,393444.23,,,,,,67.75,10.42,65471.83,1,6,698,19805,AA,American Airlines Inc.,AA,American Airlines Inc.,0A050,D,3,3,2025,1
65595.52,0.00,9433.41,10099.31,5018.39,0.00,0.00,174.76,2950.47,73.55,887.48,8077.88,0.00,5838.24,548.60,139.57,108837.17,21609.48,0.00,23693.43,2433.71,0.00,9314.53,262.47,0.00,0.00,0.00,0.00,57313.62,0.00,57313.62,532.54,0.00,0.00,0.00,318.07,0.00,,0.00,0.00,167001.39,,,,,,68.84,10.03,47563.40,1,6,638,20363,9E,Endeavor Air Inc.,9E,Endeavor Air Inc.,07024,D,2,2,2025,2
66160.18,0.00,7143.48,10472.69,0.00,0.00,0.00,0.00,36166.74,0.00,0.00,990.90,0.00,5350.67,0.00,0.00,126284.66,10830.71,334.97,16162.23,0.00,0.00,4393.47,2629.19,0.00,0.00,0.00,14447.58,48798.15,21046.47,69844.62,1102.07,0.00,0.00,0.00,0.00,0.00,,0.00,,197231.35,,,,,,75.22,31.84,51291.98,1,6,673,20398,MQ,Envoy Air,MQ,Envoy Air,06820,D,3,3,2025,2
66268.84,,3885.40,6767.51,,,137429.68,,163.83,,134.66,16540.35,27.71,1857.20,757.69,,233832.86,3104.69,15.54,10089.21,984.24,,2890.66,1415.61,,,,,18499.94,9956.14,28456.08,3169.19,12693.05,2150.92,442.37,6270.72,,,,,287015.20,,,,,,36.86,3.11,57157.77,1,6,626,19977,UA,United Air Lines Inc.,UA,United Air Lines Inc.,10874,A,3,3,2025,3
67196.84,1040.50,0.00,2911.29,110.86,,120765.43,323.93,12816.15,323.33,1644.57,17735.96,0.00,3527.74,3171.60,4068.21,235636.40,14692.32,0.00,17283.80,0.00,,9961.67,22353.97,0.00,,0.00,,64291.76,20159.09,84450.84,,15630.95,0.00,0.00,,,,399.62,,336117.81,,,,,,31.50,5.05,43744.90,2,6,626,19917,5X,United Parcel Service,5X,United Parcel Service,06910,D,3,3,2025,2
67963.25,0.00,2063.95,4558.83,32.40,0.00,106045.47,0.00,248.07,2.10,99.02,17744.46,0.00,2635.96,1987.71,414.17,203795.39,7917.94,0.00,5222.74,2331.89,0.00,1734.19,56.00,0.00,0.00,0.00,0.00,17262.75,13280.83,30543.58,40.20,8897.58,3675.79,0.00,75.66,472.78,,0.00,,247500.99,,,,,,46.27,4.60,43176.17,1,6,699,20409,B6,JetBlue Airways,B6,JetBlue Airways,06673,D,3,3,2025,4
68053.00,0.00,4921.00,24639.00,1149.00,,148325.00,,4571.00,148.00,,3841.00,,3820.00,5366.00,11276.00,276109.00,183.00,20.00,60.00,25576.00,,2598.00,2813.00,5921.00,,459.00,,37630.00,33979.00,71609.00,,26122.00,12138.00,955.00,176.00,,,,,387109.00,,,,,,26.95,2.54,66007.36,2,6,683,20107,FX,Federal Express Corporation,FX,Federal Express Corporation,16197,P,3,3,2025,4
68583.00,0.00,2210.00,5821.00,0.00,0.00,91668.00,1.00,7312.00,22.00,1001.00,20249.00,0.00,3574.00,0.00,232.00,200673.00,4658.00,2232.00,8417.00,14382.00,0.00,7923.00,409.00,0.00,0.00,0.00,0.00,38021.00,16761.00,54782.00,418.00,13051.00,7311.00,37.00,734.00,0.00,,825.00,0.00,277831.00,,,,,,42.94,5.66,41573.59,1,6,614,19790,DL,Delta Air Lines Inc.,DL,Delta Air Lines Inc.,01260,D,3,3,2025,2
68594.00,0.00,2005.00,5280.00,0.00,0.00,79211.00,1.00,6632.00,20.00,908.00,18367.00,0.00,3242.00,0.00,210.00,184470.00,4225.00,2024.00,7635.00,13045.00,0.00,7187.00,371.00,0.00,0.00,0.00,0.00,34487.00,15203.00,49690.00,379.00,11838.00,6631.00,34.00,666.00,0.00,,749.00,0.00,254457.00,,,,,,38.95,7.20,35924.10,1,6,608,19790,DL,Delta Air Lines Inc.,DL,Delta Air Lines Inc.,01260,D,3,3,2025,2
68684.12,0.00,7870.07,9596.64,4825.31,0.00,0.00,150.35,2837.23,55.52,1427.71,8090.37,0.00,3716.06,585.75,121.70,107960.81,21907.75,0.00,34722.32,2604.08,0.00,8478.74,330.13,0.00,0.00,0.00,0.00,68043.03,0.00,68043.03,569.28,0.00,0.00,0.00,329.98,0.00,,0.00,0.00,176903.10,,,,,,67.85,9.93,46111.69,1,6,638,20363,9E,Endeavor Air Inc.,9E,Endeavor Air Inc.,07024,D,2,2,2025,4
68822.58,,3054.21,6583.41,,,96607.01,,5798.52,,105.85,17191.46,21.78,1930.30,3174.86,,203289.98,5747.59,24.22,16791.54,4539.19,,8913.06,4371.87,,,,,40387.48,15436.15,55823.63,1205.07,14815.81,17193.75,1171.87,3310.25,,,5025.96,,301836.31,,,,,,57.46,6.95,41447.73,1,6,698,19977,UA,United Air Lines Inc.,UA,United Air Lines Inc.,0A875,D,3,3,2025,3
69038.63,0.00,2094.91,5212.42,16.79,0.00,116485.34,0.00,1192.39,0.88,86.04,18673.62,0.00,2246.18,2672.29,418.16,218137.63,7849.78,0.00,5326.65,2298.79,0.00,1425.29,50.27,0.00,0.00,0.00,0.00,16950.78,11830.56,28781.34,40.42,10003.48,2805.77,0.00,72.60,422.83,,0.00,,260264.08,,,,,,49.59,4.59,48134.44,1,6,699,20409,B6,JetBlue Airways,B6,JetBlue Airways,06673,D,3,3,2025,3
69366.45,0.00,7804.48,10997.49,0.00,0.00,0.00,0.00,37681.61,0.00,0.00,574.52,0.00,4841.59,0.00,0.00,131266.14,10321.71,319.23,17791.77,126.71,0.00,4897.55,1995.43,0.00,0.00,0.00,18893.05,54345.44,23990.09,78335.54,1140.52,0.00,0.00,0.00,0.00,0.00,,0.00,,210742.19,,,,,,76.65,33.53,52969.32,1,6,673,20398,MQ,Envoy Air,MQ,Envoy Air,06820,D,3,3,2025,3
69415.60,0.00,4846.19,4812.58,0.00,0.00,111037.37,188.45,21443.04,0.00,79.78,21153.34,0.00,5921.03,2308.85,0.00,241206.22,12324.43,3144.16,16000.27,17025.33,0.00,8536.04,9776.10,0.00,0.00,0.00,0.00,66806.33,30412.79,97219.12,1360.31,12453.68,3061.51,2475.76,0.00,933.91,,1548.70,,360259.21,,,,,,48.61,6.39,46137.61,1,6,614,19805,AA,American Airlines Inc.,AA,American Airlines Inc.,10050,L,3,3,2025,1
69721.37,,3303.29,7072.42,,,93259.10,,7425.62,,123.78,18525.69,-2.29,3545.61,4976.87,,207951.44,6007.25,20.14,19767.03,8830.53,,11213.64,6903.48,,,,,52742.06,16297.13,69039.20,1137.78,15989.07,17878.10,1201.83,6324.63,,,477.89,,319999.92,,,,,,57.81,6.98,41563.84,1,6,698,19977,UA,United Air Lines Inc.,UA,United Air Lines Inc.,0A875,D,3,3,2025,2
69737.16,0.00,2059.70,3993.97,14.27,0.00,107386.04,0.00,614.69,4.70,74.22,17573.26,0.00,5734.26,267.65,353.15,207813.06,6886.68,0.00,5143.67,1838.13,0.00,889.73,55.05,0.00,0.00,0.00,0.00,14813.26,11546.12,26359.37,34.89,9774.33,2671.90,0.00,62.86,303.30,,0.00,,247019.72,,,,,,45.80,4.40,42128.69,1,6,699,20409,B6,JetBlue Airways,B6,JetBlue Airways,06673,D,3,3,2025,1
69839.72,0.00,5092.44,4723.21,0.00,0.00,159399.46,147.90,20348.32,0.00,73.68,22354.49,0.00,2616.95,3585.22,0.00,288181.39,12239.75,3034.80,15331.60,18267.79,0.00,8187.92,7280.65,0.00,0.00,0.00,0.00,64342.50,29348.30,93690.80,1356.04,11839.44,3129.69,1738.29,0.00,765.64,,1271.79,,401973.08,,,,,,69.71,10.77,68014.63,1,6,698,19805,AA,American Airlines Inc.,AA,American Airlines Inc.,0A050,D,3,3,2025,4
70388.73,,893.94,28623.92,0.00,,196435.90,,41601.96,,0.00,15375.23,,2315.00,,1377.15,357011.83,3625.74,,11847.06,,,13622.92,1383.34,266.06,,,,30745.12,25952.63,56697.75,,6300.33,10618.25,8873.96,0.00,0.00,,0.00,0.00,439502.12,,,,,,35.17,2.89,108631.52,2,8,819,20007,5Y,Atlas Air Inc.,5Y,Atlas Air Inc.,16087,I,3,3,2025,4
70530.00,0.00,1247.00,5490.00,0.00,0.00,82689.00,0.00,6586.00,3.00,915.00,18448.00,0.00,2892.00,0.00,139.00,188939.00,4474.00,2012.00,5104.00,15945.00,0.00,8285.00,2841.00,0.00,0.00,0.00,0.00,38661.00,15393.00,54054.00,586.00,11818.00,6848.00,81.00,689.00,0.00,,799.00,0.00,263814.00,,,,,,39.47,7.20,36953.30,1,6,608,19790,DL,Delta Air Lines Inc.,DL,Delta Air Lines Inc.,01260,D,3,3,2025,3
70730.50,,7253.05,9170.53,,,202823.83,,2020.84,,271.78,18724.12,-18.63,3583.59,2033.67,,316593.27,3457.70,776.86,3647.89,30883.61,,5852.13,3272.03,,,,,47890.21,10922.27,58812.49,2657.67,15605.66,5322.43,661.39,2219.87,,,,,401872.76,,,,,,38.95,2.72,88053.84,1,6,627,19977,UA,United Air Lines Inc.,UA,United Air Lines Inc.,10874,A,3,3,2025,2
70928.00,0.00,1033.00,4546.00,0.00,0.00,154659.00,0.00,5454.00,2.00,758.00,15275.00,0.00,2394.00,0.00,115.00,255164.00,3704.00,1666.00,4226.00,13202.00,0.00,6860.00,2353.00,0.00,0.00,0.00,0.00,32011.00,12745.00,44756.00,485.00,9786.00,5670.00,67.00,570.00,0.00,,662.00,0.00,317160.00,,,,,,32.68,2.43,69116.14,1,6,687,19790,DL,Delta Air Lines Inc.,DL,Delta Air Lines Inc.,10261,A,3,3,2025,3
72646.00,0.00,1749.00,4607.00,0.00,0.00,156494.00,1.00,5787.00,17.00,792.00,16025.00,0.00,2829.00,0.00,184.00,261131.00,3687.00,1766.00,6662.00,11382.00,0.00,6270.00,324.00,0.00,0.00,0.00,0.00,30091.00,13264.00,43355.00,331.00,10329.00,5786.00,30.00,581.00,0.00,,653.00,0.00,322196.00,,,,,,33.99,2.41,70973.48,1,6,687,19790,DL,Delta Air Lines Inc.,DL,Delta Air Lines Inc.,10261,A,3,3,2025,2
72651.54,1040.49,0.00,6652.32,142.18,,134825.70,327.57,13477.36,389.72,1694.73,17675.71,0.00,2025.06,3211.19,5755.06,259868.62,15267.10,0.00,16746.93,0.00,,11083.13,21070.03,0.00,,0.00,,64167.19,20864.39,85031.57,,16092.53,0.00,0.00,,,,219.27,,361211.99,,,,,,32.94,6.21,53652.21,2,6,626,19917,5X,United Parcel Service,5X,United Parcel Service,06910,D,3,3,2025,3
72842.23,0.00,2120.60,5047.03,59.83,0.00,111091.30,0.00,990.32,2.84,88.84,19836.31,0.00,4498.81,2264.78,435.33,219278.20,7532.47,0.00,4020.87,2429.91,0.00,1190.87,54.32,0.00,0.00,0.00,0.00,15228.43,12233.37,27461.80,40.19,10325.03,2841.90,0.00,71.16,319.13,,0.00,,260337.41,,,,,,50.84,4.70,47454.63,1,6,699,20409,B6,JetBlue Airways,B6,JetBlue Airways,06673,D,3,3,2025,2
73190.87,,7135.29,9272.69,,,220653.25,,-5605.16,,247.29,18228.29,18.99,2046.72,1688.60,,326876.84,3492.62,1506.24,3736.43,31961.85,,3211.23,4467.66,,,,,48376.03,11696.18,60072.21,3020.49,16301.94,5531.63,700.39,2484.61,,,,,414988.10,,,,,,40.62,2.83,91277.29,1,6,627,19977,UA,United Air Lines Inc.,UA,United Air Lines Inc.,10874,A,3,3,2025,3
73235.15,,3748.25,6673.95,,,96996.85,,7351.00,,123.58,19329.79,-87.32,6437.22,4690.88,,218499.35,6056.62,18.20,15209.46,6025.81,,8986.04,4719.65,,,,,41015.77,18112.20,59127.97,1175.09,15845.83,18115.72,1350.16,8843.93,,,621.37,,323579.43,,,,,,57.09,7.08,39959.48,1,6,698,19977,UA,United Air Lines Inc.,UA,United Air Lines Inc.,0A875,D,3,3,2025,1
73260.00,0.00,10017.00,,0.00,,115011.00,,,,,,,,9235.00,15983.00,223506.00,,,114.00,563.00,,9176.00,1062.00,11245.00,,,,22160.00,15168.00,37328.00,,63283.00,12189.00,953.00,30.00,,,,,337289.00,,,,,,32.86,9.75,53793.04,2,6,626,20107,FX,Federal Express Corporation,FX,Federal Express Corporation,06200,D,3,3,2025,3
73397.00,0.00,4.00,5431.00,1.00,0.00,132062.00,17.00,-638.00,0.00,258.00,21688.00,0.00,4000.00,5360.00,756.00,242337.00,13233.00,576.00,20937.00,17934.00,0.00,4581.00,2482.00,0.00,0.00,0.00,0.00,59742.00,14367.00,74110.00,483.00,18566.00,8152.00,2054.00,0.00,-45.00,,0.00,,345657.00,,,,,,56.12,6.25,52048.00,1,6,888,19930,AS,Alaska Airlines Inc.,AS,Alaska Airlines Inc.,06031,D,3,3,2025,1
73517.00,0.00,2314.00,6095.00,0.00,0.00,123180.00,1.00,7656.00,23.00,1048.00,21202.00,0.00,3742.00,0.00,243.00,239021.00,4878.00,2337.00,8813.00,15058.00,0.00,8296.00,429.00,0.00,0.00,0.00,0.00,39811.00,17549.00,57360.00,438.00,13665.00,7655.00,39.00,769.00,0.00,,864.00,0.00,319811.00,,,,,,44.96,5.86,55865.16,1,6,622,19790,DL,Delta Air Lines Inc.,DL,Delta Air Lines Inc.,01260,D,3,3,2025,2
73909.00,0.00,1447.00,6371.00,0.00,0.00,100839.00,0.00,7642.00,3.00,1062.00,21406.00,0.00,3356.00,0.00,162.00,216197.00,5191.00,2334.00,5922.00,18501.00,0.00,9614.00,3297.00,0.00,0.00,0.00,0.00,44859.00,17861.00,62720.00,680.00,13713.00,7946.00,94.00,799.00,0.00,,927.00,0.00,303076.00,,,,,,45.80,5.84,45064.44,1,6,614,19790,DL,Delta Air Lines Inc.,DL,Delta Air Lines Inc.,01260,D,3,3,2025,3
74011.00,0.00,1424.00,3524.00,1.00,0.00,129321.00,0.00,4868.00,33.00,665.00,12411.00,0.00,2137.00,0.00,147.00,228542.00,2806.00,1152.00,6295.00,8798.00,0.00,5022.00,2550.00,0.00,0.00,0.00,0.00,26623.00,10937.00,37560.00,573.00,8656.00,4603.00,117.00,472.00,0.00,,651.00,0.00,281174.00,,,,,,25.44,2.15,52641.03,1,6,359,19790,DL,Delta Air Lines Inc.,DL,Delta Air Lines Inc.,10262,P,3,3,2025,1
74672.00,0.00,4.00,5540.00,1.00,0.00,111339.00,14.00,11208.00,0.00,448.00,22065.00,0.00,4070.00,4607.00,771.00,234740.00,3303.00,144.00,8033.00,1670.00,0.00,1143.00,620.00,0.00,0.00,0.00,0.00,14913.00,3586.00,18499.00,98.00,12485.00,7835.00,961.00,0.00,849.00,,0.00,,275468.00,,,,,,57.20,5.55,45612.00,1,6,839,19930,AS,Alaska Airlines Inc.,AS,Alaska Airlines Inc.,06031,D,3,3,2025,1
74687.00,0.00,1467.00,6459.00,0.00,0.00,130831.00,0.00,7748.00,3.00,1077.00,21702.00,0.00,3402.00,0.00,164.00,247540.00,5263.00,2367.00,6004.00,18757.00,0.00,9747.00,3342.00,0.00,0.00,0.00,0.00,45480.00,18108.00,63588.00,690.00,13903.00,8056.00,96.00,810.00,0.00,,940.00,0.00,335623.00,,,,,,46.43,5.88,58467.46,1,6,622,19790,DL,Delta Air Lines Inc.,DL,Delta Air Lines Inc.,01260,D,3,3,2025,3
75028.00,0.00,1828.00,4816.00,0.00,0.00,144277.00,1.00,6049.00,18.00,828.00,16752.00,0.00,2957.00,0.00,192.00,252746.00,3854.00,1846.00,6964.00,11898.00,0.00,6555.00,339.00,0.00,0.00,0.00,0.00,31456.00,13866.00,45322.00,346.00,10797.00,6048.00,31.00,607.00,0.00,,683.00,0.00,316580.00,,,,,,35.53,2.57,65432.70,1,6,339,19790,DL,Delta Air Lines Inc.,DL,Delta Air Lines Inc.,10261,A,3,3,2025,2
75281.00,0.00,12126.00,,0.00,,108830.00,,,,,,,,9371.00,14647.00,220255.00,,,0.00,938.00,,7290.00,1567.00,10741.00,,,,20536.00,13306.00,33842.00,,61896.00,11939.00,983.00,26.00,,,,,328941.00,,,,,,33.14,9.50,53488.45,2,6,626,20107,FX,Federal Express Corporation,FX,Federal Express Corporation,06200,D,3,3,2025,2
75326.00,0.00,35.00,5728.00,0.00,0.00,140515.00,26.00,-409.00,0.00,277.00,22256.00,0.00,4108.00,6238.00,675.00,254775.00,15448.00,665.00,29536.00,22080.00,0.00,5676.00,2938.00,0.00,0.00,0.00,0.00,76343.00,17575.00,93917.00,531.00,19720.00,8593.00,2291.00,0.00,-23.00,,0.00,,379805.00,,,,,,65.80,6.75,61059.00,1,6,888,19930,AS,Alaska Airlines Inc.,AS,Alaska Airlines Inc.,06031,D,3,3,2025,2
75415.00,0.00,1359.00,5896.00,0.00,0.00,117234.00,0.00,7403.00,5.00,1036.00,22826.00,0.00,3403.00,0.00,175.00,234752.00,4890.00,2053.00,1442.00,17050.00,0.00,8817.00,1417.00,0.00,0.00,0.00,0.00,35669.00,17708.00,53377.00,664.00,13367.00,7884.00,96.00,794.00,0.00,,905.00,0.00,311839.00,,,,,,42.09,5.90,51892.79,1,6,622,19790,DL,Delta Air Lines Inc.,DL,Delta Air Lines Inc.,01260,D,3,3,2025,4
76373.00,0.00,2488.00,6156.00,1.00,0.00,134589.00,1.00,8503.00,57.00,1161.00,21681.00,0.00,3732.00,0.00,257.00,254999.00,4902.00,2012.00,10997.00,15368.00,0.00,8773.00,4454.00,0.00,0.00,0.00,0.00,46506.00,19105.00,65611.00,1000.00,15121.00,8041.00,204.00,824.00,0.00,,1137.00,0.00,346937.00,,,,,,44.44,5.89,54785.61,1,6,622,19790,DL,Delta Air Lines Inc.,DL,Delta Air Lines Inc.,01260,D,3,3,2025,1
77411.30,0.00,1714.06,13640.11,0.00,0.00,352.46,0.00,0.00,0.00,0.00,14351.33,0.00,6841.18,0.00,474.51,114784.96,20832.18,0.00,22537.29,27160.10,0.00,17353.28,0.00,0.00,0.00,0.00,0.00,87882.85,10209.54,98092.39,0.00,21053.31,968.43,803.88,0.00,57.65,,293.81,,236054.43,,,,,,110.03,16.02,71472.78,1,6,673,20452,YX,Republic Airline,YX,Republic Airline,06003,D,3,3,2025,1
77430.51,,6478.62,8495.90,,,96842.86,,12007.80,,213.60,20407.33,-150.94,6796.06,4165.45,,232687.20,6407.27,19.21,9597.42,1130.75,,9347.38,676.92,,,,,27178.94,19095.98,46274.93,661.39,13712.07,6640.79,663.69,1704.53,,,,,302344.59,,,,,,60.13,5.72,39642.50,1,6,839,19977,UA,United Air Lines Inc.,UA,United Air Lines Inc.,0A875,D,3,3,2025,1
77643.49,0.00,7085.78,11242.41,0.00,0.00,0.00,0.00,38358.37,0.00,0.00,132.20,0.00,4452.92,0.00,0.00,138915.17,9487.03,293.41,18705.83,0.00,0.00,4702.25,1582.24,0.00,0.00,0.00,14627.57,49398.34,21218.38,70616.72,261.92,0.00,0.00,0.00,0.00,0.00,,0.00,,209793.80,,,,,,77.63,33.92,52658.39,1,6,673,20398,MQ,Envoy Air,MQ,Envoy Air,06820,D,3,3,2025,4
77786.00,0.00,10431.00,,0.00,,116596.00,,,,,,,,9273.00,9446.00,223532.00,,,230.00,885.00,,6705.00,1566.00,11262.00,,,,20648.00,14585.00,35233.00,,58724.00,11248.00,942.00,22.00,,,,,329701.00,,,,,,32.14,8.96,51304.26,2,6,626,20107,FX,Federal Express Corporation,FX,Federal Express Corporation,06200,D,3,3,2025,1
77879.00,0.00,1493.00,3932.00,0.00,0.00,133622.00,1.00,4939.00,15.00,676.00,13677.00,0.00,2414.00,0.00,157.00,238805.00,3146.00,1507.00,5686.00,9714.00,0.00,5352.00,276.00,0.00,0.00,0.00,0.00,25681.00,11321.00,37002.00,282.00,8815.00,4938.00,25.00,496.00,0.00,,557.00,0.00,290920.00,,,,,,29.01,2.18,60600.72,1,6,359,19790,DL,Delta Air Lines Inc.,DL,Delta Air Lines Inc.,10262,P,3,3,2025,2
77967.51,,6252.34,8199.00,,,126832.06,,15.45,,206.14,20552.07,-145.66,6844.26,2702.29,,249425.46,2857.30,9.67,9120.45,110.40,,4593.70,337.67,,,,,17029.20,10535.60,27564.80,274.91,22125.61,4979.69,65.11,703.12,,,,,305138.70,,,,,,30.23,2.22,52852.97,1,6,889,19977,UA,United Air Lines Inc.,UA,United Air Lines Inc.,10877,P,3,3,2025,1
78288.00,0.00,1274.00,5527.00,0.00,0.00,82203.00,0.00,6940.00,5.00,971.00,21400.00,0.00,3191.00,0.00,164.00,199963.00,4585.00,1924.00,1352.00,15985.00,0.00,8267.00,1329.00,0.00,0.00,0.00,0.00,33442.00,16602.00,50044.00,623.00,12532.00,7392.00,90.00,745.00,0.00,,849.00,0.00,272238.00,,,,,,39.46,7.20,36386.49,1,6,608,19790,DL,Delta Air Lines Inc.,DL,Delta Air Lines Inc.,01260,D,3,3,2025,4
79652.00,0.00,411.00,6408.00,1.00,0.00,158185.00,18.00,-131.00,0.00,230.00,24029.00,0.00,4375.00,7121.00,156.00,280453.00,15612.00,651.00,24147.00,22963.00,0.00,4708.00,2535.00,0.00,0.00,0.00,0.00,70617.00,17520.00,88137.00,572.00,20278.00,8735.00,2455.00,0.00,-14.00,,0.00,,400614.00,,,,,,68.23,6.97,64236.00,1,6,888,19930,AS,Alaska Airlines Inc.,AS,Alaska Airlines Inc.,06031,D,3,3,2025,3
79910.00,0.00,37.00,6075.00,1.00,0.00,125038.00,25.00,11435.00,0.00,483.00,23610.00,0.00,4358.00,5851.00,716.00,257540.00,3229.00,139.00,9641.00,1151.00,0.00,1187.00,614.00,0.00,0.00,0.00,0.00,15961.00,3675.00,19636.00,139.00,14694.00,8931.00,1112.00,0.00,813.00,,0.00,,302864.00,,,,,,69.84,6.44,55817.00,1,6,839,19930,AS,Alaska Airlines Inc.,AS,Alaska Airlines Inc.,06031,D,3,3,2025,2
80710.00,0.00,1434.00,6223.00,0.00,0.00,97341.00,0.00,7814.00,6.00,1093.00,24095.00,0.00,3592.00,0.00,185.00,222493.00,5162.00,2167.00,1523.00,17997.00,0.00,9307.00,1496.00,0.00,0.00,0.00,0.00,37652.00,18693.00,56345.00,701.00,14110.00,8323.00,101.00,839.00,0.00,,955.00,0.00,303867.00,,,,,,44.43,5.59,43087.46,1,6,614,19790,DL,Delta Air Lines Inc.,DL,Delta Air Lines Inc.,01260,D,3,3,2025,4
82625.00,0.00,10388.00,,0.00,,131708.00,,,,,,,,9625.00,17065.00,251411.00,,,111.00,876.00,,6454.00,1097.00,11023.00,,,,19561.00,15610.00,35171.00,,64129.00,12342.00,958.00,32.00,,,,,364043.00,,,,,,36.90,9.94,59953.36,2,6,626,20107,FX,Federal Express Corporation,FX,Federal Express Corporation,06200,D,3,3,2025,4
82854.00,0.00,-25.00,5931.00,1.00,0.00,144783.00,8.00,109.00,0.00,264.00,24470.00,0.00,4513.00,6304.00,92.00,269303.00,14184.00,610.00,19861.00,18407.00,0.00,3271.00,2087.00,0.00,0.00,0.00,0.00,58419.00,15682.00,74101.00,592.00,19330.00,8407.00,2472.00,0.00,-39.00,,0.00,,374167.00,,,,,,62.53,6.66,58182.00,1,6,888,19930,AS,Alaska Airlines Inc.,AS,Alaska Airlines Inc.,06031,D,3,3,2025,4
83353.97,1718.29,0.00,4565.93,130.17,,159545.72,329.06,35475.68,408.68,1748.90,16170.08,0.00,1683.31,3571.83,4824.13,313525.75,17498.55,0.00,14949.32,0.00,,10580.35,20900.80,0.00,,0.00,,63929.01,22530.38,86459.39,,16668.63,0.00,0.00,,,,242.04,,416895.82,,,,,,37.06,6.55,59683.71,2,6,626,19917,5X,United Parcel Service,5X,United Parcel Service,06910,D,3,3,2025,4
83399.30,,5870.00,9340.64,,,142916.40,,3.10,,203.44,20802.31,-949.10,2335.74,2354.09,,266275.92,3113.52,14.66,6485.27,928.38,,2473.05,1586.44,,,,,14601.32,9709.56,24310.88,267.86,22731.79,5211.27,55.15,681.48,,,,,319534.36,,,,,,34.77,2.11,61893.31,1,6,889,19977,UA,United Air Lines Inc.,UA,United Air Lines Inc.,10877,P,3,3,2025,3
83420.64,,6202.91,9591.57,,,133768.28,,113.31,,232.43,22125.53,-648.14,4234.58,2809.44,,261850.54,3236.89,12.03,12104.64,1026.45,,4415.70,757.38,,,,,21553.08,9905.17,31458.25,278.77,23473.11,5346.09,58.01,708.69,,,,,323173.46,,,,,,34.57,2.25,60985.71,1,6,889,19977,UA,United Air Lines Inc.,UA,United Air Lines Inc.,10877,P,3,3,2025,2
85759.73,0.00,1698.92,15126.76,0.00,0.00,268.04,0.00,0.00,0.00,0.00,14989.40,0.00,6870.81,0.00,541.06,125254.72,18945.55,0.00,22797.19,27064.88,0.00,16831.00,0.00,0.00,0.00,0.00,0.00,85638.62,10617.08,96255.70,0.00,21655.80,1034.77,814.86,0.00,58.00,,297.10,,245370.93,,,,,,223.20,16.65,75223.50,1,6,673,20452,YX,Republic Airline,YX,Republic Airline,06003,D,3,3,2025,2
85948.00,0.00,1003.00,4416.00,0.00,0.00,150330.00,0.00,5297.00,2.00,736.00,14837.00,0.00,2326.00,0.00,112.00,265007.00,3598.00,1618.00,4105.00,12824.00,0.00,6663.00,2285.00,0.00,0.00,0.00,0.00,31093.00,12380.00,43473.00,472.00,9505.00,5508.00,65.00,554.00,0.00,,643.00,0.00,325227.00,,,,,,31.75,2.27,67181.55,1,6,359,19790,DL,Delta Air Lines Inc.,DL,Delta Air Lines Inc.,10262,P,3,3,2025,3
85995.00,0.00,444.00,6920.00,1.00,0.00,140502.00,17.00,12347.00,0.00,444.00,25366.00,0.00,4723.00,6903.00,66.00,283729.00,3607.00,150.00,11807.00,-924.00,0.00,1088.00,586.00,0.00,0.00,0.00,0.00,16314.00,4048.00,20362.00,167.00,16076.00,9564.00,1215.00,0.00,828.00,,0.00,,331940.00,,,,,,73.65,6.99,59854.00,1,6,839,19930,AS,Alaska Airlines Inc.,AS,Alaska Airlines Inc.,06031,D,3,3,2025,3
86567.01,0.00,1709.29,14808.84,0.00,0.00,304.38,0.00,0.00,0.00,0.00,16443.48,0.00,6482.39,0.00,773.49,127088.87,20268.99,0.00,24198.43,29290.22,0.00,17578.69,0.00,0.00,0.00,0.00,0.00,91336.34,11509.15,102845.49,0.00,22866.91,1139.90,823.95,0.00,63.38,,301.41,,255129.91,,,,,,232.78,17.20,79968.44,1,6,673,20452,YX,Republic Airline,YX,Republic Airline,06003,D,3,3,2025,3
87566.51,0.00,2657.12,6611.28,700.05,0.00,147746.48,0.00,9163.84,8.07,236.32,20024.71,0.00,2848.99,4713.83,554.35,282831.55,9956.42,0.00,32327.25,54079.70,0.00,7148.50,260.32,0.00,0.00,0.00,0.00,103772.19,15590.76,119362.95,1063.82,32406.07,16382.38,2052.37,999.04,2236.35,,0.00,,457334.52,,,,,,62.89,7.59,61052.26,1,6,694,20409,B6,JetBlue Airways,B6,JetBlue Airways,06673,D,3,3,2025,3
87908.00,0.00,1282.00,6295.00,1.00,0.00,129218.00,3.00,12144.00,0.00,483.00,26404.00,0.00,4897.00,6097.00,247.00,274979.00,6188.00,266.00,8787.00,7907.00,0.00,1427.00,910.00,0.00,0.00,0.00,0.00,25484.00,6841.00,32325.00,147.00,15022.00,9119.00,1093.00,0.00,1179.00,,0.00,,333863.00,,,,,,66.36,6.58,53200.00,1,6,839,19930,AS,Alaska Airlines Inc.,AS,Alaska Airlines Inc.,06031,D,3,3,2025,4
88661.00,0.00,3130.00,7745.00,1.00,0.00,122665.00,1.00,10698.00,72.00,1461.00,27276.00,0.00,4695.00,0.00,323.00,266728.00,6167.00,2531.00,13835.00,19334.00,0.00,11037.00,5604.00,0.00,0.00,0.00,0.00,58508.00,24036.00,82544.00,1258.00,19024.00,10116.00,256.00,1036.00,0.00,,1430.00,0.00,382392.00,,,,,,55.91,5.58,49931.83,1,6,721,19790,DL,Delta Air Lines Inc.,DL,Delta Air Lines Inc.,01260,D,3,3,2025,1
89170.00,0.00,1328.00,5848.00,0.00,0.00,175689.00,0.00,7015.00,3.00,975.00,19649.00,0.00,3080.00,0.00,148.00,302905.00,4765.00,2143.00,5436.00,16982.00,0.00,8824.00,3026.00,0.00,0.00,0.00,0.00,41176.00,16395.00,57571.00,624.00,12587.00,7294.00,87.00,733.00,0.00,,851.00,0.00,382652.00,,,,,,42.04,3.01,78514.44,1,6,339,19790,DL,Delta Air Lines Inc.,DL,Delta Air Lines Inc.,10261,A,3,3,2025,3
90685.51,0.00,6233.15,6427.11,0.00,0.00,184548.32,292.66,28135.09,0.00,99.36,27794.12,0.00,4881.58,4484.40,0.00,353581.27,15726.80,3982.53,20063.33,24912.26,0.00,9066.58,10152.49,0.00,0.00,0.00,0.00,83903.98,37684.87,121588.85,1951.72,15905.34,3920.19,3119.54,0.00,1196.96,,1603.34,,502867.21,,,,,,36.72,3.19,83461.42,1,6,627,19805,AA,American Airlines Inc.,AA,American Airlines Inc.,10049,A,3,3,2025,2
91202.09,0.00,1855.18,15118.87,0.00,0.00,477.94,0.00,0.00,0.00,0.00,15187.01,0.00,5365.82,0.00,594.17,129801.08,21677.30,0.00,23669.91,30489.91,0.00,16919.10,0.00,0.00,0.00,0.00,0.00,92756.23,12967.54,105723.77,0.00,24064.69,1145.94,833.58,0.00,69.85,,306.03,,261944.94,,,,,,247.58,17.39,82449.65,1,6,673,20452,YX,Republic Airline,YX,Republic Airline,06003,D,3,3,2025,4
91509.00,0.00,1214.00,5269.00,0.00,0.00,156359.00,0.00,6616.00,5.00,926.00,20400.00,0.00,3041.00,0.00,157.00,285496.00,4371.00,1834.00,1289.00,15237.00,0.00,7880.00,1267.00,0.00,0.00,0.00,0.00,31878.00,15826.00,47704.00,594.00,11946.00,7046.00,86.00,710.00,0.00,,809.00,0.00,354391.00,,,,,,37.61,2.86,69211.12,1,6,339,19790,DL,Delta Air Lines Inc.,DL,Delta Air Lines Inc.,10261,A,3,3,2025,4
94039.34,0.00,2737.70,6515.72,1116.58,0.00,143418.90,0.00,10286.60,3.84,247.06,25608.68,0.00,5807.96,4508.75,588.28,294879.40,9724.42,0.00,38108.81,47935.65,0.00,7259.22,326.46,0.00,0.00,0.00,0.00,103354.56,16208.81,119563.38,1052.73,33923.30,14945.79,2034.94,992.19,2175.32,,0.00,,469567.03,,,,,,65.63,7.87,61263.95,1,6,694,20409,B6,JetBlue Airways,B6,JetBlue Airways,06673,D,3,3,2025,2
96007.72,,6888.35,10026.08,,,166718.86,,309.33,,254.85,25408.10,-46.06,2069.38,3590.36,,311226.97,4128.40,24.24,10715.62,1428.05,,5618.91,1514.87,,,,,23430.09,11363.42,34793.51,283.61,26270.13,6063.53,60.67,711.04,,,,,379409.46,,,,,,39.04,2.65,70319.60,1,6,889,19977,UA,United Air Lines Inc.,UA,United Air Lines Inc.,10877,P,3,3,2025,4
96605.57,0.00,3193.65,13825.83,0.00,0.00,391.75,0.00,87.09,356.65,417.37,12710.30,0.00,8176.20,5585.89,1619.54,142969.85,21844.64,0.00,16317.82,40298.75,0.00,14784.03,2419.89,0.00,0.00,0.00,0.00,95665.12,20661.59,116326.71,0.00,0.00,2176.62,2932.37,0.00,3172.39,,0.00,,267577.93,,,,,,146.44,23.16,91747.87,1,6,673,20304,OO,SkyWest Airlines Inc.,OO,SkyWest Airlines Inc.,06700,D,3,3,2025,1
96785.31,0.00,2939.24,6492.15,1340.13,0.00,151017.57,0.00,7321.52,3.42,299.88,25269.59,0.00,3753.83,3639.73,617.49,299479.86,11275.77,0.00,37657.14,42312.52,0.00,8128.25,327.66,0.00,0.00,0.00,0.00,99701.34,19631.19,119332.53,1246.67,34105.54,20389.34,2472.45,1118.05,2321.71,,0.00,,480466.15,,,,,,65.89,8.23,61486.46,1,6,694,20409,B6,JetBlue Airways,B6,JetBlue Airways,06673,D,3,3,2025,4
97508.56,0.00,6772.21,6183.28,0.00,0.00,202879.18,282.80,29113.73,0.00,104.13,31260.39,0.00,2907.34,3996.46,0.00,381008.07,17076.75,4309.22,20682.43,29447.27,0.00,11207.28,12933.37,0.00,0.00,0.00,0.00,95656.34,40786.34,136442.68,1867.44,16511.26,4190.93,3135.86,0.00,1220.48,,1693.54,,546070.25,,,,,,38.04,3.23,88421.15,1,6,627,19805,AA,American Airlines Inc.,AA,American Airlines Inc.,10049,A,3,3,2025,3
97975.82,0.00,2893.73,5611.24,1083.19,0.00,150869.84,0.00,9435.60,9.11,220.21,24689.19,0.00,8056.24,2177.69,522.98,303544.85,9675.30,0.00,41755.32,40126.76,0.00,6464.93,306.40,0.00,0.00,0.00,0.00,98328.71,16899.52,115228.23,1001.07,33953.05,14131.84,1961.94,919.07,2184.77,,0.00,,472924.81,,,,,,64.35,7.71,59187.86,1,6,694,20409,B6,JetBlue Airways,B6,JetBlue Airways,06673,D,3,3,2025,1
98309.29,,7752.23,12067.26,,,123330.21,,22127.87,,290.49,26066.52,-430.09,4988.84,5692.16,,300194.76,8491.43,28.34,11113.11,4214.64,,8879.53,1160.58,,,,,33887.63,20419.47,54307.09,789.13,15352.14,7281.72,800.25,2024.18,,,,,380749.27,,,,,,81.34,6.24,55307.57,1,6,839,19977,UA,United Air Lines Inc.,UA,United Air Lines Inc.,0A875,D,3,3,2025,2
98376.26,0.00,3047.62,14403.40,0.00,0.00,260.06,0.00,150.74,252.55,429.31,12391.43,0.00,6976.52,5673.52,1423.93,143385.35,23746.37,0.00,19982.02,44831.53,0.00,20455.03,3358.67,0.00,0.00,0.00,0.00,112373.62,22994.74,135368.36,0.00,0.00,2324.07,3068.70,0.00,4470.60,,0.00,,288617.08,,,,,,158.61,23.79,100869.75,1,6,673,20304,OO,SkyWest Airlines Inc.,OO,SkyWest Airlines Inc.,06700,D,3,3,2025,3
99698.04,0.00,5037.94,14449.68,0.00,0.00,504.89,0.00,84.52,223.54,425.34,12453.89,0.00,7580.68,5663.38,1353.10,147475.00,22324.03,0.00,19896.09,40557.43,0.00,17277.20,2538.34,0.00,0.00,0.00,0.00,102593.08,20122.07,122715.15,0.00,0.00,2241.81,3026.16,0.00,3779.42,,0.00,,279237.54,,,,,,157.40,23.36,98167.15,1,6,673,20304,OO,SkyWest Airlines Inc.,OO,SkyWest Airlines Inc.,06700,D,3,3,2025,2
100903.00,0.00,3497.00,9211.00,0.00,0.00,135098.00,1.00,11569.00,34.00,1584.00,32040.00,0.00,5655.00,0.00,367.00,299959.00,7371.00,3531.00,13319.00,22756.00,0.00,12536.00,648.00,0.00,0.00,0.00,0.00,60161.00,26520.00,86681.00,661.00,20650.00,11568.00,59.00,1162.00,0.00,,1306.00,0.00,422046.00,,,,,,67.95,6.02,61269.97,1,6,721,19790,DL,Delta Air Lines Inc.,DL,Delta Air Lines Inc.,01260,D,3,3,2025,2
101562.01,0.00,2236.68,13524.65,0.00,0.00,663.46,0.00,123.83,260.10,473.75,13774.80,0.00,7007.75,5660.62,1555.85,146843.49,24970.28,0.00,18595.90,40317.31,0.00,19198.79,2293.76,0.00,0.00,0.00,0.00,105376.04,23477.64,128853.68,0.00,0.00,2340.93,2547.50,0.00,5639.85,,0.00,,286225.45,,,,,,152.48,23.96,95060.31,1,6,673,20304,OO,SkyWest Airlines Inc.,OO,SkyWest Airlines Inc.,06700,D,3,3,2025,4
103050.00,0.00,1111.00,4821.00,0.00,0.00,161605.00,0.00,6054.00,4.00,847.00,18666.00,0.00,2783.00,0.00,143.00,299084.00,3999.00,1678.00,1180.00,13943.00,0.00,7210.00,1159.00,0.00,0.00,0.00,0.00,29169.00,14481.00,43650.00,543.00,10931.00,6447.00,79.00,650.00,0.00,,740.00,0.00,362124.00,,,,,,34.42,2.74,71533.40,1,6,359,19790,DL,Delta Air Lines Inc.,DL,Delta Air Lines Inc.,10262,P,3,3,2025,4
108173.00,0.00,2274.00,10012.00,1.00,0.00,147334.00,1.00,12010.00,5.00,1669.00,33641.00,0.00,5273.00,0.00,254.00,320647.00,8158.00,3668.00,9307.00,29076.00,0.00,15108.00,5181.00,0.00,0.00,0.00,0.00,70498.00,28069.00,98567.00,1069.00,21551.00,12488.00,148.00,1256.00,0.00,,1457.00,0.00,457183.00,,,,,,71.98,6.67,65842.88,1,6,721,19790,DL,Delta Air Lines Inc.,DL,Delta Air Lines Inc.,01260,D,3,3,2025,3
109845.46,,8265.39,12849.46,,,151762.11,,28759.85,,286.46,27391.32,-438.01,3075.57,4432.03,,346229.64,9129.24,38.59,17222.46,4749.78,,7718.52,3449.35,,,,,42307.94,23244.78,65552.72,860.03,16502.15,7788.33,1076.42,2201.05,,,,,440210.32,,,,,,91.55,6.58,65123.21,1,6,839,19977,UA,United Air Lines Inc.,UA,United Air Lines Inc.,0A875,D,3,3,2025,3
112712.56,,8122.83,11621.59,,,153210.27,,3457.14,,267.81,29721.64,1944.68,9897.91,7585.13,,338541.59,9319.29,27.98,52350.16,12958.25,,2165.10,1678.55,,,,,78499.33,27480.57,105979.91,1779.55,19504.76,15802.47,130.83,1488.34,,,969.38,,484196.82,,,,,,82.17,10.26,62958.73,1,6,614,19977,UA,United Air Lines Inc.,UA,United Air Lines Inc.,0A875,D,3,3,2025,1
112761.68,,7170.39,11456.77,,,167627.66,,4127.68,,265.28,29858.32,-564.20,2431.83,9227.12,,344362.52,10723.05,56.97,50982.38,32934.48,,2142.67,3733.98,,,,,100573.52,25753.59,126327.11,1638.64,24024.43,15352.23,167.17,1256.87,,,4733.85,,517862.82,,,,,,91.88,10.84,70416.12,1,6,614,19977,UA,United Air Lines Inc.,UA,United Air Lines Inc.,0A875,D,3,3,2025,4
114150.33,,8299.54,13538.18,,,139980.94,,11689.22,,311.00,30279.28,-5.74,5795.11,6718.78,,330756.63,9854.50,32.92,4452.47,4895.79,,10555.66,1280.28,,,,,31071.61,23592.10,54663.70,142.79,23634.65,6502.10,36.09,326.35,,,,,416062.31,,,,,,94.48,7.66,62029.71,1,6,838,19977,UA,United Air Lines Inc.,UA,United Air Lines Inc.,0A875,D,3,3,2025,2
114602.62,,8865.75,12697.70,,,155891.70,,34231.89,,328.01,30317.75,42.09,2469.24,7239.99,,366686.73,10909.15,57.85,7346.14,5973.00,,10579.51,3163.12,,,,,38028.77,25118.22,63146.99,846.03,15165.76,7904.13,1118.07,3667.69,,,,,458535.39,,,,,,93.16,8.40,65794.99,1,6,839,19977,UA,United Air Lines Inc.,UA,United Air Lines Inc.,0A875,D,3,3,2025,4
114659.24,0.00,8006.06,7956.75,0.00,0.00,149700.71,310.16,35447.15,0.00,131.77,34973.57,0.00,9792.95,3114.48,0.00,364092.83,20377.70,5197.22,26460.80,28174.74,0.00,14143.53,16124.06,0.00,0.00,0.00,0.00,110478.04,50269.72,160747.75,2246.32,20569.77,5056.47,4089.22,0.00,1542.54,,2551.61,,560896.50,,,,,,67.39,6.85,62213.36,1,6,721,19805,AA,American Airlines Inc.,AA,American Airlines Inc.,0A050,D,3,3,2025,1
114952.99,,7704.03,13192.77,,,154585.85,,3767.18,,288.68,30503.87,-659.97,5838.10,8137.97,,338311.46,9918.94,33.16,62012.42,12556.02,,10757.00,2248.54,,,,,97526.09,24193.67,121719.76,1881.65,21413.81,16088.13,140.79,1487.63,,,990.10,,502033.33,,,,,,89.48,10.51,68836.13,1,6,614,19977,UA,United Air Lines Inc.,UA,United Air Lines Inc.,0A875,D,3,3,2025,2
117459.10,,8953.38,12389.37,,,144668.02,,11918.05,,295.20,30967.49,-208.59,10312.81,6447.20,,343202.01,9714.55,29.15,5536.58,1715.87,,7871.82,513.54,,,,,25381.52,27228.09,52609.60,148.45,23641.21,6491.01,34.79,360.27,,,,,426487.35,,,,,,91.06,8.15,59258.09,1,6,838,19977,UA,United Air Lines Inc.,UA,United Air Lines Inc.,0A875,D,3,3,2025,1
119662.51,,8564.79,12796.16,,,187507.53,,2195.06,,316.88,31668.62,40.66,2579.27,849.53,,366181.00,11392.12,60.43,39312.72,-2190.64,,23636.47,4074.62,,,,,76285.72,28462.44,104748.16,1333.32,31706.47,11725.34,895.62,1766.03,,,,,518355.94,,,,,,97.31,11.26,79667.47,1,6,888,19977,UA,United Air Lines Inc.,UA,United Air Lines Inc.,0A875,D,3,3,2025,4
119863.02,,7590.53,13037.25,,,173060.80,,3480.26,,263.07,29909.30,-1708.34,3358.30,5996.99,,354851.16,9952.50,42.14,53776.20,20707.53,,8384.42,4625.06,,,,,97487.85,25880.24,123368.09,1825.05,23882.22,16394.81,157.68,1508.76,,,1004.94,,522992.71,,,,,,94.68,10.76,73391.81,1,6,614,19977,UA,United Air Lines Inc.,UA,United Air Lines Inc.,0A875,D,3,3,2025,3
120293.00,0.00,2309.00,10021.00,0.00,0.00,145274.00,0.00,12583.00,9.00,1761.00,38798.00,0.00,5784.00,0.00,298.00,337130.00,8312.00,3489.00,2452.00,28980.00,0.00,14987.00,2409.00,0.00,0.00,0.00,0.00,60629.00,30100.00,90729.00,1129.00,22720.00,13401.00,163.00,1350.00,0.00,,1538.00,0.00,468160.00,,,,,,71.54,6.96,64304.40,1,6,721,19790,DL,Delta Air Lines Inc.,DL,Delta Air Lines Inc.,01260,D,3,3,2025,4
120312.68,0.00,8274.96,8528.38,0.00,0.00,156021.60,387.37,37332.07,0.00,131.81,36858.55,0.00,6471.87,3797.76,0.00,378117.03,20857.90,5283.79,26640.26,32971.84,0.00,12027.01,13434.92,0.00,0.00,0.00,0.00,111215.71,49987.81,161203.51,2582.72,21104.67,5199.94,4133.62,0.00,1587.08,,2125.12,,576053.69,,,,,,74.85,7.07,70549.24,1,6,721,19805,AA,American Airlines Inc.,AA,American Airlines Inc.,0A050,D,3,3,2025,2
120989.12,,8551.85,12865.57,,,157446.35,,12503.43,,316.40,32021.63,-3630.43,2608.02,7562.87,,351234.82,11511.44,61.10,4230.52,6308.69,,13252.10,3072.75,,,,,38436.59,26743.11,65179.71,129.02,24024.83,6937.29,66.70,156.67,,,,,447729.02,,,,,,98.40,8.56,65725.47,1,6,838,19977,UA,United Air Lines Inc.,UA,United Air Lines Inc.,0A875,D,3,3,2025,4
121102.49,,9617.89,12994.32,,,185359.79,,1303.54,,317.11,31923.47,-224.07,10631.17,543.99,,373569.69,10018.11,30.05,23882.77,4802.36,,17399.53,1514.54,,,,,57647.35,30754.53,88401.88,1186.50,28404.92,10864.69,736.80,1848.15,,,,,505012.63,,,,,,93.96,10.33,76473.48,1,6,888,19977,UA,United Air Lines Inc.,UA,United Air Lines Inc.,0A875,D,3,3,2025,1
122904.98,0.00,8958.50,8320.51,0.00,0.00,154954.57,260.24,35833.56,0.00,129.72,39362.46,0.00,4613.07,3493.83,0.00,378831.44,21564.35,5343.92,27010.86,32225.99,0.00,14416.60,12860.62,0.00,0.00,0.00,0.00,113422.33,51711.30,165133.63,2386.97,20844.69,5509.64,3059.55,0.00,1345.51,,2238.38,,579349.80,,,,,,70.31,7.20,66165.79,1,6,721,19805,AA,American Airlines Inc.,AA,American Airlines Inc.,0A050,D,3,3,2025,4
123666.63,0.00,8590.20,7840.78,0.00,0.00,163078.29,358.32,36939.70,0.00,132.12,39630.79,0.00,3684.70,3196.13,0.00,387117.65,21654.65,5467.40,26256.90,37346.67,0.00,14218.83,16372.38,0.00,0.00,0.00,0.00,121316.82,51743.24,173060.06,2371.25,20954.10,5318.48,3977.35,0.00,1550.64,,2148.59,,596498.11,,,,,,74.34,7.16,71092.67,1,6,721,19805,AA,American Airlines Inc.,AA,American Airlines Inc.,0A050,D,3,3,2025,3
123775.20,,8737.77,14081.93,,,165102.93,,11625.91,,302.83,30872.93,54.00,3466.50,4863.83,,362883.83,10283.19,43.50,5416.87,5353.50,,6513.90,3391.18,,,,,31002.15,25647.96,56650.11,163.47,24673.58,6835.20,50.80,347.29,,,,,451604.27,,,,,,103.19,7.71,70154.92,1,6,838,19977,UA,United Air Lines Inc.,UA,United Air Lines Inc.,0A875,D,3,3,2025,3
124956.84,,8719.60,14147.04,,,200601.28,,1329.43,,302.20,31169.08,62.19,3499.75,554.03,,385341.43,10382.92,43.92,39853.26,6803.92,,15824.94,3943.24,,,,,76852.20,27516.01,104368.22,1375.61,30064.91,11439.88,819.97,1886.62,,,,,535296.63,,,,,,104.18,10.81,86094.72,1,6,888,19977,UA,United Air Lines Inc.,UA,United Air Lines Inc.,0A875,D,3,3,2025,3
127257.71,,9396.43,15190.29,,,190680.63,,1752.42,,352.10,33753.54,-6.50,6460.05,695.27,,385531.95,10987.11,36.69,28784.60,12528.56,,18403.81,2176.11,,,,,72916.88,28222.24,101139.13,1396.66,29101.72,11172.24,794.19,1879.65,,,,,531015.53,,,,,,105.32,10.59,85799.25,1,6,888,19977,UA,United Air Lines Inc.,UA,United Air Lines Inc.,0A875,D,3,3,2025,2
150275.00,0.00,5073.00,12554.00,2.00,0.00,240359.00,1.00,17340.00,117.00,2368.00,44211.00,0.00,7611.00,0.00,524.00,480435.00,9995.00,4103.00,22425.00,31338.00,0.00,17889.00,9083.00,0.00,0.00,0.00,0.00,94833.00,38959.00,133792.00,2039.00,30835.00,16397.00,415.00,1680.00,0.00,,2318.00,0.00,667911.00,,,,,,90.62,10.37,97839.79,1,6,699,19790,DL,Delta Air Lines Inc.,DL,Delta Air Lines Inc.,01260,D,3,3,2025,1
152502.00,0.00,5022.00,12427.00,2.00,0.00,220942.00,1.00,17164.00,115.00,2344.00,43764.00,0.00,7534.00,0.00,519.00,462336.00,9894.00,4061.00,22198.00,31021.00,0.00,17708.00,8991.00,0.00,0.00,0.00,0.00,93873.00,38565.00,132438.00,2019.00,30523.00,16232.00,411.00,1663.00,0.00,,2294.00,0.00,647916.00,,,,,,89.70,11.46,89935.89,1,6,888,19790,DL,Delta Air Lines Inc.,DL,Delta Air Lines Inc.,01260,D,3,3,2025,1
158471.00,0.00,3151.00,13873.00,1.00,0.00,247873.00,1.00,16642.00,7.00,2313.00,46615.00,0.00,7307.00,0.00,352.00,496606.00,11304.00,5083.00,12896.00,40289.00,0.00,20935.00,7179.00,0.00,0.00,0.00,0.00,97686.00,38895.00,136581.00,1481.00,29863.00,17304.00,206.00,1740.00,0.00,,2019.00,0.00,685800.00,,,,,,99.74,10.92,110773.05,1,6,699,19790,DL,Delta Air Lines Inc.,DL,Delta Air Lines Inc.,01260,D,3,3,2025,3
160939.00,0.00,5284.00,13920.00,0.00,0.00,246930.00,2.00,17484.00,52.00,2394.00,48420.00,0.00,8546.00,0.00,555.00,504526.00,11139.00,5337.00,20128.00,34390.00,0.00,18946.00,979.00,0.00,0.00,0.00,0.00,90919.00,40078.00,130997.00,1000.00,31208.00,17482.00,89.00,1756.00,0.00,,1974.00,0.00,689032.00,,,,,,102.69,10.91,111988.62,1,6,699,19790,DL,Delta Air Lines Inc.,DL,Delta Air Lines Inc.,01260,D,3,3,2025,2
169017.00,0.00,3051.00,13239.00,0.00,0.00,233991.00,1.00,16623.00,12.00,2326.00,51255.00,0.00,7641.00,0.00,394.00,497550.00,10981.00,4609.00,3239.00,38284.00,0.00,19799.00,3183.00,0.00,0.00,0.00,0.00,80095.00,39763.00,119858.00,1492.00,30014.00,17704.00,216.00,1784.00,0.00,,2032.00,0.00,670650.00,,,,,,94.51,11.04,103574.42,1,6,699,19790,DL,Delta Air Lines Inc.,DL,Delta Air Lines Inc.,01260,D,3,3,2025,4
180665.00,0.00,5870.00,15462.00,1.00,0.00,254275.00,2.00,19421.00,58.00,2659.00,53783.00,0.00,9493.00,0.00,616.00,542305.00,12373.00,5928.00,22358.00,38199.00,0.00,21044.00,1087.00,0.00,0.00,0.00,0.00,100989.00,44518.00,145507.00,1110.00,34665.00,19418.00,99.00,1950.00,0.00,,2192.00,0.00,747246.00,,,,,,114.06,13.09,115319.48,1,6,888,19790,DL,Delta Air Lines Inc.,DL,Delta Air Lines Inc.,01260,D,3,3,2025,2
180760.00,0.00,3562.00,15683.00,1.00,0.00,259027.00,1.00,18814.00,8.00,2614.00,52698.00,0.00,8261.00,0.00,398.00,541827.00,12779.00,5747.00,14579.00,45547.00,0.00,23667.00,8116.00,0.00,0.00,0.00,0.00,110435.00,43970.00,154405.00,1675.00,33759.00,19562.00,232.00,1967.00,0.00,,2282.00,0.00,755709.00,,,,,,112.75,13.58,115757.76,1,6,888,19790,DL,Delta Air Lines Inc.,DL,Delta Air Lines Inc.,01260,D,3,3,2025,3
183534.00,0.00,3316.00,14390.00,0.00,0.00,234432.00,1.00,18068.00,13.00,2528.00,55711.00,0.00,8306.00,0.00,428.00,520727.00,11936.00,5010.00,3521.00,41613.00,0.00,21520.00,3459.00,0.00,0.00,0.00,0.00,87059.00,43221.00,130280.00,1621.00,32624.00,19243.00,234.00,1939.00,0.00,,2209.00,0.00,708877.00,,,,,,102.72,13.11,103769.58,1,6,888,19790,DL,Delta Air Lines Inc.,DL,Delta Air Lines Inc.,01260,D,3,3,2025,4
218344.08,0.00,15233.97,15162.50,0.00,0.00,380419.78,588.49,67466.25,0.00,250.85,66628.33,0.00,18660.00,7902.58,0.00,790656.84,38798.48,9887.92,50419.70,53699.28,0.00,26953.63,30252.80,0.00,0.00,0.00,0.00,210011.81,95674.35,305686.16,4281.53,39163.73,9628.49,7779.81,0.00,2937.07,,4838.87,,1164972.52,,,,,,159.09,20.88,158103.91,1,6,614,19805,AA,American Airlines Inc.,AA,American Airlines Inc.,0A050,D,3,3,2025,1
218904.31,0.00,15278.05,15192.14,0.00,0.00,390242.04,591.66,67640.46,0.00,251.54,66766.97,0.00,18695.22,8111.44,0.00,801673.82,38889.58,9915.52,50516.32,53785.03,0.00,26988.28,30560.54,0.00,0.00,0.00,0.00,210655.27,95926.04,306581.30,4290.99,39268.12,9653.69,7803.35,0.00,2944.83,,4864.61,,1177080.70,,,,,,147.51,17.82,162167.12,1,6,699,19805,AA,American Airlines Inc.,AA,American Airlines Inc.,0A050,D,3,3,2025,1
224382.48,0.00,15583.51,14220.41,0.00,0.00,396686.82,649.62,66974.64,0.00,239.57,71906.35,0.00,6687.02,7791.28,0.00,805121.68,39285.08,9915.30,47575.37,67760.69,0.00,25771.91,29746.00,0.00,0.00,0.00,0.00,220054.35,93840.28,313894.63,4297.94,37991.86,9643.00,7213.60,0.00,2810.37,,3896.92,,1184870.01,,,,,,152.23,18.26,172913.94,1,6,699,19805,AA,American Airlines Inc.,AA,American Airlines Inc.,0A050,D,3,3,2025,3
227628.16,0.00,15663.83,16138.91,0.00,0.00,398605.88,731.29,70623.77,0.00,249.42,69712.48,0.00,12236.54,9735.65,0.00,821325.94,39447.79,9995.79,50446.07,62248.94,0.00,22752.96,25339.70,0.00,0.00,0.00,0.00,210231.25,94563.31,304794.56,4876.95,39941.91,9837.89,7814.49,0.00,3001.20,,4015.58,,1195608.51,,,,,,161.22,18.08,180133.30,1,6,699,19805,AA,American Airlines Inc.,AA,American Airlines Inc.,0A050,D,3,3,2025,2
229295.96,0.00,16711.85,15525.41,0.00,0.00,388134.58,485.43,66852.86,0.00,242.02,73466.29,0.00,8605.52,8751.43,0.00,808071.35,40225.41,9967.83,50423.70,60118.41,0.00,26902.65,23972.69,0.00,0.00,0.00,0.00,211610.70,96452.60,308063.29,4453.39,38887.47,10277.64,5707.79,0.00,2511.64,,4175.37,,1182147.94,,,,,,148.64,18.26,165686.96,1,6,699,19805,AA,American Airlines Inc.,AA,American Airlines Inc.,0A050,D,3,3,2025,4
234934.00,0.00,3341.00,15303.00,0.00,0.00,318110.00,646.00,63052.00,0.00,2197.00,53135.00,0.00,19656.00,13946.00,0.00,724320.00,37021.00,1352.00,39482.00,52132.00,0.00,20892.00,1280.00,0.00,0.00,0.00,0.00,152159.00,37025.00,189184.00,1135.00,12864.00,26715.00,5355.00,0.00,1123.00,,0.00,0.00,960696.00,,,,,,150.86,17.98,133244.97,1,6,614,19393,WN,Southwest Airlines Co.,WN,Southwest Airlines Co.,06725,D,3,3,2025,1
237425.65,0.00,16341.10,16833.76,0.00,0.00,403927.66,762.40,73674.38,0.00,260.13,72703.86,0.00,12761.45,9857.67,0.00,844548.05,41144.35,10426.76,52623.84,64893.08,0.00,23731.03,26426.34,0.00,0.00,0.00,0.00,219245.40,98628.23,317873.62,5083.05,41658.47,10260.14,8147.35,0.00,3129.94,,4188.40,,1234889.04,,,,,,182.73,22.73,182571.53,1,6,614,19805,AA,American Airlines Inc.,AA,American Airlines Inc.,0A050,D,3,3,2025,2
239848.61,0.00,16664.02,15198.16,0.00,0.00,413678.71,693.23,71678.92,0.00,256.41,76798.51,0.00,7136.64,8065.64,0.00,850018.86,41982.32,10609.88,50992.48,72430.92,0.00,27581.55,31652.16,0.00,0.00,0.00,0.00,235249.31,100391.89,335641.20,4607.97,40678.73,10324.36,7713.21,0.00,3016.86,,4169.24,,1256170.43,,,,,,177.42,23.63,180381.56,1,6,614,19805,AA,American Airlines Inc.,AA,American Airlines Inc.,0A050,D,3,3,2025,3
244098.73,0.00,17777.72,16552.48,0.00,0.00,404554.71,516.24,71198.99,0.00,257.78,78430.16,0.00,9164.55,9170.38,0.00,851721.73,42812.20,10602.20,53914.74,64063.57,0.00,28689.84,25441.02,0.00,0.00,0.00,0.00,225523.56,102608.96,328132.52,4742.70,41401.15,10934.64,6075.40,0.00,2680.76,,4441.11,,1250130.03,,,,,,172.84,22.65,172631.11,1,6,614,19805,AA,American Airlines Inc.,AA,American Airlines Inc.,0A050,D,3,3,2025,4
256405.00,0.00,3065.00,17277.00,0.00,0.00,340781.00,718.00,63846.00,0.00,2047.00,58112.00,0.00,12867.00,15218.00,0.00,770336.00,36707.00,1274.00,35194.00,69108.00,0.00,20648.00,2432.00,0.00,0.00,0.00,0.00,165363.00,38924.00,204287.00,619.00,11393.00,24431.00,4712.00,0.00,1162.00,,0.00,0.00,1016940.00,,,,,,171.10,17.95,153943.79,1,6,614,19393,WN,Southwest Airlines Co.,WN,Southwest Airlines Co.,06725,D,3,3,2025,2
274330.00,0.00,2907.00,17974.00,0.00,0.00,339771.00,727.00,59825.00,0.00,2194.00,39898.00,0.00,6893.00,15834.00,0.00,760353.00,38019.00,1674.00,37048.00,62925.00,0.00,23517.00,2863.00,0.00,0.00,0.00,0.00,166046.00,39401.00,205447.00,1163.00,11225.00,23073.00,3905.00,0.00,1212.00,,0.00,0.00,1006378.00,,,,,,161.79,18.35,148244.75,1,6,614,19393,WN,Southwest Airlines Co.,WN,Southwest Airlines Co.,06725,D,3,3,2025,3
286359.00,0.00,3010.00,17940.00,0.00,0.00,350225.00,519.00,61786.00,0.00,2375.00,42950.00,0.00,8537.00,13755.00,0.00,787456.00,41951.00,1880.00,43169.00,66519.00,0.00,25852.00,3033.00,0.00,0.00,0.00,0.00,182404.00,41753.00,224157.00,920.00,12570.00,21397.00,3182.00,0.00,1202.00,,0.00,0.00,1050884.00,,,,,,167.57,18.26,148859.73,1,6,614,19393,WN,Southwest Airlines Co.,WN,Southwest Airlines Co.,06725,D,3,3,2025,4
287834.00,0.00,4094.00,18748.00,0.00,0.00,346179.00,704.00,36259.00,0.00,2691.00,65098.00,0.00,24082.00,15177.00,0.00,800866.00,7524.00,141.00,8024.00,5438.00,0.00,4245.00,1569.00,0.00,0.00,0.00,0.00,26941.00,45362.00,72303.00,1391.00,19505.00,41477.00,6578.00,2441.00,1390.00,,-92.00,0.00,945859.00,,,,,,184.83,21.59,145002.37,1,6,838,19393,WN,Southwest Airlines Co.,WN,Southwest Airlines Co.,06725,D,3,3,2025,1
325878.00,0.00,3896.00,21959.00,0.00,0.00,340429.00,717.00,36954.00,0.00,2603.00,73858.00,0.00,16353.00,15202.00,0.00,837849.00,10793.00,205.00,10350.00,11131.00,0.00,6071.00,3090.00,0.00,0.00,0.00,0.00,41640.00,49470.00,91110.00,786.00,22322.00,44256.00,6293.00,2684.00,1552.00,,-81.00,0.00,1006771.00,,,,,,217.46,23.02,173545.51,1,6,838,19393,WN,Southwest Airlines Co.,WN,Southwest Airlines Co.,06725,D,3,3,2025,2
361828.00,0.00,3803.00,22669.00,0.00,0.00,438074.00,650.00,3708.00,0.00,3000.00,54269.00,0.00,10786.00,17206.00,0.00,915993.00,53572.00,459.00,55127.00,16228.00,0.00,33014.00,3833.00,0.00,0.00,0.00,0.00,162233.00,52757.00,214990.00,1164.00,16701.00,58309.00,5721.00,7885.00,1805.00,,7135.00,0.00,1229703.00,,,,,,211.73,27.97,186198.53,1,6,612,19393,WN,Southwest Airlines Co.,WN,Southwest Airlines Co.,06725,D,3,3,2025,4
376194.00,0.00,3986.00,24648.00,0.00,0.00,411944.00,881.00,34774.00,0.00,3009.00,54713.00,0.00,9452.00,19197.00,0.00,938798.00,11765.00,333.00,11465.00,12499.00,0.00,7278.00,3925.00,0.00,0.00,0.00,0.00,47265.00,54031.00,101296.00,1594.00,23935.00,47393.00,5477.00,2924.00,1673.00,,-63.00,0.00,1123027.00,,,,,,221.86,24.74,179733.85,1,6,838,19393,WN,Southwest Airlines Co.,WN,Southwest Airlines Co.,06725,D,3,3,2025,3
377077.00,0.00,5362.00,24562.00,0.00,0.00,493080.00,1002.00,8915.00,0.00,3526.00,85283.00,0.00,31549.00,21617.00,0.00,1051973.00,59679.00,1198.00,63646.00,46203.00,0.00,33678.00,2055.00,0.00,0.00,0.00,0.00,206459.00,59428.00,265887.00,1822.00,33930.00,79947.00,9764.00,12474.00,1867.00,,7169.00,0.00,1464833.00,,,,,,242.14,30.25,206533.61,1,6,612,19393,WN,Southwest Airlines Co.,WN,Southwest Airlines Co.,06725,D,3,3,2025,1
390386.00,0.00,4667.00,26306.00,0.00,0.00,545532.00,1149.00,6520.00,0.00,3118.00,88478.00,0.00,19592.00,24362.00,0.00,1110110.00,56027.00,1307.00,53719.00,70876.00,0.00,31516.00,3702.00,0.00,0.00,0.00,0.00,217147.00,59262.00,276409.00,943.00,31694.00,78969.00,8631.00,13958.00,1908.00,,6770.00,0.00,1529392.00,,,,,,260.50,29.98,224724.48,1,6,612,19393,WN,Southwest Airlines Co.,WN,Southwest Airlines Co.,06725,D,3,3,2025,2
409287.00,0.00,4336.00,26817.00,0.00,0.00,487339.00,1042.00,3853.00,0.00,3274.00,59527.00,0.00,10283.00,22711.00,0.00,1028469.00,55632.00,871.00,54212.00,32727.00,0.00,34412.00,4270.00,0.00,0.00,0.00,0.00,182124.00,58784.00,240908.00,1735.00,24773.00,71859.00,7054.00,13061.00,1898.00,,6974.00,0.00,1396731.00,,,,,,241.38,29.26,212629.03,1,6,612,19393,WN,Southwest Airlines Co.,WN,Southwest Airlines Co.,06725,D,3,3,2025,3
431594.00,0.00,4536.00,27039.00,0.00,0.00,465053.00,690.00,36078.00,0.00,3577.00,64734.00,0.00,12866.00,18265.00,0.00,1064432.00,14272.00,586.00,14686.00,20691.00,0.00,8795.00,4571.00,0.00,0.00,0.00,0.00,63601.00,62929.00,126530.00,1387.00,23332.00,49799.00,4824.00,2929.00,1810.00,,-45.00,0.00,1274998.00,,,,,,252.56,26.37,197665.63,1,6,838,19393,WN,Southwest Airlines Co.,WN,Southwest Airlines Co.,06725,D,3,3,2025,4
