PILOT_FLY_OPS,OTH_FLT_FLY_OPS,TRAIN_FLY_OPS,PERS_EXP_FLY_OPS,PRO_FLY_OPS,INTERCHG_FLY_OPS,FUEL_FLY_OPS,OIL_FLY_OPS,RENTAL_FLY_OPS,OTHER_FLY_OPS,INS_FLY_OPS,BENEFITS_FLY_OPS,INCIDENT_FLY_OPS,PAY_TAX_FLY_OPS,OTH_TAX_FLY_OPS,OTHER_EXP_FLY_OPS,TOT_FLY_OPS,AIRFRAME_LABOR,ENGINE_LABOR,AIRFRAME_REPAIR,ENGINE_REPAIRS,INTERCHG_CHARG,AIRFRAME_MATERIALS,ENGINE_MATERIALS,AIRFRAME_ALLOW,AIRFRAME_OVERHAULS,ENGINE_ALLOW,ENGINE_OVERHAULS,TOT_DIR_MAINT,AP_MT_BURDEN,TOT_FLT_MAINT_MEMO,NET_OBSOL_PARTS,AIRFRAME_DEP,ENGINE_DEP,PARTS_DEP,ENG_PARTS_DEP,OTH_FLT_EQUIP_DEP,OTH_FLT_EQUIP_DEP_GRP_I,FLT_EQUIP_A_EXP,FLY_OPS_EXP_I_A,TOT_AIR_OP_EXPENSES,DEV_N_PREOP_EXP,OTH_INTANGIBLES,EQUIP_N_HANGAR_DEP,G_PROP_DEP,CAP_LEASES_DEP,TOTAL_AIR_HOURS,AIR_DAYS_ASSIGN,AIR_FUELS_ISSUED,AIRCRAFT_CONFIG,AIRCRAFT_GROUP,AIRCRAFT_TYPE,AIRLINE_ID,UNIQUE_CARRIER,UNIQUE_CARRIER_NAME,CARRIER,CARRIER_NAME,UNIQUE_CARRIER_ENTITY,REGION,CARRIER_GROUP_NEW,CARRIER_GROUP,YEAR,QUARTER
,,,,,,,,,,,,,,,,,,,,,,,,,,,,,,,,,,,,,,,,,,,,,,0.00,0.00,0.00,1,3,390,21652,27Q,"Jet Aviation Flight Services, Inc.",27Q,"Jet Aviation Flight Services, Inc.",11046,I,2,2,2024,1
,,,,,,,,,,,,,,,,,,,,,,,,,,,,,,,,,,,,,,,,,,,,,,0.00,0.00,0.00,1,3,390,21652,27Q,"Jet Aviation Flight Services, Inc.",27Q,"Jet Aviation Flight Services, Inc.",11046,I,2,2,2024,2
,,,,,,,,,,,,,,,,,,,,,,,,,,,,,,,,,,,,,,,,,,,,,,0.00,0.00,0.00,1,3,390,21652,27Q,"Jet Aviation Flight Services, Inc.",27Q,"Jet Aviation Flight Services, Inc.",11046,I,2,2,2024,3
,,,,,,,,,,,,,,,,,,,,,,,,,,,,,,,,,,,,,,,,,,,,,,0.00,0.00,0.00,1,3,390,21652,27Q,"Jet Aviation Flight Services, Inc.",27Q,"Jet Aviation Flight Services, Inc.",11046,I,2,2,2024,4
,,,,,,,,,,,,,,,,,,,,,,,,,,,,,,,,,,,,,,,,,,,,,,0.00,0.00,0.00,1,3,393,21652,27Q,"Jet Aviation Flight Services, Inc.",27Q,"Jet Aviation Flight Services, Inc.",01194,D,2,2,2024,1
,,,,,,,,,,,,,,,,,,,,,,,,,,,,,,,,,,,,,,,,,,,,,,0.00,0.00,0.00,1,3,393,21652,27Q,"Jet Aviation Flight Services, Inc.",27Q,"Jet Aviation Flight Services, Inc.",11046,I,2,2,2024,1
,,,,,,,,,,,,,,,,,,,,,,,,,,,,,,,,,,,,,,,,,,,,,,0.00,0.00,0.00,1,3,393,21652,27Q,"Jet Aviation Flight Services, Inc.",27Q,"Jet Aviation Flight Services, Inc.",11046,I,2,2,2024,2
,,,,,,,,,,,,,,,,,,,,,,,,,,,,,,,,,,,,,,,,,,,,,,0.00,0.00,0.00,1,3,393,21652,27Q,"Jet Aviation Flight Services, Inc.",27Q,"Jet Aviation Flight Services, Inc.",11046,I,2,2,2024,3
,,,,,,,,,,,,,,,,,,,,,,,,,,,,,,,,,,,,,,,,,,,,,,0.00,0.00,0.00,1,6,515,21652,27Q,"Jet Aviation Flight Services, Inc.",27Q,"Jet Aviation Flight Services, Inc.",11046,I,2,2,2024,4
,,,,,,,,,,,,,,,,,,,,,,,,,,,,,,,,,,,,,,,,,,,,,,0.00,0.00,0.00,1,6,609,21652,27Q,"Jet Aviation Flight Services, Inc.",27Q,"Jet Aviation Flight Services, Inc.",11046,I,2,2,2024,1
,,,,,,,,,,,,,,,,,,,,,,,,,,,,,,,,,,,,,,,,,,,,,,0.00,0.00,0.00,1,6,609,21652,27Q,"Jet Aviation Flight Services, Inc.",27Q,"Jet Aviation Flight Services, Inc.",11046,I,2,2,2024,3
,,,,,,,,,,,,,,,,,,,,,,,,,,,,,,,,,,,,,,,,,,,,,,0.00,0.00,0.00,1,6,609,21652,27Q,"Jet Aviation Flight Services, Inc.",27Q,"Jet Aviation Flight Services, Inc.",11046,I,2,2,2024,4
,,,,,,,,,,,,,,,,,,,,,,,,,,,,,,,,,,,,,,,,,,,,,,0.00,0.00,0.00,1,6,641,21652,27Q,"Jet Aviation Flight Services, Inc.",27Q,"Jet Aviation Flight Services, Inc.",01194,D,2,2,2024,1
,,,,,,,,,,,,,,,,,,,,,,,,,,,,,,,,,,,,,,,,,,,,,,0.00,0.00,0.00,1,6,641,21652,27Q,"Jet Aviation Flight Services, Inc.",27Q,"Jet Aviation Flight Services, Inc.",01194,D,2,2,2024,2
,,,,,,,,,,,,,,,,,,,,,,,,,,,,,,,,,,,,,,,,,,,,,,0.00,0.00,0.00,1,6,641,21652,27Q,"Jet Aviation Flight Services, Inc.",27Q,"Jet Aviation Flight Services, Inc.",01194,D,2,2,2024,3
,,,,,,,,,,,,,,,,,,,,,,,,,,,,,,,,,,,,,,,,,,,,,,0.00,0.00,0.00,1,6,641,21652,27Q,"Jet Aviation Flight Services, Inc.",27Q,"Jet Aviation Flight Services, Inc.",11046,I,2,2,2024,1
,,,,,,,,,,,,,,,,,,,,,,,,,,,,,,,,,,,,,,,,,,,,,,0.00,0.00,0.00,1,6,641,21652,27Q,"Jet Aviation Flight Services, Inc.",27Q,"Jet Aviation Flight Services, Inc.",11046,I,2,2,2024,2
,,,,,,,,,,,,,,,,,,,,,,,,,,,,,,,,,,,,,,,,,,,,,,0.00,0.00,0.00,1,6,641,21652,27Q,"Jet Aviation Flight Services, Inc.",27Q,"Jet Aviation Flight Services, Inc.",11046,I,2,2,2024,3
,,,,,,,,,,,,,,,,,,,,,,,,,,,,,,,,,,,,,,,,,,,,,,0.00,0.00,0.00,1,6,648,21652,27Q,"Jet Aviation Flight Services, Inc.",27Q,"Jet Aviation Flight Services, Inc.",01194,D,2,2,2024,1
,,,,,,,,,,,,,,,,,,,,,,,,,,,,,,,,,,,,,,,,,,,,,,0.00,0.00,0.00,1,6,648,21652,27Q,"Jet Aviation Flight Services, Inc.",27Q,"Jet Aviation Flight Services, Inc.",11046,I,2,2,2024,1
,,,,,,,,,,,,,,,,,,,,,,,,,,,,,,,,,,,,,,,,,,,,,,0.00,0.00,0.00,1,6,669,21652,27Q,"Jet Aviation Flight Services, Inc.",27Q,"Jet Aviation Flight Services, Inc.",01194,D,2,2,2024,1
,,,,,,,,,,,,,,,,,,,,,,,,,,,,,,,,,,,,,,,,,,,,,,0.00,0.00,0.00,1,6,669,21652,27Q,"Jet Aviation Flight Services, Inc.",27Q,"Jet Aviation Flight Services, Inc.",01194,D,2,2,2024,2
,,,,,,,,,,,,,,,,,,,,,,,,,,,,,,,,,,,,,,,,,,,,,,0.00,0.00,0.00,1,6,669,21652,27Q,"Jet Aviation Flight Services, Inc.",27Q,"Jet Aviation Flight Services, Inc.",01194,D,2,2,2024,3
,,,,,,,,,,,,,,,,,,,,,,,,,,,,,,,,,,,,,,,,,,,,,,0.00,0.00,0.00,1,6,669,21652,27Q,"Jet Aviation Flight Services, Inc.",27Q,"Jet Aviation Flight Services, Inc.",01194,D,2,2,2024,4
,,,,,,,,,,,,,,,,,,,,,,,,,,,,,,,,,,,,,,,,,,,,,,0.00,0.00,0.00,1,6,669,21652,27Q,"Jet Aviation Flight Services, Inc.",27Q,"Jet Aviation Flight Services, Inc.",11046,I,2,2,2024,1
,,,,,,,,,,,,,,,,,,,,,,,,,,,,,,,,,,,,,,,,,,,,,,0.00,0.00,0.00,1,6,669,21652,27Q,"Jet Aviation Flight Services, Inc.",27Q,"Jet Aviation Flight Services, Inc.",11046,I,2,2,2024,2
,,,,,,,,,,,,,,,,,,,,,,,,,,,,,,,,,,,,,,,,,,,,,,0.00,0.00,0.00,1,6,669,21652,27Q,"Jet Aviation Flight Services, Inc.",27Q,"Jet Aviation Flight Services, Inc.",11046,I,2,2,2024,3
,,,,,,,,,,,,,,,,,,,,,,,,,,,,,,,,,,,,,,,,,,,,,,0.00,0.00,0.00,1,6,669,21652,27Q,"Jet Aviation Flight Services, Inc.",27Q,"Jet Aviation Flight Services, Inc.",11046,I,2,2,2024,4
,,,,,,,,,,,,,,,,,,,,,,,,,,,,,,,,,,,,,,,,,,,,,,0.00,0.00,0.00,1,6,671,21652,27Q,"Jet Aviation Flight Services, Inc.",27Q,"Jet Aviation Flight Services, Inc.",11046,I,2,2,2024,2
,,,,,,,,,,,,,,,,,,,,,,,,,,,,,,,,,,,,,,,,,,,,,,0.00,0.00,0.00,1,6,682,21652,27Q,"Jet Aviation Flight Services, Inc.",27Q,"Jet Aviation Flight Services, Inc.",11046,I,2,2,2024,4
,,,,,,,,,,,,,,,,,,,,,,,,,,,,,,,,,,,,,,,,,,,,,,0.00,0.00,0.00,1,6,684,21652,27Q,"Jet Aviation Flight Services, Inc.",27Q,"Jet Aviation Flight Services, Inc.",01194,D,2,2,2024,2
,,,,,,,,,,,,,,,,,,,,,,,,,,,,,,,,,,,,,,,,,,,,,,0.00,0.00,0.00,1,6,684,21652,27Q,"Jet Aviation Flight Services, Inc.",27Q,"Jet Aviation Flight Services, Inc.",01194,D,2,2,2024,3
,,,,,,,,,,,,,,,,,,,,,,,,,,,,,,,,,,,,,,,,,,,,,,0.00,0.00,0.00,1,6,684,21652,27Q,"Jet Aviation Flight Services, Inc.",27Q,"Jet Aviation Flight Services, Inc.",01194,D,2,2,2024,4
,,,,,,,,,,,,,,,,,,,,,,,,,,,,,,,,,,,,,,,,,,,,,,0.00,0.00,0.00,1,6,684,21652,27Q,"Jet Aviation Flight Services, Inc.",27Q,"Jet Aviation Flight Services, Inc.",11046,I,2,2,2024,2
,,,,,,,,,,,,,,,,,,,,,,,,,,,,,,,,,,,,,,,,,,,,,,0.00,0.00,0.00,1,6,684,21652,27Q,"Jet Aviation Flight Services, Inc.",27Q,"Jet Aviation Flight Services, Inc.",11046,I,2,2,2024,3
,,,,,,,,,,,,,,,,,,,,,,,,,,,,,,,,,,,,,,,,,,,,,,0.00,0.00,0.00,1,6,684,21652,27Q,"Jet Aviation Flight Services, Inc.",27Q,"Jet Aviation Flight Services, Inc.",11046,I,2,2,2024,4
,,,,,,,,,,,,,,,,,,,,,,,,,,,,,,,,,,,,,,,,,,,,,,0.00,0.00,0.00,1,6,745,21652,27Q,"Jet Aviation Flight Services, Inc.",27Q,"Jet Aviation Flight Services, Inc.",11046,I,2,2,2024,2
,,,,,,,,,,,,,,,,,,,,,,,,,,,,,,,,,,,,,,,,,,,,,,0.00,0.00,0.00,1,6,745,21652,27Q,"Jet Aviation Flight Services, Inc.",27Q,"Jet Aviation Flight Services, Inc.",11046,I,2,2,2024,3
,,,,,,,,,,,,,,,,,,,,,,,,,,,,,,,,,,,,,,,,,,,,,,0.00,0.00,0.00,1,6,745,21652,27Q,"Jet Aviation Flight Services, Inc.",27Q,"Jet Aviation Flight Services, Inc.",11046,I,2,2,2024,4
,,,,,,,,,,,,,,,,,,,,,,,,,,,,,,,,,,,,,,,,,,,,,,0.00,0.00,0.00,1,6,751,21652,27Q,"Jet Aviation Flight Services, Inc.",27Q,"Jet Aviation Flight Services, Inc.",11046,I,2,2,2024,3
,,,,,,,,,,,,,,,,,,,,,,,,,,,,,,,,,,,,,,,,,,,,,,0.00,0.00,0.00,1,7,770,21652,27Q,"Jet Aviation Flight Services, Inc.",27Q,"Jet Aviation Flight Services, Inc.",11046,I,2,2,2024,2
,,,,,,,,,,,,,,,,,,,,,,,,,,,,,,,,,,,,,,,,,,,,,,0.00,0.00,0.00,1,7,770,21652,27Q,"Jet Aviation Flight Services, Inc.",27Q,"Jet Aviation Flight Services, Inc.",11046,I,2,2,2024,3
,,,,,,,,,,,,,,,,,,,,,,,,,,,,,,,,,,,,,,,,,,,,,,0.00,0.00,0.00,1,7,770,21652,27Q,"Jet Aviation Flight Services, Inc.",27Q,"Jet Aviation Flight Services, Inc.",11046,I,2,2,2024,4
,,,,,,,,,,,,,,,,,,,,,,,,,,,,,,,,,,,,,,,,,,,,,,0.00,0.00,0.00,3,6,665,21652,27Q,"Jet Aviation Flight Services, Inc.",27Q,"Jet Aviation Flight Services, Inc.",01194,D,2,2,2024,2
,,,,,,,,,,,,,,,,,,,,,,,,,,,,,,,,,,,,,,,,,,,,,,0.00,0.00,0.00,3,6,665,21652,27Q,"Jet Aviation Flight Services, Inc.",27Q,"Jet Aviation Flight Services, Inc.",01194,D,2,2,2024,3
,,,,,,,,,,,,,,,,,,,,,,,,,,,,,,,,,,,,,,,,,,,,,,0.00,0.00,0.00,3,6,665,21652,27Q,"Jet Aviation Flight Services, Inc.",27Q,"Jet Aviation Flight Services, Inc.",01194,D,2,2,2024,4
,,,,,,,,,,,,,,,,,,,,,,,,,,,,,,,,,,,,,,,,,,,,,,0.00,0.00,0.00,3,6,665,21652,27Q,"Jet Aviation Flight Services, Inc.",27Q,"Jet Aviation Flight Services, Inc.",11046,I,2,2,2024,2
,,,,,,,,,,,,,,,,,,,,,,,,,,,,,,,,,,,,,,,,,,,,,,0.00,0.00,0.00,3,6,665,21652,27Q,"Jet Aviation Flight Services, Inc.",27Q,"Jet Aviation Flight Services, Inc.",11046,I,2,2,2024,3
,,,,,,,,,,,,,,,,,,,,,,,,,,,,,,,,,,,,,,,,,,,,,,0.00,0.00,0.00,3,6,665,21652,27Q,"Jet Aviation Flight Services, Inc.",27Q,"Jet Aviation Flight Services, Inc.",11046,I,2,2,2024,4
,,,,,,,,,,,,,,,,,,,,,,,,,,,,,,,,,,,,,,,,,,,,,,0.00,0.00,0.44,1,6,658,21652,27Q,"Jet Aviation Flight Services, Inc.",27Q,"Jet Aviation Flight Services, Inc.",01194,D,2,2,2024,3
,,,,,,,,,,,,,,,,,,,,,,,,,,,,,,,,,,,,,,,,,,,,,,0.01,0.00,0.43,1,6,684,21652,27Q,"Jet Aviation Flight Services, Inc.",27Q,"Jet Aviation Flight Services, Inc.",01194,D,2,2,2024,1
,,,,,,,,,,,,,,,,,,,,,,,,,,,,,,,,,,,,,,,,,,,,,,0.01,0.00,0.84,1,6,667,21652,27Q,"Jet Aviation Flight Services, Inc.",27Q,"Jet Aviation Flight Services, Inc.",01194,D,2,2,2024,1
,,,,,,,,,,,,,,,,,,,,,,,,,,,,,,,,,,,,,,,,,,,,,,0.01,0.00,0.87,1,6,672,21652,27Q,"Jet Aviation Flight Services, Inc.",27Q,"Jet Aviation Flight Services, Inc.",11046,I,2,2,2024,4
,,,,,,,,,,,,,,,,,,,,,,,,,,,,,,,,,,,,,,,,,,,,,,0.01,0.00,1.38,1,6,609,21652,27Q,"Jet Aviation Flight Services, Inc.",27Q,"Jet Aviation Flight Services, Inc.",11046,I,2,2,2024,2
,,,,,,,,,,,,,,,,,,,,,,,,,,,,,,,,,,,,,,,,,,,,,,0.01,0.01,1.35,1,6,648,21652,27Q,"Jet Aviation Flight Services, Inc.",27Q,"Jet Aviation Flight Services, Inc.",11046,I,2,2,2024,3
,,,,,,,,,,,,,,,,,,,,,,,,,,,,,,,,,,,,,,,,,,,,,,0.01,0.01,2.00,1,6,648,21652,27Q,"Jet Aviation Flight Services, Inc.",27Q,"Jet Aviation Flight Services, Inc.",11046,I,2,2,2024,4
,,,,,,,,,,,,,,,,,,,,,,,,,,,,,,,,,,,,,,,,,,,,,,0.01,0.01,2.93,1,6,671,21652,27Q,"Jet Aviation Flight Services, Inc.",27Q,"Jet Aviation Flight Services, Inc.",11046,I,2,2,2024,4
,,,,,,,,,,,,,,,,,,,,,,,,,,,,,,,,,,,,,,,,,,,,,,0.01,0.01,3.96,1,6,658,21652,27Q,"Jet Aviation Flight Services, Inc.",27Q,"Jet Aviation Flight Services, Inc.",11046,I,2,2,2024,1
,,,,,,,,,,,,,,,,,,,,,,,,,,,,,,,,,,,,,,,,,,,,,,0.01,0.01,5.01,1,6,667,21652,27Q,"Jet Aviation Flight Services, Inc.",27Q,"Jet Aviation Flight Services, Inc.",11046,I,2,2,2024,4
,,,,,,,,,,,,,,,,,,,,,,,,,,,,,,,,,,,,,,,,,,,,,,0.02,0.00,1.11,1,6,682,21652,27Q,"Jet Aviation Flight Services, Inc.",27Q,"Jet Aviation Flight Services, Inc.",11046,I,2,2,2024,2
,,,,,,,,,,,,,,,,,,,,,,,,,,,,,,,,,,,,,,,,,,,,,,0.02,0.00,2.00,1,6,751,21652,27Q,"Jet Aviation Flight Services, Inc.",27Q,"Jet Aviation Flight Services, Inc.",11046,I,2,2,2024,4
,,,,,,,,,,,,,,,,,,,,,,,,,,,,,,,,,,,,,,,,,,,,,,0.02,0.01,3.14,1,6,648,21652,27Q,"Jet Aviation Flight Services, Inc.",27Q,"Jet Aviation Flight Services, Inc.",11046,I,2,2,2024,2
,,,,,,,,,,,,,,,,,,,,,,,,,,,,,,,,,,,,,,,,,,,,,,0.02,0.01,5.99,1,6,667,21652,27Q,"Jet Aviation Flight Services, Inc.",27Q,"Jet Aviation Flight Services, Inc.",11046,I,2,2,2024,2
,,,,,,,,,,,,,,,,,,,,,,,,,,,,,,,,,,,,,,,,,,,,,,0.02,0.03,14.67,1,6,667,21652,27Q,"Jet Aviation Flight Services, Inc.",27Q,"Jet Aviation Flight Services, Inc.",11046,I,2,2,2024,3
,,,,,,,,,,,,,,,,,,,,,,,,,,,,,,,,,,,,,,,,,,,,,,0.03,0.01,2.52,1,6,682,21652,27Q,"Jet Aviation Flight Services, Inc.",27Q,"Jet Aviation Flight Services, Inc.",11046,I,2,2,2024,1
,,,,,,,,,,,,,,,,,,,,,,,,,,,,,,,,,,,,,,,,,,,,,,0.03,0.01,3.23,3,6,665,21652,27Q,"Jet Aviation Flight Services, Inc.",27Q,"Jet Aviation Flight Services, Inc.",01194,D,2,2,2024,1
,,,,,,,,,,,,,,,,,,,,,,,,,,,,,,,,,,,,,,,,,,,,,,0.03,0.01,3.56,1,6,671,21652,27Q,"Jet Aviation Flight Services, Inc.",27Q,"Jet Aviation Flight Services, Inc.",11046,I,2,2,2024,1
,,,,,,,,,,,,,,,,,,,,,,,,,,,,,,,,,,,,,,,,,,,,,,0.03,0.01,5.85,1,6,641,21652,27Q,"Jet Aviation Flight Services, Inc.",27Q,"Jet Aviation Flight Services, Inc.",11046,I,2,2,2024,4
,,,,,,,,,,,,,,,,,,,,,,,,,,,,,,,,,,,,,,,,,,,,,,0.03,0.01,7.43,1,6,658,21652,27Q,"Jet Aviation Flight Services, Inc.",27Q,"Jet Aviation Flight Services, Inc.",01194,D,2,2,2024,4
,,,,,,,,,,,,,,,,,,,,,,,,,,,,,,,,,,,,,,,,,,,,,,0.03,0.02,8.24,1,6,751,21652,27Q,"Jet Aviation Flight Services, Inc.",27Q,"Jet Aviation Flight Services, Inc.",11046,I,2,2,2024,1
,,,,,,,,,,,,,,,,,,,,,,,,,,,,,,,,,,,,,,,,,,,,,,0.03,0.03,10.52,1,7,770,21652,27Q,"Jet Aviation Flight Services, Inc.",27Q,"Jet Aviation Flight Services, Inc.",11046,I,2,2,2024,1
,,,,,,,,,,,,,,,,,,,,,,,,,,,,,,,,,,,,,,,,,,,,,,0.04,0.02,13.65,1,6,751,21652,27Q,"Jet Aviation Flight Services, Inc.",27Q,"Jet Aviation Flight Services, Inc.",11046,I,2,2,2024,2
,,,,,,,,,,,,,,,,,,,,,,,,,,,,,,,,,,,,,,,,,,,,,,0.05,0.01,1.58,1,6,682,21652,27Q,"Jet Aviation Flight Services, Inc.",27Q,"Jet Aviation Flight Services, Inc.",11046,I,2,2,2024,3
,,,,,,,,,,,,,,,,,,,,,,,,,,,,,,,,,,,,,,,,,,,,,,0.05,0.03,17.09,1,6,751,21652,27Q,"Jet Aviation Flight Services, Inc.",27Q,"Jet Aviation Flight Services, Inc.",01194,D,2,2,2024,2
,,,,,,,,,,,,,,,,,,,,,,,,,,,,,,,,,,,,,,,,,,,,,,0.06,0.02,4.38,3,6,665,21652,27Q,"Jet Aviation Flight Services, Inc.",27Q,"Jet Aviation Flight Services, Inc.",11046,I,2,2,2024,1
,,,,,,,,,,,,,,,,,,,,,,,,,,,,,,,,,,,,,,,,,,,,,,0.06,0.03,13.81,1,6,641,21652,27Q,"Jet Aviation Flight Services, Inc.",27Q,"Jet Aviation Flight Services, Inc.",01194,D,2,2,2024,4
,,,,,,,,,,,,,,,,,,,,,,,,,,,,,,,,,,,,,,,,,,,,,,0.06,0.03,14.28,1,6,751,21652,27Q,"Jet Aviation Flight Services, Inc.",27Q,"Jet Aviation Flight Services, Inc.",01194,D,2,2,2024,1
,,,,,,,,,,,,,,,,,,,,,,,,,,,,,,,,,,,,,,,,,,,,,,0.06,0.03,17.28,1,6,658,21652,27Q,"Jet Aviation Flight Services, Inc.",27Q,"Jet Aviation Flight Services, Inc.",11046,I,2,2,2024,4
,,,,,,,,,,,,,,,,,,,,,,,,,,,,,,,,,,,,,,,,,,,,,,0.07,0.03,12.90,1,6,671,21652,27Q,"Jet Aviation Flight Services, Inc.",27Q,"Jet Aviation Flight Services, Inc.",11046,I,2,2,2024,3
,,,,,,,,,,,,,,,,,,,,,,,,,,,,,,,,,,,,,,,,,,,,,,0.07,0.09,48.80,1,6,667,21652,27Q,"Jet Aviation Flight Services, Inc.",27Q,"Jet Aviation Flight Services, Inc.",01194,D,2,2,2024,3
,,,,,,,,,,,,,,,,,,,,,,,,,,,,,,,,,,,,,,,,,,,,,,0.08,0.01,1.96,1,6,684,21652,27Q,"Jet Aviation Flight Services, Inc.",27Q,"Jet Aviation Flight Services, Inc.",11046,I,2,2,2024,1
,,,,,,,,,,,,,,,,,,,,,,,,,,,,,,,,,,,,,,,,,,,,,,0.08,0.02,6.30,1,6,672,21652,27Q,"Jet Aviation Flight Services, Inc.",27Q,"Jet Aviation Flight Services, Inc.",01194,D,2,2,2024,4
,,,,,,,,,,,,,,,,,,,,,,,,,,,,,,,,,,,,,,,,,,,,,,0.08,0.02,8.54,1,6,751,21652,27Q,"Jet Aviation Flight Services, Inc.",27Q,"Jet Aviation Flight Services, Inc.",01194,D,2,2,2024,4
,,,,,,,,,,,,,,,,,,,,,,,,,,,,,,,,,,,,,,,,,,,,,,0.08,0.02,9.15,1,6,609,21652,27Q,"Jet Aviation Flight Services, Inc.",27Q,"Jet Aviation Flight Services, Inc.",01194,D,2,2,2024,2
,,,,,,,,,,,,,,,,,,,,,,,,,,,,,,,,,,,,,,,,,,,,,,0.08,0.03,14.44,1,6,658,21652,27Q,"Jet Aviation Flight Services, Inc.",27Q,"Jet Aviation Flight Services, Inc.",01194,D,2,2,2024,2
,,,,,,,,,,,,,,,,,,,,,,,,,,,,,,,,,,,,,,,,,,,,,,0.08,0.03,15.08,1,6,688,21652,27Q,"Jet Aviation Flight Services, Inc.",27Q,"Jet Aviation Flight Services, Inc.",11046,I,2,2,2024,4
,,,,,,,,,,,,,,,,,,,,,,,,,,,,,,,,,,,,,,,,,,,,,,0.08,0.07,36.49,1,6,658,21652,27Q,"Jet Aviation Flight Services, Inc.",27Q,"Jet Aviation Flight Services, Inc.",01194,D,2,2,2024,1
,,,,,,,,,,,,,,,,,,,,,,,,,,,,,,,,,,,,,,,,,,,,,,0.08,0.10,56.23,1,6,667,21652,27Q,"Jet Aviation Flight Services, Inc.",27Q,"Jet Aviation Flight Services, Inc.",01194,D,2,2,2024,4
,,,,,,,,,,,,,,,,,,,,,,,,,,,,,,,,,,,,,,,,,,,,,,0.09,0.00,0.65,1,3,390,21652,27Q,"Jet Aviation Flight Services, Inc.",27Q,"Jet Aviation Flight Services, Inc.",01194,D,2,2,2024,4
,,,,,,,,,,,,,,,,,,,,,,,,,,,,,,,,,,,,,,,,,,,,,,0.09,0.01,0.94,1,3,390,21652,27Q,"Jet Aviation Flight Services, Inc.",27Q,"Jet Aviation Flight Services, Inc.",01194,D,2,2,2024,2
,,,,,,,,,,,,,,,,,,,,,,,,,,,,,,,,,,,,,,,,,,,,,,0.09,0.01,1.17,1,3,390,21652,27Q,"Jet Aviation Flight Services, Inc.",27Q,"Jet Aviation Flight Services, Inc.",01194,D,2,2,2024,3
,,,,,,,,,,,,,,,,,,,,,,,,,,,,,,,,,,,,,,,,,,,,,,0.09,0.01,1.48,1,3,393,21652,27Q,"Jet Aviation Flight Services, Inc.",27Q,"Jet Aviation Flight Services, Inc.",01194,D,2,2,2024,3
,,,,,,,,,,,,,,,,,,,,,,,,,,,,,,,,,,,,,,,,,,,,,,0.09,0.01,2.13,1,6,609,21652,27Q,"Jet Aviation Flight Services, Inc.",27Q,"Jet Aviation Flight Services, Inc.",01194,D,2,2,2024,3
,,,,,,,,,,,,,,,,,,,,,,,,,,,,,,,,,,,,,,,,,,,,,,0.09,0.01,3.81,1,6,671,21652,27Q,"Jet Aviation Flight Services, Inc.",27Q,"Jet Aviation Flight Services, Inc.",01194,D,2,2,2024,2
,,,,,,,,,,,,,,,,,,,,,,,,,,,,,,,,,,,,,,,,,,,,,,0.09,0.01,4.38,1,6,745,21652,27Q,"Jet Aviation Flight Services, Inc.",27Q,"Jet Aviation Flight Services, Inc.",01194,D,2,2,2024,2
,,,,,,,,,,,,,,,,,,,,,,,,,,,,,,,,,,,,,,,,,,,,,,0.09,0.01,5.98,1,6,751,21652,27Q,"Jet Aviation Flight Services, Inc.",27Q,"Jet Aviation Flight Services, Inc.",01194,D,2,2,2024,3
,,,,,,,,,,,,,,,,,,,,,,,,,,,,,,,,,,,,,,,,,,,,,,0.09,0.01,8.18,1,6,658,21652,27Q,"Jet Aviation Flight Services, Inc.",27Q,"Jet Aviation Flight Services, Inc.",11046,I,2,2,2024,3
,,,,,,,,,,,,,,,,,,,,,,,,,,,,,,,,,,,,,,,,,,,,,,0.09,0.02,6.35,1,6,515,21652,27Q,"Jet Aviation Flight Services, Inc.",27Q,"Jet Aviation Flight Services, Inc.",01194,D,2,2,2024,4
,,,,,,,,,,,,,,,,,,,,,,,,,,,,,,,,,,,,,,,,,,,,,,0.09,0.02,13.05,1,6,667,21652,27Q,"Jet Aviation Flight Services, Inc.",27Q,"Jet Aviation Flight Services, Inc.",11046,I,2,2,2024,1
,,,,,,,,,,,,,,,,,,,,,,,,,,,,,,,,,,,,,,,,,,,,,,0.09,0.03,4.43,1,3,393,21652,27Q,"Jet Aviation Flight Services, Inc.",27Q,"Jet Aviation Flight Services, Inc.",01194,D,2,2,2024,2
,,,,,,,,,,,,,,,,,,,,,,,,,,,,,,,,,,,,,,,,,,,,,,0.09,0.04,12.20,1,6,745,21652,27Q,"Jet Aviation Flight Services, Inc.",27Q,"Jet Aviation Flight Services, Inc.",01194,D,2,2,2024,4
,,,,,,,,,,,,,,,,,,,,,,,,,,,,,,,,,,,,,,,,,,,,,,0.09,0.04,12.66,1,6,745,21652,27Q,"Jet Aviation Flight Services, Inc.",27Q,"Jet Aviation Flight Services, Inc.",01194,D,2,2,2024,3
,,,,,,,,,,,,,,,,,,,,,,,,,,,,,,,,,,,,,,,,,,,,,,0.09,0.04,13.06,1,6,609,21652,27Q,"Jet Aviation Flight Services, Inc.",27Q,"Jet Aviation Flight Services, Inc.",01194,D,2,2,2024,1
,,,,,,,,,,,,,,,,,,,,,,,,,,,,,,,,,,,,,,,,,,,,,,0.09,0.04,19.79,1,7,775,21652,27Q,"Jet Aviation Flight Services, Inc.",27Q,"Jet Aviation Flight Services, Inc.",11046,I,2,2,2024,4
,,,,,,,,,,,,,,,,,,,,,,,,,,,,,,,,,,,,,,,,,,,,,,0.09,0.06,19.94,1,6,609,21652,27Q,"Jet Aviation Flight Services, Inc.",27Q,"Jet Aviation Flight Services, Inc.",01194,D,2,2,2024,4
,,,,,,,,,,,,,,,,,,,,,,,,,,,,,,,,,,,,,,,,,,,,,,0.10,0.04,20.62,1,6,688,21652,27Q,"Jet Aviation Flight Services, Inc.",27Q,"Jet Aviation Flight Services, Inc.",11046,I,2,2,2024,3
,,,,,,,,,,,,,,,,,,,,,,,,,,,,,,,,,,,,,,,,,,,,,,0.11,0.03,58.54,1,6,658,21652,27Q,"Jet Aviation Flight Services, Inc.",27Q,"Jet Aviation Flight Services, Inc.",11046,I,2,2,2024,2
,,,,,,,,,,,,,,,,,,,,,,,,,,,,,,,,,,,,,,,,,,,,,,0.11,0.04,28.40,1,7,775,21652,27Q,"Jet Aviation Flight Services, Inc.",27Q,"Jet Aviation Flight Services, Inc.",11046,I,2,2,2024,2
,,,,,,,,,,,,,,,,,,,,,,,,,,,,,,,,,,,,,,,,,,,,,,0.12,0.03,17.42,1,6,750,21652,27Q,"Jet Aviation Flight Services, Inc.",27Q,"Jet Aviation Flight Services, Inc.",11046,I,2,2,2024,3
,,,,,,,,,,,,,,,,,,,,,,,,,,,,,,,,,,,,,,,,,,,,,,0.15,0.02,7.22,1,6,682,21652,27Q,"Jet Aviation Flight Services, Inc.",27Q,"Jet Aviation Flight Services, Inc.",01194,D,2,2,2024,1
,,,,,,,,,,,,,,,,,,,,,,,,,,,,,,,,,,,,,,,,,,,,,,0.15,0.14,50.11,1,7,770,21652,27Q,"Jet Aviation Flight Services, Inc.",27Q,"Jet Aviation Flight Services, Inc.",01194,D,2,2,2024,1
,,,,,,,,,,,,,,,,,,,,,,,,,,,,,,,,,,,,,,,,,,,,,,0.16,0.04,19.32,1,6,667,21652,27Q,"Jet Aviation Flight Services, Inc.",27Q,"Jet Aviation Flight Services, Inc.",01194,D,2,2,2024,2
,,,,,,,,,,,,,,,,,,,,,,,,,,,,,,,,,,,,,,,,,,,,,,0.16,0.04,20.40,1,6,671,21652,27Q,"Jet Aviation Flight Services, Inc.",27Q,"Jet Aviation Flight Services, Inc.",01194,D,2,2,2024,1
,,,,,,,,,,,,,,,,,,,,,,,,,,,,,,,,,,,,,,,,,,,,,,0.16,0.09,49.93,1,6,750,21652,27Q,"Jet Aviation Flight Services, Inc.",27Q,"Jet Aviation Flight Services, Inc.",11046,I,2,2,2024,4
,,,,,,,,,,,,,,,,,,,,,,,,,,,,,,,,,,,,,,,,,,,,,,0.17,0.04,12.14,1,6,648,21652,27Q,"Jet Aviation Flight Services, Inc.",27Q,"Jet Aviation Flight Services, Inc.",01194,D,2,2,2024,3
,,,,,,,,,,,,,,,,,,,,,,,,,,,,,,,,,,,,,,,,,,,,,,0.17,0.05,15.13,1,6,648,21652,27Q,"Jet Aviation Flight Services, Inc.",27Q,"Jet Aviation Flight Services, Inc.",01194,D,2,2,2024,2
,,,,,,,,,,,,,,,,,,,,,,,,,,,,,,,,,,,,,,,,,,,,,,0.18,0.00,0.72,1,3,390,21652,27Q,"Jet Aviation Flight Services, Inc.",27Q,"Jet Aviation Flight Services, Inc.",01194,D,2,2,2024,1
,,,,,,,,,,,,,,,,,,,,,,,,,,,,,,,,,,,,,,,,,,,,,,0.18,0.06,26.08,1,7,775,21652,27Q,"Jet Aviation Flight Services, Inc.",27Q,"Jet Aviation Flight Services, Inc.",11046,I,2,2,2024,3
,,,,,,,,,,,,,,,,,,,,,,,,,,,,,,,,,,,,,,,,,,,,,,0.18,0.11,50.34,1,6,688,21652,27Q,"Jet Aviation Flight Services, Inc.",27Q,"Jet Aviation Flight Services, Inc.",11046,I,2,2,2024,1
,,,,,,,,,,,,,,,,,,,,,,,,,,,,,,,,,,,,,,,,,,,,,,0.18,0.12,35.06,1,6,648,21652,27Q,"Jet Aviation Flight Services, Inc.",27Q,"Jet Aviation Flight Services, Inc.",01194,D,2,2,2024,4
,,,,,,,,,,,,,,,,,,,,,,,,,,,,,,,,,,,,,,,,,,,,,,0.18,0.16,80.39,1,7,770,21652,27Q,"Jet Aviation Flight Services, Inc.",27Q,"Jet Aviation Flight Services, Inc.",01194,D,2,2,2024,4
,,,,,,,,,,,,,,,,,,,,,,,,,,,,,,,,,,,,,,,,,,,,,,0.18,0.17,62.20,1,7,770,21652,27Q,"Jet Aviation Flight Services, Inc.",27Q,"Jet Aviation Flight Services, Inc.",01194,D,2,2,2024,2
,,,,,,,,,,,,,,,,,,,,,,,,,,,,,,,,,,,,,,,,,,,,,,0.18,0.17,63.29,1,7,770,21652,27Q,"Jet Aviation Flight Services, Inc.",27Q,"Jet Aviation Flight Services, Inc.",01194,D,2,2,2024,3
,,,,,,,,,,,,,,,,,,,,,,,,,,,,,,,,,,,,,,,,,,,,,,0.19,0.11,64.64,1,7,775,21652,27Q,"Jet Aviation Flight Services, Inc.",27Q,"Jet Aviation Flight Services, Inc.",11046,I,2,2,2024,1
,,,,,,,,,,,,,,,,,,,,,,,,,,,,,,,,,,,,,,,,,,,,,,0.20,0.09,40.96,1,6,688,21652,27Q,"Jet Aviation Flight Services, Inc.",27Q,"Jet Aviation Flight Services, Inc.",11046,I,2,2,2024,2
,,,,,,,,,,,,,,,,,,,,,,,,,,,,,,,,,,,,,,,,,,,,,,0.20,0.10,52.29,1,6,750,21652,27Q,"Jet Aviation Flight Services, Inc.",27Q,"Jet Aviation Flight Services, Inc.",11046,I,2,2,2024,2
,,,,,,,,,,,,,,,,,,,,,,,,,,,,,,,,,,,,,,,,,,,,,,0.21,0.05,25.02,1,6,671,21652,27Q,"Jet Aviation Flight Services, Inc.",27Q,"Jet Aviation Flight Services, Inc.",01194,D,2,2,2024,3
,,,,,,,,,,,,,,,,,,,,,,,,,,,,,,,,,,,,,,,,,,,,,,0.22,0.07,35.74,1,6,750,21652,27Q,"Jet Aviation Flight Services, Inc.",27Q,"Jet Aviation Flight Services, Inc.",11046,I,2,2,2024,1
,,,,,,,,,,,,,,,,,,,,,,,,,,,,,,,,,,,,,,,,,,,,,,0.23,0.04,13.85,1,6,682,21652,27Q,"Jet Aviation Flight Services, Inc.",27Q,"Jet Aviation Flight Services, Inc.",01194,D,2,2,2024,3
,,,,,,,,,,,,,,,,,,,,,,,,,,,,,,,,,,,,,,,,,,,,,,0.25,0.10,60.49,1,6,750,21652,27Q,"Jet Aviation Flight Services, Inc.",27Q,"Jet Aviation Flight Services, Inc.",01194,D,2,2,2024,3
,,,,,,,,,,,,,,,,,,,,,,,,,,,,,,,,,,,,,,,,,,,,,,0.26,0.05,17.46,1,6,682,21652,27Q,"Jet Aviation Flight Services, Inc.",27Q,"Jet Aviation Flight Services, Inc.",01194,D,2,2,2024,2
,,,,,,,,,,,,,,,,,,,,,,,,,,,,,,,,,,,,,,,,,,,,,,0.27,0.11,51.90,1,6,671,21652,27Q,"Jet Aviation Flight Services, Inc.",27Q,"Jet Aviation Flight Services, Inc.",01194,D,2,2,2024,4
,,,,,,,,,,,,,,,,,,,,,,,,,,,,,,,,,,,,,,,,,,,,,,0.28,0.05,16.46,1,6,682,21652,27Q,"Jet Aviation Flight Services, Inc.",27Q,"Jet Aviation Flight Services, Inc.",01194,D,2,2,2024,4
,,,,,,,,,,,,,,,,,,,,,,,,,,,,,,,,,,,,,,,,,,,,,,0.30,0.15,145.16,1,6,750,21652,27Q,"Jet Aviation Flight Services, Inc.",27Q,"Jet Aviation Flight Services, Inc.",01194,D,2,2,2024,4
,,,,,,,,,,,,,,,,,,,,,,,,,,,,,,,,,,,,,,,,,,,,,,0.32,0.16,157.43,1,6,750,21652,27Q,"Jet Aviation Flight Services, Inc.",27Q,"Jet Aviation Flight Services, Inc.",01194,D,2,2,2024,1
,,,,,,,,,,,,,,,,,,,,,,,,,,,,,,,,,,,,,,,,,,,,,,0.36,0.13,65.08,1,7,775,21652,27Q,"Jet Aviation Flight Services, Inc.",27Q,"Jet Aviation Flight Services, Inc.",01194,D,2,2,2024,1
,,,,,,,,,,,,,,,,,,,,,,,,,,,,,,,,,,,,,,,,,,,,,,0.36,0.27,130.96,1,6,688,21652,27Q,"Jet Aviation Flight Services, Inc.",27Q,"Jet Aviation Flight Services, Inc.",01194,D,2,2,2024,1
,,,,,,,,,,,,,,,,,,,,,,,,,,,,,,,,,,,,,,,,,,,,,,0.37,0.17,76.26,1,7,775,21652,27Q,"Jet Aviation Flight Services, Inc.",27Q,"Jet Aviation Flight Services, Inc.",01194,D,2,2,2024,4
,,,,,,,,,,,,,,,,,,,,,,,,,,,,,,,,,,,,,,,,,,,,,,0.37,0.17,77.20,1,7,775,21652,27Q,"Jet Aviation Flight Services, Inc.",27Q,"Jet Aviation Flight Services, Inc.",01194,D,2,2,2024,3
,,,,,,,,,,,,,,,,,,,,,,,,,,,,,,,,,,,,,,,,,,,,,,0.44,0.12,89.09,1,6,750,21652,27Q,"Jet Aviation Flight Services, Inc.",27Q,"Jet Aviation Flight Services, Inc.",01194,D,2,2,2024,2
,,,,,,,,,,,,,,,,,,,,,,,,,,,,,,,,,,,,,,,,,,,,,,0.44,0.18,92.75,1,7,775,21652,27Q,"Jet Aviation Flight Services, Inc.",27Q,"Jet Aviation Flight Services, Inc.",01194,D,2,2,2024,2
,,,,,,,,,,,,,,,,,,,,,,,,,,,,,,,,,,,,,,,,,,,,,,0.53,0.17,87.08,1,6,688,21652,27Q,"Jet Aviation Flight Services, Inc.",27Q,"Jet Aviation Flight Services, Inc.",01194,D,2,2,2024,2
,,,,,,,,,,,,,,,,,,,,,,,,,,,,,,,,,,,,,,,,,,,,,,0.57,0.21,114.34,1,6,688,21652,27Q,"Jet Aviation Flight Services, Inc.",27Q,"Jet Aviation Flight Services, Inc.",01194,D,2,2,2024,4
,,,,,,,,,,,,,,,,,,,,,,,,,,,,,,,,,,,,,,,,,,,,,,0.73,0.24,118.18,1,6,688,21652,27Q,"Jet Aviation Flight Services, Inc.",27Q,"Jet Aviation Flight Services, Inc.",01194,D,2,2,2024,3
,,,,,,,,,,,,,,,,,,,,,,,,,,,,,,,,,,,,,,,,,,,,0.00,,,,,9,9,999,20100,PO,Polar Air Cargo Airways,PO,Polar Air Cargo Airways,16757,A,3,3,2024,2
,,,,,,,,,,,,,,,,,,,,,,,,,,,,,,,,,,,,,,,,,,,,0.00,,,,,9,9,999,20100,PO,Polar Air Cargo Airways,PO,Polar Air Cargo Airways,16757,A,3,3,2024,4
,,,,,,,,,,,,,,,,,,,,,,,,,,,,,,,,,,,,,,,,,,,,5.59,,,,,9,9,999,20100,PO,Polar Air Cargo Airways,PO,Polar Air Cargo Airways,16757,A,3,3,2024,3
,,,,,,,,,,,,,,,,,,,,,,,,,,,,,,,,,,,,,,,,,,,,12.05,,,,,9,9,999,20100,PO,Polar Air Cargo Airways,PO,Polar Air Cargo Airways,06758,D,3,3,2024,1
,,,,,,,,,,,,,,,,,,,,,,,,,,,,,,,,,,,,,,,,,,,,49.79,,,,,9,9,999,20100,PO,Polar Air Cargo Airways,PO,Polar Air Cargo Airways,06758,D,3,3,2024,4
,,,,,,,,,,,,,,,,,,,,,,,,,,,,,,,,,,,,,,,,,,,,70.94,,,,,9,9,999,20195,WI,Sky Lease Cargo,WI,Sky Lease Cargo,16884,I,2,2,2024,3
,,,,,,,,,,,,,,,,,,,,,,,,,,,,,,,,,,,,,,,,,,,,75.37,,,,,9,9,999,20100,PO,Polar Air Cargo Airways,PO,Polar Air Cargo Airways,16757,A,3,3,2024,1
,,,,,,,,,,,,,,,,,,,,,,,,,,,,,,,,,,,,,,,,,,,,85.70,,,,,9,9,999,20100,PO,Polar Air Cargo Airways,PO,Polar Air Cargo Airways,06758,D,3,3,2024,2
,,,,,,,,,,,,,,,,,,,,,,,,,,,,,,,,,,,,,,,,,,,,97.68,,,,,9,9,999,20100,PO,Polar Air Cargo Airways,PO,Polar Air Cargo Airways,06758,D,3,3,2024,3
,,,,,,,,,,,,,,,,,,,,,,,,,,,,,,,,,,,,,,,,,,,,106.42,,,,,9,9,999,20195,WI,Sky Lease Cargo,WI,Sky Lease Cargo,16884,I,2,2,2024,1
,,,,,,,,,,,,,,,,,,,,,,,,,,,,,,,,,,,,,,,,,,,,112.40,,,,,9,9,999,20195,WI,Sky Lease Cargo,WI,Sky Lease Cargo,16884,I,2,2,2024,2
,,,,,,,,,,,,,,,,,,,,,,,,,,,,,,,,,,,,,,,,,,,,114.43,,,,,9,9,999,20195,WI,Sky Lease Cargo,WI,Sky Lease Cargo,16884,I,2,2,2024,4
,,,,,,,,,,,,,,,,,,,,,,,,,,,,,,,,,,,,,,,,,,,,344.71,,,,,9,9,999,20100,PO,Polar Air Cargo Airways,PO,Polar Air Cargo Airways,16758,P,3,3,2024,4
,,,,,,,,,,,,,,,,,,,,,,,,,,,,,,,,,,,,,,,,,,,,382.40,,,,,9,9,999,20100,PO,Polar Air Cargo Airways,PO,Polar Air Cargo Airways,16758,P,3,3,2024,1
,,,,,,,,,,,,,,,,,,,,,,,,,,,,,,,,,,,,,,,,,,,,417.22,,,,,9,9,999,20100,PO,Polar Air Cargo Airways,PO,Polar Air Cargo Airways,16758,P,3,3,2024,3
,,,,,,,,,,,,,,,,,,,,,,,,,,,,,,,,,,,,,,,,,,,,515.99,,,,,9,9,999,20100,PO,Polar Air Cargo Airways,PO,Polar Air Cargo Airways,16758,P,3,3,2024,2
,,,,,,,,,,,,,,,,,,,,,,,,,,,,,,,,,,,,,,,,,,,0.00,478.94,0.00,,,,9,9,999,19917,5X,United Parcel Service,5X,United Parcel Service,16912,L,3,3,2024,4
,,,,,,,,,,,,,,,,,,,,,,,,,,,,,,,,,,,,,,,,,,,0.00,551.69,0.00,,,,9,9,999,19917,5X,United Parcel Service,5X,United Parcel Service,16912,L,3,3,2024,3
,,,,,,,,,,,,,,,,,,,,,,,,,,,,,,,,,,,,,,,,,,,0.00,569.51,0.00,,,,9,9,999,19917,5X,United Parcel Service,5X,United Parcel Service,16912,L,3,3,2024,1
,,,,,,,,,,,,,,,,,,,,,,,,,,,,,,,,,,,,,,,,,,,0.00,654.74,0.00,,,,9,9,999,19917,5X,United Parcel Service,5X,United Parcel Service,16912,L,3,3,2024,2
,,,,,,,,,,,,,,,,,,,,,,,,,,,,,,,,,,,,,,,,,,,0.00,1858.63,0.00,,,,9,9,999,19917,5X,United Parcel Service,5X,United Parcel Service,16911,A,3,3,2024,1
,,,,,,,,,,,,,,,,,,,,,,,,,,,,,,,,,,,,,,,,,,,0.00,1995.66,0.00,,,,9,9,999,19917,5X,United Parcel Service,5X,United Parcel Service,16911,A,3,3,2024,4
,,,,,,,,,,,,,,,,,,,,,,,,,,,,,,,,,,,,,,,,,,,0.00,2091.52,0.00,,,,9,9,999,19917,5X,United Parcel Service,5X,United Parcel Service,16911,A,3,3,2024,3
,,,,,,,,,,,,,,,,,,,,,,,,,,,,,,,,,,,,,,,,,,,0.00,2101.64,0.00,,,,9,9,999,19917,5X,United Parcel Service,5X,United Parcel Service,16911,A,3,3,2024,2
,,,,,,,,,,,,,,,,,,,,,,,,,,,,,,,,,,,,,,,,,,,0.00,2343.87,0.00,,,,9,9,999,19917,5X,United Parcel Service,5X,United Parcel Service,16913,P,3,3,2024,1
,,,,,,,,,,,,,,,,,,,,,,,,,,,,,,,,,,,,,,,,,,,0.00,2825.63,0.00,,,,9,9,999,19917,5X,United Parcel Service,5X,United Parcel Service,16913,P,3,3,2024,4
,,,,,,,,,,,,,,,,,,,,,,,,,,,,,,,,,,,,,,,,,,,0.00,3019.22,0.00,,,,9,9,999,19917,5X,United Parcel Service,5X,United Parcel Service,16913,P,3,3,2024,2
,,,,,,,,,,,,,,,,,,,,,,,,,,,,,,,,,,,,,,,,,,,0.00,3119.08,0.00,,,,9,9,999,19917,5X,United Parcel Service,5X,United Parcel Service,16913,P,3,3,2024,3
,,,,,,,,,,,,,,,,,,,,,,,,,,,,,,,,,,,,,,,,,,,0.00,7801.95,0.00,,,,9,9,999,19917,5X,United Parcel Service,5X,United Parcel Service,06910,D,3,3,2024,1
,,,,,,,,,,,,,,,,,,,,,,,,,,,,,,,,,,,,,,,,,,,0.00,9332.07,0.00,,,,9,9,999,19917,5X,United Parcel Service,5X,United Parcel Service,06910,D,3,3,2024,2
,,,,,,,,,,,,,,,,,,,,,,,,,,,,,,,,,,,,,,,,,,,0.00,10476.49,0.00,,,,9,9,999,19917,5X,United Parcel Service,5X,United Parcel Service,06910,D,3,3,2024,3
,,,,,,,,,,,,,,,,,,,,,,,,,,,,,,,,,,,,,,,,,,,0.00,11577.58,0.00,,,,9,9,999,19917,5X,United Parcel Service,5X,United Parcel Service,06910,D,3,3,2024,4
,,,,,,,,,,,,,,,,,,,,,,,,,,,,,,,,,,,,,,,,,,,69.27,9.22,,,,,9,9,999,20370,KAQ,Kalitta Air LLC,KAQ,Kalitta Air LLC,06683,D,3,3,2024,2
,,,,,,,,,,,,,,,,,,,,,,,,,,,,,,,,,,,,,,,,,,,72.84,8.05,,,,,9,9,999,20370,KAQ,Kalitta Air LLC,KAQ,Kalitta Air LLC,06683,D,3,3,2024,3
,,,,,,,,,,,,,,,,,,,,,,,,,,,,,,,,,,,,,,,,,,,110.50,15.45,,,,,9,9,999,20370,KAQ,Kalitta Air LLC,KAQ,Kalitta Air LLC,06683,D,3,3,2024,1
,,,,,,,,,,,,,,,,,,,,,,,,,,,,,,,,,,,,,,,,,,,192.34,34.95,,,,,9,9,999,20370,KAQ,Kalitta Air LLC,KAQ,Kalitta Air LLC,06683,D,3,3,2024,4
,,,,,,,,,,,,,,,,,,,,,,,,,,,,,,,,,,,,,,,,,,,2520.40,352.44,,,,,9,9,999,20370,KAQ,Kalitta Air LLC,KAQ,Kalitta Air LLC,16683,I,3,3,2024,1
,,,,,,,,,,,,,,,,,,,,,,,,,,,,,,,,,,,,,,,,,,,2594.80,345.44,,,,,9,9,999,20370,KAQ,Kalitta Air LLC,KAQ,Kalitta Air LLC,16683,I,3,3,2024,2
,,,,,,,,,,,,,,,,,,,,,,,,,,,,,,,,,,,,,,,,,,,2595.21,471.57,,,,,9,9,999,20370,KAQ,Kalitta Air LLC,KAQ,Kalitta Air LLC,16683,I,3,3,2024,4
,,,,,,,,,,,,,,,,,,,,,,,,,,,,,,,,,,,,,,,,,,,2840.75,313.84,,,,,9,9,999,20370,KAQ,Kalitta Air LLC,KAQ,Kalitta Air LLC,16683,I,3,3,2024,3
,,,,,,,,,,,,,,,,,,,,,,,,,,,,,,,,,,,,,,,,,,0.00,0.00,67.78,,,,,9,9,999,20447,U7,USA Jet Airlines Inc.,U7,USA Jet Airlines Inc.,16917,I,3,3,2024,1
,,,,,,,,,,,,,,,,,,,,,,,,,,,,,,,,,,,,,,,,,,0.00,0.00,77.78,,,,,9,9,999,20447,U7,USA Jet Airlines Inc.,U7,USA Jet Airlines Inc.,06912,D,3,3,2024,4
,,,,,,,,,,,,,,,,,,,,,,,,,,,,,,,,,,,,,,,,,,0.00,0.00,89.36,,,,,9,9,999,20447,U7,USA Jet Airlines Inc.,U7,USA Jet Airlines Inc.,16917,I,3,3,2024,2
,,,,,,,,,,,,,,,,,,,,,,,,,,,,,,,,,,,,,,,,,,0.00,0.00,109.85,,,,,9,9,999,20447,U7,USA Jet Airlines Inc.,U7,USA Jet Airlines Inc.,16917,I,3,3,2024,3
,,,,,,,,,,,,,,,,,,,,,,,,,,,,,,,,,,,,,,,,,,0.00,0.00,113.73,,,,,9,9,999,20447,U7,USA Jet Airlines Inc.,U7,USA Jet Airlines Inc.,06912,D,3,3,2024,2
,,,,,,,,,,,,,,,,,,,,,,,,,,,,,,,,,,,,,,,,,,0.00,0.00,121.66,,,,,9,9,999,20447,U7,USA Jet Airlines Inc.,U7,USA Jet Airlines Inc.,16917,I,3,3,2024,4
,,,,,,,,,,,,,,,,,,,,,,,,,,,,,,,,,,,,,,,,,,0.00,0.00,134.26,,,,,9,9,999,20447,U7,USA Jet Airlines Inc.,U7,USA Jet Airlines Inc.,06912,D,3,3,2024,3
,,,,,,,,,,,,,,,,,,,,,,,,,,,,,,,,,,,,,,,,,,0.00,0.00,137.61,,,,,9,9,999,20447,U7,USA Jet Airlines Inc.,U7,USA Jet Airlines Inc.,06912,D,3,3,2024,1
,,,,,,,,,,,,,,,,,,,,,,,,,,,,,,,,,,,,,,,,,,0.00,4.61,4.47,0.00,,,,9,9,999,20453,ABX,ABX Air Inc,ABX,ABX Air Inc,11009,A,2,2,2024,3
,,,,,,,,,,,,,,,,,,,,,,,,,,,,,,,,,,,,,,,,,,0.00,4.62,3.05,0.00,,,,9,9,999,20453,ABX,ABX Air Inc,ABX,ABX Air Inc,11009,A,2,2,2024,1
,,,,,,,,,,,,,,,,,,,,,,,,,,,,,,,,,,,,,,,,,,0.00,5.40,4.73,0.00,,,,9,9,999,20453,ABX,ABX Air Inc,ABX,ABX Air Inc,11009,A,2,2,2024,4
,,,,,,,,,,,,,,,,,,,,,,,,,,,,,,,,,,,,,,,,,,0.00,5.69,5.73,0.00,,,,9,9,999,20453,ABX,ABX Air Inc,ABX,ABX Air Inc,11009,A,2,2,2024,2
,,,,,,,,,,,,,,,,,,,,,,,,,,,,,,,,,,,,,,,,,,0.00,41.53,27.45,0.00,,,,9,9,999,20453,ABX,ABX Air Inc,ABX,ABX Air Inc,80006,D,2,2,2024,1
,,,,,,,,,,,,,,,,,,,,,,,,,,,,,,,,,,,,,,,,,,0.00,42.68,43.01,0.00,,,,9,9,999,20453,ABX,ABX Air Inc,ABX,ABX Air Inc,80006,D,2,2,2024,2
,,,,,,,,,,,,,,,,,,,,,,,,,,,,,,,,,,,,,,,,,,0.00,47.20,45.76,0.00,,,,9,9,999,20453,ABX,ABX Air Inc,ABX,ABX Air Inc,80006,D,2,2,2024,3
,,,,,,,,,,,,,,,,,,,,,,,,,,,,,,,,,,,,,,,,,,0.00,47.58,41.62,0.00,,,,9,9,999,20453,ABX,ABX Air Inc,ABX,ABX Air Inc,80006,D,2,2,2024,4
,,,,,,,,,,,,,,,,,,,,,,,,,,,,,,,,,,,,,,,,,,0.00,1878.00,7597.00,0.00,,,,9,9,999,20107,FX,Federal Express Corporation,FX,Federal Express Corporation,16195,L,3,3,2024,1
,,,,,,,,,,,,,,,,,,,,,,,,,,,,,,,,,,,,,,,,,,0.00,1929.00,7003.00,0.00,,,,9,9,999,20107,FX,Federal Express Corporation,FX,Federal Express Corporation,16195,L,3,3,2024,2
,,,,,,,,,,,,,,,,,,,,,,,,,,,,,,,,,,,,,,,,,,0.00,2202.00,10439.00,0.00,,,,9,9,999,20107,FX,Federal Express Corporation,FX,Federal Express Corporation,16195,L,3,3,2024,3
,,,,,,,,,,,,,,,,,,,,,,,,,,,,,,,,,,,,,,,,,,0.00,2998.00,10440.00,0.00,,,,9,9,999,20107,FX,Federal Express Corporation,FX,Federal Express Corporation,16195,L,3,3,2024,4
,,,,,,,,,,,,,,,,,,,,,,,,,,,,,,,,,,,,,,,,,,0.00,8375.00,18534.00,0.00,,,,9,9,999,20107,FX,Federal Express Corporation,FX,Federal Express Corporation,16196,A,3,3,2024,1
,,,,,,,,,,,,,,,,,,,,,,,,,,,,,,,,,,,,,,,,,,0.00,8581.00,18486.00,0.00,,,,9,9,999,20107,FX,Federal Express Corporation,FX,Federal Express Corporation,16196,A,3,3,2024,2
,,,,,,,,,,,,,,,,,,,,,,,,,,,,,,,,,,,,,,,,,,0.00,9174.00,56443.00,0.00,,,,9,9,999,20107,FX,Federal Express Corporation,FX,Federal Express Corporation,16196,A,3,3,2024,3
,,,,,,,,,,,,,,,,,,,,,,,,,,,,,,,,,,,,,,,,,,0.00,11072.00,50092.00,0.00,,,,9,9,999,20107,FX,Federal Express Corporation,FX,Federal Express Corporation,16196,A,3,3,2024,4
,,,,,,,,,,,,,,,,,,,,,,,,,,,,,,,,,,,,,,,,,,0.00,14922.00,9314.00,0.00,,,,9,9,999,20107,FX,Federal Express Corporation,FX,Federal Express Corporation,16197,P,3,3,2024,1
,,,,,,,,,,,,,,,,,,,,,,,,,,,,,,,,,,,,,,,,,,0.00,16277.00,8643.00,0.00,,,,9,9,999,20107,FX,Federal Express Corporation,FX,Federal Express Corporation,16197,P,3,3,2024,2
,,,,,,,,,,,,,,,,,,,,,,,,,,,,,,,,,,,,,,,,,,0.00,17559.00,36579.00,0.00,,,,9,9,999,20107,FX,Federal Express Corporation,FX,Federal Express Corporation,16197,P,3,3,2024,3
,,,,,,,,,,,,,,,,,,,,,,,,,,,,,,,,,,,,,,,,,,0.00,19985.00,32235.00,0.00,,,,9,9,999,20107,FX,Federal Express Corporation,FX,Federal Express Corporation,16197,P,3,3,2024,4
,,,,,,,,,,,,,,,,,,,,,,,,,,,,,,,,,,,,,,,,,,5500.24,0.00,1801.27,,,,,9,9,999,20007,5Y,Atlas Air Inc.,5Y,Atlas Air Inc.,06087,D,3,3,2024,1
,,,,,,,,,,,,,,,,,,,,,,,,,,,,,,,,,,,,,,,,,,6539.74,0.00,1054.85,,,,,9,9,999,20007,5Y,Atlas Air Inc.,5Y,Atlas Air Inc.,06087,D,3,3,2024,2
,,,,,,,,,,,,,,,,,,,,,,,,,,,,,,,,,,,,,,,,,,7784.32,0.00,1063.43,,,,,9,9,999,20007,5Y,Atlas Air Inc.,5Y,Atlas Air Inc.,06087,D,3,3,2024,3
,,,,,,,,,,,,,,,,,,,,,,,,,,,,,,,,,,,,,,,,,,9036.11,0.00,2959.24,,,,,9,9,999,20007,5Y,Atlas Air Inc.,5Y,Atlas Air Inc.,16087,I,3,3,2024,1
,,,,,,,,,,,,,,,,,,,,,,,,,,,,,,,,,,,,,,,,,,10224.34,0.00,1019.30,,,,,9,9,999,20007,5Y,Atlas Air Inc.,5Y,Atlas Air Inc.,06087,D,3,3,2024,4
,,,,,,,,,,,,,,,,,,,,,,,,,,,,,,,,,,,,,,,,,,12733.15,0.00,2053.85,,,,,9,9,999,20007,5Y,Atlas Air Inc.,5Y,Atlas Air Inc.,16087,I,3,3,2024,2
,,,,,,,,,,,,,,,,,,,,,,,,,,,,,,,,,,,,,,,,,,15860.22,0.00,2166.68,,,,,9,9,999,20007,5Y,Atlas Air Inc.,5Y,Atlas Air Inc.,16087,I,3,3,2024,3
,,,,,,,,,,,,,,,,,,,,,,,,,,,,,,,,,,,,,,,,,,21760.08,0.00,2169.33,,,,,9,9,999,20007,5Y,Atlas Air Inc.,5Y,Atlas Air Inc.,16087,I,3,3,2024,4
,,,,,,,,,,,,,,,,,,,,,,,,,,,,,,,,,,,,,,,,,-494.11,4225.85,,96662.18,7041.78,,,,9,9,999,19977,UA,United Air Lines Inc.,UA,United Air Lines Inc.,0A875,D,3,3,2024,4
,,,,,,,,,,,,,,,,,,,,,,,,,,,,,,,,,,,,,,,,,-181.81,1554.90,47.69,27263.62,2591.02,,,,9,9,999,19977,UA,United Air Lines Inc.,UA,United Air Lines Inc.,10874,A,3,3,2024,4
,,,,,,,,,,,,,,,,,,,,,,,,,,,,,,,,,,,,,,,,,-134.21,1147.78,,18678.84,1912.61,,,,9,9,999,19977,UA,United Air Lines Inc.,UA,United Air Lines Inc.,10877,P,3,3,2024,4
,,,,,,,,,,,,,,,,,,,,,,,,,,,,,,,,,,,,,,,,,-93.84,802.55,,17034.19,1337.33,,,,9,9,999,19977,UA,United Air Lines Inc.,UA,United Air Lines Inc.,10876,L,3,3,2024,4
,,,,,,,,,,,,,,,,,,,,,,,,,,,,,,,,,,,,,,,,,0.00,,36020.00,22557.00,0.00,,,,9,9,999,20107,FX,Federal Express Corporation,FX,Federal Express Corporation,06200,D,3,3,2024,1
,,,,,,,,,,,,,,,,,,,,,,,,,,,,,,,,,,,,,,,,,0.00,,36549.00,66036.00,0.00,,,,9,9,999,20107,FX,Federal Express Corporation,FX,Federal Express Corporation,06200,D,3,3,2024,4
,,,,,,,,,,,,,,,,,,,,,,,,,,,,,,,,,,,,,,,,,0.00,,36991.00,80389.00,0.00,,,,9,9,999,20107,FX,Federal Express Corporation,FX,Federal Express Corporation,06200,D,3,3,2024,3
,,,,,,,,,,,,,,,,,,,,,,,,,,,,,,,,,,,,,,,,,0.00,,41129.00,26028.00,0.00,,,,9,9,999,20107,FX,Federal Express Corporation,FX,Federal Express Corporation,06200,D,3,3,2024,2
,,,,,,,,,,,,,,,,,,,,,,,,,,,,,,,,,,,,,,,,,0.00,0.00,0.00,0.00,0.00,,,,9,9,999,19687,QX,Horizon Air,QX,Horizon Air,11023,L,2,2,2024,1
,,,,,,,,,,,,,,,,,,,,,,,,,,,,,,,,,,,,,,,,,0.00,0.00,0.00,0.00,0.00,,,,9,9,999,19687,QX,Horizon Air,QX,Horizon Air,11023,L,2,2,2024,2
,,,,,,,,,,,,,,,,,,,,,,,,,,,,,,,,,,,,,,,,,0.00,0.00,0.00,0.00,0.00,,,,9,9,999,19687,QX,Horizon Air,QX,Horizon Air,11023,L,2,2,2024,3
,,,,,,,,,,,,,,,,,,,,,,,,,,,,,,,,,,,,,,,,,0.00,0.00,0.00,0.00,0.00,,,,9,9,999,19687,QX,Horizon Air,QX,Horizon Air,11023,L,2,2,2024,4
,,,,,,,,,,,,,,,,,,,,,,,,,,,,,,,,,,,,,,,,,0.00,0.00,0.00,0.00,0.00,,,,9,9,999,20169,L2,Lynden Air Cargo Airlines,L2,Lynden Air Cargo Airlines,11040,I,2,2,2024,1
,,,,,,,,,,,,,,,,,,,,,,,,,,,,,,,,,,,,,,,,,0.00,0.00,0.00,0.00,0.00,,,,9,9,999,20169,L2,Lynden Air Cargo Airlines,L2,Lynden Air Cargo Airlines,11040,I,2,2,2024,2
,,,,,,,,,,,,,,,,,,,,,,,,,,,,,,,,,,,,,,,,,0.00,0.00,0.00,0.00,0.00,,,,9,9,999,20169,L2,Lynden Air Cargo Airlines,L2,Lynden Air Cargo Airlines,11040,I,2,2,2024,3
,,,,,,,,,,,,,,,,,,,,,,,,,,,,,,,,,,,,,,,,,0.00,0.00,0.00,0.00,0.00,,,,9,9,999,20169,L2,Lynden Air Cargo Airlines,L2,Lynden Air Cargo Airlines,11040,I,2,2,2024,4
,,,,,,,,,,,,,,,,,,,,,,,,,,,,,,,,,,,,,,,,,0.00,0.00,0.00,0.00,0.00,,,,9,9,999,20405,N8,National Air Cargo Group Inc d/ba National Airlines,N8,National Air Cargo Group Inc d/ba National Airlines,07029,D,2,2,2024,1
,,,,,,,,,,,,,,,,,,,,,,,,,,,,,,,,,,,,,,,,,0.00,0.00,0.00,0.00,0.00,,,,9,9,999,20405,N8,National Air Cargo Group Inc d/ba National Airlines,N8,National Air Cargo Group Inc d/ba National Airlines,07029,D,2,2,2024,2
,,,,,,,,,,,,,,,,,,,,,,,,,,,,,,,,,,,,,,,,,0.00,0.00,0.00,0.00,0.00,,,,9,9,999,20405,N8,National Air Cargo Group Inc d/ba National Airlines,N8,National Air Cargo Group Inc d/ba National Airlines,07029,D,2,2,2024,3
,,,,,,,,,,,,,,,,,,,,,,,,,,,,,,,,,,,,,,,,,0.00,0.00,0.00,0.00,0.00,,,,9,9,999,20405,N8,National Air Cargo Group Inc d/ba National Airlines,N8,National Air Cargo Group Inc d/ba National Airlines,07029,D,2,2,2024,4
,,,,,,,,,,,,,,,,,,,,,,,,,,,,,,,,,,,,,,,,,0.00,0.00,0.00,0.00,0.00,,,,9,9,999,20405,N8,National Air Cargo Group Inc d/ba National Airlines,N8,National Air Cargo Group Inc d/ba National Airlines,11049,I,2,2,2024,1
,,,,,,,,,,,,,,,,,,,,,,,,,,,,,,,,,,,,,,,,,0.00,0.00,0.00,0.00,0.00,,,,9,9,999,20405,N8,National Air Cargo Group Inc d/ba National Airlines,N8,National Air Cargo Group Inc d/ba National Airlines,11049,I,2,2,2024,2
,,,,,,,,,,,,,,,,,,,,,,,,,,,,,,,,,,,,,,,,,0.00,0.00,0.00,0.00,0.00,,,,9,9,999,20405,N8,National Air Cargo Group Inc d/ba National Airlines,N8,National Air Cargo Group Inc d/ba National Airlines,11049,I,2,2,2024,3
,,,,,,,,,,,,,,,,,,,,,,,,,,,,,,,,,,,,,,,,,0.00,0.00,0.00,0.00,0.00,,,,9,9,999,20405,N8,National Air Cargo Group Inc d/ba National Airlines,N8,National Air Cargo Group Inc d/ba National Airlines,11049,I,2,2,2024,4
,,,,,,,,,,,,,,,,,,,,,,,,,,,,,,,,,,,,,,,,,0.00,0.00,0.00,0.00,0.00,,,,9,9,999,20452,YX,Republic Airline,YX,Republic Airline,11029,L,3,3,2024,1
,,,,,,,,,,,,,,,,,,,,,,,,,,,,,,,,,,,,,,,,,0.00,0.00,0.00,0.00,0.00,,,,9,9,999,20452,YX,Republic Airline,YX,Republic Airline,11029,L,3,3,2024,2
,,,,,,,,,,,,,,,,,,,,,,,,,,,,,,,,,,,,,,,,,0.00,0.00,0.00,0.00,0.00,,,,9,9,999,20452,YX,Republic Airline,YX,Republic Airline,11029,L,3,3,2024,3
,,,,,,,,,,,,,,,,,,,,,,,,,,,,,,,,,,,,,,,,,0.00,0.00,0.00,0.00,0.00,,,,9,9,999,20452,YX,Republic Airline,YX,Republic Airline,11029,L,3,3,2024,4
,,,,,,,,,,,,,,,,,,,,,,,,,,,,,,,,,,,,,,,,,0.00,0.00,0.00,0.00,0.00,,,,9,9,999,22085,GCA,"Global Crossing Airlines, Inc.",GCA,"Global Crossing Airlines, Inc.",01227,S,2,2,2024,1
,,,,,,,,,,,,,,,,,,,,,,,,,,,,,,,,,,,,,,,,,0.00,0.00,0.00,0.00,0.00,,,,9,9,999,22085,GCA,"Global Crossing Airlines, Inc.",GCA,"Global Crossing Airlines, Inc.",01227,S,2,2,2024,2
,,,,,,,,,,,,,,,,,,,,,,,,,,,,,,,,,,,,,,,,,0.00,0.00,0.00,1.73,1.38,,,,9,9,999,20363,9E,Endeavor Air Inc.,9E,Endeavor Air Inc.,11027,L,2,2,2024,3
,,,,,,,,,,,,,,,,,,,,,,,,,,,,,,,,,,,,,,,,,0.00,0.00,0.00,2.23,1.63,,,,9,9,999,20363,9E,Endeavor Air Inc.,9E,Endeavor Air Inc.,11027,L,2,2,2024,4
,,,,,,,,,,,,,,,,,,,,,,,,,,,,,,,,,,,,,,,,,0.00,0.00,0.00,10.80,72.32,,,,9,9,999,21974,3EQ,"Scott Aviation, LLC  d/b/a  Silver Air",3EQ,"Scott Aviation, LLC  d/b/a  Silver Air",01234,D,2,2,2024,1
,,,,,,,,,,,,,,,,,,,,,,,,,,,,,,,,,,,,,,,,,0.00,0.00,0.00,10.80,72.32,,,,9,9,999,21974,3EQ,"Scott Aviation, LLC  d/b/a  Silver Air",3EQ,"Scott Aviation, LLC  d/b/a  Silver Air",01234,D,2,2,2024,2
,,,,,,,,,,,,,,,,,,,,,,,,,,,,,,,,,,,,,,,,,0.00,0.00,0.00,10.80,72.32,,,,9,9,999,21974,3EQ,"Scott Aviation, LLC  d/b/a  Silver Air",3EQ,"Scott Aviation, LLC  d/b/a  Silver Air",01234,D,2,2,2024,3
,,,,,,,,,,,,,,,,,,,,,,,,,,,,,,,,,,,,,,,,,0.00,0.00,0.00,10.80,72.32,,,,9,9,999,21974,3EQ,"Scott Aviation, LLC  d/b/a  Silver Air",3EQ,"Scott Aviation, LLC  d/b/a  Silver Air",01234,D,2,2,2024,4
,,,,,,,,,,,,,,,,,,,,,,,,,,,,,,,,,,,,,,,,,0.00,0.00,0.00,39.57,0.00,,,,9,9,999,20500,G7,GoJet Airlines LLC d/b/a United Express,G7,GoJet Airlines LLC d/b/a United Express,07041,D,2,2,2024,1
,,,,,,,,,,,,,,,,,,,,,,,,,,,,,,,,,,,,,,,,,0.00,0.00,0.00,41.68,0.00,,,,9,9,999,20398,MQ,Envoy Air,MQ,Envoy Air,16820,L,3,3,2024,2
,,,,,,,,,,,,,,,,,,,,,,,,,,,,,,,,,,,,,,,,,0.00,0.00,0.00,42.71,0.00,,,,9,9,999,20500,G7,GoJet Airlines LLC d/b/a United Express,G7,GoJet Airlines LLC d/b/a United Express,07041,D,2,2,2024,2
,,,,,,,,,,,,,,,,,,,,,,,,,,,,,,,,,,,,,,,,,0.00,0.00,0.00,44.48,0.00,,,,9,9,999,20500,G7,GoJet Airlines LLC d/b/a United Express,G7,GoJet Airlines LLC d/b/a United Express,07041,D,2,2,2024,4
,,,,,,,,,,,,,,,,,,,,,,,,,,,,,,,,,,,,,,,,,0.00,0.00,0.00,44.56,0.00,,,,9,9,999,20500,G7,GoJet Airlines LLC d/b/a United Express,G7,GoJet Airlines LLC d/b/a United Express,07041,D,2,2,2024,3
,,,,,,,,,,,,,,,,,,,,,,,,,,,,,,,,,,,,,,,,,0.00,0.00,0.00,44.61,0.00,,,,9,9,999,20398,MQ,Envoy Air,MQ,Envoy Air,16820,L,3,3,2024,3
,,,,,,,,,,,,,,,,,,,,,,,,,,,,,,,,,,,,,,,,,0.00,0.00,0.00,50.31,0.00,,,,9,9,999,20398,MQ,Envoy Air,MQ,Envoy Air,16820,L,3,3,2024,1
,,,,,,,,,,,,,,,,,,,,,,,,,,,,,,,,,,,,,,,,,0.00,0.00,0.00,63.80,0.00,,,,9,9,999,20398,MQ,Envoy Air,MQ,Envoy Air,16820,L,3,3,2024,4
,,,,,,,,,,,,,,,,,,,,,,,,,,,,,,,,,,,,,,,,,0.00,0.00,0.00,183.39,166.37,,,,9,9,999,22085,GCA,"Global Crossing Airlines, Inc.",GCA,"Global Crossing Airlines, Inc.",01227,S,2,2,2024,4
,,,,,,,,,,,,,,,,,,,,,,,,,,,,,,,,,,,,,,,,,0.00,0.00,0.00,297.75,236.41,,,,9,9,999,20363,9E,Endeavor Air Inc.,9E,Endeavor Air Inc.,07024,D,2,2,2024,3
,,,,,,,,,,,,,,,,,,,,,,,,,,,,,,,,,,,,,,,,,0.00,0.00,0.00,326.00,238.88,,,,9,9,999,20363,9E,Endeavor Air Inc.,9E,Endeavor Air Inc.,07024,D,2,2,2024,4
,,,,,,,,,,,,,,,,,,,,,,,,,,,,,,,,,,,,,,,,,0.00,0.00,0.00,1255.82,0.00,,,,9,9,999,20398,MQ,Envoy Air,MQ,Envoy Air,06820,D,3,3,2024,2
,,,,,,,,,,,,,,,,,,,,,,,,,,,,,,,,,,,,,,,,,0.00,0.00,0.00,1310.96,0.00,,,,9,9,999,20398,MQ,Envoy Air,MQ,Envoy Air,06820,D,3,3,2024,1
,,,,,,,,,,,,,,,,,,,,,,,,,,,,,,,,,,,,,,,,,0.00,0.00,0.00,1350.85,0.00,,,,9,9,999,20398,MQ,Envoy Air,MQ,Envoy Air,06820,D,3,3,2024,3
,,,,,,,,,,,,,,,,,,,,,,,,,,,,,,,,,,,,,,,,,0.00,0.00,0.00,1563.74,0.00,,,,9,9,999,20398,MQ,Envoy Air,MQ,Envoy Air,06820,D,3,3,2024,4
,,,,,,,,,,,,,,,,,,,,,,,,,,,,,,,,,,,,,,,,,0.00,0.00,0.35,1.18,0.00,,,,9,9,999,20378,YV,Mesa Airlines Inc.,YV,Mesa Airlines Inc.,11022,L,2,2,2024,4
,,,,,,,,,,,,,,,,,,,,,,,,,,,,,,,,,,,,,,,,,0.00,0.00,0.36,0.63,0.00,,,,9,9,999,20378,YV,Mesa Airlines Inc.,YV,Mesa Airlines Inc.,11022,L,2,2,2024,3
,,,,,,,,,,,,,,,,,,,,,,,,,,,,,,,,,,,,,,,,,0.00,0.00,0.46,0.49,0.00,,,,9,9,999,20378,YV,Mesa Airlines Inc.,YV,Mesa Airlines Inc.,11022,L,2,2,2024,2
,,,,,,,,,,,,,,,,,,,,,,,,,,,,,,,,,,,,,,,,,0.00,0.00,0.70,13.46,0.00,,,,9,9,999,20445,C5,CommuteAir LLC dba CommuteAir,C5,CommuteAir LLC dba CommuteAir,11059,L,2,2,2024,2
,,,,,,,,,,,,,,,,,,,,,,,,,,,,,,,,,,,,,,,,,0.00,0.00,0.71,11.05,0.00,,,,9,9,999,20445,C5,CommuteAir LLC dba CommuteAir,C5,CommuteAir LLC dba CommuteAir,11059,L,2,2,2024,4
,,,,,,,,,,,,,,,,,,,,,,,,,,,,,,,,,,,,,,,,,0.00,0.00,0.76,14.87,0.00,,,,9,9,999,20445,C5,CommuteAir LLC dba CommuteAir,C5,CommuteAir LLC dba CommuteAir,11059,L,2,2,2024,3
,,,,,,,,,,,,,,,,,,,,,,,,,,,,,,,,,,,,,,,,,0.00,0.00,0.94,14.21,0.00,,,,9,9,999,20445,C5,CommuteAir LLC dba CommuteAir,C5,CommuteAir LLC dba CommuteAir,11059,L,2,2,2024,1
,,,,,,,,,,,,,,,,,,,,,,,,,,,,,,,,,,,,,,,,,0.00,0.00,1.30,0.00,0.00,,,,9,9,999,20397,OH,PSA Airlines Inc.,OH,PSA Airlines Inc.,11030,L,2,2,2024,4
,,,,,,,,,,,,,,,,,,,,,,,,,,,,,,,,,,,,,,,,,0.00,0.00,1.50,4.02,0.00,,,,9,9,999,20378,YV,Mesa Airlines Inc.,YV,Mesa Airlines Inc.,11022,L,2,2,2024,1
,,,,,,,,,,,,,,,,,,,,,,,,,,,,,,,,,,,,,,,,,0.00,0.00,3.12,4.46,0.00,,,,9,9,999,19874,8C,Air Transport International,8C,Air Transport International,16028,A,2,2,2024,4
,,,,,,,,,,,,,,,,,,,,,,,,,,,,,,,,,,,,,,,,,0.00,0.00,3.13,0.00,0.00,,,,9,9,999,20397,OH,PSA Airlines Inc.,OH,PSA Airlines Inc.,11030,L,2,2,2024,3
,,,,,,,,,,,,,,,,,,,,,,,,,,,,,,,,,,,,,,,,,0.00,0.00,3.52,4.66,0.00,,,,9,9,999,19874,8C,Air Transport International,8C,Air Transport International,16028,A,2,2,2024,3
,,,,,,,,,,,,,,,,,,,,,,,,,,,,,,,,,,,,,,,,,0.00,0.00,3.72,5.14,0.00,,,,9,9,999,19874,8C,Air Transport International,8C,Air Transport International,16028,A,2,2,2024,2
,,,,,,,,,,,,,,,,,,,,,,,,,,,,,,,,,,,,,,,,,0.00,0.00,3.85,5.85,0.00,,,,9,9,999,19874,8C,Air Transport International,8C,Air Transport International,16028,A,2,2,2024,1
,,,,,,,,,,,,,,,,,,,,,,,,,,,,,,,,,,,,,,,,,0.00,0.00,5.22,242.44,0.00,,,,9,9,999,20377,X9,Omni Air International LLC,X9,Omni Air International LLC,06738,D,2,2,2024,2
,,,,,,,,,,,,,,,,,,,,,,,,,,,,,,,,,,,,,,,,,0.00,0.00,5.60,0.00,0.00,,,,9,9,999,20397,OH,PSA Airlines Inc.,OH,PSA Airlines Inc.,11030,L,2,2,2024,2
,,,,,,,,,,,,,,,,,,,,,,,,,,,,,,,,,,,,,,,,,0.00,0.00,9.21,0.00,0.00,,,,9,9,999,20397,OH,PSA Airlines Inc.,OH,PSA Airlines Inc.,11030,L,2,2,2024,1
,,,,,,,,,,,,,,,,,,,,,,,,,,,,,,,,,,,,,,,,,0.00,0.00,11.47,522.68,0.00,,,,9,9,999,20377,X9,Omni Air International LLC,X9,Omni Air International LLC,06738,D,2,2,2024,1
,,,,,,,,,,,,,,,,,,,,,,,,,,,,,,,,,,,,,,,,,0.00,0.00,12.75,514.20,0.00,,,,9,9,999,20377,X9,Omni Air International LLC,X9,Omni Air International LLC,06738,D,2,2,2024,4
,,,,,,,,,,,,,,,,,,,,,,,,,,,,,,,,,,,,,,,,,0.00,0.00,14.20,459.37,0.00,,,,9,9,999,20377,X9,Omni Air International LLC,X9,Omni Air International LLC,06738,D,2,2,2024,3
,,,,,,,,,,,,,,,,,,,,,,,,,,,,,,,,,,,,,,,,,0.00,0.00,16.40,318.89,0.00,,,,9,9,999,20445,C5,CommuteAir LLC dba CommuteAir,C5,CommuteAir LLC dba CommuteAir,06944,D,2,2,2024,3
,,,,,,,,,,,,,,,,,,,,,,,,,,,,,,,,,,,,,,,,,0.00,0.00,16.46,317.67,0.00,,,,9,9,999,20445,C5,CommuteAir LLC dba CommuteAir,C5,CommuteAir LLC dba CommuteAir,06944,D,2,2,2024,2
,,,,,,,,,,,,,,,,,,,,,,,,,,,,,,,,,,,,,,,,,0.00,0.00,20.64,312.67,0.00,,,,9,9,999,20445,C5,CommuteAir LLC dba CommuteAir,C5,CommuteAir LLC dba CommuteAir,06944,D,2,2,2024,1
,,,,,,,,,,,,,,,,,,,,,,,,,,,,,,,,,,,,,,,,,0.00,0.00,20.93,325.67,0.00,,,,9,9,999,20445,C5,CommuteAir LLC dba CommuteAir,C5,CommuteAir LLC dba CommuteAir,06944,D,2,2,2024,4
,,,,,,,,,,,,,,,,,,,,,,,,,,,,,,,,,,,,,,,,,0.00,0.00,21.00,1275.00,0.00,,,,9,9,999,19930,AS,Alaska Airlines Inc.,AS,Alaska Airlines Inc.,16031,L,3,3,2024,3
,,,,,,,,,,,,,,,,,,,,,,,,,,,,,,,,,,,,,,,,,0.00,0.00,21.42,111.72,0.00,,,,9,9,999,20378,YV,Mesa Airlines Inc.,YV,Mesa Airlines Inc.,06689,D,2,2,2024,4
,,,,,,,,,,,,,,,,,,,,,,,,,,,,,,,,,,,,,,,,,0.00,0.00,21.57,82.86,0.00,,,,9,9,999,20378,YV,Mesa Airlines Inc.,YV,Mesa Airlines Inc.,06689,D,2,2,2024,3
,,,,,,,,,,,,,,,,,,,,,,,,,,,,,,,,,,,,,,,,,0.00,0.00,23.65,77.24,0.00,,,,9,9,999,20378,YV,Mesa Airlines Inc.,YV,Mesa Airlines Inc.,06689,D,2,2,2024,2
,,,,,,,,,,,,,,,,,,,,,,,,,,,,,,,,,,,,,,,,,0.00,0.00,27.01,77.17,0.00,,,,9,9,999,20378,YV,Mesa Airlines Inc.,YV,Mesa Airlines Inc.,06689,D,2,2,2024,1
,,,,,,,,,,,,,,,,,,,,,,,,,,,,,,,,,,,,,,,,,0.00,0.00,36.00,1808.00,0.00,,,,9,9,999,19930,AS,Alaska Airlines Inc.,AS,Alaska Airlines Inc.,16031,L,3,3,2024,2
,,,,,,,,,,,,,,,,,,,,,,,,,,,,,,,,,,,,,,,,,0.00,0.00,39.00,2702.00,0.00,,,,9,9,999,19930,AS,Alaska Airlines Inc.,AS,Alaska Airlines Inc.,16031,L,3,3,2024,4
,,,,,,,,,,,,,,,,,,,,,,,,,,,,,,,,,,,,,,,,,0.00,0.00,68.00,3325.00,0.00,,,,9,9,999,19930,AS,Alaska Airlines Inc.,AS,Alaska Airlines Inc.,16031,L,3,3,2024,1
,,,,,,,,,,,,,,,,,,,,,,,,,,,,,,,,,,,,,,,,,0.00,0.00,69.00,573.00,0.00,,,,9,9,999,19687,QX,Horizon Air,QX,Horizon Air,06580,D,2,2,2024,4
,,,,,,,,,,,,,,,,,,,,,,,,,,,,,,,,,,,,,,,,,0.00,0.00,79.00,567.00,0.00,,,,9,9,999,19687,QX,Horizon Air,QX,Horizon Air,06580,D,2,2,2024,3
,,,,,,,,,,,,,,,,,,,,,,,,,,,,,,,,,,,,,,,,,0.00,0.00,104.73,1662.37,10.24,,,,9,9,999,19690,HA,Hawaiian Airlines Inc.,HA,Hawaiian Airlines Inc.,15375,P,3,3,2024,2
,,,,,,,,,,,,,,,,,,,,,,,,,,,,,,,,,,,,,,,,,0.00,0.00,118.82,10.80,0.00,,,,9,9,999,20169,L2,Lynden Air Cargo Airlines,L2,Lynden Air Cargo Airlines,06699,D,2,2,2024,2
,,,,,,,,,,,,,,,,,,,,,,,,,,,,,,,,,,,,,,,,,0.00,0.00,121.00,562.00,0.00,,,,9,9,999,19687,QX,Horizon Air,QX,Horizon Air,06580,D,2,2,2024,2
,,,,,,,,,,,,,,,,,,,,,,,,,,,,,,,,,,,,,,,,,0.00,0.00,121.34,10.80,0.00,,,,9,9,999,20169,L2,Lynden Air Cargo Airlines,L2,Lynden Air Cargo Airlines,06699,D,2,2,2024,3
,,,,,,,,,,,,,,,,,,,,,,,,,,,,,,,,,,,,,,,,,0.00,0.00,127.00,553.00,0.00,,,,9,9,999,19687,QX,Horizon Air,QX,Horizon Air,06580,D,2,2,2024,1
,,,,,,,,,,,,,,,,,,,,,,,,,,,,,,,,,,,,,,,,,0.00,0.00,128.26,2274.19,134.33,,,,9,9,999,19690,HA,Hawaiian Airlines Inc.,HA,Hawaiian Airlines Inc.,15375,P,3,3,2024,1
,,,,,,,,,,,,,,,,,,,,,,,,,,,,,,,,,,,,,,,,,0.00,0.00,128.62,10.80,0.00,,,,9,9,999,20169,L2,Lynden Air Cargo Airlines,L2,Lynden Air Cargo Airlines,06699,D,2,2,2024,1
,,,,,,,,,,,,,,,,,,,,,,,,,,,,,,,,,,,,,,,,,0.00,0.00,131.87,908.35,0.00,,,,9,9,999,20427,PT,Piedmont Airlines,PT,Piedmont Airlines,06918,D,2,2,2024,4
,,,,,,,,,,,,,,,,,,,,,,,,,,,,,,,,,,,,,,,,,0.00,0.00,135.60,279.77,0.00,,,,9,9,999,22080,MX,Breeze Aviation Group DBA  Breeze,MX,Breeze Aviation Group DBA  Breeze,01268,D,2,2,2024,1
,,,,,,,,,,,,,,,,,,,,,,,,,,,,,,,,,,,,,,,,,0.00,0.00,143.49,2040.49,8.74,,,,9,9,999,19690,HA,Hawaiian Airlines Inc.,HA,Hawaiian Airlines Inc.,15375,P,3,3,2024,3
,,,,,,,,,,,,,,,,,,,,,,,,,,,,,,,,,,,,,,,,,0.00,0.00,143.70,5793.54,0.00,,,,9,9,999,20377,X9,Omni Air International LLC,X9,Omni Air International LLC,16736,I,2,2,2024,4
,,,,,,,,,,,,,,,,,,,,,,,,,,,,,,,,,,,,,,,,,0.00,0.00,144.37,944.33,0.00,,,,9,9,999,20427,PT,Piedmont Airlines,PT,Piedmont Airlines,06918,D,2,2,2024,3
,,,,,,,,,,,,,,,,,,,,,,,,,,,,,,,,,,,,,,,,,0.00,0.00,145.22,2065.55,7.95,,,,9,9,999,19690,HA,Hawaiian Airlines Inc.,HA,Hawaiian Airlines Inc.,15375,P,3,3,2024,4
,,,,,,,,,,,,,,,,,,,,,,,,,,,,,,,,,,,,,,,,,0.00,0.00,150.32,4862.20,0.00,,,,9,9,999,20377,X9,Omni Air International LLC,X9,Omni Air International LLC,16736,I,2,2,2024,3
,,,,,,,,,,,,,,,,,,,,,,,,,,,,,,,,,,,,,,,,,0.00,0.00,157.76,7186.77,0.00,,,,9,9,999,20377,X9,Omni Air International LLC,X9,Omni Air International LLC,16736,I,2,2,2024,1
,,,,,,,,,,,,,,,,,,,,,,,,,,,,,,,,,,,,,,,,,0.00,0.00,161.30,7487.35,0.00,,,,9,9,999,20377,X9,Omni Air International LLC,X9,Omni Air International LLC,16736,I,2,2,2024,2
,,,,,,,,,,,,,,,,,,,,,,,,,,,,,,,,,,,,,,,,,0.00,0.00,166.22,1159.08,0.00,,,,9,9,999,20427,PT,Piedmont Airlines,PT,Piedmont Airlines,06918,D,2,2,2024,2
,,,,,,,,,,,,,,,,,,,,,,,,,,,,,,,,,,,,,,,,,0.00,0.00,176.77,516.48,0.00,,,,9,9,999,22080,MX,Breeze Aviation Group DBA  Breeze,MX,Breeze Aviation Group DBA  Breeze,01268,D,2,2,2024,2
,,,,,,,,,,,,,,,,,,,,,,,,,,,,,,,,,,,,,,,,,0.00,0.00,190.58,1143.81,0.00,,,,9,9,999,20427,PT,Piedmont Airlines,PT,Piedmont Airlines,06918,D,2,2,2024,1
,,,,,,,,,,,,,,,,,,,,,,,,,,,,,,,,,,,,,,,,,0.00,0.00,197.02,735.18,0.00,,,,9,9,999,22080,MX,Breeze Aviation Group DBA  Breeze,MX,Breeze Aviation Group DBA  Breeze,01268,D,2,2,2024,3
,,,,,,,,,,,,,,,,,,,,,,,,,,,,,,,,,,,,,,,,,0.00,0.00,207.58,467.29,0.00,,,,9,9,999,22080,MX,Breeze Aviation Group DBA  Breeze,MX,Breeze Aviation Group DBA  Breeze,01268,D,2,2,2024,4
,,,,,,,,,,,,,,,,,,,,,,,,,,,,,,,,,,,,,,,,,0.00,0.00,213.70,10.80,0.00,,,,9,9,999,20169,L2,Lynden Air Cargo Airlines,L2,Lynden Air Cargo Airlines,06699,D,2,2,2024,4
,,,,,,,,,,,,,,,,,,,,,,,,,,,,,,,,,,,,,,,,,0.00,0.00,236.02,267.07,0.00,,,,9,9,999,21634,KH,Aloha Air Cargo,KH,Aloha Air Cargo,01146,D,2,2,2024,1
,,,,,,,,,,,,,,,,,,,,,,,,,,,,,,,,,,,,,,,,,0.00,0.00,249.76,146.10,0.00,,,,9,9,999,19874,8C,Air Transport International,8C,Air Transport International,06029,D,2,2,2024,2
,,,,,,,,,,,,,,,,,,,,,,,,,,,,,,,,,,,,,,,,,0.00,0.00,249.94,150.86,0.00,,,,9,9,999,19874,8C,Air Transport International,8C,Air Transport International,06029,D,2,2,2024,1
,,,,,,,,,,,,,,,,,,,,,,,,,,,,,,,,,,,,,,,,,0.00,0.00,257.63,142.82,0.00,,,,9,9,999,19874,8C,Air Transport International,8C,Air Transport International,06029,D,2,2,2024,3
,,,,,,,,,,,,,,,,,,,,,,,,,,,,,,,,,,,,,,,,,0.00,0.00,259.73,161.53,0.00,,,,9,9,999,19874,8C,Air Transport International,8C,Air Transport International,06029,D,2,2,2024,4
,,,,,,,,,,,,,,,,,,,,,,,,,,,,,,,,,,,,,,,,,0.00,0.00,330.18,5854.43,345.81,,,,9,9,999,19690,HA,Hawaiian Airlines Inc.,HA,Hawaiian Airlines Inc.,05375,D,3,3,2024,1
,,,,,,,,,,,,,,,,,,,,,,,,,,,,,,,,,,,,,,,,,0.00,0.00,359.12,1520.10,0.00,,,,9,9,999,20416,NK,Spirit Air Lines,NK,Spirit Air Lines,16831,L,3,3,2024,3
,,,,,,,,,,,,,,,,,,,,,,,,,,,,,,,,,,,,,,,,,0.00,0.00,409.13,0.00,0.00,,,,9,9,999,20397,OH,PSA Airlines Inc.,OH,PSA Airlines Inc.,07028,D,2,2,2024,4
,,,,,,,,,,,,,,,,,,,,,,,,,,,,,,,,,,,,,,,,,0.00,0.00,420.00,29067.00,0.00,,,,9,9,999,19930,AS,Alaska Airlines Inc.,AS,Alaska Airlines Inc.,06031,D,3,3,2024,4
,,,,,,,,,,,,,,,,,,,,,,,,,,,,,,,,,,,,,,,,,0.00,0.00,423.88,1872.48,0.00,,,,9,9,999,20416,NK,Spirit Air Lines,NK,Spirit Air Lines,16831,L,3,3,2024,2
,,,,,,,,,,,,,,,,,,,,,,,,,,,,,,,,,,,,,,,,,0.00,0.00,436.00,26816.00,0.00,,,,9,9,999,19930,AS,Alaska Airlines Inc.,AS,Alaska Airlines Inc.,06031,D,3,3,2024,3
,,,,,,,,,,,,,,,,,,,,,,,,,,,,,,,,,,,,,,,,,0.00,0.00,453.85,1893.18,0.00,,,,9,9,999,20416,NK,Spirit Air Lines,NK,Spirit Air Lines,16831,L,3,3,2024,4
,,,,,,,,,,,,,,,,,,,,,,,,,,,,,,,,,,,,,,,,,0.00,0.00,457.72,7077.98,43.20,,,,9,9,999,19690,HA,Hawaiian Airlines Inc.,HA,Hawaiian Airlines Inc.,05375,D,3,3,2024,2
,,,,,,,,,,,,,,,,,,,,,,,,,,,,,,,,,,,,,,,,,0.00,0.00,461.00,22714.00,0.00,,,,9,9,999,19930,AS,Alaska Airlines Inc.,AS,Alaska Airlines Inc.,06031,D,3,3,2024,1
,,,,,,,,,,,,,,,,,,,,,,,,,,,,,,,,,,,,,,,,,0.00,0.00,474.62,6687.00,25.49,,,,9,9,999,19690,HA,Hawaiian Airlines Inc.,HA,Hawaiian Airlines Inc.,05375,D,3,3,2024,4
,,,,,,,,,,,,,,,,,,,,,,,,,,,,,,,,,,,,,,,,,0.00,0.00,479.19,6732.91,28.58,,,,9,9,999,19690,HA,Hawaiian Airlines Inc.,HA,Hawaiian Airlines Inc.,05375,D,3,3,2024,3
,,,,,,,,,,,,,,,,,,,,,,,,,,,,,,,,,,,,,,,,,0.00,0.00,489.00,24721.00,0.00,,,,9,9,999,19930,AS,Alaska Airlines Inc.,AS,Alaska Airlines Inc.,06031,D,3,3,2024,2
,,,,,,,,,,,,,,,,,,,,,,,,,,,,,,,,,,,,,,,,,0.00,0.00,511.00,1791.13,0.00,,,,9,9,999,20416,NK,Spirit Air Lines,NK,Spirit Air Lines,16831,L,3,3,2024,1
,,,,,,,,,,,,,,,,,,,,,,,,,,,,,,,,,,,,,,,,,0.00,0.00,563.25,0.00,0.00,,,,9,9,999,20397,OH,PSA Airlines Inc.,OH,PSA Airlines Inc.,07028,D,2,2,2024,3
,,,,,,,,,,,,,,,,,,,,,,,,,,,,,,,,,,,,,,,,,0.00,0.00,962.02,0.00,0.00,,,,9,9,999,20397,OH,PSA Airlines Inc.,OH,PSA Airlines Inc.,07028,D,2,2,2024,2
,,,,,,,,,,,,,,,,,,,,,,,,,,,,,,,,,,,,,,,,,0.00,0.00,1153.82,0.00,0.00,,,,9,9,999,20397,OH,PSA Airlines Inc.,OH,PSA Airlines Inc.,07028,D,2,2,2024,1
,,,,,,,,,,,,,,,,,,,,,,,,,,,,,,,,,,,,,,,,,0.00,0.00,1498.58,0.00,0.00,,,,9,9,999,20151,M6,Amerijet International,M6,Amerijet International,06052,D,2,2,2024,2
,,,,,,,,,,,,,,,,,,,,,,,,,,,,,,,,,,,,,,,,,0.00,0.00,1564.03,0.00,0.00,,,,9,9,999,20151,M6,Amerijet International,M6,Amerijet International,06052,D,2,2,2024,3
,,,,,,,,,,,,,,,,,,,,,,,,,,,,,,,,,,,,,,,,,0.00,0.00,1738.51,3224.60,0.00,,,,9,9,999,20452,YX,Republic Airline,YX,Republic Airline,06003,D,3,3,2024,1
,,,,,,,,,,,,,,,,,,,,,,,,,,,,,,,,,,,,,,,,,0.00,0.00,1743.36,3602.43,0.00,,,,9,9,999,20452,YX,Republic Airline,YX,Republic Airline,06003,D,3,3,2024,3
,,,,,,,,,,,,,,,,,,,,,,,,,,,,,,,,,,,,,,,,,0.00,0.00,1743.41,3288.95,0.00,,,,9,9,999,20452,YX,Republic Airline,YX,Republic Airline,06003,D,3,3,2024,2
,,,,,,,,,,,,,,,,,,,,,,,,,,,,,,,,,,,,,,,,,0.00,0.00,1746.04,3290.52,0.00,,,,9,9,999,20452,YX,Republic Airline,YX,Republic Airline,06003,D,3,3,2024,4
,,,,,,,,,,,,,,,,,,,,,,,,,,,,,,,,,,,,,,,,,0.00,0.00,1808.09,0.00,0.00,,,,9,9,999,20151,M6,Amerijet International,M6,Amerijet International,06052,D,2,2,2024,4
,,,,,,,,,,,,,,,,,,,,,,,,,,,,,,,,,,,,,,,,,0.00,0.00,1945.38,0.00,0.00,,,,9,9,999,20151,M6,Amerijet International,M6,Amerijet International,06052,D,2,2,2024,1
,,,,,,,,,,,,,,,,,,,,,,,,,,,,,,,,,,,,,,,,,0.00,0.00,2071.35,0.00,0.00,,,,9,9,999,20151,M6,Amerijet International,M6,Amerijet International,16052,L,2,2,2024,1
,,,,,,,,,,,,,,,,,,,,,,,,,,,,,,,,,,,,,,,,,0.00,0.00,2419.99,0.00,0.00,,,,9,9,999,20151,M6,Amerijet International,M6,Amerijet International,16052,L,2,2,2024,3
,,,,,,,,,,,,,,,,,,,,,,,,,,,,,,,,,,,,,,,,,0.00,0.00,2494.95,0.00,0.00,,,,9,9,999,20151,M6,Amerijet International,M6,Amerijet International,16052,L,2,2,2024,2
,,,,,,,,,,,,,,,,,,,,,,,,,,,,,,,,,,,,,,,,,0.00,0.00,2820.03,0.00,0.00,,,,9,9,999,20151,M6,Amerijet International,M6,Amerijet International,16052,L,2,2,2024,4
,,,,,,,,,,,,,,,,,,,,,,,,,,,,,,,,,,,,,,,,,0.00,0.00,3274.15,11476.47,0.00,,,,9,9,999,20416,NK,Spirit Air Lines,NK,Spirit Air Lines,06830,D,3,3,2024,1
,,,,,,,,,,,,,,,,,,,,,,,,,,,,,,,,,,,,,,,,,0.00,0.00,3461.30,14651.22,0.00,,,,9,9,999,20416,NK,Spirit Air Lines,NK,Spirit Air Lines,06830,D,3,3,2024,3
,,,,,,,,,,,,,,,,,,,,,,,,,,,,,,,,,,,,,,,,,0.00,0.00,3464.94,15306.26,0.00,,,,9,9,999,20416,NK,Spirit Air Lines,NK,Spirit Air Lines,06830,D,3,3,2024,2
,,,,,,,,,,,,,,,,,,,,,,,,,,,,,,,,,,,,,,,,,0.00,0.00,3598.38,15010.18,0.00,,,,9,9,999,20416,NK,Spirit Air Lines,NK,Spirit Air Lines,06830,D,3,3,2024,4
,,,,,,,,,,,,,,,,,,,,,,,,,,,,,,,,,,,,,,,,,0.00,0.12,0.05,3.89,2.93,,,,9,9,999,20363,9E,Endeavor Air Inc.,9E,Endeavor Air Inc.,11027,L,2,2,2024,2
,,,,,,,,,,,,,,,,,,,,,,,,,,,,,,,,,,,,,,,,,0.00,0.21,0.02,2.70,2.23,,,,9,9,999,20363,9E,Endeavor Air Inc.,9E,Endeavor Air Inc.,11027,L,2,2,2024,1
,,,,,,,,,,,,,,,,,,,,,,,,,,,,,,,,,,,,,,,,,0.00,1.47,7.20,70.82,0.00,,,,9,9,999,20436,F9,Frontier Airlines Inc.,F9,Frontier Airlines Inc.,16461,L,3,3,2024,3
,,,,,,,,,,,,,,,,,,,,,,,,,,,,,,,,,,,,,,,,,0.00,1.56,8.29,72.35,0.00,,,,9,9,999,20436,F9,Frontier Airlines Inc.,F9,Frontier Airlines Inc.,16461,L,3,3,2024,4
,,,,,,,,,,,,,,,,,,,,,,,,,,,,,,,,,,,,,,,,,0.00,3.36,12.04,193.36,0.00,,,,9,9,999,20436,F9,Frontier Airlines Inc.,F9,Frontier Airlines Inc.,16461,L,3,3,2024,2
,,,,,,,,,,,,,,,,,,,,,,,,,,,,,,,,,,,,,,,,,0.00,5.57,16.86,139.65,0.00,,,,9,9,999,20436,F9,Frontier Airlines Inc.,F9,Frontier Airlines Inc.,16461,L,3,3,2024,1
,,,,,,,,,,,,,,,,,,,,,,,,,,,,,,,,,,,,,,,,,0.00,7.82,43.77,88.10,0.00,,,,9,9,999,20108,NC,Northern Air Cargo Inc.,NC,Northern Air Cargo Inc.,06721,D,2,2,2024,1
,,,,,,,,,,,,,,,,,,,,,,,,,,,,,,,,,,,,,,,,,0.00,11.55,5.21,382.32,287.36,,,,9,9,999,20363,9E,Endeavor Air Inc.,9E,Endeavor Air Inc.,07024,D,2,2,2024,2
,,,,,,,,,,,,,,,,,,,,,,,,,,,,,,,,,,,,,,,,,0.00,12.15,0.00,30.69,0.00,,,,9,9,999,20304,OO,SkyWest Airlines Inc.,OO,SkyWest Airlines Inc.,11025,L,3,3,2024,1
,,,,,,,,,,,,,,,,,,,,,,,,,,,,,,,,,,,,,,,,,0.00,12.18,68.17,137.22,0.00,,,,9,9,999,20108,NC,Northern Air Cargo Inc.,NC,Northern Air Cargo Inc.,11041,I,2,2,2024,1
,,,,,,,,,,,,,,,,,,,,,,,,,,,,,,,,,,,,,,,,,0.00,16.86,23.89,9.06,0.00,,,,9,9,999,20401,3M,Silver Airways,3M,Silver Airways,11056,I,2,2,2024,4
,,,,,,,,,,,,,,,,,,,,,,,,,,,,,,,,,,,,,,,,,0.00,17.30,1.73,220.96,183.05,,,,9,9,999,20363,9E,Endeavor Air Inc.,9E,Endeavor Air Inc.,07024,D,2,2,2024,1
,,,,,,,,,,,,,,,,,,,,,,,,,,,,,,,,,,,,,,,,,0.00,21.03,0.00,47.46,0.00,,,,9,9,999,20304,OO,SkyWest Airlines Inc.,OO,SkyWest Airlines Inc.,11025,L,3,3,2024,2
,,,,,,,,,,,,,,,,,,,,,,,,,,,,,,,,,,,,,,,,,0.00,21.51,29.89,20.72,0.00,,,,9,9,999,20401,3M,Silver Airways,3M,Silver Airways,11056,I,2,2,2024,3
,,,,,,,,,,,,,,,,,,,,,,,,,,,,,,,,,,,,,,,,,0.00,23.11,0.00,47.21,0.00,,,,9,9,999,20304,OO,SkyWest Airlines Inc.,OO,SkyWest Airlines Inc.,11025,L,3,3,2024,3
,,,,,,,,,,,,,,,,,,,,,,,,,,,,,,,,,,,,,,,,,0.00,24.43,49.78,24.20,0.00,,,,9,9,999,20401,3M,Silver Airways,3M,Silver Airways,11056,I,2,2,2024,1
,,,,,,,,,,,,,,,,,,,,,,,,,,,,,,,,,,,,,,,,,0.00,25.25,40.46,25.12,0.00,,,,9,9,999,20401,3M,Silver Airways,3M,Silver Airways,11056,I,2,2,2024,2
,,,,,,,,,,,,,,,,,,,,,,,,,,,,,,,,,,,,,,,,,0.00,26.75,1590.52,0.00,0.00,,,,9,9,999,21629,KD,Western Global,KD,Western Global,11042,I,2,2,2024,4
,,,,,,,,,,,,,,,,,,,,,,,,,,,,,,,,,,,,,,,,,0.00,26.87,0.00,57.76,0.00,,,,9,9,999,20304,OO,SkyWest Airlines Inc.,OO,SkyWest Airlines Inc.,11025,L,3,3,2024,4
,,,,,,,,,,,,,,,,,,,,,,,,,,,,,,,,,,,,,,,,,0.00,27.13,0.00,248.52,0.00,,,,9,9,999,20046,ZW,Air Wisconsin Airlines Corp,ZW,Air Wisconsin Airlines Corp,06024,D,2,2,2024,1
,,,,,,,,,,,,,,,,,,,,,,,,,,,,,,,,,,,,,,,,,0.00,30.27,9.83,58.43,0.00,,,,9,9,999,20422,SY,Sun Country Airlines d/b/a MN Airlines,SY,Sun Country Airlines d/b/a MN Airlines,16795,L,3,3,2024,3
,,,,,,,,,,,,,,,,,,,,,,,,,,,,,,,,,,,,,,,,,0.00,30.58,1121.16,0.00,0.00,,,,9,9,999,21629,KD,Western Global,KD,Western Global,11042,I,2,2,2024,3
,,,,,,,,,,,,,,,,,,,,,,,,,,,,,,,,,,,,,,,,,0.00,30.76,49.29,30.60,0.00,,,,9,9,999,20401,3M,Silver Airways,3M,Silver Airways,06888,D,2,2,2024,2
,,,,,,,,,,,,,,,,,,,,,,,,,,,,,,,,,,,,,,,,,0.00,31.59,64.37,31.29,0.00,,,,9,9,999,20401,3M,Silver Airways,3M,Silver Airways,06888,D,2,2,2024,1
,,,,,,,,,,,,,,,,,,,,,,,,,,,,,,,,,,,,,,,,,0.00,34.51,47.95,33.24,0.00,,,,9,9,999,20401,3M,Silver Airways,3M,Silver Airways,06888,D,2,2,2024,3
,,,,,,,,,,,,,,,,,,,,,,,,,,,,,,,,,,,,,,,,,0.00,37.16,1369.05,0.00,0.00,,,,9,9,999,21629,KD,Western Global,KD,Western Global,11042,I,2,2,2024,2
,,,,,,,,,,,,,,,,,,,,,,,,,,,,,,,,,,,,,,,,,0.00,37.80,0.00,184.35,202.05,,,,9,9,999,22085,GCA,"Global Crossing Airlines, Inc.",GCA,"Global Crossing Airlines, Inc.",01227,S,2,2,2024,3
,,,,,,,,,,,,,,,,,,,,,,,,,,,,,,,,,,,,,,,,,0.00,38.49,0.00,106.26,0.00,,,,9,9,999,20046,ZW,Air Wisconsin Airlines Corp,ZW,Air Wisconsin Airlines Corp,06024,D,2,2,2024,2
,,,,,,,,,,,,,,,,,,,,,,,,,,,,,,,,,,,,,,,,,0.00,39.16,55.50,21.05,0.00,,,,9,9,999,20401,3M,Silver Airways,3M,Silver Airways,06888,D,2,2,2024,4
,,,,,,,,,,,,,,,,,,,,,,,,,,,,,,,,,,,,,,,,,0.00,40.34,13.95,83.15,0.00,,,,9,9,999,20422,SY,Sun Country Airlines d/b/a MN Airlines,SY,Sun Country Airlines d/b/a MN Airlines,16795,L,3,3,2024,2
,,,,,,,,,,,,,,,,,,,,,,,,,,,,,,,,,,,,,,,,,0.00,45.87,1665.79,0.00,0.00,,,,9,9,999,21629,KD,Western Global,KD,Western Global,11042,I,2,2,2024,1
,,,,,,,,,,,,,,,,,,,,,,,,,,,,,,,,,,,,,,,,,0.00,56.21,25.35,141.44,0.00,,,,9,9,999,20422,SY,Sun Country Airlines d/b/a MN Airlines,SY,Sun Country Airlines d/b/a MN Airlines,16795,L,3,3,2024,4
,,,,,,,,,,,,,,,,,,,,,,,,,,,,,,,,,,,,,,,,,0.00,59.00,0.00,3407.87,3.68,,,,9,9,999,19805,AA,American Airlines Inc.,AA,American Airlines Inc.,10052,P,3,3,2024,2
,,,,,,,,,,,,,,,,,,,,,,,,,,,,,,,,,,,,,,,,,0.00,66.82,0.00,3873.73,4.16,,,,9,9,999,19805,AA,American Airlines Inc.,AA,American Airlines Inc.,10052,P,3,3,2024,3
,,,,,,,,,,,,,,,,,,,,,,,,,,,,,,,,,,,,,,,,,0.00,77.09,0.00,4404.38,8.93,,,,9,9,999,19805,AA,American Airlines Inc.,AA,American Airlines Inc.,10052,P,3,3,2024,1
,,,,,,,,,,,,,,,,,,,,,,,,,,,,,,,,,,,,,,,,,0.00,88.93,0.00,5187.62,5.71,,,,9,9,999,19805,AA,American Airlines Inc.,AA,American Airlines Inc.,10052,P,3,3,2024,4
,,,,,,,,,,,,,,,,,,,,,,,,,,,,,,,,,,,,,,,,,0.00,90.02,396.74,3141.39,0.00,,,,9,9,999,20436,F9,Frontier Airlines Inc.,F9,Frontier Airlines Inc.,06460,D,3,3,2024,4
,,,,,,,,,,,,,,,,,,,,,,,,,,,,,,,,,,,,,,,,,0.00,96.00,23.00,2772.00,0.00,,,,9,9,999,19393,WN,Southwest Airlines Co.,WN,Southwest Airlines Co.,11033,L,3,3,2024,4
,,,,,,,,,,,,,,,,,,,,,,,,,,,,,,,,,,,,,,,,,0.00,101.29,246.85,2052.61,0.00,,,,9,9,999,20436,F9,Frontier Airlines Inc.,F9,Frontier Airlines Inc.,06460,D,3,3,2024,1
,,,,,,,,,,,,,,,,,,,,,,,,,,,,,,,,,,,,,,,,,0.00,103.49,258.59,3444.99,0.00,,,,9,9,999,20436,F9,Frontier Airlines Inc.,F9,Frontier Airlines Inc.,06460,D,3,3,2024,2
,,,,,,,,,,,,,,,,,,,,,,,,,,,,,,,,,,,,,,,,,0.00,105.38,367.32,3119.34,0.00,,,,9,9,999,20436,F9,Frontier Airlines Inc.,F9,Frontier Airlines Inc.,06460,D,3,3,2024,3
,,,,,,,,,,,,,,,,,,,,,,,,,,,,,,,,,,,,,,,,,0.00,114.00,25.00,3194.00,0.00,,,,9,9,999,19393,WN,Southwest Airlines Co.,WN,Southwest Airlines Co.,11033,L,3,3,2024,3
,,,,,,,,,,,,,,,,,,,,,,,,,,,,,,,,,,,,,,,,,0.00,115.00,30.00,3451.00,0.00,,,,9,9,999,19393,WN,Southwest Airlines Co.,WN,Southwest Airlines Co.,11033,L,3,3,2024,2
,,,,,,,,,,,,,,,,,,,,,,,,,,,,,,,,,,,,,,,,,0.00,117.00,33.00,3553.00,0.00,,,,9,9,999,19393,WN,Southwest Airlines Co.,WN,Southwest Airlines Co.,11033,L,3,3,2024,1
,,,,,,,,,,,,,,,,,,,,,,,,,,,,,,,,,,,,,,,,,0.00,173.51,0.00,101.05,0.00,,,,9,9,999,20046,ZW,Air Wisconsin Airlines Corp,ZW,Air Wisconsin Airlines Corp,06024,D,2,2,2024,4
,,,,,,,,,,,,,,,,,,,,,,,,,,,,,,,,,,,,,,,,,0.00,192.25,66.21,360.95,0.00,,,,9,9,999,20422,SY,Sun Country Airlines d/b/a MN Airlines,SY,Sun Country Airlines d/b/a MN Airlines,16795,L,3,3,2024,1
,,,,,,,,,,,,,,,,,,,,,,,,,,,,,,,,,,,,,,,,,0.00,219.94,23.56,153.92,10.92,,,,9,9,999,20207,XP,TEM Enterprises dba  Avelo Airlines,XP,TEM Enterprises dba  Avelo Airlines,06144,D,2,2,2024,1
,,,,,,,,,,,,,,,,,,,,,,,,,,,,,,,,,,,,,,,,,0.00,233.72,0.00,13514.79,14.55,,,,9,9,999,19805,AA,American Airlines Inc.,AA,American Airlines Inc.,10050,L,3,3,2024,3
,,,,,,,,,,,,,,,,,,,,,,,,,,,,,,,,,,,,,,,,,0.00,237.17,24.58,129.51,10.08,,,,9,9,999,20207,XP,TEM Enterprises dba  Avelo Airlines,XP,TEM Enterprises dba  Avelo Airlines,06144,D,2,2,2024,2
,,,,,,,,,,,,,,,,,,,,,,,,,,,,,,,,,,,,,,,,,0.00,263.10,0.00,15198.97,16.42,,,,9,9,999,19805,AA,American Airlines Inc.,AA,American Airlines Inc.,10050,L,3,3,2024,2
,,,,,,,,,,,,,,,,,,,,,,,,,,,,,,,,,,,,,,,,,0.00,263.70,0.00,15069.46,29.32,,,,9,9,999,19805,AA,American Airlines Inc.,AA,American Airlines Inc.,10049,A,3,3,2024,1
,,,,,,,,,,,,,,,,,,,,,,,,,,,,,,,,,,,,,,,,,0.00,264.28,27.50,99.63,12.67,,,,9,9,999,20207,XP,TEM Enterprises dba  Avelo Airlines,XP,TEM Enterprises dba  Avelo Airlines,06144,D,2,2,2024,3
,,,,,,,,,,,,,,,,,,,,,,,,,,,,,,,,,,,,,,,,,0.00,277.04,34.94,90.14,10.40,,,,9,9,999,20207,XP,TEM Enterprises dba  Avelo Airlines,XP,TEM Enterprises dba  Avelo Airlines,06144,D,2,2,2024,4
,,,,,,,,,,,,,,,,,,,,,,,,,,,,,,,,,,,,,,,,,0.00,280.26,0.00,16361.19,17.99,,,,9,9,999,19805,AA,American Airlines Inc.,AA,American Airlines Inc.,10049,A,3,3,2024,4
,,,,,,,,,,,,,,,,,,,,,,,,,,,,,,,,,,,,,,,,,0.00,295.92,0.00,17262.18,19.00,,,,9,9,999,19805,AA,American Airlines Inc.,AA,American Airlines Inc.,10050,L,3,3,2024,4
,,,,,,,,,,,,,,,,,,,,,,,,,,,,,,,,,,,,,,,,,0.00,334.49,0.00,19114.16,38.25,,,,9,9,999,19805,AA,American Airlines Inc.,AA,American Airlines Inc.,10050,L,3,3,2024,1
,,,,,,,,,,,,,,,,,,,,,,,,,,,,,,,,,,,,,,,,,0.00,337.02,0.00,103.40,0.00,,,,9,9,999,20046,ZW,Air Wisconsin Airlines Corp,ZW,Air Wisconsin Airlines Corp,06024,D,2,2,2024,3
,,,,,,,,,,,,,,,,,,,,,,,,,,,,,,,,,,,,,,,,,0.00,373.45,0.00,21585.81,23.30,,,,9,9,999,19805,AA,American Airlines Inc.,AA,American Airlines Inc.,10049,A,3,3,2024,2
,,,,,,,,,,,,,,,,,,,,,,,,,,,,,,,,,,,,,,,,,0.00,393.55,0.00,22795.58,24.50,,,,9,9,999,19805,AA,American Airlines Inc.,AA,American Airlines Inc.,10049,A,3,3,2024,3
,,,,,,,,,,,,,,,,,,,,,,,,,,,,,,,,,,,,,,,,,0.00,696.81,80.39,572.41,0.00,,,,9,9,999,20409,B6,JetBlue Airways,B6,JetBlue Airways,10875,A,3,3,2024,4
,,,,,,,,,,,,,,,,,,,,,,,,,,,,,,,,,,,,,,,,,0.00,729.86,50.49,550.63,0.00,,,,9,9,999,20409,B6,JetBlue Airways,B6,JetBlue Airways,10875,A,3,3,2024,3
,,,,,,,,,,,,,,,,,,,,,,,,,,,,,,,,,,,,,,,,,0.00,752.11,55.30,624.25,0.00,,,,9,9,999,20409,B6,JetBlue Airways,B6,JetBlue Airways,10875,A,3,3,2024,1
,,,,,,,,,,,,,,,,,,,,,,,,,,,,,,,,,,,,,,,,,0.00,787.13,0.00,20.26,0.00,,,,9,9,999,21161,09Q,"Swift Air, LLC d/b/a Eastern Air Lines d/b/a Eastern",09Q,"Swift Air, LLC d/b/a Eastern Air Lines d/b/a Eastern",11054,I,2,2,2024,1
,,,,,,,,,,,,,,,,,,,,,,,,,,,,,,,,,,,,,,,,,0.00,807.75,190.94,1426.42,0.00,,,,9,9,999,20422,SY,Sun Country Airlines d/b/a MN Airlines,SY,Sun Country Airlines d/b/a MN Airlines,06795,D,3,3,2024,1
,,,,,,,,,,,,,,,,,,,,,,,,,,,,,,,,,,,,,,,,,0.00,873.18,0.00,3460.77,0.00,,,,9,9,999,20304,OO,SkyWest Airlines Inc.,OO,SkyWest Airlines Inc.,06700,D,3,3,2024,4
,,,,,,,,,,,,,,,,,,,,,,,,,,,,,,,,,,,,,,,,,0.00,892.19,0.00,3312.09,0.00,,,,9,9,999,20304,OO,SkyWest Airlines Inc.,OO,SkyWest Airlines Inc.,06700,D,3,3,2024,3
,,,,,,,,,,,,,,,,,,,,,,,,,,,,,,,,,,,,,,,,,0.00,904.40,0.00,3425.03,0.00,,,,9,9,999,20304,OO,SkyWest Airlines Inc.,OO,SkyWest Airlines Inc.,06700,D,3,3,2024,2
,,,,,,,,,,,,,,,,,,,,,,,,,,,,,,,,,,,,,,,,,0.00,916.75,0.00,3517.79,0.00,,,,9,9,999,20304,OO,SkyWest Airlines Inc.,OO,SkyWest Airlines Inc.,06700,D,3,3,2024,1
,,,,,,,,,,,,,,,,,,,,,,,,,,,,,,,,,,,,,,,,,0.00,943.79,231.80,1951.64,0.00,,,,9,9,999,20422,SY,Sun Country Airlines d/b/a MN Airlines,SY,Sun Country Airlines d/b/a MN Airlines,06795,D,3,3,2024,4
,,,,,,,,,,,,,,,,,,,,,,,,,,,,,,,,,,,,,,,,,0.00,959.66,243.20,1915.14,0.00,,,,9,9,999,20422,SY,Sun Country Airlines d/b/a MN Airlines,SY,Sun Country Airlines d/b/a MN Airlines,06795,D,3,3,2024,2
,,,,,,,,,,,,,,,,,,,,,,,,,,,,,,,,,,,,,,,,,0.00,969.73,247.32,1936.20,0.00,,,,9,9,999,20422,SY,Sun Country Airlines d/b/a MN Airlines,SY,Sun Country Airlines d/b/a MN Airlines,06795,D,3,3,2024,3
,,,,,,,,,,,,,,,,,,,,,,,,,,,,,,,,,,,,,,,,,0.00,1124.60,78.37,857.65,0.00,,,,9,9,999,20409,B6,JetBlue Airways,B6,JetBlue Airways,10875,A,3,3,2024,2
,,,,,,,,,,,,,,,,,,,,,,,,,,,,,,,,,,,,,,,,,0.00,1155.55,0.00,66757.90,72.10,,,,9,9,999,19805,AA,American Airlines Inc.,AA,American Airlines Inc.,0A050,D,3,3,2024,2
,,,,,,,,,,,,,,,,,,,,,,,,,,,,,,,,,,,,,,,,,0.00,1161.46,0.00,67304.58,72.30,,,,9,9,999,19805,AA,American Airlines Inc.,AA,American Airlines Inc.,0A050,D,3,3,2024,3
,,,,,,,,,,,,,,,,,,,,,,,,,,,,,,,,,,,,,,,,,0.00,1175.82,0.00,67204.04,133.48,,,,9,9,999,19805,AA,American Airlines Inc.,AA,American Airlines Inc.,0A050,D,3,3,2024,1
,,,,,,,,,,,,,,,,,,,,,,,,,,,,,,,,,,,,,,,,,0.00,1190.44,0.00,69481.27,76.44,,,,9,9,999,19805,AA,American Airlines Inc.,AA,American Airlines Inc.,0A050,D,3,3,2024,4
,,,,,,,,,,,,,,,,,,,,,,,,,,,,,,,,,,,,,,,,,0.00,2491.43,172.37,2111.89,0.00,,,,9,9,999,20409,B6,JetBlue Airways,B6,JetBlue Airways,16673,L,3,3,2024,3
,,,,,,,,,,,,,,,,,,,,,,,,,,,,,,,,,,,,,,,,,0.00,3483.00,971.00,105852.00,0.00,,,,9,9,999,19393,WN,Southwest Airlines Co.,WN,Southwest Airlines Co.,06725,D,3,3,2024,1
,,,,,,,,,,,,,,,,,,,,,,,,,,,,,,,,,,,,,,,,,0.00,3485.00,914.00,104143.00,0.00,,,,9,9,999,19393,WN,Southwest Airlines Co.,WN,Southwest Airlines Co.,06725,D,3,3,2024,2
,,,,,,,,,,,,,,,,,,,,,,,,,,,,,,,,,,,,,,,,,0.00,3770.00,924.00,109329.00,0.00,,,,9,9,999,19393,WN,Southwest Airlines Co.,WN,Southwest Airlines Co.,06725,D,3,3,2024,4
,,,,,,,,,,,,,,,,,,,,,,,,,,,,,,,,,,,,,,,,,0.00,4106.00,904.00,115397.00,0.00,,,,9,9,999,19393,WN,Southwest Airlines Co.,WN,Southwest Airlines Co.,06725,D,3,3,2024,3
,,,,,,,,,,,,,,,,,,,,,,,,,,,,,,,,,,,,,,,,,0.00,4237.86,0.00,109.06,0.00,,,,9,9,999,21161,09Q,"Swift Air, LLC d/b/a Eastern Air Lines d/b/a Eastern",09Q,"Swift Air, LLC d/b/a Eastern Air Lines d/b/a Eastern",01130,D,2,2,2024,1
,,,,,,,,,,,,,,,,,,,,,,,,,,,,,,,,,,,,,,,,,0.00,4325.14,317.99,4048.02,0.00,,,,9,9,999,20409,B6,JetBlue Airways,B6,JetBlue Airways,16673,L,3,3,2024,1
,,,,,,,,,,,,,,,,,,,,,,,,,,,,,,,,,,,,,,,,,0.00,4384.80,505.88,4069.42,0.00,,,,9,9,999,20409,B6,JetBlue Airways,B6,JetBlue Airways,16673,L,3,3,2024,4
,,,,,,,,,,,,,,,,,,,,,,,,,,,,,,,,,,,,,,,,,0.00,4492.10,313.03,3866.96,0.00,,,,9,9,999,20409,B6,JetBlue Airways,B6,JetBlue Airways,16673,L,3,3,2024,2
,,,,,,,,,,,,,,,,,,,,,,,,,,,,,,,,,,,,,,,,,0.00,12063.93,904.30,12034.40,0.00,,,,9,9,999,20409,B6,JetBlue Airways,B6,JetBlue Airways,06673,D,3,3,2024,1
,,,,,,,,,,,,,,,,,,,,,,,,,,,,,,,,,,,,,,,,,0.00,12486.80,1457.95,12134.05,0.00,,,,9,9,999,20409,B6,JetBlue Airways,B6,JetBlue Airways,06673,D,3,3,2024,4
,,,,,,,,,,,,,,,,,,,,,,,,,,,,,,,,,,,,,,,,,0.00,12708.44,902.91,11723.50,0.00,,,,9,9,999,20409,B6,JetBlue Airways,B6,JetBlue Airways,06673,D,3,3,2024,2
,,,,,,,,,,,,,,,,,,,,,,,,,,,,,,,,,,,,,,,,,0.00,15924.94,1119.09,13864.25,0.00,,,,9,9,999,20409,B6,JetBlue Airways,B6,JetBlue Airways,06673,D,3,3,2024,3
,,,,,,,,,,,,,,,,,,,,,,,,,,,,,,,,,,,,,,,,,11.51,921.59,,17628.74,315.01,,,,9,9,999,19977,UA,United Air Lines Inc.,UA,United Air Lines Inc.,10876,L,3,3,2024,1
,,,,,,,,,,,,,,,,,,,,,,,,,,,,,,,,,,,,,,,,,15.96,1277.80,,19125.18,436.77,,,,9,9,999,19977,UA,United Air Lines Inc.,UA,United Air Lines Inc.,10877,P,3,3,2024,1
,,,,,,,,,,,,,,,,,,,,,,,,,,,,,,,,,,,,,,,,,17.43,1395.65,3.20,22195.37,477.05,,,,9,9,999,19977,UA,United Air Lines Inc.,UA,United Air Lines Inc.,10874,A,3,3,2024,1
,,,,,,,,,,,,,,,,,,,,,,,,,,,,,,,,,,,,,,,,,51.65,4136.04,,84692.43,1413.75,,,,9,9,999,19977,UA,United Air Lines Inc.,UA,United Air Lines Inc.,0A875,D,3,3,2024,1
,,,,,,,,,,,,,,,,,,,,,,,,,,,,,,,,,,,,,,,,,67.61,690.61,,14236.10,1926.29,,,,9,9,999,19977,UA,United Air Lines Inc.,UA,United Air Lines Inc.,10876,L,3,3,2024,3
,,,,,,,,,,,,,,,,,,,,,,,,,,,,,,,,,,,,,,,,,96.13,981.91,,15265.15,2738.80,,,,9,9,999,19977,UA,United Air Lines Inc.,UA,United Air Lines Inc.,10877,P,3,3,2024,3
,,,,,,,,,,,,,,,,,,,,,,,,,,,,,,,,,,,,,,,,,132.70,798.01,,16294.47,313.74,,,,9,9,999,19977,UA,United Air Lines Inc.,UA,United Air Lines Inc.,10876,L,3,3,2024,2
,,,,,,,,,,,,,,,,,,,,,,,,,,,,,,,,,,,,,,,,,166.46,1000.98,,15377.55,393.53,,,,9,9,999,19977,UA,United Air Lines Inc.,UA,United Air Lines Inc.,10877,P,3,3,2024,2
,,,,,,,,,,,,,,,,,,,,,,,,,,,,,,,,,,,,,,,,,194.83,1990.13,47.69,33444.77,5551.00,,,,9,9,999,19977,UA,United Air Lines Inc.,UA,United Air Lines Inc.,10874,A,3,3,2024,3
,,,,,,,,,,,,,,,,,,,,,,,,,,,,,,,,,,,,,,,,,315.02,1894.36,18.03,31239.51,744.76,,,,9,9,999,19977,UA,United Air Lines Inc.,UA,United Air Lines Inc.,10874,A,3,3,2024,2
,,,,,,,,,,,,,,,,,,,,,,,,,,,,,,,,,,,,,,,,,398.29,4068.43,,89622.30,11347.91,,,,9,9,999,19977,UA,United Air Lines Inc.,UA,United Air Lines Inc.,0A875,D,3,3,2024,3
,,,,,,,,,,,,,,,,,,,,,,,,,,,,,,,,,,,,,,,,,671.45,4037.73,,87701.58,1587.42,,,,9,9,999,19977,UA,United Air Lines Inc.,UA,United Air Lines Inc.,0A875,D,3,3,2024,2
,,,,,,,,,,,,,,,,,,,,,,,,,,,,,,,,,,,,,,,,,3266.00,0.00,88.00,4721.00,0.00,,,,9,9,999,19790,DL,Delta Air Lines Inc.,DL,Delta Air Lines Inc.,10262,P,3,3,2024,3
,,,,,,,,,,,,,,,,,,,,,,,,,,,,,,,,,,,,,,,,,3434.00,0.00,81.00,3297.00,0.00,,,,9,9,999,19790,DL,Delta Air Lines Inc.,DL,Delta Air Lines Inc.,10262,P,3,3,2024,2
,,,,,,,,,,,,,,,,,,,,,,,,,,,,,,,,,,,,,,,,,3595.08,0.00,2207.00,1340.31,0.00,,,,9,9,999,20368,G4,Allegiant Air,G4,Allegiant Air,06035,D,3,3,2024,1
,,,,,,,,,,,,,,,,,,,,,,,,,,,,,,,,,,,,,,,,,3749.00,0.00,102.00,4906.00,0.00,,,,9,9,999,19790,DL,Delta Air Lines Inc.,DL,Delta Air Lines Inc.,10262,P,3,3,2024,4
,,,,,,,,,,,,,,,,,,,,,,,,,,,,,,,,,,,,,,,,,3996.00,0.00,94.00,4254.00,0.00,,,,9,9,999,19790,DL,Delta Air Lines Inc.,DL,Delta Air Lines Inc.,10262,P,3,3,2024,1
,,,,,,,,,,,,,,,,,,,,,,,,,,,,,,,,,,,,,,,,,4126.71,0.00,2170.76,1540.13,0.00,,,,9,9,999,20368,G4,Allegiant Air,G4,Allegiant Air,06035,D,3,3,2024,2
,,,,,,,,,,,,,,,,,,,,,,,,,,,,,,,,,,,,,,,,,4397.43,0.00,2216.48,1470.65,0.00,,,,9,9,999,20368,G4,Allegiant Air,G4,Allegiant Air,06035,D,3,3,2024,3
,,,,,,,,,,,,,,,,,,,,,,,,,,,,,,,,,,,,,,,,,4757.23,0.00,2233.83,1433.29,0.00,,,,9,9,999,20368,G4,Allegiant Air,G4,Allegiant Air,06035,D,3,3,2024,4
,,,,,,,,,,,,,,,,,,,,,,,,,,,,,,,,,,,,,,,,,5117.00,0.00,139.00,7396.00,0.00,,,,9,9,999,19790,DL,Delta Air Lines Inc.,DL,Delta Air Lines Inc.,10260,L,3,3,2024,3
,,,,,,,,,,,,,,,,,,,,,,,,,,,,,,,,,,,,,,,,,6357.00,0.00,173.00,8320.00,0.00,,,,9,9,999,19790,DL,Delta Air Lines Inc.,DL,Delta Air Lines Inc.,10260,L,3,3,2024,4
,,,,,,,,,,,,,,,,,,,,,,,,,,,,,,,,,,,,,,,,,6952.00,0.00,164.00,6674.00,0.00,,,,9,9,999,19790,DL,Delta Air Lines Inc.,DL,Delta Air Lines Inc.,10260,L,3,3,2024,2
,,,,,,,,,,,,,,,,,,,,,,,,,,,,,,,,,,,,,,,,,10239.00,0.00,242.00,10898.00,0.00,,,,9,9,999,19790,DL,Delta Air Lines Inc.,DL,Delta Air Lines Inc.,10261,A,3,3,2024,1
,,,,,,,,,,,,,,,,,,,,,,,,,,,,,,,,,,,,,,,,,10387.00,0.00,246.00,11056.00,0.00,,,,9,9,999,19790,DL,Delta Air Lines Inc.,DL,Delta Air Lines Inc.,10260,L,3,3,2024,1
,,,,,,,,,,,,,,,,,,,,,,,,,,,,,,,,,,,,,,,,,10544.00,0.00,286.00,13800.00,0.00,,,,9,9,999,19790,DL,Delta Air Lines Inc.,DL,Delta Air Lines Inc.,10261,A,3,3,2024,4
,,,,,,,,,,,,,,,,,,,,,,,,,,,,,,,,,,,,,,,,,13887.00,0.00,376.00,20074.00,0.00,,,,9,9,999,19790,DL,Delta Air Lines Inc.,DL,Delta Air Lines Inc.,10261,A,3,3,2024,3
,,,,,,,,,,,,,,,,,,,,,,,,,,,,,,,,,,,,,,,,,14481.00,0.00,342.00,13902.00,0.00,,,,9,9,999,19790,DL,Delta Air Lines Inc.,DL,Delta Air Lines Inc.,10261,A,3,3,2024,2
,,,,,,,,,,,,,,,,,,,,,,,,,,,,,,,,,,,,,,,,,55885.00,0.00,1513.00,80782.00,0.00,,,,9,9,999,19790,DL,Delta Air Lines Inc.,DL,Delta Air Lines Inc.,01260,D,3,3,2024,3
,,,,,,,,,,,,,,,,,,,,,,,,,,,,,,,,,,,,,,,,,58094.00,0.00,1577.00,76036.00,0.00,,,,9,9,999,19790,DL,Delta Air Lines Inc.,DL,Delta Air Lines Inc.,01260,D,3,3,2024,4
,,,,,,,,,,,,,,,,,,,,,,,,,,,,,,,,,,,,,,,,,62915.00,0.00,1487.00,66969.00,0.00,,,,9,9,999,19790,DL,Delta Air Lines Inc.,DL,Delta Air Lines Inc.,01260,D,3,3,2024,1
,,,,,,,,,,,,,,,,,,,,,,,,,,,,,,,,,,,,,,,,,63561.00,0.00,1500.00,61019.00,0.00,,,,9,9,999,19790,DL,Delta Air Lines Inc.,DL,Delta Air Lines Inc.,01260,D,3,3,2024,2
,,,,,,,,0.00,,,,,,,,0.00,,,,,,,,,,,,,,,,,,,,,,,,0.00,,,,,,0.00,0.00,,2,1,110,20107,FX,Federal Express Corporation,FX,Federal Express Corporation,16197,P,3,3,2024,1
,,,,,,,,0.00,,,,,,,,0.00,,,,,,,,,,,,,,,,,,,,,,,,0.00,,,,,,0.00,0.00,,2,1,110,20107,FX,Federal Express Corporation,FX,Federal Express Corporation,16197,P,3,3,2024,2
,,,,,,,,0.00,,,,,,,,0.00,,,,,,,,,,,,,,,,,,,,,,,,0.00,,,,,,0.00,0.00,,2,1,110,20107,FX,Federal Express Corporation,FX,Federal Express Corporation,16197,P,3,3,2024,3
,,,,,,,,0.00,,,,,,,,0.00,,,,,,,,,,,,,,,,,,,,,,,,0.00,,,,,,0.00,0.00,,2,1,110,20107,FX,Federal Express Corporation,FX,Federal Express Corporation,16197,P,3,3,2024,4
,,,,,,,,0.00,,0.00,,,,0.00,,0.00,,,,,,,,,,,,,,,,0.00,0.00,,,,,,,0.00,,,,,,0.00,0.00,,2,4,416,20107,FX,Federal Express Corporation,FX,Federal Express Corporation,16197,P,3,3,2024,1
,,,,,,,,0.00,,0.00,,,,0.00,,0.00,,,,,,,,,,,,,,,,0.00,0.00,,,,,,,0.00,,,,,,0.00,0.00,,2,4,416,20107,FX,Federal Express Corporation,FX,Federal Express Corporation,16197,P,3,3,2024,2
,,,,,,,,0.00,,0.00,,,,0.00,,0.00,,,,,,,,,,,,,,,,0.00,0.00,,,,,,,0.00,,,,,,0.00,0.00,,2,4,416,20107,FX,Federal Express Corporation,FX,Federal Express Corporation,16197,P,3,3,2024,3
,,,,,,,,0.00,,0.00,,,,0.00,,0.00,,,,,,,,,,,,,,,,0.00,0.00,,,,,,,0.00,,,,,,0.00,0.00,,2,4,416,20107,FX,Federal Express Corporation,FX,Federal Express Corporation,16197,P,3,3,2024,4
,,,,,,,,0.00,,0.00,,,,0.00,,0.00,,,,,,,,,,0.00,,0.00,0.00,0.00,,0.00,0.00,,,,,,,0.00,,,,,,0.00,,,2,4,416,20107,FX,Federal Express Corporation,FX,Federal Express Corporation,16196,A,3,3,2024,1
,,,,,,,,0.00,,0.00,,,,0.00,,0.00,,,,,,,,,,0.00,,0.00,0.00,0.00,,0.00,0.00,,,,,,,0.00,,,,,,0.00,,,2,4,416,20107,FX,Federal Express Corporation,FX,Federal Express Corporation,16196,A,3,3,2024,2
,,,,,,,,0.00,,0.00,,,,0.00,,0.00,,,,,,,,,,0.00,,0.00,0.00,0.00,,0.00,0.00,,,,,,,0.00,,,,,,0.00,,,2,4,416,20107,FX,Federal Express Corporation,FX,Federal Express Corporation,16196,A,3,3,2024,3
,,,,,,,,0.00,,0.00,,,,0.00,,0.00,,,,,,,,,,0.00,,0.00,0.00,0.00,,0.00,0.00,,,,,,,0.00,,,,,,0.00,,,2,4,416,20107,FX,Federal Express Corporation,FX,Federal Express Corporation,16196,A,3,3,2024,4
,,,,,,,,225.00,,,,,,,,225.00,,,,,,,,,,,,,,,,,,,,,,,,225.00,,,,,,1.25,4.03,,2,1,110,20107,FX,Federal Express Corporation,FX,Federal Express Corporation,16196,A,3,3,2024,1
,,,,,,,,1892.00,,,,,,,,1892.00,,,,,,,,,,,,,,,,,,,,,,,,1892.00,,,,,,1.90,4.19,,2,1,110,20107,FX,Federal Express Corporation,FX,Federal Express Corporation,16196,A,3,3,2024,2
,,,,,,,,5754.00,,,,,,,,5754.00,,,,,,,,,,,,,,,,,,,,,,,,5754.00,,,,,,2.04,4.39,,2,1,110,20107,FX,Federal Express Corporation,FX,Federal Express Corporation,16196,A,3,3,2024,3
,,,,,,,,8125.00,,,,,,,,8125.00,,,,,,,,,,,,,,,,,,,,,,,,8125.00,,,,,,2.08,4.51,,2,1,110,20107,FX,Federal Express Corporation,FX,Federal Express Corporation,16196,A,3,3,2024,4
,,,,,,,,13239.00,,,,,,,,13239.00,,,,,,,,,,,,,,,,,,,,,,,,13239.00,,,,,,3.27,1.90,,2,1,110,20107,FX,Federal Express Corporation,FX,Federal Express Corporation,16195,L,3,3,2024,4
,,,,,,,,13306.00,,,,,,,,13306.00,,,,,,,,,,,,,,,,,,,,,,,,13306.00,,,,,,3.10,1.97,,2,1,110,20107,FX,Federal Express Corporation,FX,Federal Express Corporation,16195,L,3,3,2024,1
,,,,,,,,13437.00,,,,,,,,13437.00,,,,,,,,,,,,,,,,,,,,,,,,13437.00,,,,,,3.28,1.99,,2,1,110,20107,FX,Federal Express Corporation,FX,Federal Express Corporation,16195,L,3,3,2024,3
,,,,,,,,13783.00,,,,,,,,13783.00,,,,,,,,,,,,,,,,,,,,,,,,13783.00,,,,,,3.18,1.88,,2,1,110,20107,FX,Federal Express Corporation,FX,Federal Express Corporation,16195,L,3,3,2024,2
,,,,,,0.00,,,,,,,,0.00,0.00,0.00,,,,,,,,,,,,,,,,,,,,,,,,0.00,,,,,,,,0.00,2,7,715,20107,FX,Federal Express Corporation,FX,Federal Express Corporation,16196,A,3,3,2024,1
,,,,,,0.00,,,,,,,,0.00,0.00,0.00,,,,,,,,,,,,,,,,,,,,,,,,0.00,,,,,,,,0.00,2,7,715,20107,FX,Federal Express Corporation,FX,Federal Express Corporation,16196,A,3,3,2024,2
,,,,,,0.00,,,,,,,,0.00,0.00,0.00,,,,,,,,,,,,,,,,,,,,,,,,0.00,,,,,,,,0.00,2,7,715,20107,FX,Federal Express Corporation,FX,Federal Express Corporation,16196,A,3,3,2024,3
,,,,,,0.00,,,,,,,,0.00,0.00,0.00,,,,,,,,,,,,,,,,,,,,,,,,0.00,,,,,,,,0.00,2,7,715,20107,FX,Federal Express Corporation,FX,Federal Express Corporation,16196,A,3,3,2024,4
,,,,,,0.00,,,,,,,,0.00,0.00,0.00,0.00,0.00,0.00,0.00,,0.00,0.00,0.00,,0.00,,0.00,0.00,0.00,,0.00,0.00,0.00,0.00,,,,,0.00,,,,,,0.00,0.00,0.00,2,7,730,20107,FX,Federal Express Corporation,FX,Federal Express Corporation,16196,A,3,3,2024,1
,,,,,,0.00,,,,,,,,0.00,0.00,0.00,0.00,0.00,0.00,0.00,,0.00,0.00,0.00,,0.00,,0.00,0.00,0.00,,0.00,0.00,0.00,0.00,,,,,0.00,,,,,,0.00,0.00,0.00,2,7,730,20107,FX,Federal Express Corporation,FX,Federal Express Corporation,16196,A,3,3,2024,2
,,,,,,0.00,,,,,,,,0.00,0.00,0.00,0.00,0.00,0.00,0.00,,0.00,0.00,0.00,,0.00,,0.00,0.00,0.00,,0.00,0.00,0.00,0.00,,,,,0.00,,,,,,0.00,0.00,0.00,2,7,730,20107,FX,Federal Express Corporation,FX,Federal Express Corporation,16196,A,3,3,2024,3
,,,,,,0.00,,,,,,,,0.00,0.00,0.00,0.00,0.00,0.00,0.00,,0.00,0.00,0.00,,0.00,,0.00,0.00,0.00,,0.00,0.00,0.00,0.00,,,,,0.00,,,,,,0.00,0.00,0.00,2,7,730,20107,FX,Federal Express Corporation,FX,Federal Express Corporation,16196,A,3,3,2024,4
,,,-1.00,,,,,23842.00,,0.00,,,0.00,0.00,,23841.00,,,,,,0.00,0.00,,,839.00,,839.00,661.00,1500.00,,520.00,1089.00,,,,,,,26950.00,,,,,,16.19,21.77,,2,4,416,20107,FX,Federal Express Corporation,FX,Federal Express Corporation,06200,D,3,3,2024,4
,,,0.00,,,,,1717.00,,0.00,,,0.00,0.00,,1717.00,,,,,,0.00,0.00,,,43.00,,43.00,55.00,98.00,,22.00,40.00,,,,,,,1877.00,,,,,,0.77,1.20,,2,4,416,20107,FX,Federal Express Corporation,FX,Federal Express Corporation,16195,L,3,3,2024,3
,,,0.00,,,,,1798.00,,0.00,,,0.00,0.00,,1798.00,,,,,,0.00,0.00,,,26.00,,26.00,44.00,70.00,,16.00,33.00,,,,,,,1917.00,,,,,,0.50,1.44,,2,4,416,20107,FX,Federal Express Corporation,FX,Federal Express Corporation,16195,L,3,3,2024,4
,,,0.00,,,,,1809.00,,0.00,,,0.00,0.00,,1809.00,,,,,,0.00,0.00,,,41.00,,41.00,58.00,99.00,,15.00,40.00,,,,,,,1963.00,,,,,,0.87,1.09,,2,4,416,20107,FX,Federal Express Corporation,FX,Federal Express Corporation,16195,L,3,3,2024,1
,,,0.00,,,,,1880.00,,0.00,,,0.00,0.00,,1880.00,,,,,,0.00,0.00,,,45.00,,45.00,59.00,104.00,,25.00,45.00,,,,,,,2054.00,,,,,,0.88,1.06,,2,4,416,20107,FX,Federal Express Corporation,FX,Federal Express Corporation,16195,L,3,3,2024,2
,,,0.00,,,,,4410.00,0.00,6995.00,,,,0.00,,11405.00,,,,,,,,,,,,,,,,2225.00,3241.00,200.00,,,,,,17071.00,,,,,,3.90,4.76,,2,1,110,20107,FX,Federal Express Corporation,FX,Federal Express Corporation,06200,D,3,3,2024,2
,,,0.00,,,,,5654.00,0.00,6784.00,,,,0.00,,12438.00,,,,,,,,,,,,,,,,2303.00,3279.00,227.00,,,,,,18247.00,,,,,,3.84,4.63,,2,1,110,20107,FX,Federal Express Corporation,FX,Federal Express Corporation,06200,D,3,3,2024,4
,,,0.00,,,,,6263.00,0.00,6781.00,,,,0.00,,13044.00,,,,,,,,,,,,,,,,2116.00,3037.00,213.00,,,,,,18410.00,,,,,,3.71,4.54,,2,1,110,20107,FX,Federal Express Corporation,FX,Federal Express Corporation,06200,D,3,3,2024,3
,,,0.00,,,,,6290.00,0.00,7318.00,,,,0.00,,13608.00,,,,,,,,,,,,,,,,1858.00,2664.00,186.00,,,,,,18316.00,,,,,,3.72,4.85,,2,1,110,20107,FX,Federal Express Corporation,FX,Federal Express Corporation,06200,D,3,3,2024,1
,,,0.00,,,,,23403.00,,0.00,,,0.00,0.00,,23403.00,,,,,,0.00,0.00,,,851.00,,851.00,637.00,1488.00,,468.00,846.00,,,,,,,26205.00,,,,,,16.57,21.87,,2,4,416,20107,FX,Federal Express Corporation,FX,Federal Express Corporation,06200,D,3,3,2024,2
,,,1.00,,,,,24075.00,,0.00,,,0.00,0.00,,24076.00,,,,,,0.00,0.00,,,740.00,,740.00,553.00,1293.00,,273.00,728.00,,,,,,,26370.00,,,,,,15.87,21.87,,2,4,416,20107,FX,Federal Express Corporation,FX,Federal Express Corporation,06200,D,3,3,2024,1
,,,5.00,,,,,21411.00,,0.00,,,0.00,0.00,,21416.00,,,,,,0.00,0.00,,,905.00,,905.00,606.00,1511.00,,455.00,840.00,,,,,,,24222.00,,,,,,16.20,21.59,,2,4,416,20107,FX,Federal Express Corporation,FX,Federal Express Corporation,06200,D,3,3,2024,3
,,0.00,,,,0.00,,0.00,,,,,,0.00,0.00,0.00,0.00,0.00,0.00,0.00,,0.00,0.00,0.00,,0.00,,0.00,0.00,0.00,,0.00,0.00,0.00,,,,,,0.00,,,,,,0.00,0.00,0.00,2,7,732,20107,FX,Federal Express Corporation,FX,Federal Express Corporation,16197,P,3,3,2024,1
,,0.00,,,,0.00,,0.00,,,,,,0.00,0.00,0.00,0.00,0.00,0.00,0.00,,0.00,0.00,0.00,,0.00,,0.00,0.00,0.00,,0.00,0.00,0.00,,,,,,0.00,,,,,,0.00,0.00,0.00,2,7,732,20107,FX,Federal Express Corporation,FX,Federal Express Corporation,16197,P,3,3,2024,2
,,0.00,,,,0.00,,0.00,,,,,,0.00,0.00,0.00,0.00,0.00,0.00,0.00,,0.00,0.00,0.00,,0.00,,0.00,0.00,0.00,,0.00,0.00,0.00,,,,,,0.00,,,,,,0.00,0.00,0.00,2,7,732,20107,FX,Federal Express Corporation,FX,Federal Express Corporation,16197,P,3,3,2024,3
,,0.00,,,,0.00,,0.00,,,,,,0.00,0.00,0.00,0.00,0.00,0.00,0.00,,0.00,0.00,0.00,,0.00,,0.00,0.00,0.00,,0.00,0.00,0.00,,,,,,0.00,,,,,,0.00,0.00,0.00,2,7,732,20107,FX,Federal Express Corporation,FX,Federal Express Corporation,16197,P,3,3,2024,4
-13.36,0.00,0.00,0.28,0.00,,8.44,0.00,17.19,8.83,0.00,0.00,0.00,-1.09,0.00,0.00,20.30,9.03,2.26,656.86,0.00,,-5.86,-1.46,0.00,0.00,0.00,0.00,660.82,0.00,660.82,0.00,0.00,0.00,151.43,0.00,16.92,,0.00,,849.47,,,,,,0.00,0.00,0.00,2,6,614,20378,YV,Mesa Airlines Inc.,YV,Mesa Airlines Inc.,06689,D,2,2,2024,2
-13.36,0.00,0.00,0.28,0.00,,8.44,0.00,17.19,8.83,0.00,0.00,0.00,-1.09,0.00,0.00,20.30,9.03,2.26,656.86,0.00,,-5.86,-1.46,0.00,0.00,0.00,0.00,660.82,0.00,660.82,0.00,0.00,0.00,151.43,0.00,16.92,,0.00,,849.47,,,,,,0.00,0.00,0.00,2,6,617,20378,YV,Mesa Airlines Inc.,YV,Mesa Airlines Inc.,06689,D,2,2,2024,2
0.00,,,,,,0.00,,0.00,,,0.00,,,0.00,0.00,0.00,0.00,0.00,0.00,0.00,,0.00,0.00,0.00,,0.00,,0.00,0.00,0.00,,0.00,0.00,0.00,,,,,,0.00,,,,,,0.00,0.00,0.00,2,7,732,20107,FX,Federal Express Corporation,FX,Federal Express Corporation,16196,A,3,3,2024,1
0.00,,,,,,0.00,,0.00,,,0.00,,,0.00,0.00,0.00,0.00,0.00,0.00,0.00,,0.00,0.00,0.00,,0.00,,0.00,0.00,0.00,,0.00,0.00,0.00,,,,,,0.00,,,,,,0.00,0.00,0.00,2,7,732,20107,FX,Federal Express Corporation,FX,Federal Express Corporation,16196,A,3,3,2024,2
0.00,,,,,,0.00,,0.00,,,0.00,,,0.00,0.00,0.00,0.00,0.00,0.00,0.00,,0.00,0.00,0.00,,0.00,,0.00,0.00,0.00,,0.00,0.00,0.00,,,,,,0.00,,,,,,0.00,0.00,0.00,2,7,732,20107,FX,Federal Express Corporation,FX,Federal Express Corporation,16196,A,3,3,2024,3
0.00,,,,,,0.00,,0.00,,,0.00,,,0.00,0.00,0.00,0.00,0.00,0.00,0.00,,0.00,0.00,0.00,,0.00,,0.00,0.00,0.00,,0.00,0.00,0.00,,,,,,0.00,,,,,,0.00,0.00,0.00,2,7,732,20107,FX,Federal Express Corporation,FX,Federal Express Corporation,16196,A,3,3,2024,4
0.00,,0.00,,,,0.00,,,,0.00,0.00,,0.00,,0.00,0.00,0.00,,0.00,0.00,,0.00,0.00,,,,,0.00,,0.00,,0.00,0.00,0.00,0.00,0.00,,,,0.00,,,,,,0.00,0.00,0.00,2,6,635,20447,U7,USA Jet Airlines Inc.,U7,USA Jet Airlines Inc.,06912,D,3,3,2024,1
0.00,,0.00,,,,0.00,,,,0.00,0.00,,0.00,,0.00,0.00,0.00,,0.00,0.00,,0.00,0.00,,,,,0.00,,0.00,,0.00,0.00,0.00,0.00,0.00,,,,0.00,,,,,,0.00,0.00,0.00,2,6,635,20447,U7,USA Jet Airlines Inc.,U7,USA Jet Airlines Inc.,06912,D,3,3,2024,2
0.00,,0.00,,,,0.00,,,,0.00,0.00,,0.00,,0.00,0.00,0.00,,0.00,0.00,,0.00,0.00,,,,,0.00,,0.00,,0.00,0.00,0.00,0.00,0.00,,,,0.00,,,,,,0.00,0.00,0.00,2,6,635,20447,U7,USA Jet Airlines Inc.,U7,USA Jet Airlines Inc.,16917,I,3,3,2024,1
0.00,,0.00,,,,0.00,,,,0.00,0.00,,0.00,,0.00,0.00,0.00,,0.00,0.00,,0.00,0.00,,,,,0.00,,0.00,,0.00,0.00,0.00,0.00,0.00,,,,0.00,,,,,,0.00,0.00,0.00,2,6,635,20447,U7,USA Jet Airlines Inc.,U7,USA Jet Airlines Inc.,16917,I,3,3,2024,2
0.00,,0.00,,,,0.00,,,,0.00,0.00,,0.00,,0.00,0.00,0.00,,0.00,0.00,,0.00,0.00,,,,,0.00,,0.00,,0.00,0.00,0.00,0.00,0.00,,,,0.00,,,,,,0.00,0.00,0.00,2,6,635,20447,U7,USA Jet Airlines Inc.,U7,USA Jet Airlines Inc.,16917,I,3,3,2024,3
0.00,,0.00,,,,0.00,,,,0.00,0.00,,0.00,,0.00,0.00,0.00,,0.00,0.00,,0.00,0.00,,,,,0.00,,0.00,,0.00,0.00,0.00,0.00,0.00,,,,0.00,,,,,,0.00,0.00,0.00,2,6,635,20447,U7,USA Jet Airlines Inc.,U7,USA Jet Airlines Inc.,16917,I,3,3,2024,4
0.00,,0.00,,,,0.00,,,,0.00,0.00,,0.00,,0.00,0.00,0.00,,0.00,0.00,,0.00,0.00,,,,,0.00,,0.00,,0.00,0.00,0.00,0.00,0.00,,,,0.00,,,,,,0.00,0.00,0.00,2,6,640,20447,U7,USA Jet Airlines Inc.,U7,USA Jet Airlines Inc.,06912,D,3,3,2024,1
0.00,,0.00,,,,0.00,,,,0.00,0.00,,0.00,,0.00,0.00,0.00,,0.00,0.00,,0.00,0.00,,,,,0.00,,0.00,,0.00,0.00,0.00,0.00,0.00,,,,0.00,,,,,,0.00,0.00,0.00,2,6,640,20447,U7,USA Jet Airlines Inc.,U7,USA Jet Airlines Inc.,06912,D,3,3,2024,2
0.00,,0.00,,,,0.00,,,,0.00,0.00,,0.00,,0.00,0.00,0.00,,0.00,0.00,,0.00,0.00,,,,,0.00,,0.00,,0.00,0.00,0.00,0.00,0.00,,,,0.00,,,,,,0.00,0.00,0.00,2,6,640,20447,U7,USA Jet Airlines Inc.,U7,USA Jet Airlines Inc.,16917,I,3,3,2024,1
0.00,,0.00,,,,0.00,,,,0.00,0.00,,0.00,,0.00,0.00,0.00,,0.00,0.00,,0.00,0.00,,,,,0.00,,0.00,,0.00,0.00,0.00,0.00,0.00,,,,0.00,,,,,,0.00,0.00,0.00,2,6,640,20447,U7,USA Jet Airlines Inc.,U7,USA Jet Airlines Inc.,16917,I,3,3,2024,2
0.00,,0.00,,,,0.00,,,,0.00,0.00,,0.00,,0.00,0.00,0.00,,0.00,0.00,,0.00,0.00,,,,,0.00,,0.00,,0.00,0.00,0.00,0.00,0.00,,,,0.00,,,,,,0.00,0.00,0.00,2,6,640,20447,U7,USA Jet Airlines Inc.,U7,USA Jet Airlines Inc.,16917,I,3,3,2024,3
0.00,,0.00,,,,0.00,,,,0.00,0.00,,0.00,,0.00,0.00,0.00,,0.00,0.00,,0.00,0.00,,,,,0.00,,0.00,,0.00,0.00,0.00,0.00,0.00,,,,0.00,,,,,,0.00,0.00,0.00,2,6,640,20447,U7,USA Jet Airlines Inc.,U7,USA Jet Airlines Inc.,16917,I,3,3,2024,4
0.00,,0.00,,,,0.00,,,,0.00,0.00,,0.00,,0.00,0.00,0.00,,0.00,0.00,,0.00,0.00,,,,,0.00,,0.00,,0.00,0.00,0.00,0.00,0.00,,,,0.00,,,,,,0.00,0.00,0.00,2,6,681,20447,U7,USA Jet Airlines Inc.,U7,USA Jet Airlines Inc.,16917,I,3,3,2024,3
0.00,,0.00,,,,0.00,,,,0.00,0.00,,0.00,,0.00,0.00,0.00,,0.00,0.00,,0.00,0.00,,,,,0.00,,0.00,,0.00,0.00,0.00,0.00,0.00,,,,0.00,,,,,,0.00,0.00,0.00,2,6,681,20447,U7,USA Jet Airlines Inc.,U7,USA Jet Airlines Inc.,16917,I,3,3,2024,4
0.00,,0.00,,,,0.00,,,,0.00,0.00,,0.00,,0.00,0.00,0.00,,0.00,0.00,,0.00,0.00,,,,,0.00,,0.00,,63.25,0.00,0.00,0.00,0.00,,,,63.25,,,,,,0.00,0.00,0.00,1,6,681,20447,U7,USA Jet Airlines Inc.,U7,USA Jet Airlines Inc.,16917,I,3,3,2024,1
0.00,,0.00,,,,0.00,,,,0.00,0.00,,0.00,,0.00,0.00,0.00,,0.00,0.00,,0.00,0.00,,,,,0.00,,0.00,,84.33,0.00,0.00,0.00,0.00,,,,84.33,,,,,,0.00,0.00,0.00,1,6,681,20447,U7,USA Jet Airlines Inc.,U7,USA Jet Airlines Inc.,16917,I,3,3,2024,2
0.00,,0.00,,,,0.00,,,,0.00,0.00,,0.00,,0.00,0.00,0.00,,0.00,0.00,,0.00,0.00,,,,,0.00,,0.00,,94.81,0.00,0.00,0.00,0.00,,,,94.81,,,,,,0.00,0.00,0.00,1,6,681,20447,U7,USA Jet Airlines Inc.,U7,USA Jet Airlines Inc.,16917,I,3,3,2024,3
0.00,,0.00,,,,0.00,,,,0.00,0.00,,0.00,,0.00,0.00,0.00,,0.00,0.00,,0.00,0.00,,,,,0.00,,0.00,,107.33,0.00,0.00,0.00,0.00,,,,107.33,,,,,,0.00,0.00,0.00,1,6,681,20447,U7,USA Jet Airlines Inc.,U7,USA Jet Airlines Inc.,06912,D,3,3,2024,2
0.00,,0.00,,,,0.00,,,,0.00,0.00,,0.00,,0.00,0.00,0.00,,0.00,0.00,,0.00,0.00,,,,,0.00,,0.00,,128.42,0.00,0.00,0.00,0.00,,,,128.42,,,,,,0.00,0.00,0.00,1,6,681,20447,U7,USA Jet Airlines Inc.,U7,USA Jet Airlines Inc.,06912,D,3,3,2024,1
0.00,,0.00,,,,0.00,,,,0.00,0.00,,0.00,,0.00,0.00,0.00,,0.00,0.00,,0.00,0.00,,,,,0.00,,0.00,,128.83,0.00,0.00,0.00,0.00,,,,128.83,,,,,,0.00,0.00,0.00,1,6,681,20447,U7,USA Jet Airlines Inc.,U7,USA Jet Airlines Inc.,16917,I,3,3,2024,4
0.00,,0.00,0.00,,,0.00,,,,0.00,0.00,,0.00,0.00,0.00,0.00,0.00,0.00,0.00,0.00,,0.00,0.00,0.00,,0.00,,0.00,0.00,0.00,,0.00,0.00,0.00,0.00,,,,,0.00,,,,,,0.00,0.00,0.00,2,7,730,20107,FX,Federal Express Corporation,FX,Federal Express Corporation,16197,P,3,3,2024,1
0.00,,0.00,0.00,,,0.00,,,,0.00,0.00,,0.00,0.00,0.00,0.00,0.00,0.00,0.00,0.00,,0.00,0.00,0.00,,0.00,,0.00,0.00,0.00,,0.00,0.00,0.00,0.00,,,,,0.00,,,,,,0.00,0.00,0.00,2,7,730,20107,FX,Federal Express Corporation,FX,Federal Express Corporation,16197,P,3,3,2024,2
0.00,,0.00,0.00,,,0.00,,,,0.00,0.00,,0.00,0.00,0.00,0.00,0.00,0.00,0.00,0.00,,0.00,0.00,0.00,,0.00,,0.00,0.00,0.00,,0.00,0.00,0.00,0.00,,,,,0.00,,,,,,0.00,0.00,0.00,2,7,730,20107,FX,Federal Express Corporation,FX,Federal Express Corporation,16197,P,3,3,2024,3
0.00,,0.00,0.00,,,0.00,,,,0.00,0.00,,0.00,0.00,0.00,0.00,0.00,0.00,0.00,0.00,,0.00,0.00,0.00,,0.00,,0.00,0.00,0.00,,0.00,0.00,0.00,0.00,,,,,0.00,,,,,,0.00,0.00,0.00,2,7,730,20107,FX,Federal Express Corporation,FX,Federal Express Corporation,16197,P,3,3,2024,4
0.00,,0.00,0.00,,,0.00,,0.00,,0.00,0.00,,0.00,,,0.00,0.00,0.00,-233.84,0.00,,-2.27,0.00,,,,,-236.11,0.00,-236.11,,2442.43,1142.90,403.77,0.00,85.74,4074.84,,,3838.73,,,,,,0.00,0.00,0.00,2,6,626,20370,KAQ,Kalitta Air LLC,KAQ,Kalitta Air LLC,06683,D,3,3,2024,3
0.00,,0.00,0.00,,,0.00,,0.00,,0.00,0.00,,0.00,,,0.00,0.00,0.00,0.00,0.00,,0.00,0.00,,,,,0.00,0.00,0.00,,0.00,0.00,0.00,0.00,0.00,0.00,,,0.00,,,,,,0.00,0.00,0.00,2,6,626,20370,KAQ,Kalitta Air LLC,KAQ,Kalitta Air LLC,16683,I,3,3,2024,1
0.00,,0.00,0.00,,,0.00,,0.00,,0.00,0.00,,0.00,,,0.00,0.00,0.00,0.00,0.00,,0.00,0.00,,,,,0.00,0.00,0.00,,0.00,0.00,0.00,0.00,0.00,0.00,,,0.00,,,,,,0.00,0.00,0.00,2,6,626,20370,KAQ,Kalitta Air LLC,KAQ,Kalitta Air LLC,16683,I,3,3,2024,2
0.00,,0.00,0.00,,,0.00,,0.00,,0.00,0.00,,0.00,,,0.00,0.00,0.00,0.00,0.00,,0.00,0.00,,,,,0.00,0.00,0.00,,0.00,0.00,0.00,0.00,0.00,0.00,,,0.00,,,,,,0.00,0.00,0.00,2,6,626,20370,KAQ,Kalitta Air LLC,KAQ,Kalitta Air LLC,16683,I,3,3,2024,3
0.00,,0.00,0.00,,,0.00,,0.00,,0.00,0.00,,0.00,,,0.00,0.00,0.00,0.00,0.00,,0.00,0.00,,,,,0.00,0.00,0.00,,0.00,0.00,0.00,0.00,0.00,0.00,,,0.00,,,,,,0.00,0.00,0.00,2,6,626,20370,KAQ,Kalitta Air LLC,KAQ,Kalitta Air LLC,16683,I,3,3,2024,4
0.00,,0.00,0.00,,,0.00,,0.00,,0.00,0.00,,0.00,,,0.00,0.00,0.00,0.00,0.00,,0.00,0.00,,,,,0.00,0.00,0.00,,0.00,0.00,0.00,0.00,0.00,0.00,,,0.00,,,,,,0.00,0.00,0.00,2,6,683,20370,KAQ,Kalitta Air LLC,KAQ,Kalitta Air LLC,06683,D,3,3,2024,2
0.00,,0.00,0.00,,,0.00,,0.00,,0.00,0.00,,0.00,,,0.00,0.00,0.00,0.00,0.00,,0.00,0.00,,,,,0.00,0.00,0.00,,0.00,0.00,0.00,0.00,0.00,0.00,,,0.00,,,,,,0.00,0.00,0.00,2,6,683,20370,KAQ,Kalitta Air LLC,KAQ,Kalitta Air LLC,06683,D,3,3,2024,3
0.00,,0.00,0.00,,,0.00,,0.00,,0.00,0.00,,0.00,,,0.00,0.00,0.00,0.00,0.00,,0.00,0.00,,,,,0.00,0.00,0.00,,0.00,0.00,0.00,0.00,0.00,0.00,,,0.00,,,,,,0.00,0.00,0.00,2,6,683,20370,KAQ,Kalitta Air LLC,KAQ,Kalitta Air LLC,06683,D,3,3,2024,4
0.00,,0.00,0.00,,,0.00,,0.00,,0.00,0.00,,0.00,,,0.00,0.00,0.00,0.00,0.00,,4.95,0.00,,,,,4.95,0.00,4.95,,2442.43,1142.90,357.17,0.00,85.74,4028.24,,,4033.19,,,,,,0.00,0.00,0.00,2,6,626,20370,KAQ,Kalitta Air LLC,KAQ,Kalitta Air LLC,06683,D,3,3,2024,4
0.00,,0.00,0.00,,,0.00,,0.00,,0.00,0.00,,0.00,,,0.00,0.00,0.00,0.00,0.00,,22.16,0.00,,,,,22.16,0.00,22.16,,2442.43,1142.90,500.49,0.00,85.74,4171.56,,,4193.71,,,,,,0.00,0.00,0.00,2,6,626,20370,KAQ,Kalitta Air LLC,KAQ,Kalitta Air LLC,06683,D,3,3,2024,1
0.00,,0.00,0.00,,,0.00,,0.00,,0.00,0.00,,0.00,,,0.00,0.00,0.00,2.46,0.00,,60.94,0.00,,,,,63.41,0.00,63.41,,2442.43,1142.90,444.66,0.00,85.74,4115.73,,,4179.14,,,,,,0.00,0.00,0.00,2,6,626,20370,KAQ,Kalitta Air LLC,KAQ,Kalitta Air LLC,06683,D,3,3,2024,2
0.00,,0.00,0.00,0.00,,0.00,,0.00,,0.00,0.00,,0.00,,0.00,0.00,0.00,,0.00,,,0.00,0.00,0.00,,,,0.00,0.00,0.00,,0.00,0.00,0.00,0.00,0.00,,0.00,0.00,0.00,,,,,,0.00,0.00,0.00,1,6,625,20007,5Y,Atlas Air Inc.,5Y,Atlas Air Inc.,06087,D,3,3,2024,1
0.00,,0.00,0.00,0.00,,0.00,,0.00,,0.00,0.00,,0.00,,0.00,0.00,0.00,,0.00,,,0.00,0.00,0.00,,,,0.00,0.00,0.00,,0.00,0.00,0.00,0.00,0.00,,0.00,0.00,0.00,,,,,,0.00,0.00,0.00,1,6,625,20007,5Y,Atlas Air Inc.,5Y,Atlas Air Inc.,06087,D,3,3,2024,2
0.00,,0.00,0.00,0.00,,0.00,,0.00,,0.00,0.00,,0.00,,0.00,0.00,0.00,,0.00,,,0.00,0.00,0.00,,,,0.00,0.00,0.00,,0.00,0.00,0.00,0.00,0.00,,0.00,0.00,0.00,,,,,,0.00,0.00,0.00,1,6,625,20007,5Y,Atlas Air Inc.,5Y,Atlas Air Inc.,06087,D,3,3,2024,3
0.00,,0.00,0.00,0.00,,0.00,,0.00,,0.00,0.00,,0.00,,0.00,0.00,0.00,,0.00,,,0.00,0.00,0.00,,,,0.00,0.00,0.00,,0.00,0.00,0.00,0.00,0.00,,0.00,0.00,0.00,,,,,,0.00,0.00,0.00,1,6,625,20007,5Y,Atlas Air Inc.,5Y,Atlas Air Inc.,06087,D,3,3,2024,4
0.00,,0.00,0.00,0.00,,0.00,,0.00,,0.00,0.00,,0.00,,0.00,0.00,0.00,,0.00,,,0.00,0.00,0.00,,,,0.00,0.00,0.00,,0.00,0.00,0.00,0.00,0.00,,0.00,0.00,0.00,,,,,,0.00,0.00,0.00,1,6,625,20007,5Y,Atlas Air Inc.,5Y,Atlas Air Inc.,16087,I,3,3,2024,1
0.00,,0.00,0.00,0.00,,0.00,,0.00,,0.00,0.00,,0.00,,0.00,0.00,0.00,,0.00,,,0.00,0.00,0.00,,,,0.00,0.00,0.00,,0.00,0.00,0.00,0.00,0.00,,0.00,0.00,0.00,,,,,,0.00,0.00,0.00,1,6,625,20007,5Y,Atlas Air Inc.,5Y,Atlas Air Inc.,16087,I,3,3,2024,2
0.00,,0.00,0.00,0.00,,0.00,,0.00,,0.00,0.00,,0.00,,0.00,0.00,0.00,,0.00,,,0.00,0.00,0.00,,,,0.00,0.00,0.00,,0.00,0.00,0.00,0.00,0.00,,0.00,0.00,0.00,,,,,,0.00,0.00,0.00,1,6,625,20007,5Y,Atlas Air Inc.,5Y,Atlas Air Inc.,16087,I,3,3,2024,3
0.00,,0.00,0.00,0.00,,0.00,,0.00,,0.00,0.00,,0.00,,0.00,0.00,0.00,,0.00,,,0.00,0.00,0.00,,,,0.00,0.00,0.00,,0.00,0.00,0.00,0.00,0.00,,0.00,0.00,0.00,,,,,,0.00,0.00,0.00,1,6,625,20007,5Y,Atlas Air Inc.,5Y,Atlas Air Inc.,16087,I,3,3,2024,4
0.00,,0.00,0.00,0.00,,0.00,,0.00,,0.00,0.00,,0.00,,0.00,0.00,0.00,,0.00,,,0.00,0.00,0.00,,,,0.00,0.00,0.00,,0.00,0.00,0.00,0.00,0.00,,0.00,0.00,0.00,,,,,,0.00,0.00,0.00,2,6,625,20007,5Y,Atlas Air Inc.,5Y,Atlas Air Inc.,06087,D,3,3,2024,1
0.00,,0.00,0.00,0.00,,0.00,,0.00,,0.00,0.00,,0.00,,0.00,0.00,0.00,,0.00,,,0.00,0.00,0.00,,,,0.00,0.00,0.00,,0.00,0.00,0.00,0.00,0.00,,0.00,0.00,0.00,,,,,,0.00,0.00,0.00,2,6,625,20007,5Y,Atlas Air Inc.,5Y,Atlas Air Inc.,06087,D,3,3,2024,2
0.00,,0.00,0.00,0.00,,0.00,,0.00,,0.00,0.00,,0.00,,0.00,0.00,0.00,,0.00,,,0.00,0.00,0.00,,,,0.00,0.00,0.00,,0.00,0.00,0.00,0.00,0.00,,0.00,0.00,0.00,,,,,,0.00,0.00,0.00,2,6,625,20007,5Y,Atlas Air Inc.,5Y,Atlas Air Inc.,06087,D,3,3,2024,3
0.00,,0.00,0.00,0.00,,0.00,,0.00,,0.00,0.00,,0.00,,0.00,0.00,0.00,,0.00,,,0.00,0.00,0.00,,,,0.00,0.00,0.00,,0.00,0.00,0.00,0.00,0.00,,0.00,0.00,0.00,,,,,,0.00,0.00,0.00,2,6,625,20007,5Y,Atlas Air Inc.,5Y,Atlas Air Inc.,06087,D,3,3,2024,4
0.00,,0.00,0.00,0.00,,0.00,,0.00,,0.00,0.00,,0.00,,0.00,0.00,0.00,,0.00,,,0.00,0.00,0.00,,,,0.00,0.00,0.00,,0.00,0.00,0.00,0.00,0.00,,0.00,0.00,0.00,,,,,,0.00,0.00,0.00,2,6,625,20100,PO,Polar Air Cargo Airways,PO,Polar Air Cargo Airways,06758,D,3,3,2024,3
0.00,,0.00,0.00,0.00,,0.00,,0.00,,0.00,0.00,,0.00,,0.00,0.00,0.00,,0.00,,,0.00,0.00,0.00,,,,0.00,0.00,0.00,,0.00,0.00,0.00,0.00,0.00,,0.00,0.00,0.00,,,,,,0.00,0.00,0.00,2,6,625,20100,PO,Polar Air Cargo Airways,PO,Polar Air Cargo Airways,06758,D,3,3,2024,4
0.00,,0.00,0.00,0.00,,0.00,,0.00,,0.00,0.00,,0.00,,0.00,0.00,0.00,,0.00,,,0.00,0.00,0.00,,,,0.00,0.00,0.00,,0.00,0.00,0.00,0.00,0.00,,0.00,0.00,0.00,,,,,,0.00,0.00,0.00,2,6,625,20100,PO,Polar Air Cargo Airways,PO,Polar Air Cargo Airways,16758,P,3,3,2024,3
0.00,,0.00,0.00,0.00,,0.00,,0.00,,0.00,0.00,,0.00,,0.00,0.00,0.00,,0.00,,,0.00,0.00,0.00,,,,0.00,0.00,0.00,,0.00,0.00,0.00,0.00,0.00,,0.00,0.00,0.00,,,,,,0.00,0.00,0.00,2,6,625,20100,PO,Polar Air Cargo Airways,PO,Polar Air Cargo Airways,16758,P,3,3,2024,4
0.00,,0.00,0.00,0.00,,0.00,,0.00,,0.00,0.00,,0.00,,0.00,0.00,0.00,,0.00,,,0.00,0.00,0.00,,,,0.00,0.00,0.00,,0.00,0.00,0.00,0.00,0.00,,0.00,0.00,0.00,,,,,,0.00,0.00,0.00,2,8,817,20007,5Y,Atlas Air Inc.,5Y,Atlas Air Inc.,16087,I,3,3,2024,1
0.00,,0.00,0.00,0.00,,0.00,,0.00,,0.00,0.00,,0.00,,0.00,0.00,0.00,,0.00,,,0.00,0.00,0.00,,,,0.00,0.00,0.00,,0.00,0.00,0.00,0.00,0.00,,0.00,0.00,0.00,,,,,,0.00,0.00,0.00,2,8,817,20007,5Y,Atlas Air Inc.,5Y,Atlas Air Inc.,16087,I,3,3,2024,2
0.00,,0.00,0.00,0.00,,0.00,,0.00,,0.00,0.00,,0.00,,0.00,0.00,0.00,,0.00,,,0.00,0.00,0.00,,,,0.00,0.00,0.00,,0.00,0.00,0.00,0.00,0.00,,0.00,0.00,0.00,,,,,,0.00,0.00,0.00,2,8,817,20007,5Y,Atlas Air Inc.,5Y,Atlas Air Inc.,16087,I,3,3,2024,3
0.00,,0.00,0.00,0.00,,0.00,,0.00,,0.00,0.00,,0.00,,0.00,0.00,0.00,,0.00,,,0.00,0.00,0.00,,,,0.00,0.00,0.00,,0.00,0.00,0.00,0.00,0.00,,0.00,0.00,0.00,,,,,,0.00,0.00,0.00,2,8,817,20007,5Y,Atlas Air Inc.,5Y,Atlas Air Inc.,16087,I,3,3,2024,4
0.00,,0.00,0.00,0.00,,0.00,,0.00,,0.00,0.00,,0.00,,0.00,0.00,0.00,,0.00,,,0.00,0.00,0.00,,,,0.00,0.00,0.00,,0.00,0.00,0.00,0.00,0.00,,0.00,0.00,0.00,,,,,,0.00,0.00,0.00,2,8,819,20100,PO,Polar Air Cargo Airways,PO,Polar Air Cargo Airways,06758,D,3,3,2024,1
0.00,,0.00,0.00,0.00,,0.00,,0.00,,0.00,0.00,,0.00,,0.00,0.00,0.00,,0.00,,,0.00,0.00,0.00,,,,0.00,0.00,0.00,,0.00,0.00,0.00,0.00,0.00,,0.00,0.00,0.00,,,,,,0.00,0.00,0.00,2,8,819,20100,PO,Polar Air Cargo Airways,PO,Polar Air Cargo Airways,06758,D,3,3,2024,3
0.00,,0.00,0.00,0.00,,0.00,,0.00,,0.00,0.00,,0.00,,0.00,0.00,0.00,,0.00,,,0.00,0.00,0.00,,,,0.00,0.00,0.00,,0.00,0.00,0.00,0.00,0.00,,0.00,0.00,0.00,,,,,,0.00,0.00,0.00,2,8,819,20100,PO,Polar Air Cargo Airways,PO,Polar Air Cargo Airways,06758,D,3,3,2024,4
0.00,,0.00,0.00,0.00,,0.00,,0.00,,0.00,0.00,,0.00,,0.00,0.00,0.00,,0.00,,,0.00,0.00,0.00,,,,0.00,0.00,0.00,,0.00,0.00,0.00,0.00,0.00,,0.00,0.00,0.00,,,,,,0.00,0.00,0.00,2,8,819,20100,PO,Polar Air Cargo Airways,PO,Polar Air Cargo Airways,16757,A,3,3,2024,1
0.00,,0.00,0.00,0.00,,0.00,,0.00,,0.00,0.00,,0.00,,0.00,0.00,0.00,,0.00,,,0.00,0.00,0.00,,,,0.00,0.00,0.00,,0.00,0.00,0.00,0.00,0.00,,0.00,0.00,0.00,,,,,,0.00,0.00,0.00,2,8,819,20100,PO,Polar Air Cargo Airways,PO,Polar Air Cargo Airways,16757,A,3,3,2024,2
0.00,,0.00,0.00,0.00,,0.00,,0.00,,0.00,0.00,,0.00,,0.00,0.00,0.00,,0.00,,,0.00,0.00,0.00,,,,0.00,0.00,0.00,,0.00,0.00,0.00,0.00,0.00,,0.00,0.00,0.00,,,,,,0.00,0.00,0.00,2,8,819,20100,PO,Polar Air Cargo Airways,PO,Polar Air Cargo Airways,16757,A,3,3,2024,3
0.00,,0.00,0.00,0.00,,0.00,,0.00,,0.00,0.00,,0.00,,0.00,0.00,0.00,,0.00,,,0.00,0.00,0.00,,,,0.00,0.00,0.00,,0.00,0.00,0.00,0.00,0.00,,0.00,0.00,0.00,,,,,,0.00,0.00,0.00,2,8,819,20100,PO,Polar Air Cargo Airways,PO,Polar Air Cargo Airways,16757,A,3,3,2024,4
0.00,,0.00,0.00,0.00,,0.00,,0.00,,0.00,0.00,,0.00,,0.00,0.00,0.00,,0.00,,,0.00,0.00,0.00,,,,0.00,0.00,0.00,,0.00,0.00,0.00,0.00,0.00,,0.00,0.00,0.00,,,,,,0.00,0.00,0.00,2,8,819,20100,PO,Polar Air Cargo Airways,PO,Polar Air Cargo Airways,16758,P,3,3,2024,1
0.00,,0.00,0.00,0.00,,0.00,,0.00,,0.00,0.00,,0.00,,0.00,0.00,0.00,,0.00,,,0.00,0.00,0.00,,,,0.00,0.00,0.00,,0.00,0.00,0.00,0.00,0.00,,0.00,0.00,0.00,,,,,,0.00,0.00,0.00,2,8,819,20100,PO,Polar Air Cargo Airways,PO,Polar Air Cargo Airways,16758,P,3,3,2024,3
0.00,,0.00,0.00,0.00,,0.00,,0.00,,0.00,0.00,,0.00,,0.00,0.00,0.00,,0.00,,,0.00,0.00,0.00,,,,0.00,0.00,0.00,,0.00,0.00,0.00,0.00,0.00,,0.00,0.00,0.00,,,,,,0.00,0.00,0.00,2,8,819,20100,PO,Polar Air Cargo Airways,PO,Polar Air Cargo Airways,16758,P,3,3,2024,4
0.00,,0.00,0.00,0.00,,0.00,,0.00,,0.00,0.00,,0.00,,0.00,0.00,0.00,,0.00,,,0.00,0.00,0.00,,,,0.00,0.00,0.00,,0.00,0.00,0.00,0.00,0.00,,0.00,0.00,0.00,,,,,,0.00,0.00,0.00,2,8,821,20100,PO,Polar Air Cargo Airways,PO,Polar Air Cargo Airways,16757,A,3,3,2024,2
0.00,,0.00,0.00,0.00,,0.00,,0.00,,0.00,0.00,,0.00,,0.00,0.00,0.00,,0.00,,,0.00,0.00,0.00,,,,0.00,0.00,0.00,,0.00,0.00,0.00,0.00,0.00,,0.00,0.00,0.00,,,,,,0.00,0.00,0.00,2,8,821,20100,PO,Polar Air Cargo Airways,PO,Polar Air Cargo Airways,16757,A,3,3,2024,4
0.00,,0.00,0.00,0.00,,49.20,,137.65,,0.00,0.00,,0.00,,0.00,186.85,0.07,,0.00,,,0.29,0.00,0.00,,,,0.36,0.12,0.48,,0.00,0.00,0.00,0.00,0.00,,0.00,0.00,187.33,,,,,,0.03,0.01,92.44,2,8,819,20100,PO,Polar Air Cargo Airways,PO,Polar Air Cargo Airways,06758,D,3,3,2024,2
0.00,,0.00,0.00,0.00,,49.98,,155.57,,0.00,0.00,,0.00,,0.00,205.55,0.07,,0.00,,,0.38,0.00,0.00,,,,0.46,0.13,0.59,,0.00,0.00,0.00,0.00,0.00,,0.00,0.00,206.14,,,,,,0.06,0.02,56.24,2,6,625,20100,PO,Polar Air Cargo Airways,PO,Polar Air Cargo Airways,06758,D,3,3,2024,1
0.00,,0.00,0.00,0.00,,273.53,,803.64,,0.00,0.00,,0.00,,0.00,1077.17,0.39,,0.00,,,1.69,0.00,0.00,,,,2.08,0.69,2.78,,0.00,0.00,0.00,0.00,0.00,,0.00,0.00,1079.95,,,,,,0.05,0.01,69.27,2,6,625,20100,PO,Polar Air Cargo Airways,PO,Polar Air Cargo Airways,06758,D,3,3,2024,2
0.00,,0.00,0.00,0.00,,429.40,,1238.35,,0.00,0.00,,0.00,,0.00,1667.75,0.60,,0.00,,,4.84,0.00,0.00,,,,5.44,0.85,6.28,,0.00,0.00,0.00,0.00,0.00,,0.00,0.00,1674.03,,,,,,0.12,0.01,218.20,2,8,821,20100,PO,Polar Air Cargo Airways,PO,Polar Air Cargo Airways,16757,A,3,3,2024,3
0.00,,0.00,0.00,0.00,,970.02,,3019.35,,0.00,0.00,,0.00,,0.00,3989.37,1.44,,0.00,,,7.46,0.00,0.00,,,,8.90,2.58,11.48,,0.00,0.00,0.00,0.00,0.00,,0.00,0.00,4000.85,,,,,,0.81,0.06,1878.25,2,8,821,20100,PO,Polar Air Cargo Airways,PO,Polar Air Cargo Airways,06758,D,3,3,2024,1
0.00,,0.00,0.00,0.00,,1024.84,,2867.03,,0.00,0.00,,0.00,,0.00,3891.87,1.40,,0.00,,,6.07,0.00,0.00,,,,7.47,2.48,9.94,,0.00,0.00,0.00,0.00,0.00,,0.00,0.00,3901.82,,,,,,0.17,0.08,537.13,2,8,819,20100,PO,Polar Air Cargo Airways,PO,Polar Air Cargo Airways,16758,P,3,3,2024,2
0.00,,0.00,0.00,0.00,,1584.11,,4938.65,,0.00,0.00,,0.00,,0.00,6522.76,2.36,,0.00,,,12.19,0.00,0.00,,,,14.56,4.22,18.77,,0.00,0.00,0.00,0.00,0.00,,0.00,0.00,6541.53,,,,,,0.38,0.16,415.55,2,6,625,20100,PO,Polar Air Cargo Airways,PO,Polar Air Cargo Airways,16758,P,3,3,2024,1
0.00,,0.00,0.00,0.00,,1648.54,,4838.17,,0.00,0.00,,0.00,,0.00,6486.71,2.35,,0.00,,,10.20,0.00,0.00,,,,12.55,4.16,16.71,,0.00,0.00,0.00,0.00,0.00,,0.00,0.00,6503.42,,,,,,0.31,0.08,402.51,2,6,625,20100,PO,Polar Air Cargo Airways,PO,Polar Air Cargo Airways,16758,P,3,3,2024,2
0.00,,0.00,0.00,0.00,,4618.28,,20925.16,,0.00,0.00,,0.00,,0.00,25543.44,7.34,,0.00,,,81.30,0.00,0.00,,,,88.64,9.04,97.67,,0.00,0.00,0.00,0.00,0.00,,0.00,0.00,25641.11,,,,,,1.45,0.07,3023.87,2,8,821,20100,PO,Polar Air Cargo Airways,PO,Polar Air Cargo Airways,06758,D,3,3,2024,4
0.00,,0.00,0.00,0.00,,5259.50,,15459.61,,0.00,0.00,,0.00,,0.00,20719.11,7.51,,0.00,,,32.58,0.00,0.00,,,,40.09,13.29,53.38,,0.00,0.00,0.00,0.00,0.00,,0.00,0.00,20772.49,,,,,,0.76,0.08,2313.67,2,8,821,20100,PO,Polar Air Cargo Airways,PO,Polar Air Cargo Airways,06758,D,3,3,2024,2
0.00,,0.00,0.00,0.00,,6362.04,,19877.04,,0.00,0.00,,0.00,,0.00,26239.07,9.50,,0.00,,,49.05,0.00,0.00,,,,58.55,16.97,75.52,,0.00,0.00,0.00,0.00,0.00,,0.00,0.00,26314.59,,,,,,0.51,0.04,1137.82,2,8,821,20100,PO,Polar Air Cargo Airways,PO,Polar Air Cargo Airways,16757,A,3,3,2024,1
0.00,,0.00,0.00,0.00,,7510.50,,21631.03,,0.00,0.00,,0.00,,0.00,29141.53,10.51,,0.00,,,84.48,0.00,0.00,,,,94.99,14.79,109.78,,0.00,0.00,0.00,0.00,0.00,,0.00,0.00,29251.31,,,,,,1.23,0.06,2337.53,2,8,821,20100,PO,Polar Air Cargo Airways,PO,Polar Air Cargo Airways,06758,D,3,3,2024,3
0.00,,0.00,0.00,0.00,,30744.62,,95850.13,,0.00,0.00,,0.00,,0.00,126594.75,45.85,,0.00,,,236.64,0.00,0.00,,,,282.49,81.87,364.37,,0.00,0.00,0.00,0.00,0.00,,0.00,0.00,126959.12,,,,,,5.47,0.48,12741.04,2,8,821,20100,PO,Polar Air Cargo Airways,PO,Polar Air Cargo Airways,16758,P,3,3,2024,1
0.00,,0.00,0.00,0.00,,30970.24,,91033.02,,0.00,0.00,,0.00,,0.00,122003.26,44.19,,0.00,,,191.86,0.00,0.00,,,,236.05,78.28,314.33,,0.00,0.00,0.00,0.00,0.00,,0.00,0.00,122317.59,,,,,,4.41,0.47,13443.44,2,8,821,20100,PO,Polar Air Cargo Airways,PO,Polar Air Cargo Airways,16758,P,3,3,2024,2
0.00,,0.00,0.00,0.00,,31989.10,,144883.55,,0.00,0.00,,0.00,,0.00,176872.65,50.81,,0.00,,,562.91,0.00,0.00,,,,613.72,62.56,676.27,,0.00,0.00,0.00,0.00,0.00,,0.00,0.00,177548.92,,,,,,6.20,0.30,12966.00,2,8,821,20100,PO,Polar Air Cargo Airways,PO,Polar Air Cargo Airways,16758,P,3,3,2024,4
0.00,,0.00,0.00,0.00,,32081.89,,92388.40,,0.00,0.00,,0.00,,0.00,124470.28,44.87,,0.00,,,360.84,0.00,0.00,,,,405.71,63.18,468.89,,0.00,0.00,0.00,0.00,0.00,,0.00,0.00,124939.18,,,,,,6.30,0.31,11955.18,2,8,821,20100,PO,Polar Air Cargo Airways,PO,Polar Air Cargo Airways,16758,P,3,3,2024,3
0.00,0.00,0.00,,,,0.00,,,,0.00,0.00,,0.00,,0.00,0.00,0.00,,0.00,0.00,,0.00,0.00,,,,,0.00,,0.00,,0.00,0.00,0.00,0.00,0.00,,,,0.00,,,,,,0.00,0.00,0.00,2,6,635,20447,U7,USA Jet Airlines Inc.,U7,USA Jet Airlines Inc.,06912,D,3,3,2024,3
0.00,0.00,0.00,,,,0.00,,,,0.00,0.00,,0.00,,0.00,0.00,0.00,,0.00,0.00,,0.00,0.00,,,,,0.00,,0.00,,0.00,0.00,0.00,0.00,0.00,,,,0.00,,,,,,0.00,0.00,0.00,2,6,635,20447,U7,USA Jet Airlines Inc.,U7,USA Jet Airlines Inc.,06912,D,3,3,2024,4
0.00,0.00,0.00,,,,0.00,,,,0.00,0.00,,0.00,,0.00,0.00,0.00,,0.00,0.00,,0.00,0.00,,,,,0.00,,0.00,,0.00,0.00,0.00,0.00,0.00,,,,0.00,,,,,,0.00,0.00,0.00,2,6,640,20447,U7,USA Jet Airlines Inc.,U7,USA Jet Airlines Inc.,06912,D,3,3,2024,3
0.00,0.00,0.00,,,,0.00,,,,0.00,0.00,,0.00,,0.00,0.00,0.00,,0.00,0.00,,0.00,0.00,,,,,0.00,,0.00,,0.00,0.00,0.00,0.00,0.00,,,,0.00,,,,,,0.00,0.00,0.00,2,6,640,20447,U7,USA Jet Airlines Inc.,U7,USA Jet Airlines Inc.,06912,D,3,3,2024,4
0.00,0.00,0.00,,,,0.00,,,,0.00,0.00,,0.00,,0.00,0.00,0.00,,0.00,0.00,,0.00,0.00,,,,,0.00,,0.00,,0.00,0.00,0.00,0.00,0.00,,,,0.00,,,,,,0.00,0.00,0.00,2,6,681,20447,U7,USA Jet Airlines Inc.,U7,USA Jet Airlines Inc.,06912,D,3,3,2024,3
0.00,0.00,0.00,,,,0.00,,,,0.00,0.00,,0.00,,0.00,0.00,0.00,,0.00,0.00,,0.00,0.00,,,,,0.00,,0.00,,0.00,0.00,0.00,0.00,0.00,,,,0.00,,,,,,0.00,0.00,0.00,2,6,681,20447,U7,USA Jet Airlines Inc.,U7,USA Jet Airlines Inc.,06912,D,3,3,2024,4
0.00,0.00,0.00,,,,0.00,,,,0.00,0.00,,0.00,,0.00,0.00,0.00,,0.00,0.00,,0.00,0.00,,,,,0.00,,0.00,,82.36,0.00,0.00,0.00,0.00,,,,82.36,,,,,,0.00,0.00,0.00,1,6,681,20447,U7,USA Jet Airlines Inc.,U7,USA Jet Airlines Inc.,06912,D,3,3,2024,4
0.00,0.00,0.00,,,,0.00,,,,0.00,0.00,,0.00,,0.00,0.00,0.00,,0.00,0.00,,0.00,0.00,,,,,0.00,,0.00,,115.88,0.00,0.00,0.00,0.00,,,,115.88,,,,,,0.00,0.00,0.00,1,6,681,20447,U7,USA Jet Airlines Inc.,U7,USA Jet Airlines Inc.,06912,D,3,3,2024,3
0.00,0.00,0.00,0.00,,,0.00,,0.00,,0.00,0.00,,0.00,0.00,0.00,0.00,0.00,,,,,0.00,,,,,,0.00,,0.00,,,0.00,,,,,,,0.00,,,,,,0.00,0.00,0.00,2,7,740,20195,WI,Sky Lease Cargo,WI,Sky Lease Cargo,16884,I,2,2,2024,1
0.00,0.00,0.00,0.00,,,0.00,,0.00,,0.00,0.00,,0.00,0.00,0.00,0.00,0.00,,,,,0.00,,,,,,0.00,,0.00,,,0.00,,,,,,,0.00,,,,,,0.00,0.00,0.00,2,7,740,20195,WI,Sky Lease Cargo,WI,Sky Lease Cargo,16884,I,2,2,2024,2
0.00,0.00,0.00,0.00,,,0.00,,0.00,,0.00,0.00,,0.00,0.00,0.00,0.00,0.00,,,,,0.00,,,,,,0.00,,0.00,,,0.00,,,,,,,0.00,,,,,,0.00,0.00,0.00,2,7,740,20195,WI,Sky Lease Cargo,WI,Sky Lease Cargo,16884,I,2,2,2024,3
0.00,0.00,0.00,0.00,,,0.00,,0.00,,0.00,0.00,,0.00,0.00,0.00,0.00,0.00,,,,,0.00,,,,,,0.00,,0.00,,,0.00,,,,,,,0.00,,,,,,0.00,0.00,0.00,2,7,740,20195,WI,Sky Lease Cargo,WI,Sky Lease Cargo,16884,I,2,2,2024,4
0.00,0.00,0.00,0.00,0.00,,0.00,,0.00,,0.00,0.00,,0.00,0.00,0.00,0.00,0.00,0.00,0.00,0.00,,0.00,0.00,0.00,,0.00,,0.00,0.00,0.00,,0.00,0.00,0.00,0.00,,,,,0.00,,,,,,0.00,0.00,0.00,2,7,730,20107,FX,Federal Express Corporation,FX,Federal Express Corporation,16195,L,3,3,2024,1
0.00,0.00,0.00,0.00,0.00,,0.00,,0.00,,0.00,0.00,,0.00,0.00,0.00,0.00,0.00,0.00,0.00,0.00,,0.00,0.00,0.00,,0.00,,0.00,0.00,0.00,,0.00,0.00,0.00,0.00,,,,,0.00,,,,,,0.00,0.00,0.00,2,7,730,20107,FX,Federal Express Corporation,FX,Federal Express Corporation,16195,L,3,3,2024,2
0.00,0.00,0.00,0.00,0.00,,0.00,,0.00,,0.00,0.00,,0.00,0.00,0.00,0.00,0.00,0.00,0.00,0.00,,0.00,0.00,0.00,,0.00,,0.00,0.00,0.00,,0.00,0.00,0.00,0.00,,,,,0.00,,,,,,0.00,0.00,0.00,2,7,730,20107,FX,Federal Express Corporation,FX,Federal Express Corporation,16195,L,3,3,2024,3
0.00,0.00,0.00,0.00,0.00,,0.00,,0.00,,0.00,0.00,,0.00,0.00,0.00,0.00,0.00,0.00,0.00,0.00,,0.00,0.00,0.00,,0.00,,0.00,0.00,0.00,,0.00,0.00,0.00,0.00,,,,,0.00,,,,,,0.00,0.00,0.00,2,7,730,20107,FX,Federal Express Corporation,FX,Federal Express Corporation,16195,L,3,3,2024,4
0.00,0.00,0.00,0.00,0.00,,0.00,,0.00,0.00,0.00,0.00,,0.00,0.00,-738.00,-738.00,49.00,5.00,11.00,10.00,,883.00,809.00,257.00,,188.00,,2212.00,1843.00,4055.00,,138.00,160.00,15.00,9.00,,,,,3639.00,,,,,,0.17,0.07,280.94,2,6,691,20107,FX,Federal Express Corporation,FX,Federal Express Corporation,16197,P,3,3,2024,1
0.00,0.00,0.00,0.00,0.00,,0.00,,0.00,0.00,0.00,0.00,,0.00,0.00,-562.00,-562.00,49.00,5.00,9.00,16.00,,925.00,883.00,222.00,,153.00,,2262.00,1917.00,4179.00,,113.00,131.00,14.00,11.00,,,,,3886.00,,,,,,0.13,0.06,218.40,2,6,691,20107,FX,Federal Express Corporation,FX,Federal Express Corporation,16197,P,3,3,2024,2
0.00,0.00,0.00,0.00,0.00,,0.00,,0.00,0.00,0.00,0.00,,0.00,0.00,-248.00,-248.00,21.00,2.00,5.00,11.00,,382.00,356.00,114.00,,70.00,,961.00,879.00,1840.00,,72.00,86.00,10.00,9.00,,,,,1769.00,,,,,,0.07,0.04,111.19,2,6,691,20107,FX,Federal Express Corporation,FX,Federal Express Corporation,16197,P,3,3,2024,4
0.00,0.00,0.00,0.00,0.00,,0.00,,0.00,0.00,0.00,0.00,,0.00,0.00,0.00,0.00,,,0.00,,,0.00,0.00,0.00,,0.00,,0.00,0.00,0.00,,0.00,0.00,0.00,0.00,,,,,0.00,,,,,,0.00,0.00,0.00,2,6,622,20107,FX,Federal Express Corporation,FX,Federal Express Corporation,16195,L,3,3,2024,1
0.00,0.00,0.00,0.00,0.00,,0.00,,0.00,0.00,0.00,0.00,,0.00,0.00,0.00,0.00,,,0.00,,,0.00,0.00,0.00,,0.00,,0.00,0.00,0.00,,0.00,0.00,0.00,0.00,,,,,0.00,,,,,,0.00,0.00,0.00,2,6,622,20107,FX,Federal Express Corporation,FX,Federal Express Corporation,16195,L,3,3,2024,2
0.00,0.00,0.00,0.00,0.00,,0.00,,0.00,0.00,0.00,0.00,,0.00,0.00,0.00,0.00,,,0.00,,,1.00,0.00,-1.00,,0.00,,0.00,0.00,0.00,,0.00,0.00,0.00,0.00,,,,,0.00,,,,,,0.00,0.00,0.00,2,6,622,20107,FX,Federal Express Corporation,FX,Federal Express Corporation,16197,P,3,3,2024,1
0.00,0.00,0.00,0.00,0.00,,0.00,,0.00,0.00,0.00,0.00,,0.00,0.00,0.00,0.00,,,0.00,,,1.00,0.00,-1.00,,0.00,,0.00,0.00,0.00,,0.00,0.00,0.00,0.00,,,,,0.00,,,,,,0.00,0.00,0.00,2,6,622,20107,FX,Federal Express Corporation,FX,Federal Express Corporation,16197,P,3,3,2024,2
0.00,0.00,0.00,0.00,0.00,,0.00,,0.00,0.00,0.00,0.00,,0.00,0.00,0.00,0.00,,,0.00,,,1.00,0.00,-1.00,,0.00,,0.00,0.00,0.00,,0.00,0.00,0.00,0.00,,,,,0.00,,,,,,0.00,0.00,0.00,2,6,622,20107,FX,Federal Express Corporation,FX,Federal Express Corporation,16197,P,3,3,2024,3
0.00,0.00,0.00,0.00,0.00,,0.00,,0.00,0.00,0.00,0.00,,0.00,0.00,0.00,0.00,,,0.00,,,1.00,0.00,-1.00,,0.00,,0.00,0.00,0.00,,0.00,0.00,0.00,0.00,,,,,0.00,,,,,,0.00,0.00,0.00,2,6,622,20107,FX,Federal Express Corporation,FX,Federal Express Corporation,16197,P,3,3,2024,4
0.00,0.00,0.00,0.00,0.00,,0.00,,0.00,0.00,0.00,0.00,,0.00,0.00,0.00,0.00,0.00,0.00,0.00,0.00,,0.00,0.00,0.00,,0.00,,0.00,0.00,0.00,,0.00,0.00,0.00,0.00,,,,,0.00,,,,,,0.00,0.00,0.00,2,6,691,20107,FX,Federal Express Corporation,FX,Federal Express Corporation,16195,L,3,3,2024,1
0.00,0.00,0.00,0.00,0.00,,0.00,,0.00,0.00,0.00,0.00,,0.00,0.00,0.00,0.00,0.00,0.00,0.00,0.00,,0.00,0.00,0.00,,0.00,,0.00,0.00,0.00,,0.00,0.00,0.00,0.00,,,,,0.00,,,,,,0.00,0.00,0.00,2,6,691,20107,FX,Federal Express Corporation,FX,Federal Express Corporation,16195,L,3,3,2024,2
0.00,0.00,0.00,0.00,0.00,,0.00,,0.00,0.00,0.00,0.00,,0.00,0.00,0.00,0.00,0.00,0.00,0.00,0.00,,0.00,0.00,0.00,,0.00,,0.00,0.00,0.00,,0.00,0.00,0.00,0.00,,,,,0.00,,,,,,0.00,0.00,0.00,2,6,691,20107,FX,Federal Express Corporation,FX,Federal Express Corporation,16195,L,3,3,2024,3
0.00,0.00,0.00,0.00,0.00,,0.00,,0.00,0.00,0.00,0.00,,0.00,0.00,0.00,0.00,0.00,0.00,0.00,0.00,,0.00,0.00,0.00,,0.00,,0.00,0.00,0.00,,0.00,0.00,0.00,0.00,,,,,0.00,,,,,,0.00,0.00,0.00,2,6,691,20107,FX,Federal Express Corporation,FX,Federal Express Corporation,16195,L,3,3,2024,4
0.00,0.00,0.00,0.00,0.00,,0.00,,0.00,0.00,0.00,0.00,,0.00,0.00,0.00,0.00,0.00,0.00,0.00,0.00,,0.00,0.00,0.00,,0.00,,0.00,0.00,0.00,,0.00,0.00,0.00,0.00,,,,,0.00,,,,,,0.00,0.00,0.00,2,6,691,20107,FX,Federal Express Corporation,FX,Federal Express Corporation,16196,A,3,3,2024,1
0.00,0.00,0.00,0.00,0.00,,0.00,,0.00,0.00,0.00,0.00,,0.00,0.00,0.00,0.00,0.00,0.00,0.00,0.00,,0.00,0.00,0.00,,0.00,,0.00,0.00,0.00,,0.00,0.00,0.00,0.00,,,,,0.00,,,,,,0.00,0.00,0.00,2,6,691,20107,FX,Federal Express Corporation,FX,Federal Express Corporation,16196,A,3,3,2024,2
0.00,0.00,0.00,0.00,0.00,,0.00,,0.00,0.00,0.00,0.00,,0.00,0.00,0.00,0.00,0.00,0.00,0.00,0.00,,0.00,0.00,0.00,,0.00,,0.00,0.00,0.00,,0.00,0.00,0.00,0.00,,,,,0.00,,,,,,0.00,0.00,0.00,2,6,691,20107,FX,Federal Express Corporation,FX,Federal Express Corporation,16196,A,3,3,2024,3
0.00,0.00,0.00,0.00,0.00,,0.00,,0.00,0.00,0.00,0.00,,0.00,0.00,0.00,0.00,0.00,0.00,0.00,0.00,,0.00,0.00,0.00,,0.00,,0.00,0.00,0.00,,0.00,0.00,0.00,0.00,,,,,0.00,,,,,,0.00,0.00,0.00,2,6,691,20107,FX,Federal Express Corporation,FX,Federal Express Corporation,16196,A,3,3,2024,4
0.00,0.00,0.00,0.00,0.00,,0.00,,0.00,0.00,0.00,0.00,,0.00,0.00,0.00,0.00,0.00,0.00,0.00,0.00,,0.00,0.00,0.00,,0.00,,0.00,0.00,0.00,,0.00,0.00,0.00,0.00,,,,,0.00,,,,,,0.00,0.00,0.00,2,6,692,20107,FX,Federal Express Corporation,FX,Federal Express Corporation,06200,D,3,3,2024,1
0.00,0.00,0.00,0.00,0.00,,0.00,,0.00,0.00,0.00,0.00,,0.00,0.00,0.00,0.00,0.00,0.00,0.00,0.00,,0.00,0.00,0.00,,0.00,,0.00,0.00,0.00,,0.00,0.00,0.00,0.00,,,,,0.00,,,,,,0.00,0.00,0.00,2,6,692,20107,FX,Federal Express Corporation,FX,Federal Express Corporation,06200,D,3,3,2024,2
0.00,0.00,0.00,0.00,0.00,,0.00,,0.00,0.00,0.00,0.00,,0.00,0.00,0.00,0.00,0.00,0.00,0.00,0.00,,0.00,0.00,0.00,,0.00,,0.00,0.00,0.00,,0.00,0.00,0.00,0.00,,,,,0.00,,,,,,0.00,0.00,0.00,2,6,692,20107,FX,Federal Express Corporation,FX,Federal Express Corporation,06200,D,3,3,2024,3
0.00,0.00,0.00,0.00,0.00,,0.00,,0.00,0.00,0.00,0.00,,0.00,0.00,0.00,0.00,0.00,0.00,0.00,0.00,,0.00,0.00,0.00,,0.00,,0.00,0.00,0.00,,0.00,0.00,0.00,0.00,,,,,0.00,,,,,,0.00,0.00,0.00,2,6,692,20107,FX,Federal Express Corporation,FX,Federal Express Corporation,06200,D,3,3,2024,4
0.00,0.00,0.00,0.00,0.00,,0.00,,0.00,0.00,0.00,0.00,,0.00,0.00,0.00,0.00,0.00,0.00,0.00,0.00,,0.00,0.00,0.00,,0.00,,0.00,0.00,0.00,,0.00,0.00,0.00,0.00,,,,,0.00,,,,,,0.00,0.00,0.00,2,6,692,20107,FX,Federal Express Corporation,FX,Federal Express Corporation,16195,L,3,3,2024,1
0.00,0.00,0.00,0.00,0.00,,0.00,,0.00,0.00,0.00,0.00,,0.00,0.00,0.00,0.00,0.00,0.00,0.00,0.00,,0.00,0.00,0.00,,0.00,,0.00,0.00,0.00,,0.00,0.00,0.00,0.00,,,,,0.00,,,,,,0.00,0.00,0.00,2,6,692,20107,FX,Federal Express Corporation,FX,Federal Express Corporation,16195,L,3,3,2024,2
0.00,0.00,0.00,0.00,0.00,,0.00,,0.00,0.00,0.00,0.00,,0.00,0.00,0.00,0.00,0.00,0.00,0.00,0.00,,0.00,0.00,0.00,,0.00,,0.00,0.00,0.00,,0.00,0.00,0.00,0.00,,,,,0.00,,,,,,0.00,0.00,0.00,2,6,692,20107,FX,Federal Express Corporation,FX,Federal Express Corporation,16195,L,3,3,2024,3
0.00,0.00,0.00,0.00,0.00,,0.00,,0.00,0.00,0.00,0.00,,0.00,0.00,0.00,0.00,0.00,0.00,0.00,0.00,,0.00,0.00,0.00,,0.00,,0.00,0.00,0.00,,0.00,0.00,0.00,0.00,,,,,0.00,,,,,,0.00,0.00,0.00,2,6,692,20107,FX,Federal Express Corporation,FX,Federal Express Corporation,16195,L,3,3,2024,4
0.00,0.00,0.00,0.00,0.00,,0.00,,0.00,0.00,0.00,0.00,,0.00,0.00,0.00,0.00,0.00,0.00,0.00,0.00,,0.00,0.00,0.00,,0.00,,0.00,0.00,0.00,,0.00,0.00,0.00,0.00,,,,,0.00,,,,,,0.00,0.00,0.00,2,6,692,20107,FX,Federal Express Corporation,FX,Federal Express Corporation,16196,A,3,3,2024,1
0.00,0.00,0.00,0.00,0.00,,0.00,,0.00,0.00,0.00,0.00,,0.00,0.00,0.00,0.00,0.00,0.00,0.00,0.00,,0.00,0.00,0.00,,0.00,,0.00,0.00,0.00,,0.00,0.00,0.00,0.00,,,,,0.00,,,,,,0.00,0.00,0.00,2,6,692,20107,FX,Federal Express Corporation,FX,Federal Express Corporation,16196,A,3,3,2024,2
0.00,0.00,0.00,0.00,0.00,,0.00,,0.00,0.00,0.00,0.00,,0.00,0.00,0.00,0.00,0.00,0.00,0.00,0.00,,0.00,0.00,0.00,,0.00,,0.00,0.00,0.00,,0.00,0.00,0.00,0.00,,,,,0.00,,,,,,0.00,0.00,0.00,2,6,692,20107,FX,Federal Express Corporation,FX,Federal Express Corporation,16196,A,3,3,2024,3
0.00,0.00,0.00,0.00,0.00,,0.00,,0.00,0.00,0.00,0.00,,0.00,0.00,0.00,0.00,0.00,0.00,0.00,0.00,,0.00,0.00,0.00,,0.00,,0.00,0.00,0.00,,0.00,0.00,0.00,0.00,,,,,0.00,,,,,,0.00,0.00,0.00,2,6,692,20107,FX,Federal Express Corporation,FX,Federal Express Corporation,16196,A,3,3,2024,4
0.00,0.00,0.00,0.00,0.00,,0.00,,0.00,0.00,0.00,0.00,,0.00,0.00,0.00,0.00,0.00,0.00,0.00,0.00,,0.00,0.00,0.00,,0.00,,0.00,0.00,0.00,,0.00,0.00,0.00,0.00,,,,,0.00,,,,,,0.00,0.00,0.00,2,6,692,20107,FX,Federal Express Corporation,FX,Federal Express Corporation,16197,P,3,3,2024,1
0.00,0.00,0.00,0.00,0.00,,0.00,,0.00,0.00,0.00,0.00,,0.00,0.00,0.00,0.00,0.00,0.00,0.00,0.00,,0.00,0.00,0.00,,0.00,,0.00,0.00,0.00,,0.00,0.00,0.00,0.00,,,,,0.00,,,,,,0.00,0.00,0.00,2,6,692,20107,FX,Federal Express Corporation,FX,Federal Express Corporation,16197,P,3,3,2024,2
0.00,0.00,0.00,0.00,0.00,,0.00,,0.00,0.00,0.00,0.00,,0.00,0.00,0.00,0.00,0.00,0.00,0.00,0.00,,0.00,0.00,0.00,,0.00,,0.00,0.00,0.00,,0.00,0.00,0.00,0.00,,,,,0.00,,,,,,0.00,0.00,0.00,2,6,692,20107,FX,Federal Express Corporation,FX,Federal Express Corporation,16197,P,3,3,2024,3
0.00,0.00,0.00,0.00,0.00,,0.00,,0.00,0.00,0.00,0.00,,0.00,0.00,0.00,0.00,0.00,0.00,0.00,0.00,,0.00,0.00,0.00,,0.00,,0.00,0.00,0.00,,0.00,0.00,0.00,0.00,,,,,0.00,,,,,,0.00,0.00,0.00,2,6,692,20107,FX,Federal Express Corporation,FX,Federal Express Corporation,16197,P,3,3,2024,4
0.00,0.00,0.00,0.00,0.00,,0.00,,0.00,0.00,0.00,0.00,,0.00,0.00,0.00,0.00,0.00,0.00,0.00,0.00,,0.00,0.00,0.00,,0.00,,0.00,0.00,0.00,,0.00,0.00,0.00,0.00,,,,,0.00,,,,,,0.00,0.00,0.00,2,7,715,20107,FX,Federal Express Corporation,FX,Federal Express Corporation,06200,D,3,3,2024,1
0.00,0.00,0.00,0.00,0.00,,0.00,,0.00,0.00,0.00,0.00,,0.00,0.00,0.00,0.00,0.00,0.00,0.00,0.00,,0.00,0.00,0.00,,0.00,,0.00,0.00,0.00,,0.00,0.00,0.00,0.00,,,,,0.00,,,,,,0.00,0.00,0.00,2,7,715,20107,FX,Federal Express Corporation,FX,Federal Express Corporation,06200,D,3,3,2024,2
0.00,0.00,0.00,0.00,0.00,,0.00,,0.00,0.00,0.00,0.00,,0.00,0.00,0.00,0.00,0.00,0.00,0.00,0.00,,0.00,0.00,0.00,,0.00,,0.00,0.00,0.00,,0.00,0.00,0.00,0.00,,,,,0.00,,,,,,0.00,0.00,0.00,2,7,715,20107,FX,Federal Express Corporation,FX,Federal Express Corporation,06200,D,3,3,2024,3
0.00,0.00,0.00,0.00,0.00,,0.00,,0.00,0.00,0.00,0.00,,0.00,0.00,0.00,0.00,0.00,0.00,0.00,0.00,,0.00,0.00,0.00,,0.00,,0.00,0.00,0.00,,0.00,0.00,0.00,0.00,,,,,0.00,,,,,,0.00,0.00,0.00,2,7,715,20107,FX,Federal Express Corporation,FX,Federal Express Corporation,06200,D,3,3,2024,4
0.00,0.00,0.00,0.00,0.00,,0.00,,0.00,0.00,0.00,0.00,,0.00,0.00,0.00,0.00,0.00,0.00,0.00,0.00,,0.00,0.00,0.00,,0.00,,0.00,0.00,0.00,,0.00,0.00,0.00,0.00,,,,,0.00,,,,,,0.00,0.00,0.00,2,7,715,20107,FX,Federal Express Corporation,FX,Federal Express Corporation,16195,L,3,3,2024,1
0.00,0.00,0.00,0.00,0.00,,0.00,,0.00,0.00,0.00,0.00,,0.00,0.00,0.00,0.00,0.00,0.00,0.00,0.00,,0.00,0.00,0.00,,0.00,,0.00,0.00,0.00,,0.00,0.00,0.00,0.00,,,,,0.00,,,,,,0.00,0.00,0.00,2,7,715,20107,FX,Federal Express Corporation,FX,Federal Express Corporation,16195,L,3,3,2024,2
0.00,0.00,0.00,0.00,0.00,,0.00,,0.00,0.00,0.00,0.00,,0.00,0.00,0.00,0.00,0.00,0.00,0.00,0.00,,0.00,0.00,0.00,,0.00,,0.00,0.00,0.00,,0.00,0.00,0.00,0.00,,,,,0.00,,,,,,0.00,0.00,0.00,2,7,715,20107,FX,Federal Express Corporation,FX,Federal Express Corporation,16195,L,3,3,2024,3
0.00,0.00,0.00,0.00,0.00,,0.00,,0.00,0.00,0.00,0.00,,0.00,0.00,0.00,0.00,0.00,0.00,0.00,0.00,,0.00,0.00,0.00,,0.00,,0.00,0.00,0.00,,0.00,0.00,0.00,0.00,,,,,0.00,,,,,,0.00,0.00,0.00,2,7,715,20107,FX,Federal Express Corporation,FX,Federal Express Corporation,16195,L,3,3,2024,4
0.00,0.00,0.00,0.00,0.00,,0.00,,0.00,0.00,0.00,0.00,,0.00,0.00,0.00,0.00,0.00,0.00,0.00,0.00,,0.00,0.00,0.00,,0.00,,0.00,0.00,0.00,,0.00,0.00,0.00,0.00,,,,,0.00,,,,,,0.00,0.00,0.00,2,7,730,20107,FX,Federal Express Corporation,FX,Federal Express Corporation,06200,D,3,3,2024,1
0.00,0.00,0.00,0.00,0.00,,0.00,,0.00,0.00,0.00,0.00,,0.00,0.00,0.00,0.00,0.00,0.00,0.00,0.00,,0.00,0.00,0.00,,0.00,,0.00,0.00,0.00,,0.00,0.00,0.00,0.00,,,,,0.00,,,,,,0.00,0.00,0.00,2,7,730,20107,FX,Federal Express Corporation,FX,Federal Express Corporation,06200,D,3,3,2024,2
0.00,0.00,0.00,0.00,0.00,,0.00,,0.00,0.00,0.00,0.00,,0.00,0.00,0.00,0.00,0.00,0.00,0.00,0.00,,0.00,0.00,0.00,,0.00,,0.00,0.00,0.00,,0.00,0.00,0.00,0.00,,,,,0.00,,,,,,0.00,0.00,0.00,2,7,730,20107,FX,Federal Express Corporation,FX,Federal Express Corporation,06200,D,3,3,2024,3
0.00,0.00,0.00,0.00,0.00,,0.00,,0.00,0.00,0.00,0.00,,0.00,0.00,0.00,0.00,0.00,0.00,0.00,0.00,,0.00,0.00,0.00,,0.00,,0.00,0.00,0.00,,0.00,0.00,0.00,0.00,,,,,0.00,,,,,,0.00,0.00,0.00,2,7,730,20107,FX,Federal Express Corporation,FX,Federal Express Corporation,06200,D,3,3,2024,4
0.00,0.00,0.00,0.00,0.00,,0.00,,0.00,0.00,0.00,0.00,,0.00,0.00,0.00,0.00,0.00,0.00,0.00,0.00,,0.00,0.00,0.00,,0.00,,0.00,0.00,0.00,,0.00,0.00,0.00,0.00,,,,,0.00,,,,,,0.00,0.00,0.00,2,7,732,20107,FX,Federal Express Corporation,FX,Federal Express Corporation,06200,D,3,3,2024,1
0.00,0.00,0.00,0.00,0.00,,0.00,,0.00,0.00,0.00,0.00,,0.00,0.00,0.00,0.00,0.00,0.00,0.00,0.00,,0.00,0.00,0.00,,0.00,,0.00,0.00,0.00,,0.00,0.00,0.00,0.00,,,,,0.00,,,,,,0.00,0.00,0.00,2,7,732,20107,FX,Federal Express Corporation,FX,Federal Express Corporation,06200,D,3,3,2024,2
0.00,0.00,0.00,0.00,0.00,,0.00,,0.00,0.00,0.00,0.00,,0.00,0.00,0.00,0.00,0.00,0.00,0.00,0.00,,0.00,0.00,0.00,,0.00,,0.00,0.00,0.00,,0.00,0.00,0.00,0.00,,,,,0.00,,,,,,0.00,0.00,0.00,2,7,732,20107,FX,Federal Express Corporation,FX,Federal Express Corporation,06200,D,3,3,2024,3
0.00,0.00,0.00,0.00,0.00,,0.00,,0.00,0.00,0.00,0.00,,0.00,0.00,0.00,0.00,0.00,0.00,0.00,0.00,,0.00,0.00,0.00,,0.00,,0.00,0.00,0.00,,0.00,0.00,0.00,0.00,,,,,0.00,,,,,,0.00,0.00,0.00,2,7,732,20107,FX,Federal Express Corporation,FX,Federal Express Corporation,06200,D,3,3,2024,4
0.00,0.00,0.00,0.00,0.00,,0.00,,0.00,0.00,0.00,0.00,,0.00,0.00,0.00,0.00,0.00,0.00,0.00,0.00,,0.00,0.00,0.00,,0.00,,0.00,0.00,0.00,,0.00,0.00,0.00,0.00,,,,,0.00,,,,,,0.00,0.00,0.00,2,7,732,20107,FX,Federal Express Corporation,FX,Federal Express Corporation,16195,L,3,3,2024,1
0.00,0.00,0.00,0.00,0.00,,0.00,,0.00,0.00,0.00,0.00,,0.00,0.00,0.00,0.00,0.00,0.00,0.00,0.00,,0.00,0.00,0.00,,0.00,,0.00,0.00,0.00,,0.00,0.00,0.00,0.00,,,,,0.00,,,,,,0.00,0.00,0.00,2,7,732,20107,FX,Federal Express Corporation,FX,Federal Express Corporation,16195,L,3,3,2024,2
0.00,0.00,0.00,0.00,0.00,,0.00,,0.00,0.00,0.00,0.00,,0.00,0.00,0.00,0.00,0.00,0.00,0.00,0.00,,0.00,0.00,0.00,,0.00,,0.00,0.00,0.00,,0.00,0.00,0.00,0.00,,,,,0.00,,,,,,0.00,0.00,0.00,2,7,732,20107,FX,Federal Express Corporation,FX,Federal Express Corporation,16195,L,3,3,2024,3
0.00,0.00,0.00,0.00,0.00,,0.00,,0.00,0.00,0.00,0.00,,0.00,0.00,0.00,0.00,0.00,0.00,0.00,0.00,,0.00,0.00,0.00,,0.00,,0.00,0.00,0.00,,0.00,0.00,0.00,0.00,,,,,0.00,,,,,,0.00,0.00,0.00,2,7,732,20107,FX,Federal Express Corporation,FX,Federal Express Corporation,16195,L,3,3,2024,4
0.00,0.00,0.00,0.00,0.00,,0.00,0.00,0.00,0.00,0.00,0.00,0.00,0.00,0.00,0.00,0.00,0.00,0.00,0.00,0.00,,0.00,0.00,0.00,,0.00,,0.00,0.00,0.00,,0.00,0.00,0.00,,,,0.00,,0.00,,,,,,0.00,0.00,0.00,2,6,622,19917,5X,United Parcel Service,5X,United Parcel Service,16913,P,3,3,2024,1
0.00,0.00,0.00,0.00,0.00,,0.00,0.00,0.00,0.00,0.00,0.00,0.00,0.00,0.00,0.00,0.00,0.00,0.00,0.00,0.00,,0.00,0.00,0.00,,0.00,,0.00,0.00,0.00,,0.00,0.00,0.00,,,,0.00,,0.00,,,,,,0.00,0.00,0.00,2,6,622,19917,5X,United Parcel Service,5X,United Parcel Service,16913,P,3,3,2024,2
0.00,0.00,0.00,0.00,0.00,,0.00,0.00,0.00,0.00,0.00,0.00,0.00,0.00,0.00,0.00,0.00,0.00,0.00,0.00,0.00,,0.00,0.00,0.00,,0.00,,0.00,0.00,0.00,,0.00,0.00,0.00,,,,0.00,,0.00,,,,,,0.00,0.00,0.00,2,6,622,19917,5X,United Parcel Service,5X,United Parcel Service,16913,P,3,3,2024,3
0.00,0.00,0.00,0.00,0.00,,0.00,0.00,0.00,0.00,0.00,0.00,0.00,0.00,0.00,0.00,0.00,0.00,0.00,0.00,0.00,,0.00,0.00,0.00,,0.00,,0.00,0.00,0.00,,0.00,0.00,0.00,,,,0.00,,0.00,,,,,,0.00,0.00,0.00,2,6,622,19917,5X,United Parcel Service,5X,United Parcel Service,16913,P,3,3,2024,4
0.00,0.00,0.00,0.00,0.00,,0.00,0.00,0.00,0.00,0.00,0.00,0.00,0.00,0.00,0.00,0.00,0.00,0.00,0.00,0.00,,0.00,0.00,0.00,,0.00,,0.00,0.00,0.00,,0.00,0.00,0.00,,,,0.00,,0.00,,,,,,0.00,0.00,0.00,2,6,691,19917,5X,United Parcel Service,5X,United Parcel Service,16911,A,3,3,2024,1
0.00,0.00,0.00,0.00,0.00,,0.00,0.00,0.00,0.00,0.00,0.00,0.00,0.00,0.00,0.00,0.00,0.00,0.00,0.00,0.00,,0.00,0.00,0.00,,0.00,,0.00,0.00,0.00,,0.00,0.00,0.00,,,,0.00,,0.00,,,,,,0.00,0.00,0.00,2,6,691,19917,5X,United Parcel Service,5X,United Parcel Service,16911,A,3,3,2024,2
0.00,0.00,0.00,0.00,0.00,,0.00,0.00,0.00,0.00,0.00,0.00,0.00,0.00,0.00,0.00,0.00,0.00,0.00,0.00,0.00,,0.00,0.00,0.00,,0.00,,0.00,0.00,0.00,,0.00,0.00,0.00,,,,0.00,,0.00,,,,,,0.00,0.00,0.00,2,6,691,19917,5X,United Parcel Service,5X,United Parcel Service,16911,A,3,3,2024,3
0.00,0.00,0.00,0.00,0.00,,0.00,0.00,0.00,0.00,0.00,0.00,0.00,0.00,0.00,0.00,0.00,0.00,0.00,0.00,0.00,,0.00,0.00,0.00,,0.00,,0.00,0.00,0.00,,0.00,0.00,0.00,,,,0.00,,0.00,,,,,,0.00,0.00,0.00,2,6,691,19917,5X,United Parcel Service,5X,United Parcel Service,16911,A,3,3,2024,4
0.00,0.00,0.00,0.00,0.00,,0.00,0.00,0.00,0.00,0.00,0.00,0.00,0.00,0.00,0.00,0.00,0.00,0.00,0.00,0.00,,0.00,0.00,0.00,,0.00,,0.00,0.00,0.00,,0.00,0.00,0.00,,,,0.00,,0.00,,,,,,0.00,0.00,0.00,2,6,691,19917,5X,United Parcel Service,5X,United Parcel Service,16913,P,3,3,2024,1
0.00,0.00,0.00,0.00,0.00,,0.00,0.00,0.00,0.00,0.00,0.00,0.00,0.00,0.00,0.00,0.00,0.00,0.00,0.00,0.00,,0.00,0.00,0.00,,0.00,,0.00,0.00,0.00,,0.00,0.00,0.00,,,,0.00,,0.00,,,,,,0.00,0.00,0.00,2,6,691,19917,5X,United Parcel Service,5X,United Parcel Service,16913,P,3,3,2024,2
0.00,0.00,0.00,0.00,0.00,,0.00,0.00,0.00,0.00,0.00,0.00,0.00,0.00,0.00,0.00,0.00,0.00,0.00,0.00,0.00,,0.00,0.00,0.00,,0.00,,0.00,0.00,0.00,,0.00,0.00,0.00,,,,0.00,,0.00,,,,,,0.00,0.00,0.00,2,6,691,19917,5X,United Parcel Service,5X,United Parcel Service,16913,P,3,3,2024,3
0.00,0.00,0.00,0.00,0.00,,0.00,0.00,0.00,0.00,0.00,0.00,0.00,0.00,0.00,0.00,0.00,0.00,0.00,0.00,0.00,,0.00,0.00,0.00,,0.00,,0.00,0.00,0.00,,0.00,0.00,0.00,,,,0.00,,0.00,,,,,,0.00,0.00,0.00,2,6,691,19917,5X,United Parcel Service,5X,United Parcel Service,16913,P,3,3,2024,4
0.00,0.00,0.00,0.00,0.00,,0.00,0.00,0.00,0.00,0.00,0.00,0.00,0.00,0.00,0.00,0.00,0.00,0.00,0.00,0.00,,0.00,0.00,0.00,,0.00,,0.00,0.00,0.00,,0.00,0.00,0.00,,,,0.00,,0.00,,,,,,0.00,0.00,0.00,2,7,740,19917,5X,United Parcel Service,5X,United Parcel Service,16911,A,3,3,2024,1
0.00,0.00,0.00,0.00,0.00,,0.00,0.00,0.00,0.00,0.00,0.00,0.00,0.00,0.00,0.00,0.00,0.00,0.00,0.00,0.00,,0.00,0.00,0.00,,0.00,,0.00,0.00,0.00,,0.00,0.00,0.00,,,,0.00,,0.00,,,,,,0.00,0.00,0.00,2,7,740,19917,5X,United Parcel Service,5X,United Parcel Service,16911,A,3,3,2024,2
0.00,0.00,0.00,0.00,0.00,,0.00,0.00,0.00,0.00,0.00,0.00,0.00,0.00,0.00,0.00,0.00,0.00,0.00,0.00,0.00,,0.00,0.00,0.00,,0.00,,0.00,0.00,0.00,,0.00,0.00,0.00,,,,0.00,,0.00,,,,,,0.00,0.00,0.00,2,7,740,19917,5X,United Parcel Service,5X,United Parcel Service,16912,L,3,3,2024,1
0.00,0.00,0.00,0.00,0.00,,0.00,0.00,0.00,0.00,0.00,0.00,0.00,0.00,0.00,0.00,0.00,0.00,0.00,0.00,0.00,,0.00,0.00,0.00,,0.00,,0.00,0.00,0.00,,0.00,0.00,0.00,,,,0.00,,0.00,,,,,,0.00,0.00,0.00,2,7,740,19917,5X,United Parcel Service,5X,United Parcel Service,16912,L,3,3,2024,2
0.00,0.00,0.00,0.00,0.00,,0.00,0.00,0.00,0.00,0.00,0.00,0.00,0.00,0.00,0.00,0.00,0.00,0.00,0.00,0.00,,0.00,0.00,0.00,,0.00,,0.00,0.00,0.00,,0.00,0.00,0.00,,,,0.00,,0.00,,,,,,0.00,0.00,0.00,2,7,740,19917,5X,United Parcel Service,5X,United Parcel Service,16912,L,3,3,2024,3
0.00,0.00,0.00,0.00,0.00,,0.00,0.00,0.00,0.00,0.00,0.00,0.00,0.00,0.00,0.00,0.00,0.00,0.00,0.00,0.00,,0.00,0.00,0.00,,0.00,,0.00,0.00,0.00,,0.00,0.00,0.00,,,,0.00,,0.00,,,,,,0.00,0.00,0.00,2,7,740,19917,5X,United Parcel Service,5X,United Parcel Service,16912,L,3,3,2024,4
0.00,0.00,0.00,0.00,0.00,,0.00,0.00,0.00,0.00,0.00,0.00,0.00,0.00,0.00,0.00,0.00,0.00,0.00,0.00,0.00,,0.00,0.00,0.00,,0.00,,0.00,0.00,0.00,,0.00,0.00,0.00,,,,0.00,,0.00,,,,,,0.00,0.00,0.00,2,7,740,19917,5X,United Parcel Service,5X,United Parcel Service,16913,P,3,3,2024,1
0.00,0.00,0.00,0.00,0.00,,0.00,0.00,0.00,0.00,0.00,0.00,0.00,0.00,0.00,0.00,0.00,0.00,0.00,0.00,0.00,,0.00,0.00,0.00,,0.00,,0.00,0.00,0.00,,0.00,0.00,0.00,,,,0.00,,0.00,,,,,,0.00,0.00,0.00,2,7,740,19917,5X,United Parcel Service,5X,United Parcel Service,16913,P,3,3,2024,2
0.00,0.00,0.00,0.00,0.00,,0.00,0.00,0.00,0.00,0.00,0.00,0.00,0.00,0.00,0.00,0.00,0.00,0.00,0.00,0.00,,0.00,0.00,0.00,,0.00,,0.00,0.00,0.00,,0.00,0.00,0.00,,,,0.00,,0.00,,,,,,0.00,0.00,0.00,2,7,740,19917,5X,United Parcel Service,5X,United Parcel Service,16913,P,3,3,2024,3
0.00,0.00,0.00,0.00,0.00,,0.00,0.00,0.00,0.00,0.00,0.00,0.00,0.00,0.00,0.00,0.00,0.00,0.00,0.00,0.00,,0.00,0.00,0.00,,0.00,,0.00,0.00,0.00,,0.00,0.00,0.00,,,,0.00,,0.00,,,,,,0.00,0.00,0.00,2,7,740,19917,5X,United Parcel Service,5X,United Parcel Service,16913,P,3,3,2024,4
0.00,0.00,0.00,0.00,0.00,,0.00,0.00,0.00,0.00,0.00,0.00,0.00,0.00,0.00,0.00,0.00,0.00,0.00,0.00,0.00,,0.00,0.00,0.00,,0.00,,0.00,0.00,0.00,,0.00,0.00,0.00,,,,0.00,,0.00,,,,,,0.00,0.00,0.00,2,8,819,19917,5X,United Parcel Service,5X,United Parcel Service,16912,L,3,3,2024,1
0.00,0.00,0.00,0.00,0.00,,0.00,0.00,0.00,0.00,0.00,0.00,0.00,0.00,0.00,0.00,0.00,0.00,0.00,0.00,0.00,,0.00,0.00,0.00,,0.00,,0.00,0.00,0.00,,0.00,0.00,0.00,,,,0.00,,0.00,,,,,,0.00,0.00,0.00,2,8,819,19917,5X,United Parcel Service,5X,United Parcel Service,16912,L,3,3,2024,2
0.00,0.00,0.00,0.00,0.00,,0.00,0.00,0.00,0.00,0.00,0.00,0.00,0.00,0.00,0.00,0.00,0.00,0.00,0.00,0.00,,0.00,0.00,0.00,,0.00,,0.00,0.00,0.00,,0.00,0.00,0.00,,,,0.00,,0.00,,,,,,0.00,0.00,0.00,2,8,819,19917,5X,United Parcel Service,5X,United Parcel Service,16912,L,3,3,2024,3
0.00,0.00,0.00,0.00,0.00,,0.00,0.00,0.00,0.00,0.00,0.00,0.00,0.00,0.00,0.00,0.00,0.00,0.00,0.00,0.00,,0.00,0.00,0.00,,0.00,,0.00,0.00,0.00,,0.00,0.00,0.00,,,,0.00,,0.00,,,,,,0.00,0.00,0.00,2,8,819,19917,5X,United Parcel Service,5X,United Parcel Service,16912,L,3,3,2024,4
0.00,0.00,0.00,0.00,0.00,,0.00,0.00,0.00,0.00,0.00,0.00,0.00,0.00,0.00,0.00,0.00,0.00,0.00,0.00,0.00,,0.00,0.00,0.00,,0.00,,0.00,0.00,0.00,,0.00,0.00,0.00,,,,0.00,,0.00,,,,,,0.00,0.00,0.00,2,8,821,19917,5X,United Parcel Service,5X,United Parcel Service,16912,L,3,3,2024,1
0.00,0.00,0.00,0.00,0.00,,0.00,0.00,0.00,0.00,0.00,0.00,0.00,0.00,0.00,0.00,0.00,0.00,0.00,0.00,0.00,,0.00,0.00,0.00,,0.00,,0.00,0.00,0.00,,0.00,0.00,0.00,,,,0.00,,0.00,,,,,,0.00,0.00,0.00,2,8,821,19917,5X,United Parcel Service,5X,United Parcel Service,16912,L,3,3,2024,2
0.00,0.00,0.00,0.00,0.00,,0.00,0.00,0.00,0.00,0.00,0.00,0.00,0.00,0.00,0.00,0.00,0.00,0.00,0.00,0.00,,0.00,0.00,0.00,,0.00,,0.00,0.00,0.00,,0.00,0.00,0.00,,,,0.00,,0.00,,,,,,0.00,0.00,0.00,2,8,821,19917,5X,United Parcel Service,5X,United Parcel Service,16912,L,3,3,2024,3
0.00,0.00,0.00,0.00,0.00,,0.00,0.00,0.00,0.00,0.00,0.00,0.00,0.00,0.00,0.00,0.00,0.00,0.00,0.00,0.00,,0.00,0.00,0.00,,0.00,,0.00,0.00,0.00,,0.00,0.00,0.00,,,,0.00,,0.00,,,,,,0.00,0.00,0.00,2,8,821,19917,5X,United Parcel Service,5X,United Parcel Service,16912,L,3,3,2024,4
0.00,0.00,0.00,0.00,0.00,,0.00,0.00,0.00,0.00,0.00,0.00,0.00,0.00,0.00,0.00,0.00,0.00,0.00,0.00,0.00,,0.00,0.00,0.00,0.00,0.00,0.00,0.00,0.00,0.00,0.00,0.00,0.00,0.00,0.00,0.00,,0.00,,0.00,,,,,,0.00,0.00,0.00,1,4,451,20378,YV,Mesa Airlines Inc.,YV,Mesa Airlines Inc.,11022,L,2,2,2024,1
0.00,0.00,0.00,0.00,0.00,,0.00,0.00,0.00,0.00,0.00,0.00,0.00,0.00,0.00,0.00,0.00,0.00,0.00,0.00,0.00,,0.00,0.00,0.00,0.00,0.00,0.00,0.00,0.00,0.00,0.00,0.00,0.00,0.00,0.00,0.00,,0.00,,0.00,,,,,,0.00,0.00,0.00,1,4,479,21974,3EQ,"Scott Aviation, LLC  d/b/a  Silver Air",3EQ,"Scott Aviation, LLC  d/b/a  Silver Air",01234,D,2,2,2024,1
0.00,0.00,0.00,0.00,0.00,,0.00,0.00,0.00,0.00,0.00,0.00,0.00,0.00,0.00,0.00,0.00,0.00,0.00,0.00,0.00,,0.00,0.00,0.00,0.00,0.00,0.00,0.00,0.00,0.00,0.00,0.00,0.00,0.00,0.00,0.00,,0.00,,0.00,,,,,,0.00,0.00,0.00,1,6,626,21161,09Q,"Swift Air, LLC d/b/a Eastern Air Lines d/b/a Eastern",09Q,"Swift Air, LLC d/b/a Eastern Air Lines d/b/a Eastern",01130,D,2,2,2024,1
0.00,0.00,0.00,0.00,0.00,,0.00,0.00,0.00,0.00,0.00,0.00,0.00,0.00,0.00,0.00,0.00,0.00,0.00,0.00,0.00,,0.00,0.00,0.00,0.00,0.00,0.00,0.00,0.00,0.00,0.00,0.00,0.00,0.00,0.00,0.00,,0.00,,0.00,,,,,,0.00,0.00,0.00,1,6,626,21161,09Q,"Swift Air, LLC d/b/a Eastern Air Lines d/b/a Eastern",09Q,"Swift Air, LLC d/b/a Eastern Air Lines d/b/a Eastern",11054,I,2,2,2024,1
0.00,0.00,0.00,0.00,0.00,,0.00,0.00,0.00,0.00,0.00,0.00,0.00,0.00,0.00,0.00,0.00,0.00,0.00,0.00,0.00,,0.00,0.00,0.00,0.00,0.00,0.00,0.00,0.00,0.00,0.00,0.00,0.00,0.00,0.00,0.00,,0.00,,0.00,,,,,,0.00,0.00,0.00,2,6,617,21161,09Q,"Swift Air, LLC d/b/a Eastern Air Lines d/b/a Eastern",09Q,"Swift Air, LLC d/b/a Eastern Air Lines d/b/a Eastern",11054,I,2,2,2024,1
0.00,0.00,0.00,0.00,0.00,,0.00,0.00,0.00,0.00,0.00,0.00,0.00,0.00,0.00,0.00,0.00,0.00,0.00,0.00,0.00,,0.00,0.00,0.00,0.00,0.00,0.00,0.00,0.00,0.00,0.00,0.00,0.00,0.00,0.00,0.00,,0.00,,0.00,,,,,,0.00,0.00,0.00,2,6,626,21161,09Q,"Swift Air, LLC d/b/a Eastern Air Lines d/b/a Eastern",09Q,"Swift Air, LLC d/b/a Eastern Air Lines d/b/a Eastern",01130,D,2,2,2024,1
0.00,0.00,0.00,0.00,0.00,,0.00,0.00,0.00,0.00,0.00,0.00,0.00,0.00,0.00,0.00,0.00,0.00,0.00,0.00,0.00,,0.00,0.00,0.00,0.00,0.00,0.00,0.00,0.00,0.00,0.00,0.00,0.00,0.00,0.00,0.00,,0.00,,0.00,,,,,,0.00,0.00,0.00,2,6,626,21161,09Q,"Swift Air, LLC d/b/a Eastern Air Lines d/b/a Eastern",09Q,"Swift Air, LLC d/b/a Eastern Air Lines d/b/a Eastern",11054,I,2,2,2024,1
0.00,0.00,0.00,0.00,0.00,,0.00,0.00,0.00,0.00,0.00,0.00,0.00,0.00,0.00,12.50,12.50,0.00,0.00,6.09,0.00,,7.31,0.00,0.00,0.00,0.00,0.00,13.40,6.46,19.86,0.00,37.21,149.79,1.66,0.00,2.23,,0.00,,223.24,,,,,,0.00,0.00,0.00,1,6,673,20445,C5,CommuteAir LLC dba CommuteAir,C5,CommuteAir LLC dba CommuteAir,06944,D,2,2,2024,1
0.00,0.00,0.00,0.00,0.00,,0.00,0.00,1.86,0.00,0.00,0.18,0.00,0.00,0.00,0.00,2.04,0.00,0.00,2.31,0.00,,1.47,0.37,0.00,0.00,0.00,0.00,4.15,0.00,4.15,0.00,0.00,0.00,0.00,0.00,16.35,,0.00,,22.54,,,,,,0.00,0.00,0.00,2,6,614,20378,YV,Mesa Airlines Inc.,YV,Mesa Airlines Inc.,06689,D,2,2,2024,4
0.00,0.00,0.00,0.00,0.00,,0.00,0.00,1.86,0.00,0.00,0.18,0.00,0.00,0.00,0.00,2.04,0.00,0.00,2.31,0.00,,1.47,0.37,0.00,0.00,0.00,0.00,4.15,0.00,4.15,0.00,0.00,0.00,0.00,0.00,16.35,,0.00,,22.54,,,,,,0.00,0.00,0.00,2,6,617,20378,YV,Mesa Airlines Inc.,YV,Mesa Airlines Inc.,06689,D,2,2,2024,4
0.00,0.00,0.00,0.00,0.00,,9.80,0.00,0.00,0.00,0.00,0.00,0.00,0.00,0.00,0.00,9.80,0.00,0.00,0.00,0.00,,0.00,0.00,0.00,0.00,0.00,0.00,0.00,0.00,0.00,0.00,0.00,0.00,0.00,0.00,0.00,,0.00,,9.80,,,,,,0.01,0.00,13.83,1,6,641,21974,3EQ,"Scott Aviation, LLC  d/b/a  Silver Air",3EQ,"Scott Aviation, LLC  d/b/a  Silver Air",01234,D,2,2,2024,4
0.00,0.00,0.00,0.00,0.00,,96.25,0.00,0.00,0.00,0.00,0.00,0.00,0.00,0.00,0.00,96.25,0.00,0.00,56.10,0.00,,0.00,3.34,0.00,0.00,0.00,0.00,59.44,0.00,59.44,0.00,0.00,0.00,0.00,0.00,0.00,,0.00,,155.69,,,,,,0.04,0.01,27.95,1,6,653,21974,3EQ,"Scott Aviation, LLC  d/b/a  Silver Air",3EQ,"Scott Aviation, LLC  d/b/a  Silver Air",01234,D,2,2,2024,4
0.00,0.00,0.00,0.00,0.00,0.00,0.00,0.00,0.00,0.00,0.00,0.00,0.00,0.00,0.00,0.00,0.00,0.00,0.00,-188.06,-23.02,0.00,-234.56,-4.41,0.00,0.00,0.00,0.00,-450.04,0.00,-450.04,0.00,0.00,0.00,0.00,0.00,0.00,,0.00,0.00,-450.04,,,,,,0.00,0.00,0.00,1,6,629,20363,9E,Endeavor Air Inc.,9E,Endeavor Air Inc.,07024,D,2,2,2024,1
0.00,0.00,0.00,0.00,0.00,0.00,0.00,0.00,0.00,0.00,0.00,0.00,0.00,0.00,0.00,0.00,0.00,0.00,0.00,0.00,0.00,0.00,0.00,0.00,0.00,0.00,0.00,0.00,0.00,0.00,0.00,0.00,0.00,0.00,0.00,0.00,0.00,,0.00,,0.00,,,,,,0.00,0.00,0.00,1,4,461,20304,OO,SkyWest Airlines Inc.,OO,SkyWest Airlines Inc.,06700,D,3,3,2024,1
0.00,0.00,0.00,0.00,0.00,0.00,0.00,0.00,0.00,0.00,0.00,0.00,0.00,0.00,0.00,0.00,0.00,0.00,0.00,0.00,0.00,0.00,0.00,0.00,0.00,0.00,0.00,0.00,0.00,0.00,0.00,0.00,0.00,0.00,0.00,0.00,0.00,,0.00,,0.00,,,,,,0.00,0.00,0.00,1,4,461,20304,OO,SkyWest Airlines Inc.,OO,SkyWest Airlines Inc.,06700,D,3,3,2024,2
0.00,0.00,0.00,0.00,0.00,0.00,0.00,0.00,0.00,0.00,0.00,0.00,0.00,0.00,0.00,0.00,0.00,0.00,0.00,0.00,0.00,0.00,0.00,0.00,0.00,0.00,0.00,0.00,0.00,0.00,0.00,0.00,0.00,0.00,0.00,0.00,0.00,,0.00,,0.00,,,,,,0.00,0.00,0.00,1,4,461,20304,OO,SkyWest Airlines Inc.,OO,SkyWest Airlines Inc.,06700,D,3,3,2024,3
0.00,0.00,0.00,0.00,0.00,0.00,0.00,0.00,0.00,0.00,0.00,0.00,0.00,0.00,0.00,0.00,0.00,0.00,0.00,0.00,0.00,0.00,0.00,0.00,0.00,0.00,0.00,0.00,0.00,0.00,0.00,0.00,0.00,0.00,0.00,0.00,0.00,,0.00,,0.00,,,,,,0.00,0.00,0.00,1,4,461,20304,OO,SkyWest Airlines Inc.,OO,SkyWest Airlines Inc.,06700,D,3,3,2024,4
0.00,0.00,0.00,0.00,0.00,0.00,0.00,0.00,0.00,0.00,0.00,0.00,0.00,0.00,0.00,0.00,0.00,0.00,0.00,0.00,0.00,0.00,0.00,0.00,0.00,0.00,0.00,0.00,0.00,0.00,0.00,0.00,0.00,0.00,0.00,0.00,0.00,,0.00,,0.00,,,,,,0.00,0.00,0.00,1,6,612,19930,AS,Alaska Airlines Inc.,AS,Alaska Airlines Inc.,16031,L,3,3,2024,1
0.00,0.00,0.00,0.00,0.00,0.00,0.00,0.00,0.00,0.00,0.00,0.00,0.00,0.00,0.00,0.00,0.00,0.00,0.00,0.00,0.00,0.00,0.00,0.00,0.00,0.00,0.00,0.00,0.00,0.00,0.00,0.00,0.00,0.00,0.00,0.00,0.00,,0.00,,0.00,,,,,,0.00,0.00,0.00,1,6,612,19930,AS,Alaska Airlines Inc.,AS,Alaska Airlines Inc.,16031,L,3,3,2024,2
0.00,0.00,0.00,0.00,0.00,0.00,0.00,0.00,0.00,0.00,0.00,0.00,0.00,0.00,0.00,0.00,0.00,0.00,0.00,0.00,0.00,0.00,0.00,0.00,0.00,0.00,0.00,0.00,0.00,0.00,0.00,0.00,0.00,0.00,0.00,0.00,0.00,,0.00,,0.00,,,,,,0.00,0.00,0.00,1,6,612,19930,AS,Alaska Airlines Inc.,AS,Alaska Airlines Inc.,16031,L,3,3,2024,4
0.00,0.00,0.00,0.00,0.00,0.00,0.00,0.00,0.00,0.00,0.00,0.00,0.00,0.00,0.00,0.00,0.00,0.00,0.00,0.00,0.00,0.00,0.00,0.00,0.00,0.00,0.00,0.00,0.00,0.00,0.00,0.00,0.00,0.00,0.00,0.00,0.00,,0.00,,0.00,,,,,,0.00,0.00,0.00,1,6,612,20422,SY,Sun Country Airlines d/b/a MN Airlines,SY,Sun Country Airlines d/b/a MN Airlines,06795,D,3,3,2024,1
0.00,0.00,0.00,0.00,0.00,0.00,0.00,0.00,0.00,0.00,0.00,0.00,0.00,0.00,0.00,0.00,0.00,0.00,0.00,0.00,0.00,0.00,0.00,0.00,0.00,0.00,0.00,0.00,0.00,0.00,0.00,0.00,0.00,0.00,0.00,0.00,0.00,,0.00,,0.00,,,,,,0.00,0.00,0.00,1,6,612,20422,SY,Sun Country Airlines d/b/a MN Airlines,SY,Sun Country Airlines d/b/a MN Airlines,06795,D,3,3,2024,2
0.00,0.00,0.00,0.00,0.00,0.00,0.00,0.00,0.00,0.00,0.00,0.00,0.00,0.00,0.00,0.00,0.00,0.00,0.00,0.00,0.00,0.00,0.00,0.00,0.00,0.00,0.00,0.00,0.00,0.00,0.00,0.00,0.00,0.00,0.00,0.00,0.00,,0.00,,0.00,,,,,,0.00,0.00,0.00,1,6,612,20422,SY,Sun Country Airlines d/b/a MN Airlines,SY,Sun Country Airlines d/b/a MN Airlines,06795,D,3,3,2024,3
0.00,0.00,0.00,0.00,0.00,0.00,0.00,0.00,0.00,0.00,0.00,0.00,0.00,0.00,0.00,0.00,0.00,0.00,0.00,0.00,0.00,0.00,0.00,0.00,0.00,0.00,0.00,0.00,0.00,0.00,0.00,0.00,0.00,0.00,0.00,0.00,0.00,,0.00,,0.00,,,,,,0.00,0.00,0.00,1,6,612,20422,SY,Sun Country Airlines d/b/a MN Airlines,SY,Sun Country Airlines d/b/a MN Airlines,06795,D,3,3,2024,4
0.00,0.00,0.00,0.00,0.00,0.00,0.00,0.00,0.00,0.00,0.00,0.00,0.00,0.00,0.00,0.00,0.00,0.00,0.00,0.00,0.00,0.00,0.00,0.00,0.00,0.00,0.00,0.00,0.00,0.00,0.00,0.00,0.00,0.00,0.00,0.00,0.00,,0.00,,0.00,,,,,,0.00,0.00,0.00,1,6,612,20422,SY,Sun Country Airlines d/b/a MN Airlines,SY,Sun Country Airlines d/b/a MN Airlines,16795,L,3,3,2024,1
0.00,0.00,0.00,0.00,0.00,0.00,0.00,0.00,0.00,0.00,0.00,0.00,0.00,0.00,0.00,0.00,0.00,0.00,0.00,0.00,0.00,0.00,0.00,0.00,0.00,0.00,0.00,0.00,0.00,0.00,0.00,0.00,0.00,0.00,0.00,0.00,0.00,,0.00,,0.00,,,,,,0.00,0.00,0.00,1,6,612,20422,SY,Sun Country Airlines d/b/a MN Airlines,SY,Sun Country Airlines d/b/a MN Airlines,16795,L,3,3,2024,2
0.00,0.00,0.00,0.00,0.00,0.00,0.00,0.00,0.00,0.00,0.00,0.00,0.00,0.00,0.00,0.00,0.00,0.00,0.00,0.00,0.00,0.00,0.00,0.00,0.00,0.00,0.00,0.00,0.00,0.00,0.00,0.00,0.00,0.00,0.00,0.00,0.00,,0.00,,0.00,,,,,,0.00,0.00,0.00,1,6,612,20422,SY,Sun Country Airlines d/b/a MN Airlines,SY,Sun Country Airlines d/b/a MN Airlines,16795,L,3,3,2024,3
0.00,0.00,0.00,0.00,0.00,0.00,0.00,0.00,0.00,0.00,0.00,0.00,0.00,0.00,0.00,0.00,0.00,0.00,0.00,0.00,0.00,0.00,0.00,0.00,0.00,0.00,0.00,0.00,0.00,0.00,0.00,0.00,0.00,0.00,0.00,0.00,0.00,,0.00,,0.00,,,,,,0.00,0.00,0.00,1,6,612,20422,SY,Sun Country Airlines d/b/a MN Airlines,SY,Sun Country Airlines d/b/a MN Airlines,16795,L,3,3,2024,4
0.00,0.00,0.00,0.00,0.00,0.00,0.00,0.00,0.00,0.00,0.00,0.00,0.00,0.00,0.00,0.00,0.00,0.00,0.00,0.00,0.00,0.00,0.00,0.00,0.00,0.00,0.00,0.00,0.00,0.00,0.00,0.00,0.00,0.00,0.00,0.00,0.00,,0.00,,0.00,,,,,,0.00,0.00,0.00,1,6,614,19805,AA,American Airlines Inc.,AA,American Airlines Inc.,10049,A,3,3,2024,1
0.00,0.00,0.00,0.00,0.00,0.00,0.00,0.00,0.00,0.00,0.00,0.00,0.00,0.00,0.00,0.00,0.00,0.00,0.00,0.00,0.00,0.00,0.00,0.00,0.00,0.00,0.00,0.00,0.00,0.00,0.00,0.00,0.00,0.00,0.00,0.00,0.00,,0.00,,0.00,,,,,,0.00,0.00,0.00,1,6,614,19805,AA,American Airlines Inc.,AA,American Airlines Inc.,10049,A,3,3,2024,2
0.00,0.00,0.00,0.00,0.00,0.00,0.00,0.00,0.00,0.00,0.00,0.00,0.00,0.00,0.00,0.00,0.00,0.00,0.00,0.00,0.00,0.00,0.00,0.00,0.00,0.00,0.00,0.00,0.00,0.00,0.00,0.00,0.00,0.00,0.00,0.00,0.00,,0.00,,0.00,,,,,,0.00,0.00,0.00,1,6,614,19805,AA,American Airlines Inc.,AA,American Airlines Inc.,10049,A,3,3,2024,3
0.00,0.00,0.00,0.00,0.00,0.00,0.00,0.00,0.00,0.00,0.00,0.00,0.00,0.00,0.00,0.00,0.00,0.00,0.00,0.00,0.00,0.00,0.00,0.00,0.00,0.00,0.00,0.00,0.00,0.00,0.00,0.00,0.00,0.00,0.00,0.00,0.00,,0.00,,0.00,,,,,,0.00,0.00,0.00,1,6,614,19805,AA,American Airlines Inc.,AA,American Airlines Inc.,10049,A,3,3,2024,4
0.00,0.00,0.00,0.00,0.00,0.00,0.00,0.00,0.00,0.00,0.00,0.00,0.00,0.00,0.00,0.00,0.00,0.00,0.00,0.00,0.00,0.00,0.00,0.00,0.00,0.00,0.00,0.00,0.00,0.00,0.00,0.00,0.00,0.00,0.00,0.00,0.00,,0.00,,0.00,,,,,,0.00,0.00,0.00,1,6,622,19805,AA,American Airlines Inc.,AA,American Airlines Inc.,0A050,D,3,3,2024,1
0.00,0.00,0.00,0.00,0.00,0.00,0.00,0.00,0.00,0.00,0.00,0.00,0.00,0.00,0.00,0.00,0.00,0.00,0.00,0.00,0.00,0.00,0.00,0.00,0.00,0.00,0.00,0.00,0.00,0.00,0.00,0.00,0.00,0.00,0.00,0.00,0.00,,0.00,,0.00,,,,,,0.00,0.00,0.00,1,6,622,19805,AA,American Airlines Inc.,AA,American Airlines Inc.,0A050,D,3,3,2024,2
0.00,0.00,0.00,0.00,0.00,0.00,0.00,0.00,0.00,0.00,0.00,0.00,0.00,0.00,0.00,0.00,0.00,0.00,0.00,0.00,0.00,0.00,0.00,0.00,0.00,0.00,0.00,0.00,0.00,0.00,0.00,0.00,0.00,0.00,0.00,0.00,0.00,,0.00,,0.00,,,,,,0.00,0.00,0.00,1,6,622,19805,AA,American Airlines Inc.,AA,American Airlines Inc.,0A050,D,3,3,2024,3
0.00,0.00,0.00,0.00,0.00,0.00,0.00,0.00,0.00,0.00,0.00,0.00,0.00,0.00,0.00,0.00,0.00,0.00,0.00,0.00,0.00,0.00,0.00,0.00,0.00,0.00,0.00,0.00,0.00,0.00,0.00,0.00,0.00,0.00,0.00,0.00,0.00,,0.00,,0.00,,,,,,0.00,0.00,0.00,1,6,622,19805,AA,American Airlines Inc.,AA,American Airlines Inc.,0A050,D,3,3,2024,4
0.00,0.00,0.00,0.00,0.00,0.00,0.00,0.00,0.00,0.00,0.00,0.00,0.00,0.00,0.00,0.00,0.00,0.00,0.00,0.00,0.00,0.00,0.00,0.00,0.00,0.00,0.00,0.00,0.00,0.00,0.00,0.00,0.00,0.00,0.00,0.00,0.00,,0.00,,0.00,,,,,,0.00,0.00,0.00,1,6,622,19805,AA,American Airlines Inc.,AA,American Airlines Inc.,10049,A,3,3,2024,1
0.00,0.00,0.00,0.00,0.00,0.00,0.00,0.00,0.00,0.00,0.00,0.00,0.00,0.00,0.00,0.00,0.00,0.00,0.00,0.00,0.00,0.00,0.00,0.00,0.00,0.00,0.00,0.00,0.00,0.00,0.00,0.00,0.00,0.00,0.00,0.00,0.00,,0.00,,0.00,,,,,,0.00,0.00,0.00,1,6,622,19805,AA,American Airlines Inc.,AA,American Airlines Inc.,10049,A,3,3,2024,2
0.00,0.00,0.00,0.00,0.00,0.00,0.00,0.00,0.00,0.00,0.00,0.00,0.00,0.00,0.00,0.00,0.00,0.00,0.00,0.00,0.00,0.00,0.00,0.00,0.00,0.00,0.00,0.00,0.00,0.00,0.00,0.00,0.00,0.00,0.00,0.00,0.00,,0.00,,0.00,,,,,,0.00,0.00,0.00,1,6,622,19805,AA,American Airlines Inc.,AA,American Airlines Inc.,10049,A,3,3,2024,3
0.00,0.00,0.00,0.00,0.00,0.00,0.00,0.00,0.00,0.00,0.00,0.00,0.00,0.00,0.00,0.00,0.00,0.00,0.00,0.00,0.00,0.00,0.00,0.00,0.00,0.00,0.00,0.00,0.00,0.00,0.00,0.00,0.00,0.00,0.00,0.00,0.00,,0.00,,0.00,,,,,,0.00,0.00,0.00,1,6,622,19805,AA,American Airlines Inc.,AA,American Airlines Inc.,10049,A,3,3,2024,4
0.00,0.00,0.00,0.00,0.00,0.00,0.00,0.00,0.00,0.00,0.00,0.00,0.00,0.00,0.00,0.00,0.00,0.00,0.00,0.00,0.00,0.00,0.00,0.00,0.00,0.00,0.00,0.00,0.00,0.00,0.00,0.00,0.00,0.00,0.00,0.00,0.00,,0.00,,0.00,,,,,,0.00,0.00,0.00,1,6,622,19805,AA,American Airlines Inc.,AA,American Airlines Inc.,10050,L,3,3,2024,1
0.00,0.00,0.00,0.00,0.00,0.00,0.00,0.00,0.00,0.00,0.00,0.00,0.00,0.00,0.00,0.00,0.00,0.00,0.00,0.00,0.00,0.00,0.00,0.00,0.00,0.00,0.00,0.00,0.00,0.00,0.00,0.00,0.00,0.00,0.00,0.00,0.00,,0.00,,0.00,,,,,,0.00,0.00,0.00,1,6,622,19805,AA,American Airlines Inc.,AA,American Airlines Inc.,10050,L,3,3,2024,2
0.00,0.00,0.00,0.00,0.00,0.00,0.00,0.00,0.00,0.00,0.00,0.00,0.00,0.00,0.00,0.00,0.00,0.00,0.00,0.00,0.00,0.00,0.00,0.00,0.00,0.00,0.00,0.00,0.00,0.00,0.00,0.00,0.00,0.00,0.00,0.00,0.00,,0.00,,0.00,,,,,,0.00,0.00,0.00,1,6,622,19805,AA,American Airlines Inc.,AA,American Airlines Inc.,10050,L,3,3,2024,3
0.00,0.00,0.00,0.00,0.00,0.00,0.00,0.00,0.00,0.00,0.00,0.00,0.00,0.00,0.00,0.00,0.00,0.00,0.00,0.00,0.00,0.00,0.00,0.00,0.00,0.00,0.00,0.00,0.00,0.00,0.00,0.00,0.00,0.00,0.00,0.00,0.00,,0.00,,0.00,,,,,,0.00,0.00,0.00,1,6,622,19805,AA,American Airlines Inc.,AA,American Airlines Inc.,10050,L,3,3,2024,4
0.00,0.00,0.00,0.00,0.00,0.00,0.00,0.00,0.00,0.00,0.00,0.00,0.00,0.00,0.00,0.00,0.00,0.00,0.00,0.00,0.00,0.00,0.00,0.00,0.00,0.00,0.00,0.00,0.00,0.00,0.00,0.00,0.00,0.00,0.00,0.00,0.00,,0.00,,0.00,,,,,,0.00,0.00,0.00,1,6,622,19874,8C,Air Transport International,8C,Air Transport International,06029,D,2,2,2024,1
0.00,0.00,0.00,0.00,0.00,0.00,0.00,0.00,0.00,0.00,0.00,0.00,0.00,0.00,0.00,0.00,0.00,0.00,0.00,0.00,0.00,0.00,0.00,0.00,0.00,0.00,0.00,0.00,0.00,0.00,0.00,0.00,0.00,0.00,0.00,0.00,0.00,,0.00,,0.00,,,,,,0.00,0.00,0.00,1,6,622,19874,8C,Air Transport International,8C,Air Transport International,06029,D,2,2,2024,2
0.00,0.00,0.00,0.00,0.00,0.00,0.00,0.00,0.00,0.00,0.00,0.00,0.00,0.00,0.00,0.00,0.00,0.00,0.00,0.00,0.00,0.00,0.00,0.00,0.00,0.00,0.00,0.00,0.00,0.00,0.00,0.00,0.00,0.00,0.00,0.00,0.00,,0.00,,0.00,,,,,,0.00,0.00,0.00,1,6,622,19874,8C,Air Transport International,8C,Air Transport International,06029,D,2,2,2024,3
0.00,0.00,0.00,0.00,0.00,0.00,0.00,0.00,0.00,0.00,0.00,0.00,0.00,0.00,0.00,0.00,0.00,0.00,0.00,0.00,0.00,0.00,0.00,0.00,0.00,0.00,0.00,0.00,0.00,0.00,0.00,0.00,0.00,0.00,0.00,0.00,0.00,,0.00,,0.00,,,,,,0.00,0.00,0.00,1,6,622,19874,8C,Air Transport International,8C,Air Transport International,06029,D,2,2,2024,4
0.00,0.00,0.00,0.00,0.00,0.00,0.00,0.00,0.00,0.00,0.00,0.00,0.00,0.00,0.00,0.00,0.00,0.00,0.00,0.00,0.00,0.00,0.00,0.00,0.00,0.00,0.00,0.00,0.00,0.00,0.00,0.00,0.00,0.00,0.00,0.00,0.00,,0.00,,0.00,,,,,,0.00,0.00,0.00,1,6,622,20368,G4,Allegiant Air,G4,Allegiant Air,06035,D,3,3,2024,1
0.00,0.00,0.00,0.00,0.00,0.00,0.00,0.00,0.00,0.00,0.00,0.00,0.00,0.00,0.00,0.00,0.00,0.00,0.00,0.00,0.00,0.00,0.00,0.00,0.00,0.00,0.00,0.00,0.00,0.00,0.00,0.00,0.00,0.00,0.00,0.00,0.00,,0.00,,0.00,,,,,,0.00,0.00,0.00,1,6,622,20368,G4,Allegiant Air,G4,Allegiant Air,06035,D,3,3,2024,2
0.00,0.00,0.00,0.00,0.00,0.00,0.00,0.00,0.00,0.00,0.00,0.00,0.00,0.00,0.00,0.00,0.00,0.00,0.00,0.00,0.00,0.00,0.00,0.00,0.00,0.00,0.00,0.00,0.00,0.00,0.00,0.00,0.00,0.00,0.00,0.00,0.00,,0.00,,0.00,,,,,,0.00,0.00,0.00,1,6,622,20368,G4,Allegiant Air,G4,Allegiant Air,06035,D,3,3,2024,3
0.00,0.00,0.00,0.00,0.00,0.00,0.00,0.00,0.00,0.00,0.00,0.00,0.00,0.00,0.00,0.00,0.00,0.00,0.00,0.00,0.00,0.00,0.00,0.00,0.00,0.00,0.00,0.00,0.00,0.00,0.00,0.00,0.00,0.00,0.00,0.00,0.00,,0.00,,0.00,,,,,,0.00,0.00,0.00,1,6,622,20368,G4,Allegiant Air,G4,Allegiant Air,06035,D,3,3,2024,4
0.00,0.00,0.00,0.00,0.00,0.00,0.00,0.00,0.00,0.00,0.00,0.00,0.00,0.00,0.00,0.00,0.00,0.00,0.00,0.00,0.00,0.00,0.00,0.00,0.00,0.00,0.00,0.00,0.00,0.00,0.00,0.00,0.00,0.00,0.00,0.00,0.00,,0.00,,0.00,,,,,,0.00,0.00,0.00,1,6,622,20377,X9,Omni Air International LLC,X9,Omni Air International LLC,06738,D,2,2,2024,1
0.00,0.00,0.00,0.00,0.00,0.00,0.00,0.00,0.00,0.00,0.00,0.00,0.00,0.00,0.00,0.00,0.00,0.00,0.00,0.00,0.00,0.00,0.00,0.00,0.00,0.00,0.00,0.00,0.00,0.00,0.00,0.00,0.00,0.00,0.00,0.00,0.00,,0.00,,0.00,,,,,,0.00,0.00,0.00,1,6,622,20377,X9,Omni Air International LLC,X9,Omni Air International LLC,06738,D,2,2,2024,2
0.00,0.00,0.00,0.00,0.00,0.00,0.00,0.00,0.00,0.00,0.00,0.00,0.00,0.00,0.00,0.00,0.00,0.00,0.00,0.00,0.00,0.00,0.00,0.00,0.00,0.00,0.00,0.00,0.00,0.00,0.00,0.00,0.00,0.00,0.00,0.00,0.00,,0.00,,0.00,,,,,,0.00,0.00,0.00,1,6,622,20377,X9,Omni Air International LLC,X9,Omni Air International LLC,06738,D,2,2,2024,3
0.00,0.00,0.00,0.00,0.00,0.00,0.00,0.00,0.00,0.00,0.00,0.00,0.00,0.00,0.00,0.00,0.00,0.00,0.00,0.00,0.00,0.00,0.00,0.00,0.00,0.00,0.00,0.00,0.00,0.00,0.00,0.00,0.00,0.00,0.00,0.00,0.00,,0.00,,0.00,,,,,,0.00,0.00,0.00,1,6,622,20377,X9,Omni Air International LLC,X9,Omni Air International LLC,06738,D,2,2,2024,4
0.00,0.00,0.00,0.00,0.00,0.00,0.00,0.00,0.00,0.00,0.00,0.00,0.00,0.00,0.00,0.00,0.00,0.00,0.00,0.00,0.00,0.00,0.00,0.00,0.00,0.00,0.00,0.00,0.00,0.00,0.00,0.00,0.00,0.00,0.00,0.00,0.00,,0.00,,0.00,,,,,,0.00,0.00,0.00,1,6,622,20377,X9,Omni Air International LLC,X9,Omni Air International LLC,16736,I,2,2,2024,1
0.00,0.00,0.00,0.00,0.00,0.00,0.00,0.00,0.00,0.00,0.00,0.00,0.00,0.00,0.00,0.00,0.00,0.00,0.00,0.00,0.00,0.00,0.00,0.00,0.00,0.00,0.00,0.00,0.00,0.00,0.00,0.00,0.00,0.00,0.00,0.00,0.00,,0.00,,0.00,,,,,,0.00,0.00,0.00,1,6,622,20377,X9,Omni Air International LLC,X9,Omni Air International LLC,16736,I,2,2,2024,2
0.00,0.00,0.00,0.00,0.00,0.00,0.00,0.00,0.00,0.00,0.00,0.00,0.00,0.00,0.00,0.00,0.00,0.00,0.00,0.00,0.00,0.00,0.00,0.00,0.00,0.00,0.00,0.00,0.00,0.00,0.00,0.00,0.00,0.00,0.00,0.00,0.00,,0.00,,0.00,,,,,,0.00,0.00,0.00,1,6,622,20377,X9,Omni Air International LLC,X9,Omni Air International LLC,16736,I,2,2,2024,3
0.00,0.00,0.00,0.00,0.00,0.00,0.00,0.00,0.00,0.00,0.00,0.00,0.00,0.00,0.00,0.00,0.00,0.00,0.00,0.00,0.00,0.00,0.00,0.00,0.00,0.00,0.00,0.00,0.00,0.00,0.00,0.00,0.00,0.00,0.00,0.00,0.00,,0.00,,0.00,,,,,,0.00,0.00,0.00,1,6,622,20377,X9,Omni Air International LLC,X9,Omni Air International LLC,16736,I,2,2,2024,4
0.00,0.00,0.00,0.00,0.00,0.00,0.00,0.00,0.00,0.00,0.00,0.00,0.00,0.00,0.00,0.00,0.00,0.00,0.00,0.00,0.00,0.00,0.00,0.00,0.00,0.00,0.00,0.00,0.00,0.00,0.00,0.00,0.00,0.00,0.00,0.00,0.00,,0.00,,0.00,,,,,,0.00,0.00,0.00,1,6,626,19805,AA,American Airlines Inc.,AA,American Airlines Inc.,0A050,D,3,3,2024,1
0.00,0.00,0.00,0.00,0.00,0.00,0.00,0.00,0.00,0.00,0.00,0.00,0.00,0.00,0.00,0.00,0.00,0.00,0.00,0.00,0.00,0.00,0.00,0.00,0.00,0.00,0.00,0.00,0.00,0.00,0.00,0.00,0.00,0.00,0.00,0.00,0.00,,0.00,,0.00,,,,,,0.00,0.00,0.00,1,6,626,19805,AA,American Airlines Inc.,AA,American Airlines Inc.,0A050,D,3,3,2024,2
0.00,0.00,0.00,0.00,0.00,0.00,0.00,0.00,0.00,0.00,0.00,0.00,0.00,0.00,0.00,0.00,0.00,0.00,0.00,0.00,0.00,0.00,0.00,0.00,0.00,0.00,0.00,0.00,0.00,0.00,0.00,0.00,0.00,0.00,0.00,0.00,0.00,,0.00,,0.00,,,,,,0.00,0.00,0.00,1,6,626,19805,AA,American Airlines Inc.,AA,American Airlines Inc.,0A050,D,3,3,2024,3
0.00,0.00,0.00,0.00,0.00,0.00,0.00,0.00,0.00,0.00,0.00,0.00,0.00,0.00,0.00,0.00,0.00,0.00,0.00,0.00,0.00,0.00,0.00,0.00,0.00,0.00,0.00,0.00,0.00,0.00,0.00,0.00,0.00,0.00,0.00,0.00,0.00,,0.00,,0.00,,,,,,0.00,0.00,0.00,1,6,626,19805,AA,American Airlines Inc.,AA,American Airlines Inc.,0A050,D,3,3,2024,4
0.00,0.00,0.00,0.00,0.00,0.00,0.00,0.00,0.00,0.00,0.00,0.00,0.00,0.00,0.00,0.00,0.00,0.00,0.00,0.00,0.00,0.00,0.00,0.00,0.00,0.00,0.00,0.00,0.00,0.00,0.00,0.00,0.00,0.00,0.00,0.00,0.00,,0.00,,0.00,,,,,,0.00,0.00,0.00,1,6,626,19805,AA,American Airlines Inc.,AA,American Airlines Inc.,10049,A,3,3,2024,1
0.00,0.00,0.00,0.00,0.00,0.00,0.00,0.00,0.00,0.00,0.00,0.00,0.00,0.00,0.00,0.00,0.00,0.00,0.00,0.00,0.00,0.00,0.00,0.00,0.00,0.00,0.00,0.00,0.00,0.00,0.00,0.00,0.00,0.00,0.00,0.00,0.00,,0.00,,0.00,,,,,,0.00,0.00,0.00,1,6,626,19805,AA,American Airlines Inc.,AA,American Airlines Inc.,10049,A,3,3,2024,2
0.00,0.00,0.00,0.00,0.00,0.00,0.00,0.00,0.00,0.00,0.00,0.00,0.00,0.00,0.00,0.00,0.00,0.00,0.00,0.00,0.00,0.00,0.00,0.00,0.00,0.00,0.00,0.00,0.00,0.00,0.00,0.00,0.00,0.00,0.00,0.00,0.00,,0.00,,0.00,,,,,,0.00,0.00,0.00,1,6,626,19805,AA,American Airlines Inc.,AA,American Airlines Inc.,10049,A,3,3,2024,3
0.00,0.00,0.00,0.00,0.00,0.00,0.00,0.00,0.00,0.00,0.00,0.00,0.00,0.00,0.00,0.00,0.00,0.00,0.00,0.00,0.00,0.00,0.00,0.00,0.00,0.00,0.00,0.00,0.00,0.00,0.00,0.00,0.00,0.00,0.00,0.00,0.00,,0.00,,0.00,,,,,,0.00,0.00,0.00,1,6,626,19805,AA,American Airlines Inc.,AA,American Airlines Inc.,10049,A,3,3,2024,4
0.00,0.00,0.00,0.00,0.00,0.00,0.00,0.00,0.00,0.00,0.00,0.00,0.00,0.00,0.00,0.00,0.00,0.00,0.00,0.00,0.00,0.00,0.00,0.00,0.00,0.00,0.00,0.00,0.00,0.00,0.00,0.00,0.00,0.00,0.00,0.00,0.00,,0.00,,0.00,,,,,,0.00,0.00,0.00,1,6,626,19805,AA,American Airlines Inc.,AA,American Airlines Inc.,10050,L,3,3,2024,1
0.00,0.00,0.00,0.00,0.00,0.00,0.00,0.00,0.00,0.00,0.00,0.00,0.00,0.00,0.00,0.00,0.00,0.00,0.00,0.00,0.00,0.00,0.00,0.00,0.00,0.00,0.00,0.00,0.00,0.00,0.00,0.00,0.00,0.00,0.00,0.00,0.00,,0.00,,0.00,,,,,,0.00,0.00,0.00,1,6,626,19805,AA,American Airlines Inc.,AA,American Airlines Inc.,10050,L,3,3,2024,2
0.00,0.00,0.00,0.00,0.00,0.00,0.00,0.00,0.00,0.00,0.00,0.00,0.00,0.00,0.00,0.00,0.00,0.00,0.00,0.00,0.00,0.00,0.00,0.00,0.00,0.00,0.00,0.00,0.00,0.00,0.00,0.00,0.00,0.00,0.00,0.00,0.00,,0.00,,0.00,,,,,,0.00,0.00,0.00,1,6,626,19805,AA,American Airlines Inc.,AA,American Airlines Inc.,10050,L,3,3,2024,3
0.00,0.00,0.00,0.00,0.00,0.00,0.00,0.00,0.00,0.00,0.00,0.00,0.00,0.00,0.00,0.00,0.00,0.00,0.00,0.00,0.00,0.00,0.00,0.00,0.00,0.00,0.00,0.00,0.00,0.00,0.00,0.00,0.00,0.00,0.00,0.00,0.00,,0.00,,0.00,,,,,,0.00,0.00,0.00,1,6,626,19805,AA,American Airlines Inc.,AA,American Airlines Inc.,10050,L,3,3,2024,4
0.00,0.00,0.00,0.00,0.00,0.00,0.00,0.00,0.00,0.00,0.00,0.00,0.00,0.00,0.00,0.00,0.00,0.00,0.00,0.00,0.00,0.00,0.00,0.00,0.00,0.00,0.00,0.00,0.00,0.00,0.00,0.00,0.00,0.00,0.00,0.00,0.00,,0.00,,0.00,,,,,,0.00,0.00,0.00,1,6,627,19805,AA,American Airlines Inc.,AA,American Airlines Inc.,10052,P,3,3,2024,1
0.00,0.00,0.00,0.00,0.00,0.00,0.00,0.00,0.00,0.00,0.00,0.00,0.00,0.00,0.00,0.00,0.00,0.00,0.00,0.00,0.00,0.00,0.00,0.00,0.00,0.00,0.00,0.00,0.00,0.00,0.00,0.00,0.00,0.00,0.00,0.00,0.00,,0.00,,0.00,,,,,,0.00,0.00,0.00,1,6,629,20304,OO,SkyWest Airlines Inc.,OO,SkyWest Airlines Inc.,11025,L,3,3,2024,1
0.00,0.00,0.00,0.00,0.00,0.00,0.00,0.00,0.00,0.00,0.00,0.00,0.00,0.00,0.00,0.00,0.00,0.00,0.00,0.00,0.00,0.00,0.00,0.00,0.00,0.00,0.00,0.00,0.00,0.00,0.00,0.00,0.00,0.00,0.00,0.00,0.00,,0.00,,0.00,,,,,,0.00,0.00,0.00,1,6,629,20304,OO,SkyWest Airlines Inc.,OO,SkyWest Airlines Inc.,11025,L,3,3,2024,2
0.00,0.00,0.00,0.00,0.00,0.00,0.00,0.00,0.00,0.00,0.00,0.00,0.00,0.00,0.00,0.00,0.00,0.00,0.00,0.00,0.00,0.00,0.00,0.00,0.00,0.00,0.00,0.00,0.00,0.00,0.00,0.00,0.00,0.00,0.00,0.00,0.00,,0.00,,0.00,,,,,,0.00,0.00,0.00,1,6,629,20304,OO,SkyWest Airlines Inc.,OO,SkyWest Airlines Inc.,11025,L,3,3,2024,3
0.00,0.00,0.00,0.00,0.00,0.00,0.00,0.00,0.00,0.00,0.00,0.00,0.00,0.00,0.00,0.00,0.00,0.00,0.00,0.00,0.00,0.00,0.00,0.00,0.00,0.00,0.00,0.00,0.00,0.00,0.00,0.00,0.00,0.00,0.00,0.00,0.00,,0.00,,0.00,,,,,,0.00,0.00,0.00,1,6,629,20304,OO,SkyWest Airlines Inc.,OO,SkyWest Airlines Inc.,11025,L,3,3,2024,4
0.00,0.00,0.00,0.00,0.00,0.00,0.00,0.00,0.00,0.00,0.00,0.00,0.00,0.00,0.00,0.00,0.00,0.00,0.00,0.00,0.00,0.00,0.00,0.00,0.00,0.00,0.00,0.00,0.00,0.00,0.00,0.00,0.00,0.00,0.00,0.00,0.00,,0.00,,0.00,,,,,,0.00,0.00,0.00,1,6,629,20397,OH,PSA Airlines Inc.,OH,PSA Airlines Inc.,07028,D,2,2,2024,1
0.00,0.00,0.00,0.00,0.00,0.00,0.00,0.00,0.00,0.00,0.00,0.00,0.00,0.00,0.00,0.00,0.00,0.00,0.00,0.00,0.00,0.00,0.00,0.00,0.00,0.00,0.00,0.00,0.00,0.00,0.00,0.00,0.00,0.00,0.00,0.00,0.00,,0.00,,0.00,,,,,,0.00,0.00,0.00,1,6,629,20397,OH,PSA Airlines Inc.,OH,PSA Airlines Inc.,07028,D,2,2,2024,2
0.00,0.00,0.00,0.00,0.00,0.00,0.00,0.00,0.00,0.00,0.00,0.00,0.00,0.00,0.00,0.00,0.00,0.00,0.00,0.00,0.00,0.00,0.00,0.00,0.00,0.00,0.00,0.00,0.00,0.00,0.00,0.00,0.00,0.00,0.00,0.00,0.00,,0.00,,0.00,,,,,,0.00,0.00,0.00,1,6,629,20397,OH,PSA Airlines Inc.,OH,PSA Airlines Inc.,07028,D,2,2,2024,3
0.00,0.00,0.00,0.00,0.00,0.00,0.00,0.00,0.00,0.00,0.00,0.00,0.00,0.00,0.00,0.00,0.00,0.00,0.00,0.00,0.00,0.00,0.00,0.00,0.00,0.00,0.00,0.00,0.00,0.00,0.00,0.00,0.00,0.00,0.00,0.00,0.00,,0.00,,0.00,,,,,,0.00,0.00,0.00,1,6,629,20397,OH,PSA Airlines Inc.,OH,PSA Airlines Inc.,07028,D,2,2,2024,4
0.00,0.00,0.00,0.00,0.00,0.00,0.00,0.00,0.00,0.00,0.00,0.00,0.00,0.00,0.00,0.00,0.00,0.00,0.00,0.00,0.00,0.00,0.00,0.00,0.00,0.00,0.00,0.00,0.00,0.00,0.00,0.00,0.00,0.00,0.00,0.00,0.00,,0.00,,0.00,,,,,,0.00,0.00,0.00,1,6,629,20397,OH,PSA Airlines Inc.,OH,PSA Airlines Inc.,11030,L,2,2,2024,1
0.00,0.00,0.00,0.00,0.00,0.00,0.00,0.00,0.00,0.00,0.00,0.00,0.00,0.00,0.00,0.00,0.00,0.00,0.00,0.00,0.00,0.00,0.00,0.00,0.00,0.00,0.00,0.00,0.00,0.00,0.00,0.00,0.00,0.00,0.00,0.00,0.00,,0.00,,0.00,,,,,,0.00,0.00,0.00,1,6,629,20397,OH,PSA Airlines Inc.,OH,PSA Airlines Inc.,11030,L,2,2,2024,2
0.00,0.00,0.00,0.00,0.00,0.00,0.00,0.00,0.00,0.00,0.00,0.00,0.00,0.00,0.00,0.00,0.00,0.00,0.00,0.00,0.00,0.00,0.00,0.00,0.00,0.00,0.00,0.00,0.00,0.00,0.00,0.00,0.00,0.00,0.00,0.00,0.00,,0.00,,0.00,,,,,,0.00,0.00,0.00,1,6,629,20397,OH,PSA Airlines Inc.,OH,PSA Airlines Inc.,11030,L,2,2,2024,3
0.00,0.00,0.00,0.00,0.00,0.00,0.00,0.00,0.00,0.00,0.00,0.00,0.00,0.00,0.00,0.00,0.00,0.00,0.00,0.00,0.00,0.00,0.00,0.00,0.00,0.00,0.00,0.00,0.00,0.00,0.00,0.00,0.00,0.00,0.00,0.00,0.00,,0.00,,0.00,,,,,,0.00,0.00,0.00,1,6,629,20397,OH,PSA Airlines Inc.,OH,PSA Airlines Inc.,11030,L,2,2,2024,4
0.00,0.00,0.00,0.00,0.00,0.00,0.00,0.00,0.00,0.00,0.00,0.00,0.00,0.00,0.00,0.00,0.00,0.00,0.00,0.00,0.00,0.00,0.00,0.00,0.00,0.00,0.00,0.00,0.00,0.00,0.00,0.00,0.00,0.00,0.00,0.00,0.00,,0.00,,0.00,,,,,,0.00,0.00,0.00,1,6,638,20304,OO,SkyWest Airlines Inc.,OO,SkyWest Airlines Inc.,11025,L,3,3,2024,1
0.00,0.00,0.00,0.00,0.00,0.00,0.00,0.00,0.00,0.00,0.00,0.00,0.00,0.00,0.00,0.00,0.00,0.00,0.00,0.00,0.00,0.00,0.00,0.00,0.00,0.00,0.00,0.00,0.00,0.00,0.00,0.00,0.00,0.00,0.00,0.00,0.00,,0.00,,0.00,,,,,,0.00,0.00,0.00,1,6,638,20304,OO,SkyWest Airlines Inc.,OO,SkyWest Airlines Inc.,11025,L,3,3,2024,2
0.00,0.00,0.00,0.00,0.00,0.00,0.00,0.00,0.00,0.00,0.00,0.00,0.00,0.00,0.00,0.00,0.00,0.00,0.00,0.00,0.00,0.00,0.00,0.00,0.00,0.00,0.00,0.00,0.00,0.00,0.00,0.00,0.00,0.00,0.00,0.00,0.00,,0.00,,0.00,,,,,,0.00,0.00,0.00,1,6,638,20304,OO,SkyWest Airlines Inc.,OO,SkyWest Airlines Inc.,11025,L,3,3,2024,3
0.00,0.00,0.00,0.00,0.00,0.00,0.00,0.00,0.00,0.00,0.00,0.00,0.00,0.00,0.00,0.00,0.00,0.00,0.00,0.00,0.00,0.00,0.00,0.00,0.00,0.00,0.00,0.00,0.00,0.00,0.00,0.00,0.00,0.00,0.00,0.00,0.00,,0.00,,0.00,,,,,,0.00,0.00,0.00,1,6,638,20304,OO,SkyWest Airlines Inc.,OO,SkyWest Airlines Inc.,11025,L,3,3,2024,4
0.00,0.00,0.00,0.00,0.00,0.00,0.00,0.00,0.00,0.00,0.00,0.00,0.00,0.00,0.00,0.00,0.00,0.00,0.00,0.00,0.00,0.00,0.00,0.00,0.00,0.00,0.00,0.00,0.00,0.00,0.00,0.00,0.00,0.00,0.00,0.00,0.00,,0.00,,0.00,,,,,,0.00,0.00,0.00,1,6,655,19805,AA,American Airlines Inc.,AA,American Airlines Inc.,0A050,D,3,3,2024,1
0.00,0.00,0.00,0.00,0.00,0.00,0.00,0.00,0.00,0.00,0.00,0.00,0.00,0.00,0.00,0.00,0.00,0.00,0.00,0.00,0.00,0.00,0.00,0.00,0.00,0.00,0.00,0.00,0.00,0.00,0.00,0.00,0.00,0.00,0.00,0.00,0.00,,0.00,,0.00,,,,,,0.00,0.00,0.00,1,6,655,19805,AA,American Airlines Inc.,AA,American Airlines Inc.,0A050,D,3,3,2024,2
0.00,0.00,0.00,0.00,0.00,0.00,0.00,0.00,0.00,0.00,0.00,0.00,0.00,0.00,0.00,0.00,0.00,0.00,0.00,0.00,0.00,0.00,0.00,0.00,0.00,0.00,0.00,0.00,0.00,0.00,0.00,0.00,0.00,0.00,0.00,0.00,0.00,,0.00,,0.00,,,,,,0.00,0.00,0.00,1,6,655,19805,AA,American Airlines Inc.,AA,American Airlines Inc.,0A050,D,3,3,2024,3
0.00,0.00,0.00,0.00,0.00,0.00,0.00,0.00,0.00,0.00,0.00,0.00,0.00,0.00,0.00,0.00,0.00,0.00,0.00,0.00,0.00,0.00,0.00,0.00,0.00,0.00,0.00,0.00,0.00,0.00,0.00,0.00,0.00,0.00,0.00,0.00,0.00,,0.00,,0.00,,,,,,0.00,0.00,0.00,1,6,655,19805,AA,American Airlines Inc.,AA,American Airlines Inc.,0A050,D,3,3,2024,4
0.00,0.00,0.00,0.00,0.00,0.00,0.00,0.00,0.00,0.00,0.00,0.00,0.00,0.00,0.00,0.00,0.00,0.00,0.00,0.00,0.00,0.00,0.00,0.00,0.00,0.00,0.00,0.00,0.00,0.00,0.00,0.00,0.00,0.00,0.00,0.00,0.00,,0.00,,0.00,,,,,,0.00,0.00,0.00,1,6,655,19805,AA,American Airlines Inc.,AA,American Airlines Inc.,10050,L,3,3,2024,1
0.00,0.00,0.00,0.00,0.00,0.00,0.00,0.00,0.00,0.00,0.00,0.00,0.00,0.00,0.00,0.00,0.00,0.00,0.00,0.00,0.00,0.00,0.00,0.00,0.00,0.00,0.00,0.00,0.00,0.00,0.00,0.00,0.00,0.00,0.00,0.00,0.00,,0.00,,0.00,,,,,,0.00,0.00,0.00,1,6,655,19805,AA,American Airlines Inc.,AA,American Airlines Inc.,10050,L,3,3,2024,2
0.00,0.00,0.00,0.00,0.00,0.00,0.00,0.00,0.00,0.00,0.00,0.00,0.00,0.00,0.00,0.00,0.00,0.00,0.00,0.00,0.00,0.00,0.00,0.00,0.00,0.00,0.00,0.00,0.00,0.00,0.00,0.00,0.00,0.00,0.00,0.00,0.00,,0.00,,0.00,,,,,,0.00,0.00,0.00,1,6,655,19805,AA,American Airlines Inc.,AA,American Airlines Inc.,10050,L,3,3,2024,3
0.00,0.00,0.00,0.00,0.00,0.00,0.00,0.00,0.00,0.00,0.00,0.00,0.00,0.00,0.00,0.00,0.00,0.00,0.00,0.00,0.00,0.00,0.00,0.00,0.00,0.00,0.00,0.00,0.00,0.00,0.00,0.00,0.00,0.00,0.00,0.00,0.00,,0.00,,0.00,,,,,,0.00,0.00,0.00,1,6,655,19805,AA,American Airlines Inc.,AA,American Airlines Inc.,10050,L,3,3,2024,4
0.00,0.00,0.00,0.00,0.00,0.00,0.00,0.00,0.00,0.00,0.00,0.00,0.00,0.00,0.00,0.00,0.00,0.00,0.00,0.00,0.00,0.00,0.00,0.00,0.00,0.00,0.00,0.00,0.00,0.00,0.00,0.00,0.00,0.00,0.00,0.00,0.00,,0.00,,0.00,,,,,,0.00,0.00,0.00,1,6,655,20368,G4,Allegiant Air,G4,Allegiant Air,06035,D,3,3,2024,1
0.00,0.00,0.00,0.00,0.00,0.00,0.00,0.00,0.00,0.00,0.00,0.00,0.00,0.00,0.00,0.00,0.00,0.00,0.00,0.00,0.00,0.00,0.00,0.00,0.00,0.00,0.00,0.00,0.00,0.00,0.00,0.00,0.00,0.00,0.00,0.00,0.00,,0.00,,0.00,,,,,,0.00,0.00,0.00,1,6,655,20368,G4,Allegiant Air,G4,Allegiant Air,06035,D,3,3,2024,2
0.00,0.00,0.00,0.00,0.00,0.00,0.00,0.00,0.00,0.00,0.00,0.00,0.00,0.00,0.00,0.00,0.00,0.00,0.00,0.00,0.00,0.00,0.00,0.00,0.00,0.00,0.00,0.00,0.00,0.00,0.00,0.00,0.00,0.00,0.00,0.00,0.00,,0.00,,0.00,,,,,,0.00,0.00,0.00,1,6,655,20368,G4,Allegiant Air,G4,Allegiant Air,06035,D,3,3,2024,3
0.00,0.00,0.00,0.00,0.00,0.00,0.00,0.00,0.00,0.00,0.00,0.00,0.00,0.00,0.00,0.00,0.00,0.00,0.00,0.00,0.00,0.00,0.00,0.00,0.00,0.00,0.00,0.00,0.00,0.00,0.00,0.00,0.00,0.00,0.00,0.00,0.00,,0.00,,0.00,,,,,,0.00,0.00,0.00,1,6,655,20368,G4,Allegiant Air,G4,Allegiant Air,06035,D,3,3,2024,4
0.00,0.00,0.00,0.00,0.00,0.00,0.00,0.00,0.00,0.00,0.00,0.00,0.00,0.00,0.00,0.00,0.00,0.00,0.00,0.00,0.00,0.00,0.00,0.00,0.00,0.00,0.00,0.00,0.00,0.00,0.00,0.00,0.00,0.00,0.00,0.00,0.00,,0.00,,0.00,,,,,,0.00,0.00,0.00,1,6,673,19687,QX,Horizon Air,QX,Horizon Air,11023,L,2,2,2024,1
0.00,0.00,0.00,0.00,0.00,0.00,0.00,0.00,0.00,0.00,0.00,0.00,0.00,0.00,0.00,0.00,0.00,0.00,0.00,0.00,0.00,0.00,0.00,0.00,0.00,0.00,0.00,0.00,0.00,0.00,0.00,0.00,0.00,0.00,0.00,0.00,0.00,,0.00,,0.00,,,,,,0.00,0.00,0.00,1,6,673,19687,QX,Horizon Air,QX,Horizon Air,11023,L,2,2,2024,2
0.00,0.00,0.00,0.00,0.00,0.00,0.00,0.00,0.00,0.00,0.00,0.00,0.00,0.00,0.00,0.00,0.00,0.00,0.00,0.00,0.00,0.00,0.00,0.00,0.00,0.00,0.00,0.00,0.00,0.00,0.00,0.00,0.00,0.00,0.00,0.00,0.00,,0.00,,0.00,,,,,,0.00,0.00,0.00,1,6,673,19687,QX,Horizon Air,QX,Horizon Air,11023,L,2,2,2024,3
0.00,0.00,0.00,0.00,0.00,0.00,0.00,0.00,0.00,0.00,0.00,0.00,0.00,0.00,0.00,0.00,0.00,0.00,0.00,0.00,0.00,0.00,0.00,0.00,0.00,0.00,0.00,0.00,0.00,0.00,0.00,0.00,0.00,0.00,0.00,0.00,0.00,,0.00,,0.00,,,,,,0.00,0.00,0.00,1,6,673,19687,QX,Horizon Air,QX,Horizon Air,11023,L,2,2,2024,4
0.00,0.00,0.00,0.00,0.00,0.00,0.00,0.00,0.00,0.00,0.00,0.00,0.00,0.00,0.00,0.00,0.00,0.00,0.00,0.00,0.00,0.00,0.00,0.00,0.00,0.00,0.00,0.00,0.00,0.00,0.00,0.00,0.00,0.00,0.00,0.00,0.00,,0.00,,0.00,,,,,,0.00,0.00,0.00,1,6,673,20452,YX,Republic Airline,YX,Republic Airline,11029,L,3,3,2024,1
0.00,0.00,0.00,0.00,0.00,0.00,0.00,0.00,0.00,0.00,0.00,0.00,0.00,0.00,0.00,0.00,0.00,0.00,0.00,0.00,0.00,0.00,0.00,0.00,0.00,0.00,0.00,0.00,0.00,0.00,0.00,0.00,0.00,0.00,0.00,0.00,0.00,,0.00,,0.00,,,,,,0.00,0.00,0.00,1,6,673,20452,YX,Republic Airline,YX,Republic Airline,11029,L,3,3,2024,2
0.00,0.00,0.00,0.00,0.00,0.00,0.00,0.00,0.00,0.00,0.00,0.00,0.00,0.00,0.00,0.00,0.00,0.00,0.00,0.00,0.00,0.00,0.00,0.00,0.00,0.00,0.00,0.00,0.00,0.00,0.00,0.00,0.00,0.00,0.00,0.00,0.00,,0.00,,0.00,,,,,,0.00,0.00,0.00,1,6,673,20452,YX,Republic Airline,YX,Republic Airline,11029,L,3,3,2024,3
0.00,0.00,0.00,0.00,0.00,0.00,0.00,0.00,0.00,0.00,0.00,0.00,0.00,0.00,0.00,0.00,0.00,0.00,0.00,0.00,0.00,0.00,0.00,0.00,0.00,0.00,0.00,0.00,0.00,0.00,0.00,0.00,0.00,0.00,0.00,0.00,0.00,,0.00,,0.00,,,,,,0.00,0.00,0.00,1,6,673,20452,YX,Republic Airline,YX,Republic Airline,11029,L,3,3,2024,4
0.00,0.00,0.00,0.00,0.00,0.00,0.00,0.00,0.00,0.00,0.00,0.00,0.00,0.00,0.00,0.00,0.00,0.00,0.00,0.00,0.00,0.00,0.00,0.00,0.00,0.00,0.00,0.00,0.00,0.00,0.00,0.00,0.00,0.00,0.00,0.00,0.00,,0.00,,0.00,,,,,,0.00,0.00,0.00,1,6,675,20398,MQ,Envoy Air,MQ,Envoy Air,06820,D,3,3,2024,1
0.00,0.00,0.00,0.00,0.00,0.00,0.00,0.00,0.00,0.00,0.00,0.00,0.00,0.00,0.00,0.00,0.00,0.00,0.00,0.00,0.00,0.00,0.00,0.00,0.00,0.00,0.00,0.00,0.00,0.00,0.00,0.00,0.00,0.00,0.00,0.00,0.00,,0.00,,0.00,,,,,,0.00,0.00,0.00,1,6,675,20398,MQ,Envoy Air,MQ,Envoy Air,06820,D,3,3,2024,2
0.00,0.00,0.00,0.00,0.00,0.00,0.00,0.00,0.00,0.00,0.00,0.00,0.00,0.00,0.00,0.00,0.00,0.00,0.00,0.00,0.00,0.00,0.00,0.00,0.00,0.00,0.00,0.00,0.00,0.00,0.00,0.00,0.00,0.00,0.00,0.00,0.00,,0.00,,0.00,,,,,,0.00,0.00,0.00,1,6,675,20398,MQ,Envoy Air,MQ,Envoy Air,06820,D,3,3,2024,3
0.00,0.00,0.00,0.00,0.00,0.00,0.00,0.00,0.00,0.00,0.00,0.00,0.00,0.00,0.00,0.00,0.00,0.00,0.00,0.00,0.00,0.00,0.00,0.00,0.00,0.00,0.00,0.00,0.00,0.00,0.00,0.00,0.00,0.00,0.00,0.00,0.00,,0.00,,0.00,,,,,,0.00,0.00,0.00,1,6,675,20398,MQ,Envoy Air,MQ,Envoy Air,06820,D,3,3,2024,4
0.00,0.00,0.00,0.00,0.00,0.00,0.00,0.00,0.00,0.00,0.00,0.00,0.00,0.00,0.00,0.00,0.00,0.00,0.00,0.00,0.00,0.00,0.00,0.00,0.00,0.00,0.00,0.00,0.00,0.00,0.00,0.00,0.00,0.00,0.00,0.00,0.00,,0.00,,0.00,,,,,,0.00,0.00,0.00,1,6,675,20398,MQ,Envoy Air,MQ,Envoy Air,16820,L,3,3,2024,1
0.00,0.00,0.00,0.00,0.00,0.00,0.00,0.00,0.00,0.00,0.00,0.00,0.00,0.00,0.00,0.00,0.00,0.00,0.00,0.00,0.00,0.00,0.00,0.00,0.00,0.00,0.00,0.00,0.00,0.00,0.00,0.00,0.00,0.00,0.00,0.00,0.00,,0.00,,0.00,,,,,,0.00,0.00,0.00,1,6,675,20398,MQ,Envoy Air,MQ,Envoy Air,16820,L,3,3,2024,2
0.00,0.00,0.00,0.00,0.00,0.00,0.00,0.00,0.00,0.00,0.00,0.00,0.00,0.00,0.00,0.00,0.00,0.00,0.00,0.00,0.00,0.00,0.00,0.00,0.00,0.00,0.00,0.00,0.00,0.00,0.00,0.00,0.00,0.00,0.00,0.00,0.00,,0.00,,0.00,,,,,,0.00,0.00,0.00,1,6,675,20398,MQ,Envoy Air,MQ,Envoy Air,16820,L,3,3,2024,3
0.00,0.00,0.00,0.00,0.00,0.00,0.00,0.00,0.00,0.00,0.00,0.00,0.00,0.00,0.00,0.00,0.00,0.00,0.00,0.00,0.00,0.00,0.00,0.00,0.00,0.00,0.00,0.00,0.00,0.00,0.00,0.00,0.00,0.00,0.00,0.00,0.00,,0.00,,0.00,,,,,,0.00,0.00,0.00,1,6,675,20398,MQ,Envoy Air,MQ,Envoy Air,16820,L,3,3,2024,4
0.00,0.00,0.00,0.00,0.00,0.00,0.00,0.00,0.00,0.00,0.00,0.00,0.00,0.00,0.00,0.00,0.00,0.00,0.00,0.00,0.00,0.00,0.00,0.00,0.00,0.00,0.00,0.00,0.00,0.00,0.00,0.00,0.00,0.00,0.00,0.00,0.00,,0.00,,0.00,,,,,,0.00,0.00,0.00,1,6,676,20398,MQ,Envoy Air,MQ,Envoy Air,06820,D,3,3,2024,1
0.00,0.00,0.00,0.00,0.00,0.00,0.00,0.00,0.00,0.00,0.00,0.00,0.00,0.00,0.00,0.00,0.00,0.00,0.00,0.00,0.00,0.00,0.00,0.00,0.00,0.00,0.00,0.00,0.00,0.00,0.00,0.00,0.00,0.00,0.00,0.00,0.00,,0.00,,0.00,,,,,,0.00,0.00,0.00,1,6,676,20398,MQ,Envoy Air,MQ,Envoy Air,06820,D,3,3,2024,2
0.00,0.00,0.00,0.00,0.00,0.00,0.00,0.00,0.00,0.00,0.00,0.00,0.00,0.00,0.00,0.00,0.00,0.00,0.00,0.00,0.00,0.00,0.00,0.00,0.00,0.00,0.00,0.00,0.00,0.00,0.00,0.00,0.00,0.00,0.00,0.00,0.00,,0.00,,0.00,,,,,,0.00,0.00,0.00,1,6,676,20398,MQ,Envoy Air,MQ,Envoy Air,06820,D,3,3,2024,3
0.00,0.00,0.00,0.00,0.00,0.00,0.00,0.00,0.00,0.00,0.00,0.00,0.00,0.00,0.00,0.00,0.00,0.00,0.00,0.00,0.00,0.00,0.00,0.00,0.00,0.00,0.00,0.00,0.00,0.00,0.00,0.00,0.00,0.00,0.00,0.00,0.00,,0.00,,0.00,,,,,,0.00,0.00,0.00,1,6,676,20398,MQ,Envoy Air,MQ,Envoy Air,06820,D,3,3,2024,4
0.00,0.00,0.00,0.00,0.00,0.00,0.00,0.00,0.00,0.00,0.00,0.00,0.00,0.00,0.00,0.00,0.00,0.00,0.00,0.00,0.00,0.00,0.00,0.00,0.00,0.00,0.00,0.00,0.00,0.00,0.00,0.00,0.00,0.00,0.00,0.00,0.00,,0.00,,0.00,,,,,,0.00,0.00,0.00,1,6,676,20398,MQ,Envoy Air,MQ,Envoy Air,16820,L,3,3,2024,1
0.00,0.00,0.00,0.00,0.00,0.00,0.00,0.00,0.00,0.00,0.00,0.00,0.00,0.00,0.00,0.00,0.00,0.00,0.00,0.00,0.00,0.00,0.00,0.00,0.00,0.00,0.00,0.00,0.00,0.00,0.00,0.00,0.00,0.00,0.00,0.00,0.00,,0.00,,0.00,,,,,,0.00,0.00,0.00,1,6,676,20398,MQ,Envoy Air,MQ,Envoy Air,16820,L,3,3,2024,2
0.00,0.00,0.00,0.00,0.00,0.00,0.00,0.00,0.00,0.00,0.00,0.00,0.00,0.00,0.00,0.00,0.00,0.00,0.00,0.00,0.00,0.00,0.00,0.00,0.00,0.00,0.00,0.00,0.00,0.00,0.00,0.00,0.00,0.00,0.00,0.00,0.00,,0.00,,0.00,,,,,,0.00,0.00,0.00,1,6,676,20398,MQ,Envoy Air,MQ,Envoy Air,16820,L,3,3,2024,3
0.00,0.00,0.00,0.00,0.00,0.00,0.00,0.00,0.00,0.00,0.00,0.00,0.00,0.00,0.00,0.00,0.00,0.00,0.00,0.00,0.00,0.00,0.00,0.00,0.00,0.00,0.00,0.00,0.00,0.00,0.00,0.00,0.00,0.00,0.00,0.00,0.00,,0.00,,0.00,,,,,,0.00,0.00,0.00,1,6,676,20398,MQ,Envoy Air,MQ,Envoy Air,16820,L,3,3,2024,4
0.00,0.00,0.00,0.00,0.00,0.00,0.00,0.00,0.00,0.00,0.00,0.00,0.00,0.00,0.00,0.00,0.00,0.00,0.00,0.00,0.00,0.00,0.00,0.00,0.00,0.00,0.00,0.00,0.00,0.00,0.00,0.00,0.00,0.00,0.00,0.00,0.00,,0.00,,0.00,,,,,,0.00,0.00,0.00,1,6,677,20452,YX,Republic Airline,YX,Republic Airline,11029,L,3,3,2024,1
0.00,0.00,0.00,0.00,0.00,0.00,0.00,0.00,0.00,0.00,0.00,0.00,0.00,0.00,0.00,0.00,0.00,0.00,0.00,0.00,0.00,0.00,0.00,0.00,0.00,0.00,0.00,0.00,0.00,0.00,0.00,0.00,0.00,0.00,0.00,0.00,0.00,,0.00,,0.00,,,,,,0.00,0.00,0.00,1,6,677,20452,YX,Republic Airline,YX,Republic Airline,11029,L,3,3,2024,2
0.00,0.00,0.00,0.00,0.00,0.00,0.00,0.00,0.00,0.00,0.00,0.00,0.00,0.00,0.00,0.00,0.00,0.00,0.00,0.00,0.00,0.00,0.00,0.00,0.00,0.00,0.00,0.00,0.00,0.00,0.00,0.00,0.00,0.00,0.00,0.00,0.00,,0.00,,0.00,,,,,,0.00,0.00,0.00,1,6,677,20452,YX,Republic Airline,YX,Republic Airline,11029,L,3,3,2024,3
0.00,0.00,0.00,0.00,0.00,0.00,0.00,0.00,0.00,0.00,0.00,0.00,0.00,0.00,0.00,0.00,0.00,0.00,0.00,0.00,0.00,0.00,0.00,0.00,0.00,0.00,0.00,0.00,0.00,0.00,0.00,0.00,0.00,0.00,0.00,0.00,0.00,,0.00,,0.00,,,,,,0.00,0.00,0.00,1,6,677,20452,YX,Republic Airline,YX,Republic Airline,11029,L,3,3,2024,4
0.00,0.00,0.00,0.00,0.00,0.00,0.00,0.00,0.00,0.00,0.00,0.00,0.00,0.00,0.00,0.00,0.00,0.00,0.00,0.00,0.00,0.00,0.00,0.00,0.00,0.00,0.00,0.00,0.00,0.00,0.00,0.00,0.00,0.00,0.00,0.00,0.00,,0.00,,0.00,,,,,,0.00,0.00,0.00,1,6,678,19805,AA,American Airlines Inc.,AA,American Airlines Inc.,0A050,D,3,3,2024,1
0.00,0.00,0.00,0.00,0.00,0.00,0.00,0.00,0.00,0.00,0.00,0.00,0.00,0.00,0.00,0.00,0.00,0.00,0.00,0.00,0.00,0.00,0.00,0.00,0.00,0.00,0.00,0.00,0.00,0.00,0.00,0.00,0.00,0.00,0.00,0.00,0.00,,0.00,,0.00,,,,,,0.00,0.00,0.00,1,6,678,19805,AA,American Airlines Inc.,AA,American Airlines Inc.,0A050,D,3,3,2024,2
0.00,0.00,0.00,0.00,0.00,0.00,0.00,0.00,0.00,0.00,0.00,0.00,0.00,0.00,0.00,0.00,0.00,0.00,0.00,0.00,0.00,0.00,0.00,0.00,0.00,0.00,0.00,0.00,0.00,0.00,0.00,0.00,0.00,0.00,0.00,0.00,0.00,,0.00,,0.00,,,,,,0.00,0.00,0.00,1,6,678,19805,AA,American Airlines Inc.,AA,American Airlines Inc.,0A050,D,3,3,2024,3
0.00,0.00,0.00,0.00,0.00,0.00,0.00,0.00,0.00,0.00,0.00,0.00,0.00,0.00,0.00,0.00,0.00,0.00,0.00,0.00,0.00,0.00,0.00,0.00,0.00,0.00,0.00,0.00,0.00,0.00,0.00,0.00,0.00,0.00,0.00,0.00,0.00,,0.00,,0.00,,,,,,0.00,0.00,0.00,1,6,678,19805,AA,American Airlines Inc.,AA,American Airlines Inc.,0A050,D,3,3,2024,4
0.00,0.00,0.00,0.00,0.00,0.00,0.00,0.00,0.00,0.00,0.00,0.00,0.00,0.00,0.00,0.00,0.00,0.00,0.00,0.00,0.00,0.00,0.00,0.00,0.00,0.00,0.00,0.00,0.00,0.00,0.00,0.00,0.00,0.00,0.00,0.00,0.00,,0.00,,0.00,,,,,,0.00,0.00,0.00,1,6,678,19805,AA,American Airlines Inc.,AA,American Airlines Inc.,10050,L,3,3,2024,1
0.00,0.00,0.00,0.00,0.00,0.00,0.00,0.00,0.00,0.00,0.00,0.00,0.00,0.00,0.00,0.00,0.00,0.00,0.00,0.00,0.00,0.00,0.00,0.00,0.00,0.00,0.00,0.00,0.00,0.00,0.00,0.00,0.00,0.00,0.00,0.00,0.00,,0.00,,0.00,,,,,,0.00,0.00,0.00,1,6,678,19805,AA,American Airlines Inc.,AA,American Airlines Inc.,10050,L,3,3,2024,2
0.00,0.00,0.00,0.00,0.00,0.00,0.00,0.00,0.00,0.00,0.00,0.00,0.00,0.00,0.00,0.00,0.00,0.00,0.00,0.00,0.00,0.00,0.00,0.00,0.00,0.00,0.00,0.00,0.00,0.00,0.00,0.00,0.00,0.00,0.00,0.00,0.00,,0.00,,0.00,,,,,,0.00,0.00,0.00,1,6,678,19805,AA,American Airlines Inc.,AA,American Airlines Inc.,10050,L,3,3,2024,3
0.00,0.00,0.00,0.00,0.00,0.00,0.00,0.00,0.00,0.00,0.00,0.00,0.00,0.00,0.00,0.00,0.00,0.00,0.00,0.00,0.00,0.00,0.00,0.00,0.00,0.00,0.00,0.00,0.00,0.00,0.00,0.00,0.00,0.00,0.00,0.00,0.00,,0.00,,0.00,,,,,,0.00,0.00,0.00,1,6,678,19805,AA,American Airlines Inc.,AA,American Airlines Inc.,10050,L,3,3,2024,4
0.00,0.00,0.00,0.00,0.00,0.00,0.00,0.00,0.00,0.00,0.00,0.00,0.00,0.00,0.00,0.00,0.00,0.00,0.00,0.00,0.00,0.00,0.00,0.00,0.00,0.00,0.00,0.00,0.00,0.00,0.00,0.00,0.00,0.00,0.00,0.00,0.00,,0.00,,0.00,,,,,,0.00,0.00,0.00,1,6,678,20409,B6,JetBlue Airways,B6,JetBlue Airways,10875,A,3,3,2024,1
0.00,0.00,0.00,0.00,0.00,0.00,0.00,0.00,0.00,0.00,0.00,0.00,0.00,0.00,0.00,0.00,0.00,0.00,0.00,0.00,0.00,0.00,0.00,0.00,0.00,0.00,0.00,0.00,0.00,0.00,0.00,0.00,0.00,0.00,0.00,0.00,0.00,,0.00,,0.00,,,,,,0.00,0.00,0.00,1,6,678,20409,B6,JetBlue Airways,B6,JetBlue Airways,10875,A,3,3,2024,2
0.00,0.00,0.00,0.00,0.00,0.00,0.00,0.00,0.00,0.00,0.00,0.00,0.00,0.00,0.00,0.00,0.00,0.00,0.00,0.00,0.00,0.00,0.00,0.00,0.00,0.00,0.00,0.00,0.00,0.00,0.00,0.00,0.00,0.00,0.00,0.00,0.00,,0.00,,0.00,,,,,,0.00,0.00,0.00,1,6,678,20409,B6,JetBlue Airways,B6,JetBlue Airways,10875,A,3,3,2024,3
0.00,0.00,0.00,0.00,0.00,0.00,0.00,0.00,0.00,0.00,0.00,0.00,0.00,0.00,0.00,0.00,0.00,0.00,0.00,0.00,0.00,0.00,0.00,0.00,0.00,0.00,0.00,0.00,0.00,0.00,0.00,0.00,0.00,0.00,0.00,0.00,0.00,,0.00,,0.00,,,,,,0.00,0.00,0.00,1,6,678,20409,B6,JetBlue Airways,B6,JetBlue Airways,10875,A,3,3,2024,4
0.00,0.00,0.00,0.00,0.00,0.00,0.00,0.00,0.00,0.00,0.00,0.00,0.00,0.00,0.00,0.00,0.00,0.00,0.00,0.00,0.00,0.00,0.00,0.00,0.00,0.00,0.00,0.00,0.00,0.00,0.00,0.00,0.00,0.00,0.00,0.00,0.00,,0.00,,0.00,,,,,,0.00,0.00,0.00,1,6,687,19805,AA,American Airlines Inc.,AA,American Airlines Inc.,0A050,D,3,3,2024,1
0.00,0.00,0.00,0.00,0.00,0.00,0.00,0.00,0.00,0.00,0.00,0.00,0.00,0.00,0.00,0.00,0.00,0.00,0.00,0.00,0.00,0.00,0.00,0.00,0.00,0.00,0.00,0.00,0.00,0.00,0.00,0.00,0.00,0.00,0.00,0.00,0.00,,0.00,,0.00,,,,,,0.00,0.00,0.00,1,6,687,19805,AA,American Airlines Inc.,AA,American Airlines Inc.,0A050,D,3,3,2024,2
0.00,0.00,0.00,0.00,0.00,0.00,0.00,0.00,0.00,0.00,0.00,0.00,0.00,0.00,0.00,0.00,0.00,0.00,0.00,0.00,0.00,0.00,0.00,0.00,0.00,0.00,0.00,0.00,0.00,0.00,0.00,0.00,0.00,0.00,0.00,0.00,0.00,,0.00,,0.00,,,,,,0.00,0.00,0.00,1,6,687,19805,AA,American Airlines Inc.,AA,American Airlines Inc.,0A050,D,3,3,2024,3
0.00,0.00,0.00,0.00,0.00,0.00,0.00,0.00,0.00,0.00,0.00,0.00,0.00,0.00,0.00,0.00,0.00,0.00,0.00,0.00,0.00,0.00,0.00,0.00,0.00,0.00,0.00,0.00,0.00,0.00,0.00,0.00,0.00,0.00,0.00,0.00,0.00,,0.00,,0.00,,,,,,0.00,0.00,0.00,1,6,687,19805,AA,American Airlines Inc.,AA,American Airlines Inc.,0A050,D,3,3,2024,4
0.00,0.00,0.00,0.00,0.00,0.00,0.00,0.00,0.00,0.00,0.00,0.00,0.00,0.00,0.00,0.00,0.00,0.00,0.00,0.00,0.00,0.00,0.00,0.00,0.00,0.00,0.00,0.00,0.00,0.00,0.00,0.00,0.00,0.00,0.00,0.00,0.00,,0.00,,0.00,,,,,,0.00,0.00,0.00,1,6,687,19805,AA,American Airlines Inc.,AA,American Airlines Inc.,10049,A,3,3,2024,1
0.00,0.00,0.00,0.00,0.00,0.00,0.00,0.00,0.00,0.00,0.00,0.00,0.00,0.00,0.00,0.00,0.00,0.00,0.00,0.00,0.00,0.00,0.00,0.00,0.00,0.00,0.00,0.00,0.00,0.00,0.00,0.00,0.00,0.00,0.00,0.00,0.00,,0.00,,0.00,,,,,,0.00,0.00,0.00,1,6,687,19805,AA,American Airlines Inc.,AA,American Airlines Inc.,10049,A,3,3,2024,2
0.00,0.00,0.00,0.00,0.00,0.00,0.00,0.00,0.00,0.00,0.00,0.00,0.00,0.00,0.00,0.00,0.00,0.00,0.00,0.00,0.00,0.00,0.00,0.00,0.00,0.00,0.00,0.00,0.00,0.00,0.00,0.00,0.00,0.00,0.00,0.00,0.00,,0.00,,0.00,,,,,,0.00,0.00,0.00,1,6,687,19805,AA,American Airlines Inc.,AA,American Airlines Inc.,10049,A,3,3,2024,3
0.00,0.00,0.00,0.00,0.00,0.00,0.00,0.00,0.00,0.00,0.00,0.00,0.00,0.00,0.00,0.00,0.00,0.00,0.00,0.00,0.00,0.00,0.00,0.00,0.00,0.00,0.00,0.00,0.00,0.00,0.00,0.00,0.00,0.00,0.00,0.00,0.00,,0.00,,0.00,,,,,,0.00,0.00,0.00,1,6,687,19805,AA,American Airlines Inc.,AA,American Airlines Inc.,10049,A,3,3,2024,4
0.00,0.00,0.00,0.00,0.00,0.00,0.00,0.00,0.00,0.00,0.00,0.00,0.00,0.00,0.00,0.00,0.00,0.00,0.00,0.00,0.00,0.00,0.00,0.00,0.00,0.00,0.00,0.00,0.00,0.00,0.00,0.00,0.00,0.00,0.00,0.00,0.00,,0.00,,0.00,,,,,,0.00,0.00,0.00,1,6,687,19805,AA,American Airlines Inc.,AA,American Airlines Inc.,10050,L,3,3,2024,1
0.00,0.00,0.00,0.00,0.00,0.00,0.00,0.00,0.00,0.00,0.00,0.00,0.00,0.00,0.00,0.00,0.00,0.00,0.00,0.00,0.00,0.00,0.00,0.00,0.00,0.00,0.00,0.00,0.00,0.00,0.00,0.00,0.00,0.00,0.00,0.00,0.00,,0.00,,0.00,,,,,,0.00,0.00,0.00,1,6,687,19805,AA,American Airlines Inc.,AA,American Airlines Inc.,10050,L,3,3,2024,2
0.00,0.00,0.00,0.00,0.00,0.00,0.00,0.00,0.00,0.00,0.00,0.00,0.00,0.00,0.00,0.00,0.00,0.00,0.00,0.00,0.00,0.00,0.00,0.00,0.00,0.00,0.00,0.00,0.00,0.00,0.00,0.00,0.00,0.00,0.00,0.00,0.00,,0.00,,0.00,,,,,,0.00,0.00,0.00,1,6,687,19805,AA,American Airlines Inc.,AA,American Airlines Inc.,10050,L,3,3,2024,3
0.00,0.00,0.00,0.00,0.00,0.00,0.00,0.00,0.00,0.00,0.00,0.00,0.00,0.00,0.00,0.00,0.00,0.00,0.00,0.00,0.00,0.00,0.00,0.00,0.00,0.00,0.00,0.00,0.00,0.00,0.00,0.00,0.00,0.00,0.00,0.00,0.00,,0.00,,0.00,,,,,,0.00,0.00,0.00,1,6,687,19805,AA,American Airlines Inc.,AA,American Airlines Inc.,10050,L,3,3,2024,4
0.00,0.00,0.00,0.00,0.00,0.00,0.00,0.00,0.00,0.00,0.00,0.00,0.00,0.00,0.00,0.00,0.00,0.00,0.00,0.00,0.00,0.00,0.00,0.00,0.00,0.00,0.00,0.00,0.00,0.00,0.00,0.00,0.00,0.00,0.00,0.00,0.00,,0.00,,0.00,,,,,,0.00,0.00,0.00,1,6,694,20409,B6,JetBlue Airways,B6,JetBlue Airways,10875,A,3,3,2024,1
0.00,0.00,0.00,0.00,0.00,0.00,0.00,0.00,0.00,0.00,0.00,0.00,0.00,0.00,0.00,0.00,0.00,0.00,0.00,0.00,0.00,0.00,0.00,0.00,0.00,0.00,0.00,0.00,0.00,0.00,0.00,0.00,0.00,0.00,0.00,0.00,0.00,,0.00,,0.00,,,,,,0.00,0.00,0.00,1,6,694,20409,B6,JetBlue Airways,B6,JetBlue Airways,10875,A,3,3,2024,2
0.00,0.00,0.00,0.00,0.00,0.00,0.00,0.00,0.00,0.00,0.00,0.00,0.00,0.00,0.00,0.00,0.00,0.00,0.00,0.00,0.00,0.00,0.00,0.00,0.00,0.00,0.00,0.00,0.00,0.00,0.00,0.00,0.00,0.00,0.00,0.00,0.00,,0.00,,0.00,,,,,,0.00,0.00,0.00,1,6,694,20409,B6,JetBlue Airways,B6,JetBlue Airways,10875,A,3,3,2024,3
0.00,0.00,0.00,0.00,0.00,0.00,0.00,0.00,0.00,0.00,0.00,0.00,0.00,0.00,0.00,0.00,0.00,0.00,0.00,0.00,0.00,0.00,0.00,0.00,0.00,0.00,0.00,0.00,0.00,0.00,0.00,0.00,0.00,0.00,0.00,0.00,0.00,,0.00,,0.00,,,,,,0.00,0.00,0.00,1,6,694,20409,B6,JetBlue Airways,B6,JetBlue Airways,10875,A,3,3,2024,4
0.00,0.00,0.00,0.00,0.00,0.00,0.00,0.00,0.00,0.00,0.00,0.00,0.00,0.00,0.00,0.00,0.00,0.00,0.00,0.00,0.00,0.00,0.00,0.00,0.00,0.00,0.00,0.00,0.00,0.00,0.00,0.00,0.00,0.00,0.00,0.00,0.00,,0.00,,0.00,,,,,,0.00,0.00,0.00,1,6,696,19805,AA,American Airlines Inc.,AA,American Airlines Inc.,0A050,D,3,3,2024,1
0.00,0.00,0.00,0.00,0.00,0.00,0.00,0.00,0.00,0.00,0.00,0.00,0.00,0.00,0.00,0.00,0.00,0.00,0.00,0.00,0.00,0.00,0.00,0.00,0.00,0.00,0.00,0.00,0.00,0.00,0.00,0.00,0.00,0.00,0.00,0.00,0.00,,0.00,,0.00,,,,,,0.00,0.00,0.00,1,6,696,19805,AA,American Airlines Inc.,AA,American Airlines Inc.,0A050,D,3,3,2024,2
0.00,0.00,0.00,0.00,0.00,0.00,0.00,0.00,0.00,0.00,0.00,0.00,0.00,0.00,0.00,0.00,0.00,0.00,0.00,0.00,0.00,0.00,0.00,0.00,0.00,0.00,0.00,0.00,0.00,0.00,0.00,0.00,0.00,0.00,0.00,0.00,0.00,,0.00,,0.00,,,,,,0.00,0.00,0.00,1,6,696,19805,AA,American Airlines Inc.,AA,American Airlines Inc.,0A050,D,3,3,2024,3
0.00,0.00,0.00,0.00,0.00,0.00,0.00,0.00,0.00,0.00,0.00,0.00,0.00,0.00,0.00,0.00,0.00,0.00,0.00,0.00,0.00,0.00,0.00,0.00,0.00,0.00,0.00,0.00,0.00,0.00,0.00,0.00,0.00,0.00,0.00,0.00,0.00,,0.00,,0.00,,,,,,0.00,0.00,0.00,1,6,696,19805,AA,American Airlines Inc.,AA,American Airlines Inc.,0A050,D,3,3,2024,4
0.00,0.00,0.00,0.00,0.00,0.00,0.00,0.00,0.00,0.00,0.00,0.00,0.00,0.00,0.00,0.00,0.00,0.00,0.00,0.00,0.00,0.00,0.00,0.00,0.00,0.00,0.00,0.00,0.00,0.00,0.00,0.00,0.00,0.00,0.00,0.00,0.00,,0.00,,0.00,,,,,,0.00,0.00,0.00,1,6,696,19805,AA,American Airlines Inc.,AA,American Airlines Inc.,10049,A,3,3,2024,1
0.00,0.00,0.00,0.00,0.00,0.00,0.00,0.00,0.00,0.00,0.00,0.00,0.00,0.00,0.00,0.00,0.00,0.00,0.00,0.00,0.00,0.00,0.00,0.00,0.00,0.00,0.00,0.00,0.00,0.00,0.00,0.00,0.00,0.00,0.00,0.00,0.00,,0.00,,0.00,,,,,,0.00,0.00,0.00,1,6,696,19805,AA,American Airlines Inc.,AA,American Airlines Inc.,10049,A,3,3,2024,2
0.00,0.00,0.00,0.00,0.00,0.00,0.00,0.00,0.00,0.00,0.00,0.00,0.00,0.00,0.00,0.00,0.00,0.00,0.00,0.00,0.00,0.00,0.00,0.00,0.00,0.00,0.00,0.00,0.00,0.00,0.00,0.00,0.00,0.00,0.00,0.00,0.00,,0.00,,0.00,,,,,,0.00,0.00,0.00,1,6,696,19805,AA,American Airlines Inc.,AA,American Airlines Inc.,10049,A,3,3,2024,3
0.00,0.00,0.00,0.00,0.00,0.00,0.00,0.00,0.00,0.00,0.00,0.00,0.00,0.00,0.00,0.00,0.00,0.00,0.00,0.00,0.00,0.00,0.00,0.00,0.00,0.00,0.00,0.00,0.00,0.00,0.00,0.00,0.00,0.00,0.00,0.00,0.00,,0.00,,0.00,,,,,,0.00,0.00,0.00,1,6,696,19805,AA,American Airlines Inc.,AA,American Airlines Inc.,10049,A,3,3,2024,4
0.00,0.00,0.00,0.00,0.00,0.00,0.00,0.00,0.00,0.00,0.00,0.00,0.00,0.00,0.00,0.00,0.00,0.00,0.00,0.00,0.00,0.00,0.00,0.00,0.00,0.00,0.00,0.00,0.00,0.00,0.00,0.00,0.00,0.00,0.00,0.00,0.00,,0.00,,0.00,,,,,,0.00,0.00,0.00,1,6,696,19805,AA,American Airlines Inc.,AA,American Airlines Inc.,10050,L,3,3,2024,1
0.00,0.00,0.00,0.00,0.00,0.00,0.00,0.00,0.00,0.00,0.00,0.00,0.00,0.00,0.00,0.00,0.00,0.00,0.00,0.00,0.00,0.00,0.00,0.00,0.00,0.00,0.00,0.00,0.00,0.00,0.00,0.00,0.00,0.00,0.00,0.00,0.00,,0.00,,0.00,,,,,,0.00,0.00,0.00,1,6,696,19805,AA,American Airlines Inc.,AA,American Airlines Inc.,10050,L,3,3,2024,2
0.00,0.00,0.00,0.00,0.00,0.00,0.00,0.00,0.00,0.00,0.00,0.00,0.00,0.00,0.00,0.00,0.00,0.00,0.00,0.00,0.00,0.00,0.00,0.00,0.00,0.00,0.00,0.00,0.00,0.00,0.00,0.00,0.00,0.00,0.00,0.00,0.00,,0.00,,0.00,,,,,,0.00,0.00,0.00,1,6,696,19805,AA,American Airlines Inc.,AA,American Airlines Inc.,10050,L,3,3,2024,3
0.00,0.00,0.00,0.00,0.00,0.00,0.00,0.00,0.00,0.00,0.00,0.00,0.00,0.00,0.00,0.00,0.00,0.00,0.00,0.00,0.00,0.00,0.00,0.00,0.00,0.00,0.00,0.00,0.00,0.00,0.00,0.00,0.00,0.00,0.00,0.00,0.00,,0.00,,0.00,,,,,,0.00,0.00,0.00,1,6,696,19805,AA,American Airlines Inc.,AA,American Airlines Inc.,10050,L,3,3,2024,4
0.00,0.00,0.00,0.00,0.00,0.00,0.00,0.00,0.00,0.00,0.00,0.00,0.00,0.00,0.00,0.00,0.00,0.00,0.00,0.00,0.00,0.00,0.00,0.00,0.00,0.00,0.00,0.00,0.00,0.00,0.00,0.00,0.00,0.00,0.00,0.00,0.00,,0.00,,0.00,,,,,,0.00,0.00,0.00,1,6,698,19805,AA,American Airlines Inc.,AA,American Airlines Inc.,10049,A,3,3,2024,1
0.00,0.00,0.00,0.00,0.00,0.00,0.00,0.00,0.00,0.00,0.00,0.00,0.00,0.00,0.00,0.00,0.00,0.00,0.00,0.00,0.00,0.00,0.00,0.00,0.00,0.00,0.00,0.00,0.00,0.00,0.00,0.00,0.00,0.00,0.00,0.00,0.00,,0.00,,0.00,,,,,,0.00,0.00,0.00,1,6,698,19805,AA,American Airlines Inc.,AA,American Airlines Inc.,10049,A,3,3,2024,2
0.00,0.00,0.00,0.00,0.00,0.00,0.00,0.00,0.00,0.00,0.00,0.00,0.00,0.00,0.00,0.00,0.00,0.00,0.00,0.00,0.00,0.00,0.00,0.00,0.00,0.00,0.00,0.00,0.00,0.00,0.00,0.00,0.00,0.00,0.00,0.00,0.00,,0.00,,0.00,,,,,,0.00,0.00,0.00,1,6,698,19805,AA,American Airlines Inc.,AA,American Airlines Inc.,10049,A,3,3,2024,3
0.00,0.00,0.00,0.00,0.00,0.00,0.00,0.00,0.00,0.00,0.00,0.00,0.00,0.00,0.00,0.00,0.00,0.00,0.00,0.00,0.00,0.00,0.00,0.00,0.00,0.00,0.00,0.00,0.00,0.00,0.00,0.00,0.00,0.00,0.00,0.00,0.00,,0.00,,0.00,,,,,,0.00,0.00,0.00,1,6,698,19805,AA,American Airlines Inc.,AA,American Airlines Inc.,10049,A,3,3,2024,4
0.00,0.00,0.00,0.00,0.00,0.00,0.00,0.00,0.00,0.00,0.00,0.00,0.00,0.00,0.00,0.00,0.00,0.00,0.00,0.00,0.00,0.00,0.00,0.00,0.00,0.00,0.00,0.00,0.00,0.00,0.00,0.00,0.00,0.00,0.00,0.00,0.00,,0.00,,0.00,,,,,,0.00,0.00,0.00,1,6,698,20436,F9,Frontier Airlines Inc.,F9,Frontier Airlines Inc.,06460,D,3,3,2024,1
0.00,0.00,0.00,0.00,0.00,0.00,0.00,0.00,0.00,0.00,0.00,0.00,0.00,0.00,0.00,0.00,0.00,0.00,0.00,0.00,0.00,0.00,0.00,0.00,0.00,0.00,0.00,0.00,0.00,0.00,0.00,0.00,0.00,0.00,0.00,0.00,0.00,,0.00,,0.00,,,,,,0.00,0.00,0.00,1,6,698,20436,F9,Frontier Airlines Inc.,F9,Frontier Airlines Inc.,06460,D,3,3,2024,2
0.00,0.00,0.00,0.00,0.00,0.00,0.00,0.00,0.00,0.00,0.00,0.00,0.00,0.00,0.00,0.00,0.00,0.00,0.00,0.00,0.00,0.00,0.00,0.00,0.00,0.00,0.00,0.00,0.00,0.00,0.00,0.00,0.00,0.00,0.00,0.00,0.00,,0.00,,0.00,,,,,,0.00,0.00,0.00,1,6,698,20436,F9,Frontier Airlines Inc.,F9,Frontier Airlines Inc.,06460,D,3,3,2024,3
0.00,0.00,0.00,0.00,0.00,0.00,0.00,0.00,0.00,0.00,0.00,0.00,0.00,0.00,0.00,0.00,0.00,0.00,0.00,0.00,0.00,0.00,0.00,0.00,0.00,0.00,0.00,0.00,0.00,0.00,0.00,0.00,0.00,0.00,0.00,0.00,0.00,,0.00,,0.00,,,,,,0.00,0.00,0.00,1,6,698,20436,F9,Frontier Airlines Inc.,F9,Frontier Airlines Inc.,06460,D,3,3,2024,4
0.00,0.00,0.00,0.00,0.00,0.00,0.00,0.00,0.00,0.00,0.00,0.00,0.00,0.00,0.00,0.00,0.00,0.00,0.00,0.00,0.00,0.00,0.00,0.00,0.00,0.00,0.00,0.00,0.00,0.00,0.00,0.00,0.00,0.00,0.00,0.00,0.00,,0.00,,0.00,,,,,,0.00,0.00,0.00,1,6,698,20436,F9,Frontier Airlines Inc.,F9,Frontier Airlines Inc.,16461,L,3,3,2024,1
0.00,0.00,0.00,0.00,0.00,0.00,0.00,0.00,0.00,0.00,0.00,0.00,0.00,0.00,0.00,0.00,0.00,0.00,0.00,0.00,0.00,0.00,0.00,0.00,0.00,0.00,0.00,0.00,0.00,0.00,0.00,0.00,0.00,0.00,0.00,0.00,0.00,,0.00,,0.00,,,,,,0.00,0.00,0.00,1,6,698,20436,F9,Frontier Airlines Inc.,F9,Frontier Airlines Inc.,16461,L,3,3,2024,2
0.00,0.00,0.00,0.00,0.00,0.00,0.00,0.00,0.00,0.00,0.00,0.00,0.00,0.00,0.00,0.00,0.00,0.00,0.00,0.00,0.00,0.00,0.00,0.00,0.00,0.00,0.00,0.00,0.00,0.00,0.00,0.00,0.00,0.00,0.00,0.00,0.00,,0.00,,0.00,,,,,,0.00,0.00,0.00,1,6,698,20436,F9,Frontier Airlines Inc.,F9,Frontier Airlines Inc.,16461,L,3,3,2024,3
0.00,0.00,0.00,0.00,0.00,0.00,0.00,0.00,0.00,0.00,0.00,0.00,0.00,0.00,0.00,0.00,0.00,0.00,0.00,0.00,0.00,0.00,0.00,0.00,0.00,0.00,0.00,0.00,0.00,0.00,0.00,0.00,0.00,0.00,0.00,0.00,0.00,,0.00,,0.00,,,,,,0.00,0.00,0.00,1,6,698,20436,F9,Frontier Airlines Inc.,F9,Frontier Airlines Inc.,16461,L,3,3,2024,4
0.00,0.00,0.00,0.00,0.00,0.00,0.00,0.00,0.00,0.00,0.00,0.00,0.00,0.00,0.00,0.00,0.00,0.00,0.00,0.00,0.00,0.00,0.00,0.00,0.00,0.00,0.00,0.00,0.00,0.00,0.00,0.00,0.00,0.00,0.00,0.00,0.00,,0.00,,0.00,,,,,,0.00,0.00,0.00,1,6,699,20409,B6,JetBlue Airways,B6,JetBlue Airways,10875,A,3,3,2024,1
0.00,0.00,0.00,0.00,0.00,0.00,0.00,0.00,0.00,0.00,0.00,0.00,0.00,0.00,0.00,0.00,0.00,0.00,0.00,0.00,0.00,0.00,0.00,0.00,0.00,0.00,0.00,0.00,0.00,0.00,0.00,0.00,0.00,0.00,0.00,0.00,0.00,,0.00,,0.00,,,,,,0.00,0.00,0.00,1,6,699,20409,B6,JetBlue Airways,B6,JetBlue Airways,10875,A,3,3,2024,2
0.00,0.00,0.00,0.00,0.00,0.00,0.00,0.00,0.00,0.00,0.00,0.00,0.00,0.00,0.00,0.00,0.00,0.00,0.00,0.00,0.00,0.00,0.00,0.00,0.00,0.00,0.00,0.00,0.00,0.00,0.00,0.00,0.00,0.00,0.00,0.00,0.00,,0.00,,0.00,,,,,,0.00,0.00,0.00,1,6,699,20409,B6,JetBlue Airways,B6,JetBlue Airways,10875,A,3,3,2024,3
0.00,0.00,0.00,0.00,0.00,0.00,0.00,0.00,0.00,0.00,0.00,0.00,0.00,0.00,0.00,0.00,0.00,0.00,0.00,0.00,0.00,0.00,0.00,0.00,0.00,0.00,0.00,0.00,0.00,0.00,0.00,0.00,0.00,0.00,0.00,0.00,0.00,,0.00,,0.00,,,,,,0.00,0.00,0.00,1,6,699,20409,B6,JetBlue Airways,B6,JetBlue Airways,10875,A,3,3,2024,4
0.00,0.00,0.00,0.00,0.00,0.00,0.00,0.00,0.00,0.00,0.00,0.00,0.00,0.00,0.00,0.00,0.00,0.00,0.00,0.00,0.00,0.00,0.00,0.00,0.00,0.00,0.00,0.00,0.00,0.00,0.00,0.00,0.00,0.00,0.00,0.00,0.00,,0.00,,0.00,,,,,,0.00,0.00,0.00,1,6,721,19805,AA,American Airlines Inc.,AA,American Airlines Inc.,10049,A,3,3,2024,1
0.00,0.00,0.00,0.00,0.00,0.00,0.00,0.00,0.00,0.00,0.00,0.00,0.00,0.00,0.00,0.00,0.00,0.00,0.00,0.00,0.00,0.00,0.00,0.00,0.00,0.00,0.00,0.00,0.00,0.00,0.00,0.00,0.00,0.00,0.00,0.00,0.00,,0.00,,0.00,,,,,,0.00,0.00,0.00,1,6,721,19805,AA,American Airlines Inc.,AA,American Airlines Inc.,10049,A,3,3,2024,2
0.00,0.00,0.00,0.00,0.00,0.00,0.00,0.00,0.00,0.00,0.00,0.00,0.00,0.00,0.00,0.00,0.00,0.00,0.00,0.00,0.00,0.00,0.00,0.00,0.00,0.00,0.00,0.00,0.00,0.00,0.00,0.00,0.00,0.00,0.00,0.00,0.00,,0.00,,0.00,,,,,,0.00,0.00,0.00,1,6,721,19805,AA,American Airlines Inc.,AA,American Airlines Inc.,10049,A,3,3,2024,3
0.00,0.00,0.00,0.00,0.00,0.00,0.00,0.00,0.00,0.00,0.00,0.00,0.00,0.00,0.00,0.00,0.00,0.00,0.00,0.00,0.00,0.00,0.00,0.00,0.00,0.00,0.00,0.00,0.00,0.00,0.00,0.00,0.00,0.00,0.00,0.00,0.00,,0.00,,0.00,,,,,,0.00,0.00,0.00,1,6,721,19805,AA,American Airlines Inc.,AA,American Airlines Inc.,10049,A,3,3,2024,4
0.00,0.00,0.00,0.00,0.00,0.00,0.00,0.00,0.00,0.00,0.00,0.00,0.00,0.00,0.00,0.00,0.00,0.00,0.00,0.00,0.00,0.00,0.00,0.00,0.00,0.00,0.00,0.00,0.00,0.00,0.00,0.00,0.00,0.00,0.00,0.00,0.00,,0.00,,0.00,,,,,,0.00,0.00,0.00,1,6,724,20409,B6,JetBlue Airways,B6,JetBlue Airways,10875,A,3,3,2024,1
0.00,0.00,0.00,0.00,0.00,0.00,0.00,0.00,0.00,0.00,0.00,0.00,0.00,0.00,0.00,0.00,0.00,0.00,0.00,0.00,0.00,0.00,0.00,0.00,0.00,0.00,0.00,0.00,0.00,0.00,0.00,0.00,0.00,0.00,0.00,0.00,0.00,,0.00,,0.00,,,,,,0.00,0.00,0.00,1,6,724,20409,B6,JetBlue Airways,B6,JetBlue Airways,10875,A,3,3,2024,2
0.00,0.00,0.00,0.00,0.00,0.00,0.00,0.00,0.00,0.00,0.00,0.00,0.00,0.00,0.00,0.00,0.00,0.00,0.00,0.00,0.00,0.00,0.00,0.00,0.00,0.00,0.00,0.00,0.00,0.00,0.00,0.00,0.00,0.00,0.00,0.00,0.00,,0.00,,0.00,,,,,,0.00,0.00,0.00,1,6,724,20409,B6,JetBlue Airways,B6,JetBlue Airways,10875,A,3,3,2024,3
0.00,0.00,0.00,0.00,0.00,0.00,0.00,0.00,0.00,0.00,0.00,0.00,0.00,0.00,0.00,0.00,0.00,0.00,0.00,0.00,0.00,0.00,0.00,0.00,0.00,0.00,0.00,0.00,0.00,0.00,0.00,0.00,0.00,0.00,0.00,0.00,0.00,,0.00,,0.00,,,,,,0.00,0.00,0.00,1,6,724,20409,B6,JetBlue Airways,B6,JetBlue Airways,10875,A,3,3,2024,4
0.00,0.00,0.00,0.00,0.00,0.00,0.00,0.00,0.00,0.00,0.00,0.00,0.00,0.00,0.00,0.00,0.00,0.00,0.00,0.00,0.00,0.00,0.00,0.00,0.00,0.00,0.00,0.00,0.00,0.00,0.00,0.00,0.00,0.00,0.00,0.00,0.00,,0.00,,0.00,,,,,,0.00,0.00,0.00,1,6,838,19805,AA,American Airlines Inc.,AA,American Airlines Inc.,10052,P,3,3,2024,1
0.00,0.00,0.00,0.00,0.00,0.00,0.00,0.00,0.00,0.00,0.00,0.00,0.00,0.00,0.00,0.00,0.00,0.00,0.00,0.00,0.00,0.00,0.00,0.00,0.00,0.00,0.00,0.00,0.00,0.00,0.00,0.00,0.00,0.00,0.00,0.00,0.00,,0.00,,0.00,,,,,,0.00,0.00,0.00,1,6,838,19805,AA,American Airlines Inc.,AA,American Airlines Inc.,10052,P,3,3,2024,2
0.00,0.00,0.00,0.00,0.00,0.00,0.00,0.00,0.00,0.00,0.00,0.00,0.00,0.00,0.00,0.00,0.00,0.00,0.00,0.00,0.00,0.00,0.00,0.00,0.00,0.00,0.00,0.00,0.00,0.00,0.00,0.00,0.00,0.00,0.00,0.00,0.00,,0.00,,0.00,,,,,,0.00,0.00,0.00,1,6,838,19805,AA,American Airlines Inc.,AA,American Airlines Inc.,10052,P,3,3,2024,3
0.00,0.00,0.00,0.00,0.00,0.00,0.00,0.00,0.00,0.00,0.00,0.00,0.00,0.00,0.00,0.00,0.00,0.00,0.00,0.00,0.00,0.00,0.00,0.00,0.00,0.00,0.00,0.00,0.00,0.00,0.00,0.00,0.00,0.00,0.00,0.00,0.00,,0.00,,0.00,,,,,,0.00,0.00,0.00,1,6,838,19805,AA,American Airlines Inc.,AA,American Airlines Inc.,10052,P,3,3,2024,4
0.00,0.00,0.00,0.00,0.00,0.00,0.00,0.00,0.00,0.00,0.00,0.00,0.00,0.00,0.00,0.00,0.00,0.00,0.00,0.00,0.00,0.00,0.00,0.00,0.00,0.00,0.00,0.00,0.00,0.00,0.00,0.00,0.00,0.00,0.00,0.00,0.00,,0.00,,0.00,,,,,,0.00,0.00,0.00,1,6,838,19930,AS,Alaska Airlines Inc.,AS,Alaska Airlines Inc.,16031,L,3,3,2024,1
0.00,0.00,0.00,0.00,0.00,0.00,0.00,0.00,0.00,0.00,0.00,0.00,0.00,0.00,0.00,0.00,0.00,0.00,0.00,0.00,0.00,0.00,0.00,0.00,0.00,0.00,0.00,0.00,0.00,0.00,0.00,0.00,0.00,0.00,0.00,0.00,0.00,,0.00,,0.00,,,,,,0.00,0.00,0.00,1,6,838,19930,AS,Alaska Airlines Inc.,AS,Alaska Airlines Inc.,16031,L,3,3,2024,2
0.00,0.00,0.00,0.00,0.00,0.00,0.00,0.00,0.00,0.00,0.00,0.00,0.00,0.00,0.00,0.00,0.00,0.00,0.00,0.00,0.00,0.00,0.00,0.00,0.00,0.00,0.00,0.00,0.00,0.00,0.00,0.00,0.00,0.00,0.00,0.00,0.00,,0.00,,0.00,,,,,,0.00,0.00,0.00,1,7,732,20377,X9,Omni Air International LLC,X9,Omni Air International LLC,06738,D,2,2,2024,2
0.00,0.00,0.00,0.00,0.00,0.00,0.00,0.00,0.00,0.00,0.00,0.00,0.00,0.00,0.00,0.00,0.00,0.00,0.00,0.00,0.00,0.00,0.00,0.00,0.00,0.00,0.00,0.00,0.00,0.00,0.00,0.00,0.00,0.00,0.00,0.00,0.00,,0.00,,0.00,,,,,,0.00,0.00,0.00,1,7,732,20377,X9,Omni Air International LLC,X9,Omni Air International LLC,06738,D,2,2,2024,3
0.00,0.00,0.00,0.00,0.00,0.00,0.00,0.00,0.00,0.00,0.00,0.00,0.00,0.00,0.00,0.00,0.00,0.00,0.00,0.00,0.00,0.00,0.00,0.00,0.00,0.00,0.00,0.00,0.00,0.00,0.00,0.00,0.00,0.00,0.00,0.00,0.00,,0.00,,0.00,,,,,,0.00,0.00,0.00,1,7,732,20377,X9,Omni Air International LLC,X9,Omni Air International LLC,06738,D,2,2,2024,4
0.00,0.00,0.00,0.00,0.00,0.00,0.00,0.00,0.00,0.00,0.00,0.00,0.00,0.00,0.00,0.00,0.00,0.00,0.00,0.00,0.00,0.00,0.00,0.00,0.00,0.00,0.00,0.00,0.00,0.00,0.00,0.00,0.00,0.00,0.00,0.00,0.00,,0.00,,0.00,,,,,,0.00,0.00,0.00,1,7,732,20377,X9,Omni Air International LLC,X9,Omni Air International LLC,16736,I,2,2,2024,1
0.00,0.00,0.00,0.00,0.00,0.00,0.00,0.00,0.00,0.00,0.00,0.00,0.00,0.00,0.00,0.00,0.00,0.00,0.00,0.00,0.00,0.00,0.00,0.00,0.00,0.00,0.00,0.00,0.00,0.00,0.00,0.00,0.00,0.00,0.00,0.00,0.00,,0.00,,0.00,,,,,,0.00,0.00,0.00,1,7,732,20377,X9,Omni Air International LLC,X9,Omni Air International LLC,16736,I,2,2,2024,2
0.00,0.00,0.00,0.00,0.00,0.00,0.00,0.00,0.00,0.00,0.00,0.00,0.00,0.00,0.00,0.00,0.00,0.00,0.00,0.00,0.00,0.00,0.00,0.00,0.00,0.00,0.00,0.00,0.00,0.00,0.00,0.00,0.00,0.00,0.00,0.00,0.00,,0.00,,0.00,,,,,,0.00,0.00,0.00,1,7,732,20377,X9,Omni Air International LLC,X9,Omni Air International LLC,16736,I,2,2,2024,3
0.00,0.00,0.00,0.00,0.00,0.00,0.00,0.00,0.00,0.00,0.00,0.00,0.00,0.00,0.00,0.00,0.00,0.00,0.00,0.00,0.00,0.00,0.00,0.00,0.00,0.00,0.00,0.00,0.00,0.00,0.00,0.00,0.00,0.00,0.00,0.00,0.00,,0.00,,0.00,,,,,,0.00,0.00,0.00,1,7,732,20377,X9,Omni Air International LLC,X9,Omni Air International LLC,16736,I,2,2,2024,4
0.00,0.00,0.00,0.00,0.00,0.00,0.00,0.00,0.00,0.00,0.00,0.00,0.00,0.00,0.00,0.00,0.00,0.00,0.00,0.00,0.00,0.00,0.00,0.00,0.00,0.00,0.00,0.00,0.00,0.00,0.00,0.00,0.00,0.00,0.00,0.00,0.00,,0.00,,0.00,,,,,,0.00,0.00,0.00,2,4,459,21634,KH,Aloha Air Cargo,KH,Aloha Air Cargo,01146,D,2,2,2024,1
0.00,0.00,0.00,0.00,0.00,0.00,0.00,0.00,0.00,0.00,0.00,0.00,0.00,0.00,0.00,0.00,0.00,0.00,0.00,0.00,0.00,0.00,0.00,0.00,0.00,0.00,0.00,0.00,0.00,0.00,0.00,0.00,0.00,0.00,0.00,0.00,0.00,,0.00,,0.00,,,,,,0.00,0.00,0.00,2,6,614,20108,NC,Northern Air Cargo Inc.,NC,Northern Air Cargo Inc.,11041,I,2,2,2024,1
0.00,0.00,0.00,0.00,0.00,0.00,0.00,0.00,0.00,0.00,0.00,0.00,0.00,0.00,0.00,0.00,0.00,0.00,0.00,0.00,0.00,0.00,0.00,0.00,0.00,0.00,0.00,0.00,0.00,0.00,0.00,0.00,0.00,0.00,0.00,0.00,0.00,,0.00,,0.00,,,,,,0.00,0.00,0.00,2,6,614,20422,SY,Sun Country Airlines d/b/a MN Airlines,SY,Sun Country Airlines d/b/a MN Airlines,16795,L,3,3,2024,4
0.00,0.00,0.00,0.00,0.00,0.00,0.00,0.00,0.00,0.00,0.00,0.00,0.00,0.00,0.00,0.00,0.00,0.00,0.00,0.00,0.00,0.00,0.00,0.00,0.00,0.00,0.00,0.00,0.00,0.00,0.00,0.00,0.00,0.00,0.00,0.00,0.00,,0.00,,0.00,,,,,,0.00,0.00,0.00,2,6,617,20108,NC,Northern Air Cargo Inc.,NC,Northern Air Cargo Inc.,11041,I,2,2,2024,1
0.00,0.00,0.00,0.00,0.00,0.00,0.00,0.00,0.00,0.00,0.00,0.00,0.00,0.00,0.00,0.00,0.00,0.00,0.00,0.00,0.00,0.00,0.00,0.00,0.00,0.00,0.00,0.00,0.00,0.00,0.00,0.00,0.00,0.00,0.00,0.00,0.00,,0.00,,0.00,,,,,,0.00,0.00,0.00,2,6,619,20108,NC,Northern Air Cargo Inc.,NC,Northern Air Cargo Inc.,11041,I,2,2,2024,1
0.00,0.00,0.00,0.00,0.00,0.00,0.00,0.00,0.00,0.00,0.00,0.00,0.00,0.00,0.00,0.00,0.00,0.00,0.00,0.00,0.00,0.00,0.00,0.00,0.00,0.00,0.00,0.00,0.00,0.00,0.00,0.00,0.00,0.00,0.00,0.00,0.00,,0.00,,0.00,,,,,,0.00,0.00,0.00,2,6,622,19874,8C,Air Transport International,8C,Air Transport International,06029,D,2,2,2024,1
0.00,0.00,0.00,0.00,0.00,0.00,0.00,0.00,0.00,0.00,0.00,0.00,0.00,0.00,0.00,0.00,0.00,0.00,0.00,0.00,0.00,0.00,0.00,0.00,0.00,0.00,0.00,0.00,0.00,0.00,0.00,0.00,0.00,0.00,0.00,0.00,0.00,,0.00,,0.00,,,,,,0.00,0.00,0.00,2,6,622,19874,8C,Air Transport International,8C,Air Transport International,06029,D,2,2,2024,2
0.00,0.00,0.00,0.00,0.00,0.00,0.00,0.00,0.00,0.00,0.00,0.00,0.00,0.00,0.00,0.00,0.00,0.00,0.00,0.00,0.00,0.00,0.00,0.00,0.00,0.00,0.00,0.00,0.00,0.00,0.00,0.00,0.00,0.00,0.00,0.00,0.00,,0.00,,0.00,,,,,,0.00,0.00,0.00,2,6,622,19874,8C,Air Transport International,8C,Air Transport International,06029,D,2,2,2024,3
0.00,0.00,0.00,0.00,0.00,0.00,0.00,0.00,0.00,0.00,0.00,0.00,0.00,0.00,0.00,0.00,0.00,0.00,0.00,0.00,0.00,0.00,0.00,0.00,0.00,0.00,0.00,0.00,0.00,0.00,0.00,0.00,0.00,0.00,0.00,0.00,0.00,,0.00,,0.00,,,,,,0.00,0.00,0.00,2,6,622,19874,8C,Air Transport International,8C,Air Transport International,06029,D,2,2,2024,4
0.00,0.00,0.00,0.00,0.00,0.00,0.00,0.00,0.00,0.00,0.00,0.00,0.00,0.00,0.00,0.00,0.00,0.00,0.00,0.00,0.00,0.00,0.00,0.00,0.00,0.00,0.00,0.00,0.00,0.00,0.00,0.00,0.00,0.00,0.00,0.00,0.00,,0.00,,0.00,,,,,,0.00,0.00,0.00,2,6,622,19874,8C,Air Transport International,8C,Air Transport International,16028,A,2,2,2024,1
0.00,0.00,0.00,0.00,0.00,0.00,0.00,0.00,0.00,0.00,0.00,0.00,0.00,0.00,0.00,0.00,0.00,0.00,0.00,0.00,0.00,0.00,0.00,0.00,0.00,0.00,0.00,0.00,0.00,0.00,0.00,0.00,0.00,0.00,0.00,0.00,0.00,,0.00,,0.00,,,,,,0.00,0.00,0.00,2,6,622,19874,8C,Air Transport International,8C,Air Transport International,16028,A,2,2,2024,2
0.00,0.00,0.00,0.00,0.00,0.00,0.00,0.00,0.00,0.00,0.00,0.00,0.00,0.00,0.00,0.00,0.00,0.00,0.00,0.00,0.00,0.00,0.00,0.00,0.00,0.00,0.00,0.00,0.00,0.00,0.00,0.00,0.00,0.00,0.00,0.00,0.00,,0.00,,0.00,,,,,,0.00,0.00,0.00,2,6,622,19874,8C,Air Transport International,8C,Air Transport International,16028,A,2,2,2024,3
0.00,0.00,0.00,0.00,0.00,0.00,0.00,0.00,0.00,0.00,0.00,0.00,0.00,0.00,0.00,0.00,0.00,0.00,0.00,0.00,0.00,0.00,0.00,0.00,0.00,0.00,0.00,0.00,0.00,0.00,0.00,0.00,0.00,0.00,0.00,0.00,0.00,,0.00,,0.00,,,,,,0.00,0.00,0.00,2,6,622,19874,8C,Air Transport International,8C,Air Transport International,16028,A,2,2,2024,4
0.00,0.00,0.00,0.00,0.00,0.00,0.00,0.00,0.00,0.00,0.00,0.00,0.00,0.00,0.00,0.00,0.00,0.00,0.00,0.00,0.00,0.00,0.00,0.00,0.00,0.00,0.00,0.00,0.00,0.00,0.00,0.00,0.00,0.00,0.00,0.00,0.00,,0.00,,0.00,,,,,,0.00,0.00,0.00,2,6,625,19874,8C,Air Transport International,8C,Air Transport International,16028,A,2,2,2024,4
0.00,0.00,0.00,0.00,0.00,0.00,0.00,0.00,0.00,0.00,0.00,0.00,0.00,0.00,0.00,0.00,0.00,0.00,0.00,0.00,0.00,0.00,0.00,0.00,0.00,0.00,0.00,0.00,0.00,0.00,0.00,0.00,0.00,0.00,0.00,0.00,0.00,,0.00,,0.00,,,,,,0.00,0.00,2.26,2,6,625,19874,8C,Air Transport International,8C,Air Transport International,16028,A,2,2,2024,3
0.00,0.00,0.00,0.00,0.00,0.00,0.00,0.00,0.00,0.00,0.00,0.00,0.00,0.00,0.00,0.00,0.00,0.00,0.00,0.00,0.00,0.00,0.00,0.00,0.00,0.00,0.00,0.00,0.00,0.00,0.00,0.00,0.00,0.00,0.00,0.00,0.00,,0.00,0.00,0.00,,,,,,0.00,0.00,0.00,1,6,608,19790,DL,Delta Air Lines Inc.,DL,Delta Air Lines Inc.,10260,L,3,3,2024,1
0.00,0.00,0.00,0.00,0.00,0.00,0.00,0.00,0.00,0.00,0.00,0.00,0.00,0.00,0.00,0.00,0.00,0.00,0.00,0.00,0.00,0.00,0.00,0.00,0.00,0.00,0.00,0.00,0.00,0.00,0.00,0.00,0.00,0.00,0.00,0.00,0.00,,0.00,0.00,0.00,,,,,,0.00,0.00,0.00,1,6,608,19790,DL,Delta Air Lines Inc.,DL,Delta Air Lines Inc.,10260,L,3,3,2024,2
0.00,0.00,0.00,0.00,0.00,0.00,0.00,0.00,0.00,0.00,0.00,0.00,0.00,0.00,0.00,0.00,0.00,0.00,0.00,0.00,0.00,0.00,0.00,0.00,0.00,0.00,0.00,0.00,0.00,0.00,0.00,0.00,0.00,0.00,0.00,0.00,0.00,,0.00,0.00,0.00,,,,,,0.00,0.00,0.00,1,6,608,19790,DL,Delta Air Lines Inc.,DL,Delta Air Lines Inc.,10260,L,3,3,2024,3
0.00,0.00,0.00,0.00,0.00,0.00,0.00,0.00,0.00,0.00,0.00,0.00,0.00,0.00,0.00,0.00,0.00,0.00,0.00,0.00,0.00,0.00,0.00,0.00,0.00,0.00,0.00,0.00,0.00,0.00,0.00,0.00,0.00,0.00,0.00,0.00,0.00,,0.00,0.00,0.00,,,,,,0.00,0.00,0.00,1,6,608,19790,DL,Delta Air Lines Inc.,DL,Delta Air Lines Inc.,10260,L,3,3,2024,4
0.00,0.00,0.00,0.00,0.00,0.00,0.00,0.00,0.00,0.00,0.00,0.00,0.00,0.00,0.00,0.00,0.00,0.00,0.00,0.00,0.00,0.00,0.00,0.00,0.00,0.00,0.00,0.00,0.00,0.00,0.00,0.00,0.00,0.00,0.00,0.00,0.00,,0.00,0.00,0.00,,,,,,0.00,0.00,0.00,1,6,608,19790,DL,Delta Air Lines Inc.,DL,Delta Air Lines Inc.,10261,A,3,3,2024,1
0.00,0.00,0.00,0.00,0.00,0.00,0.00,0.00,0.00,0.00,0.00,0.00,0.00,0.00,0.00,0.00,0.00,0.00,0.00,0.00,0.00,0.00,0.00,0.00,0.00,0.00,0.00,0.00,0.00,0.00,0.00,0.00,0.00,0.00,0.00,0.00,0.00,,0.00,0.00,0.00,,,,,,0.00,0.00,0.00,1,6,608,19790,DL,Delta Air Lines Inc.,DL,Delta Air Lines Inc.,10261,A,3,3,2024,2
0.00,0.00,0.00,0.00,0.00,0.00,0.00,0.00,0.00,0.00,0.00,0.00,0.00,0.00,0.00,0.00,0.00,0.00,0.00,0.00,0.00,0.00,0.00,0.00,0.00,0.00,0.00,0.00,0.00,0.00,0.00,0.00,0.00,0.00,0.00,0.00,0.00,,0.00,0.00,0.00,,,,,,0.00,0.00,0.00,1,6,608,19790,DL,Delta Air Lines Inc.,DL,Delta Air Lines Inc.,10261,A,3,3,2024,3
0.00,0.00,0.00,0.00,0.00,0.00,0.00,0.00,0.00,0.00,0.00,0.00,0.00,0.00,0.00,0.00,0.00,0.00,0.00,0.00,0.00,0.00,0.00,0.00,0.00,0.00,0.00,0.00,0.00,0.00,0.00,0.00,0.00,0.00,0.00,0.00,0.00,,0.00,0.00,0.00,,,,,,0.00,0.00,0.00,1,6,608,19790,DL,Delta Air Lines Inc.,DL,Delta Air Lines Inc.,10261,A,3,3,2024,4
0.00,0.00,0.00,0.00,0.00,0.00,0.00,0.00,0.00,0.00,0.00,0.00,0.00,0.00,0.00,0.00,0.00,0.00,0.00,0.00,0.00,0.00,0.00,0.00,0.00,0.00,0.00,0.00,0.00,0.00,0.00,0.00,0.00,0.00,0.00,0.00,0.00,,0.00,0.00,0.00,,,,,,0.00,0.00,0.00,1,6,608,19790,DL,Delta Air Lines Inc.,DL,Delta Air Lines Inc.,10262,P,3,3,2024,1
0.00,0.00,0.00,0.00,0.00,0.00,0.00,0.00,0.00,0.00,0.00,0.00,0.00,0.00,0.00,0.00,0.00,0.00,0.00,0.00,0.00,0.00,0.00,0.00,0.00,0.00,0.00,0.00,0.00,0.00,0.00,0.00,0.00,0.00,0.00,0.00,0.00,,0.00,0.00,0.00,,,,,,0.00,0.00,0.00,1,6,608,19790,DL,Delta Air Lines Inc.,DL,Delta Air Lines Inc.,10262,P,3,3,2024,2
0.00,0.00,0.00,0.00,0.00,0.00,0.00,0.00,0.00,0.00,0.00,0.00,0.00,0.00,0.00,0.00,0.00,0.00,0.00,0.00,0.00,0.00,0.00,0.00,0.00,0.00,0.00,0.00,0.00,0.00,0.00,0.00,0.00,0.00,0.00,0.00,0.00,,0.00,0.00,0.00,,,,,,0.00,0.00,0.00,1,6,608,19790,DL,Delta Air Lines Inc.,DL,Delta Air Lines Inc.,10262,P,3,3,2024,3
0.00,0.00,0.00,0.00,0.00,0.00,0.00,0.00,0.00,0.00,0.00,0.00,0.00,0.00,0.00,0.00,0.00,0.00,0.00,0.00,0.00,0.00,0.00,0.00,0.00,0.00,0.00,0.00,0.00,0.00,0.00,0.00,0.00,0.00,0.00,0.00,0.00,,0.00,0.00,0.00,,,,,,0.00,0.00,0.00,1,6,608,19790,DL,Delta Air Lines Inc.,DL,Delta Air Lines Inc.,10262,P,3,3,2024,4
0.00,0.00,0.00,0.00,0.00,0.00,0.00,0.00,0.00,0.00,0.00,0.00,0.00,0.00,0.00,0.00,0.00,0.00,0.00,0.00,0.00,0.00,0.00,0.00,0.00,0.00,0.00,0.00,0.00,0.00,0.00,0.00,0.00,0.00,0.00,0.00,0.00,,0.00,0.00,0.00,,,,,,0.00,0.00,0.00,1,6,612,19790,DL,Delta Air Lines Inc.,DL,Delta Air Lines Inc.,01260,D,3,3,2024,1
0.00,0.00,0.00,0.00,0.00,0.00,0.00,0.00,0.00,0.00,0.00,0.00,0.00,0.00,0.00,0.00,0.00,0.00,0.00,0.00,0.00,0.00,0.00,0.00,0.00,0.00,0.00,0.00,0.00,0.00,0.00,0.00,0.00,0.00,0.00,0.00,0.00,,0.00,0.00,0.00,,,,,,0.00,0.00,0.00,1,6,612,19790,DL,Delta Air Lines Inc.,DL,Delta Air Lines Inc.,01260,D,3,3,2024,2
0.00,0.00,0.00,0.00,0.00,0.00,0.00,0.00,0.00,0.00,0.00,0.00,0.00,0.00,0.00,0.00,0.00,0.00,0.00,0.00,0.00,0.00,0.00,0.00,0.00,0.00,0.00,0.00,0.00,0.00,0.00,0.00,0.00,0.00,0.00,0.00,0.00,,0.00,0.00,0.00,,,,,,0.00,0.00,0.00,1,6,612,19790,DL,Delta Air Lines Inc.,DL,Delta Air Lines Inc.,01260,D,3,3,2024,3
0.00,0.00,0.00,0.00,0.00,0.00,0.00,0.00,0.00,0.00,0.00,0.00,0.00,0.00,0.00,0.00,0.00,0.00,0.00,0.00,0.00,0.00,0.00,0.00,0.00,0.00,0.00,0.00,0.00,0.00,0.00,0.00,0.00,0.00,0.00,0.00,0.00,,0.00,0.00,0.00,,,,,,0.00,0.00,0.00,1,6,612,19790,DL,Delta Air Lines Inc.,DL,Delta Air Lines Inc.,01260,D,3,3,2024,4
0.00,0.00,0.00,0.00,0.00,0.00,0.00,0.00,0.00,0.00,0.00,0.00,0.00,0.00,0.00,0.00,0.00,0.00,0.00,0.00,0.00,0.00,0.00,0.00,0.00,0.00,0.00,0.00,0.00,0.00,0.00,0.00,0.00,0.00,0.00,0.00,0.00,,0.00,0.00,0.00,,,,,,0.00,0.00,0.00,1,6,612,19790,DL,Delta Air Lines Inc.,DL,Delta Air Lines Inc.,10260,L,3,3,2024,1
0.00,0.00,0.00,0.00,0.00,0.00,0.00,0.00,0.00,0.00,0.00,0.00,0.00,0.00,0.00,0.00,0.00,0.00,0.00,0.00,0.00,0.00,0.00,0.00,0.00,0.00,0.00,0.00,0.00,0.00,0.00,0.00,0.00,0.00,0.00,0.00,0.00,,0.00,0.00,0.00,,,,,,0.00,0.00,0.00,1,6,612,19790,DL,Delta Air Lines Inc.,DL,Delta Air Lines Inc.,10260,L,3,3,2024,2
0.00,0.00,0.00,0.00,0.00,0.00,0.00,0.00,0.00,0.00,0.00,0.00,0.00,0.00,0.00,0.00,0.00,0.00,0.00,0.00,0.00,0.00,0.00,0.00,0.00,0.00,0.00,0.00,0.00,0.00,0.00,0.00,0.00,0.00,0.00,0.00,0.00,,0.00,0.00,0.00,,,,,,0.00,0.00,0.00,1,6,612,19790,DL,Delta Air Lines Inc.,DL,Delta Air Lines Inc.,10260,L,3,3,2024,3
0.00,0.00,0.00,0.00,0.00,0.00,0.00,0.00,0.00,0.00,0.00,0.00,0.00,0.00,0.00,0.00,0.00,0.00,0.00,0.00,0.00,0.00,0.00,0.00,0.00,0.00,0.00,0.00,0.00,0.00,0.00,0.00,0.00,0.00,0.00,0.00,0.00,,0.00,0.00,0.00,,,,,,0.00,0.00,0.00,1,6,612,19790,DL,Delta Air Lines Inc.,DL,Delta Air Lines Inc.,10260,L,3,3,2024,4
0.00,0.00,0.00,0.00,0.00,0.00,0.00,0.00,0.00,0.00,0.00,0.00,0.00,0.00,0.00,0.00,0.00,0.00,0.00,0.00,0.00,0.00,0.00,0.00,0.00,0.00,0.00,0.00,0.00,0.00,0.00,0.00,0.00,0.00,0.00,0.00,0.00,,0.00,0.00,0.00,,,,,,0.00,0.00,0.00,1,6,612,19790,DL,Delta Air Lines Inc.,DL,Delta Air Lines Inc.,10261,A,3,3,2024,1
0.00,0.00,0.00,0.00,0.00,0.00,0.00,0.00,0.00,0.00,0.00,0.00,0.00,0.00,0.00,0.00,0.00,0.00,0.00,0.00,0.00,0.00,0.00,0.00,0.00,0.00,0.00,0.00,0.00,0.00,0.00,0.00,0.00,0.00,0.00,0.00,0.00,,0.00,0.00,0.00,,,,,,0.00,0.00,0.00,1,6,612,19790,DL,Delta Air Lines Inc.,DL,Delta Air Lines Inc.,10261,A,3,3,2024,2
0.00,0.00,0.00,0.00,0.00,0.00,0.00,0.00,0.00,0.00,0.00,0.00,0.00,0.00,0.00,0.00,0.00,0.00,0.00,0.00,0.00,0.00,0.00,0.00,0.00,0.00,0.00,0.00,0.00,0.00,0.00,0.00,0.00,0.00,0.00,0.00,0.00,,0.00,0.00,0.00,,,,,,0.00,0.00,0.00,1,6,612,19790,DL,Delta Air Lines Inc.,DL,Delta Air Lines Inc.,10261,A,3,3,2024,3
0.00,0.00,0.00,0.00,0.00,0.00,0.00,0.00,0.00,0.00,0.00,0.00,0.00,0.00,0.00,0.00,0.00,0.00,0.00,0.00,0.00,0.00,0.00,0.00,0.00,0.00,0.00,0.00,0.00,0.00,0.00,0.00,0.00,0.00,0.00,0.00,0.00,,0.00,0.00,0.00,,,,,,0.00,0.00,0.00,1,6,612,19790,DL,Delta Air Lines Inc.,DL,Delta Air Lines Inc.,10261,A,3,3,2024,4
0.00,0.00,0.00,0.00,0.00,0.00,0.00,0.00,0.00,0.00,0.00,0.00,0.00,0.00,0.00,0.00,0.00,0.00,0.00,0.00,0.00,0.00,0.00,0.00,0.00,0.00,0.00,0.00,0.00,0.00,0.00,0.00,0.00,0.00,0.00,0.00,0.00,,0.00,0.00,0.00,,,,,,0.00,0.00,0.00,1,6,612,19790,DL,Delta Air Lines Inc.,DL,Delta Air Lines Inc.,10262,P,3,3,2024,1
0.00,0.00,0.00,0.00,0.00,0.00,0.00,0.00,0.00,0.00,0.00,0.00,0.00,0.00,0.00,0.00,0.00,0.00,0.00,0.00,0.00,0.00,0.00,0.00,0.00,0.00,0.00,0.00,0.00,0.00,0.00,0.00,0.00,0.00,0.00,0.00,0.00,,0.00,0.00,0.00,,,,,,0.00,0.00,0.00,1,6,612,19790,DL,Delta Air Lines Inc.,DL,Delta Air Lines Inc.,10262,P,3,3,2024,2
0.00,0.00,0.00,0.00,0.00,0.00,0.00,0.00,0.00,0.00,0.00,0.00,0.00,0.00,0.00,0.00,0.00,0.00,0.00,0.00,0.00,0.00,0.00,0.00,0.00,0.00,0.00,0.00,0.00,0.00,0.00,0.00,0.00,0.00,0.00,0.00,0.00,,0.00,0.00,0.00,,,,,,0.00,0.00,0.00,1,6,612,19790,DL,Delta Air Lines Inc.,DL,Delta Air Lines Inc.,10262,P,3,3,2024,3
0.00,0.00,0.00,0.00,0.00,0.00,0.00,0.00,0.00,0.00,0.00,0.00,0.00,0.00,0.00,0.00,0.00,0.00,0.00,0.00,0.00,0.00,0.00,0.00,0.00,0.00,0.00,0.00,0.00,0.00,0.00,0.00,0.00,0.00,0.00,0.00,0.00,,0.00,0.00,0.00,,,,,,0.00,0.00,0.00,1,6,612,19790,DL,Delta Air Lines Inc.,DL,Delta Air Lines Inc.,10262,P,3,3,2024,4
0.00,0.00,0.00,0.00,0.00,0.00,0.00,0.00,0.00,0.00,0.00,0.00,0.00,0.00,0.00,0.00,0.00,0.00,0.00,0.00,0.00,0.00,0.00,0.00,0.00,0.00,0.00,0.00,0.00,0.00,0.00,0.00,0.00,0.00,0.00,0.00,0.00,,0.00,0.00,0.00,,,,,,0.00,0.00,0.00,1,6,614,19790,DL,Delta Air Lines Inc.,DL,Delta Air Lines Inc.,10261,A,3,3,2024,1
0.00,0.00,0.00,0.00,0.00,0.00,0.00,0.00,0.00,0.00,0.00,0.00,0.00,0.00,0.00,0.00,0.00,0.00,0.00,0.00,0.00,0.00,0.00,0.00,0.00,0.00,0.00,0.00,0.00,0.00,0.00,0.00,0.00,0.00,0.00,0.00,0.00,,0.00,0.00,0.00,,,,,,0.00,0.00,0.00,1,6,614,19790,DL,Delta Air Lines Inc.,DL,Delta Air Lines Inc.,10261,A,3,3,2024,2
0.00,0.00,0.00,0.00,0.00,0.00,0.00,0.00,0.00,0.00,0.00,0.00,0.00,0.00,0.00,0.00,0.00,0.00,0.00,0.00,0.00,0.00,0.00,0.00,0.00,0.00,0.00,0.00,0.00,0.00,0.00,0.00,0.00,0.00,0.00,0.00,0.00,,0.00,0.00,0.00,,,,,,0.00,0.00,0.00,1,6,614,19790,DL,Delta Air Lines Inc.,DL,Delta Air Lines Inc.,10261,A,3,3,2024,3
0.00,0.00,0.00,0.00,0.00,0.00,0.00,0.00,0.00,0.00,0.00,0.00,0.00,0.00,0.00,0.00,0.00,0.00,0.00,0.00,0.00,0.00,0.00,0.00,0.00,0.00,0.00,0.00,0.00,0.00,0.00,0.00,0.00,0.00,0.00,0.00,0.00,,0.00,0.00,0.00,,,,,,0.00,0.00,0.00,1,6,614,19790,DL,Delta Air Lines Inc.,DL,Delta Air Lines Inc.,10261,A,3,3,2024,4
0.00,0.00,0.00,0.00,0.00,0.00,0.00,0.00,0.00,0.00,0.00,0.00,0.00,0.00,0.00,0.00,0.00,0.00,0.00,0.00,0.00,0.00,0.00,0.00,0.00,0.00,0.00,0.00,0.00,0.00,0.00,0.00,0.00,0.00,0.00,0.00,0.00,,0.00,0.00,0.00,,,,,,0.00,0.00,0.00,1,6,614,19790,DL,Delta Air Lines Inc.,DL,Delta Air Lines Inc.,10262,P,3,3,2024,1
0.00,0.00,0.00,0.00,0.00,0.00,0.00,0.00,0.00,0.00,0.00,0.00,0.00,0.00,0.00,0.00,0.00,0.00,0.00,0.00,0.00,0.00,0.00,0.00,0.00,0.00,0.00,0.00,0.00,0.00,0.00,0.00,0.00,0.00,0.00,0.00,0.00,,0.00,0.00,0.00,,,,,,0.00,0.00,0.00,1,6,614,19790,DL,Delta Air Lines Inc.,DL,Delta Air Lines Inc.,10262,P,3,3,2024,2
0.00,0.00,0.00,0.00,0.00,0.00,0.00,0.00,0.00,0.00,0.00,0.00,0.00,0.00,0.00,0.00,0.00,0.00,0.00,0.00,0.00,0.00,0.00,0.00,0.00,0.00,0.00,0.00,0.00,0.00,0.00,0.00,0.00,0.00,0.00,0.00,0.00,,0.00,0.00,0.00,,,,,,0.00,0.00,0.00,1,6,614,19790,DL,Delta Air Lines Inc.,DL,Delta Air Lines Inc.,10262,P,3,3,2024,3
0.00,0.00,0.00,0.00,0.00,0.00,0.00,0.00,0.00,0.00,0.00,0.00,0.00,0.00,0.00,0.00,0.00,0.00,0.00,0.00,0.00,0.00,0.00,0.00,0.00,0.00,0.00,0.00,0.00,0.00,0.00,0.00,0.00,0.00,0.00,0.00,0.00,,0.00,0.00,0.00,,,,,,0.00,0.00,0.00,1,6,614,19790,DL,Delta Air Lines Inc.,DL,Delta Air Lines Inc.,10262,P,3,3,2024,4
0.00,0.00,0.00,0.00,0.00,0.00,0.00,0.00,0.00,0.00,0.00,0.00,0.00,0.00,0.00,0.00,0.00,0.00,0.00,0.00,0.00,0.00,0.00,0.00,0.00,0.00,0.00,0.00,0.00,0.00,0.00,0.00,0.00,0.00,0.00,0.00,0.00,,0.00,0.00,0.00,,,,,,0.00,0.00,0.00,1,6,622,19790,DL,Delta Air Lines Inc.,DL,Delta Air Lines Inc.,10261,A,3,3,2024,1
0.00,0.00,0.00,0.00,0.00,0.00,0.00,0.00,0.00,0.00,0.00,0.00,0.00,0.00,0.00,0.00,0.00,0.00,0.00,0.00,0.00,0.00,0.00,0.00,0.00,0.00,0.00,0.00,0.00,0.00,0.00,0.00,0.00,0.00,0.00,0.00,0.00,,0.00,0.00,0.00,,,,,,0.00,0.00,0.00,1,6,622,19790,DL,Delta Air Lines Inc.,DL,Delta Air Lines Inc.,10262,P,3,3,2024,1
0.00,0.00,0.00,0.00,0.00,0.00,0.00,0.00,0.00,0.00,0.00,0.00,0.00,0.00,0.00,0.00,0.00,0.00,0.00,0.00,0.00,0.00,0.00,0.00,0.00,0.00,0.00,0.00,0.00,0.00,0.00,0.00,0.00,0.00,0.00,0.00,0.00,,0.00,0.00,0.00,,,,,,0.00,0.00,0.00,1,6,622,19790,DL,Delta Air Lines Inc.,DL,Delta Air Lines Inc.,10262,P,3,3,2024,2
0.00,0.00,0.00,0.00,0.00,0.00,0.00,0.00,0.00,0.00,0.00,0.00,0.00,0.00,0.00,0.00,0.00,0.00,0.00,0.00,0.00,0.00,0.00,0.00,0.00,0.00,0.00,0.00,0.00,0.00,0.00,0.00,0.00,0.00,0.00,0.00,0.00,,0.00,0.00,0.00,,,,,,0.00,0.00,0.00,1,6,622,19790,DL,Delta Air Lines Inc.,DL,Delta Air Lines Inc.,10262,P,3,3,2024,3
0.00,0.00,0.00,0.00,0.00,0.00,0.00,0.00,0.00,0.00,0.00,0.00,0.00,0.00,0.00,0.00,0.00,0.00,0.00,0.00,0.00,0.00,0.00,0.00,0.00,0.00,0.00,0.00,0.00,0.00,0.00,0.00,0.00,0.00,0.00,0.00,0.00,,0.00,0.00,0.00,,,,,,0.00,0.00,0.00,1,6,622,19790,DL,Delta Air Lines Inc.,DL,Delta Air Lines Inc.,10262,P,3,3,2024,4
0.00,0.00,0.00,0.00,0.00,0.00,0.00,0.00,0.00,0.00,0.00,0.00,0.00,0.00,0.00,0.00,0.00,0.00,0.00,0.00,0.00,0.00,0.00,0.00,0.00,0.00,0.00,0.00,0.00,0.00,0.00,0.00,0.00,0.00,0.00,0.00,0.00,,0.00,0.00,0.00,,,,,,0.00,0.00,0.00,1,6,623,19790,DL,Delta Air Lines Inc.,DL,Delta Air Lines Inc.,10260,L,3,3,2024,2
0.00,0.00,0.00,0.00,0.00,0.00,0.00,0.00,0.00,0.00,0.00,0.00,0.00,0.00,0.00,0.00,0.00,0.00,0.00,0.00,0.00,0.00,0.00,0.00,0.00,0.00,0.00,0.00,0.00,0.00,0.00,0.00,0.00,0.00,0.00,0.00,0.00,,0.00,0.00,0.00,,,,,,0.00,0.00,0.00,1,6,623,19790,DL,Delta Air Lines Inc.,DL,Delta Air Lines Inc.,10260,L,3,3,2024,4
0.00,0.00,0.00,0.00,0.00,0.00,0.00,0.00,0.00,0.00,0.00,0.00,0.00,0.00,0.00,0.00,0.00,0.00,0.00,0.00,0.00,0.00,0.00,0.00,0.00,0.00,0.00,0.00,0.00,0.00,0.00,0.00,0.00,0.00,0.00,0.00,0.00,,0.00,0.00,0.00,,,,,,0.00,0.00,0.00,1,6,623,19790,DL,Delta Air Lines Inc.,DL,Delta Air Lines Inc.,10261,A,3,3,2024,1
0.00,0.00,0.00,0.00,0.00,0.00,0.00,0.00,0.00,0.00,0.00,0.00,0.00,0.00,0.00,0.00,0.00,0.00,0.00,0.00,0.00,0.00,0.00,0.00,0.00,0.00,0.00,0.00,0.00,0.00,0.00,0.00,0.00,0.00,0.00,0.00,0.00,,0.00,0.00,0.00,,,,,,0.00,0.00,0.00,1,6,623,19790,DL,Delta Air Lines Inc.,DL,Delta Air Lines Inc.,10261,A,3,3,2024,2
0.00,0.00,0.00,0.00,0.00,0.00,0.00,0.00,0.00,0.00,0.00,0.00,0.00,0.00,0.00,0.00,0.00,0.00,0.00,0.00,0.00,0.00,0.00,0.00,0.00,0.00,0.00,0.00,0.00,0.00,0.00,0.00,0.00,0.00,0.00,0.00,0.00,,0.00,0.00,0.00,,,,,,0.00,0.00,0.00,1,6,623,19790,DL,Delta Air Lines Inc.,DL,Delta Air Lines Inc.,10261,A,3,3,2024,3
0.00,0.00,0.00,0.00,0.00,0.00,0.00,0.00,0.00,0.00,0.00,0.00,0.00,0.00,0.00,0.00,0.00,0.00,0.00,0.00,0.00,0.00,0.00,0.00,0.00,0.00,0.00,0.00,0.00,0.00,0.00,0.00,0.00,0.00,0.00,0.00,0.00,,0.00,0.00,0.00,,,,,,0.00,0.00,0.00,1,6,623,19790,DL,Delta Air Lines Inc.,DL,Delta Air Lines Inc.,10261,A,3,3,2024,4
0.00,0.00,0.00,0.00,0.00,0.00,0.00,0.00,0.00,0.00,0.00,0.00,0.00,0.00,0.00,0.00,0.00,0.00,0.00,0.00,0.00,0.00,0.00,0.00,0.00,0.00,0.00,0.00,0.00,0.00,0.00,0.00,0.00,0.00,0.00,0.00,0.00,,0.00,0.00,0.00,,,,,,0.00,0.00,0.00,1,6,623,19790,DL,Delta Air Lines Inc.,DL,Delta Air Lines Inc.,10262,P,3,3,2024,1
0.00,0.00,0.00,0.00,0.00,0.00,0.00,0.00,0.00,0.00,0.00,0.00,0.00,0.00,0.00,0.00,0.00,0.00,0.00,0.00,0.00,0.00,0.00,0.00,0.00,0.00,0.00,0.00,0.00,0.00,0.00,0.00,0.00,0.00,0.00,0.00,0.00,,0.00,0.00,0.00,,,,,,0.00,0.00,0.00,1,6,623,19790,DL,Delta Air Lines Inc.,DL,Delta Air Lines Inc.,10262,P,3,3,2024,2
0.00,0.00,0.00,0.00,0.00,0.00,0.00,0.00,0.00,0.00,0.00,0.00,0.00,0.00,0.00,0.00,0.00,0.00,0.00,0.00,0.00,0.00,0.00,0.00,0.00,0.00,0.00,0.00,0.00,0.00,0.00,0.00,0.00,0.00,0.00,0.00,0.00,,0.00,0.00,0.00,,,,,,0.00,0.00,0.00,1,6,623,19790,DL,Delta Air Lines Inc.,DL,Delta Air Lines Inc.,10262,P,3,3,2024,3
0.00,0.00,0.00,0.00,0.00,0.00,0.00,0.00,0.00,0.00,0.00,0.00,0.00,0.00,0.00,0.00,0.00,0.00,0.00,0.00,0.00,0.00,0.00,0.00,0.00,0.00,0.00,0.00,0.00,0.00,0.00,0.00,0.00,0.00,0.00,0.00,0.00,,0.00,0.00,0.00,,,,,,0.00,0.00,0.00,1,6,623,19790,DL,Delta Air Lines Inc.,DL,Delta Air Lines Inc.,10262,P,3,3,2024,4
0.00,0.00,0.00,0.00,0.00,0.00,0.00,0.00,0.00,0.00,0.00,0.00,0.00,0.00,0.00,0.00,0.00,0.00,0.00,0.00,0.00,0.00,0.00,0.00,0.00,0.00,0.00,0.00,0.00,0.00,0.00,0.00,0.00,0.00,0.00,0.00,0.00,,0.00,0.00,0.00,,,,,,0.00,0.00,0.00,1,6,626,19690,HA,Hawaiian Airlines Inc.,HA,Hawaiian Airlines Inc.,05375,D,3,3,2024,1
0.00,0.00,0.00,0.00,0.00,0.00,0.00,0.00,0.00,0.00,0.00,0.00,0.00,0.00,0.00,0.00,0.00,0.00,0.00,0.00,0.00,0.00,0.00,0.00,0.00,0.00,0.00,0.00,0.00,0.00,0.00,0.00,0.00,0.00,0.00,0.00,0.00,,0.00,0.00,0.00,,,,,,0.00,0.00,0.00,1,6,626,19690,HA,Hawaiian Airlines Inc.,HA,Hawaiian Airlines Inc.,05375,D,3,3,2024,2
0.00,0.00,0.00,0.00,0.00,0.00,0.00,0.00,0.00,0.00,0.00,0.00,0.00,0.00,0.00,0.00,0.00,0.00,0.00,0.00,0.00,0.00,0.00,0.00,0.00,0.00,0.00,0.00,0.00,0.00,0.00,0.00,0.00,0.00,0.00,0.00,0.00,,0.00,0.00,0.00,,,,,,0.00,0.00,0.00,1,6,626,19690,HA,Hawaiian Airlines Inc.,HA,Hawaiian Airlines Inc.,05375,D,3,3,2024,3
0.00,0.00,0.00,0.00,0.00,0.00,0.00,0.00,0.00,0.00,0.00,0.00,0.00,0.00,0.00,0.00,0.00,0.00,0.00,0.00,0.00,0.00,0.00,0.00,0.00,0.00,0.00,0.00,0.00,0.00,0.00,0.00,0.00,0.00,0.00,0.00,0.00,,0.00,0.00,0.00,,,,,,0.00,0.00,0.00,1,6,626,19690,HA,Hawaiian Airlines Inc.,HA,Hawaiian Airlines Inc.,05375,D,3,3,2024,4
0.00,0.00,0.00,0.00,0.00,0.00,0.00,0.00,0.00,0.00,0.00,0.00,0.00,0.00,0.00,0.00,0.00,0.00,0.00,0.00,0.00,0.00,0.00,0.00,0.00,0.00,0.00,0.00,0.00,0.00,0.00,0.00,0.00,0.00,0.00,0.00,0.00,,0.00,0.00,0.00,,,,,,0.00,0.00,0.00,1,6,626,19690,HA,Hawaiian Airlines Inc.,HA,Hawaiian Airlines Inc.,15375,P,3,3,2024,1
0.00,0.00,0.00,0.00,0.00,0.00,0.00,0.00,0.00,0.00,0.00,0.00,0.00,0.00,0.00,0.00,0.00,0.00,0.00,0.00,0.00,0.00,0.00,0.00,0.00,0.00,0.00,0.00,0.00,0.00,0.00,0.00,0.00,0.00,0.00,0.00,0.00,,0.00,0.00,0.00,,,,,,0.00,0.00,0.00,1,6,626,19690,HA,Hawaiian Airlines Inc.,HA,Hawaiian Airlines Inc.,15375,P,3,3,2024,2
0.00,0.00,0.00,0.00,0.00,0.00,0.00,0.00,0.00,0.00,0.00,0.00,0.00,0.00,0.00,0.00,0.00,0.00,0.00,0.00,0.00,0.00,0.00,0.00,0.00,0.00,0.00,0.00,0.00,0.00,0.00,0.00,0.00,0.00,0.00,0.00,0.00,,0.00,0.00,0.00,,,,,,0.00,0.00,0.00,1,6,626,19690,HA,Hawaiian Airlines Inc.,HA,Hawaiian Airlines Inc.,15375,P,3,3,2024,3
0.00,0.00,0.00,0.00,0.00,0.00,0.00,0.00,0.00,0.00,0.00,0.00,0.00,0.00,0.00,0.00,0.00,0.00,0.00,0.00,0.00,0.00,0.00,0.00,0.00,0.00,0.00,0.00,0.00,0.00,0.00,0.00,0.00,0.00,0.00,0.00,0.00,,0.00,0.00,0.00,,,,,,0.00,0.00,0.00,1,6,626,19690,HA,Hawaiian Airlines Inc.,HA,Hawaiian Airlines Inc.,15375,P,3,3,2024,4
0.00,0.00,0.00,0.00,0.00,0.00,0.00,0.00,0.00,0.00,0.00,0.00,0.00,0.00,0.00,0.00,0.00,0.00,0.00,0.00,0.00,0.00,0.00,0.00,0.00,0.00,0.00,0.00,0.00,0.00,0.00,0.00,0.00,0.00,0.00,0.00,0.00,,0.00,0.00,0.00,,,,,,0.00,0.00,0.00,1,6,629,20363,9E,Endeavor Air Inc.,9E,Endeavor Air Inc.,11027,L,2,2,2024,1
0.00,0.00,0.00,0.00,0.00,0.00,0.00,0.00,0.00,0.00,0.00,0.00,0.00,0.00,0.00,0.00,0.00,0.00,0.00,0.00,0.00,0.00,0.00,0.00,0.00,0.00,0.00,0.00,0.00,0.00,0.00,0.00,0.00,0.00,0.00,0.00,0.00,,0.00,0.00,0.00,,,,,,0.00,0.00,0.00,1,6,629,20363,9E,Endeavor Air Inc.,9E,Endeavor Air Inc.,11027,L,2,2,2024,2
0.00,0.00,0.00,0.00,0.00,0.00,0.00,0.00,0.00,0.00,0.00,0.00,0.00,0.00,0.00,0.00,0.00,0.00,0.00,0.00,0.00,0.00,0.00,0.00,0.00,0.00,0.00,0.00,0.00,0.00,0.00,0.00,0.00,0.00,0.00,0.00,0.00,,0.00,0.00,0.00,,,,,,0.00,0.00,0.00,1,6,629,20363,9E,Endeavor Air Inc.,9E,Endeavor Air Inc.,11027,L,2,2,2024,3
0.00,0.00,0.00,0.00,0.00,0.00,0.00,0.00,0.00,0.00,0.00,0.00,0.00,0.00,0.00,0.00,0.00,0.00,0.00,0.00,0.00,0.00,0.00,0.00,0.00,0.00,0.00,0.00,0.00,0.00,0.00,0.00,0.00,0.00,0.00,0.00,0.00,,0.00,0.00,0.00,,,,,,0.00,0.00,0.00,1,6,629,20363,9E,Endeavor Air Inc.,9E,Endeavor Air Inc.,11027,L,2,2,2024,4
0.00,0.00,0.00,0.00,0.00,0.00,0.00,0.00,0.00,0.00,0.00,0.00,0.00,0.00,0.00,0.00,0.00,0.00,0.00,0.00,0.00,0.00,0.00,0.00,0.00,0.00,0.00,0.00,0.00,0.00,0.00,0.00,0.00,0.00,0.00,0.00,0.00,,0.00,0.00,0.00,,,,,,0.00,0.00,0.00,1,6,655,19790,DL,Delta Air Lines Inc.,DL,Delta Air Lines Inc.,01260,D,3,3,2024,1
0.00,0.00,0.00,0.00,0.00,0.00,0.00,0.00,0.00,0.00,0.00,0.00,0.00,0.00,0.00,0.00,0.00,0.00,0.00,0.00,0.00,0.00,0.00,0.00,0.00,0.00,0.00,0.00,0.00,0.00,0.00,0.00,0.00,0.00,0.00,0.00,0.00,,0.00,0.00,0.00,,,,,,0.00,0.00,0.00,1,6,655,19790,DL,Delta Air Lines Inc.,DL,Delta Air Lines Inc.,01260,D,3,3,2024,2
0.00,0.00,0.00,0.00,0.00,0.00,0.00,0.00,0.00,0.00,0.00,0.00,0.00,0.00,0.00,0.00,0.00,0.00,0.00,0.00,0.00,0.00,0.00,0.00,0.00,0.00,0.00,0.00,0.00,0.00,0.00,0.00,0.00,0.00,0.00,0.00,0.00,,0.00,0.00,0.00,,,,,,0.00,0.00,0.00,1,6,655,19790,DL,Delta Air Lines Inc.,DL,Delta Air Lines Inc.,01260,D,3,3,2024,3
0.00,0.00,0.00,0.00,0.00,0.00,0.00,0.00,0.00,0.00,0.00,0.00,0.00,0.00,0.00,0.00,0.00,0.00,0.00,0.00,0.00,0.00,0.00,0.00,0.00,0.00,0.00,0.00,0.00,0.00,0.00,0.00,0.00,0.00,0.00,0.00,0.00,,0.00,0.00,0.00,,,,,,0.00,0.00,0.00,1,6,655,19790,DL,Delta Air Lines Inc.,DL,Delta Air Lines Inc.,01260,D,3,3,2024,4
0.00,0.00,0.00,0.00,0.00,0.00,0.00,0.00,0.00,0.00,0.00,0.00,0.00,0.00,0.00,0.00,0.00,0.00,0.00,0.00,0.00,0.00,0.00,0.00,0.00,0.00,0.00,0.00,0.00,0.00,0.00,0.00,0.00,0.00,0.00,0.00,0.00,,0.00,0.00,0.00,,,,,,0.00,0.00,0.00,1,6,655,19790,DL,Delta Air Lines Inc.,DL,Delta Air Lines Inc.,10260,L,3,3,2024,1
0.00,0.00,0.00,0.00,0.00,0.00,0.00,0.00,0.00,0.00,0.00,0.00,0.00,0.00,0.00,0.00,0.00,0.00,0.00,0.00,0.00,0.00,0.00,0.00,0.00,0.00,0.00,0.00,0.00,0.00,0.00,0.00,0.00,0.00,0.00,0.00,0.00,,0.00,0.00,0.00,,,,,,0.00,0.00,0.00,1,6,655,19790,DL,Delta Air Lines Inc.,DL,Delta Air Lines Inc.,10260,L,3,3,2024,2
0.00,0.00,0.00,0.00,0.00,0.00,0.00,0.00,0.00,0.00,0.00,0.00,0.00,0.00,0.00,0.00,0.00,0.00,0.00,0.00,0.00,0.00,0.00,0.00,0.00,0.00,0.00,0.00,0.00,0.00,0.00,0.00,0.00,0.00,0.00,0.00,0.00,,0.00,0.00,0.00,,,,,,0.00,0.00,0.00,1,6,655,19790,DL,Delta Air Lines Inc.,DL,Delta Air Lines Inc.,10260,L,3,3,2024,3
0.00,0.00,0.00,0.00,0.00,0.00,0.00,0.00,0.00,0.00,0.00,0.00,0.00,0.00,0.00,0.00,0.00,0.00,0.00,0.00,0.00,0.00,0.00,0.00,0.00,0.00,0.00,0.00,0.00,0.00,0.00,0.00,0.00,0.00,0.00,0.00,0.00,,0.00,0.00,0.00,,,,,,0.00,0.00,0.00,1,6,655,19790,DL,Delta Air Lines Inc.,DL,Delta Air Lines Inc.,10260,L,3,3,2024,4
0.00,0.00,0.00,0.00,0.00,0.00,0.00,0.00,0.00,0.00,0.00,0.00,0.00,0.00,0.00,0.00,0.00,0.00,0.00,0.00,0.00,0.00,0.00,0.00,0.00,0.00,0.00,0.00,0.00,0.00,0.00,0.00,0.00,0.00,0.00,0.00,0.00,,0.00,0.00,0.00,,,,,,0.00,0.00,0.00,1,6,655,19790,DL,Delta Air Lines Inc.,DL,Delta Air Lines Inc.,10261,A,3,3,2024,1
0.00,0.00,0.00,0.00,0.00,0.00,0.00,0.00,0.00,0.00,0.00,0.00,0.00,0.00,0.00,0.00,0.00,0.00,0.00,0.00,0.00,0.00,0.00,0.00,0.00,0.00,0.00,0.00,0.00,0.00,0.00,0.00,0.00,0.00,0.00,0.00,0.00,,0.00,0.00,0.00,,,,,,0.00,0.00,0.00,1,6,655,19790,DL,Delta Air Lines Inc.,DL,Delta Air Lines Inc.,10261,A,3,3,2024,2
0.00,0.00,0.00,0.00,0.00,0.00,0.00,0.00,0.00,0.00,0.00,0.00,0.00,0.00,0.00,0.00,0.00,0.00,0.00,0.00,0.00,0.00,0.00,0.00,0.00,0.00,0.00,0.00,0.00,0.00,0.00,0.00,0.00,0.00,0.00,0.00,0.00,,0.00,0.00,0.00,,,,,,0.00,0.00,0.00,1,6,655,19790,DL,Delta Air Lines Inc.,DL,Delta Air Lines Inc.,10261,A,3,3,2024,3
0.00,0.00,0.00,0.00,0.00,0.00,0.00,0.00,0.00,0.00,0.00,0.00,0.00,0.00,0.00,0.00,0.00,0.00,0.00,0.00,0.00,0.00,0.00,0.00,0.00,0.00,0.00,0.00,0.00,0.00,0.00,0.00,0.00,0.00,0.00,0.00,0.00,,0.00,0.00,0.00,,,,,,0.00,0.00,0.00,1,6,655,19790,DL,Delta Air Lines Inc.,DL,Delta Air Lines Inc.,10261,A,3,3,2024,4
0.00,0.00,0.00,0.00,0.00,0.00,0.00,0.00,0.00,0.00,0.00,0.00,0.00,0.00,0.00,0.00,0.00,0.00,0.00,0.00,0.00,0.00,0.00,0.00,0.00,0.00,0.00,0.00,0.00,0.00,0.00,0.00,0.00,0.00,0.00,0.00,0.00,,0.00,0.00,0.00,,,,,,0.00,0.00,0.00,1,6,655,19790,DL,Delta Air Lines Inc.,DL,Delta Air Lines Inc.,10262,P,3,3,2024,1
0.00,0.00,0.00,0.00,0.00,0.00,0.00,0.00,0.00,0.00,0.00,0.00,0.00,0.00,0.00,0.00,0.00,0.00,0.00,0.00,0.00,0.00,0.00,0.00,0.00,0.00,0.00,0.00,0.00,0.00,0.00,0.00,0.00,0.00,0.00,0.00,0.00,,0.00,0.00,0.00,,,,,,0.00,0.00,0.00,1,6,655,19790,DL,Delta Air Lines Inc.,DL,Delta Air Lines Inc.,10262,P,3,3,2024,2
0.00,0.00,0.00,0.00,0.00,0.00,0.00,0.00,0.00,0.00,0.00,0.00,0.00,0.00,0.00,0.00,0.00,0.00,0.00,0.00,0.00,0.00,0.00,0.00,0.00,0.00,0.00,0.00,0.00,0.00,0.00,0.00,0.00,0.00,0.00,0.00,0.00,,0.00,0.00,0.00,,,,,,0.00,0.00,0.00,1,6,655,19790,DL,Delta Air Lines Inc.,DL,Delta Air Lines Inc.,10262,P,3,3,2024,3
0.00,0.00,0.00,0.00,0.00,0.00,0.00,0.00,0.00,0.00,0.00,0.00,0.00,0.00,0.00,0.00,0.00,0.00,0.00,0.00,0.00,0.00,0.00,0.00,0.00,0.00,0.00,0.00,0.00,0.00,0.00,0.00,0.00,0.00,0.00,0.00,0.00,,0.00,0.00,0.00,,,,,,0.00,0.00,0.00,1,6,655,19790,DL,Delta Air Lines Inc.,DL,Delta Air Lines Inc.,10262,P,3,3,2024,4
0.00,0.00,0.00,0.00,0.00,0.00,0.00,0.00,0.00,0.00,0.00,0.00,0.00,0.00,0.00,0.00,0.00,0.00,0.00,0.00,0.00,0.00,0.00,0.00,0.00,0.00,0.00,0.00,0.00,0.00,0.00,0.00,0.00,0.00,0.00,0.00,0.00,,0.00,0.00,0.00,,,,,,0.00,0.00,0.00,1,6,656,19790,DL,Delta Air Lines Inc.,DL,Delta Air Lines Inc.,01260,D,3,3,2024,1
0.00,0.00,0.00,0.00,0.00,0.00,0.00,0.00,0.00,0.00,0.00,0.00,0.00,0.00,0.00,0.00,0.00,0.00,0.00,0.00,0.00,0.00,0.00,0.00,0.00,0.00,0.00,0.00,0.00,0.00,0.00,0.00,0.00,0.00,0.00,0.00,0.00,,0.00,0.00,0.00,,,,,,0.00,0.00,0.00,1,6,656,19790,DL,Delta Air Lines Inc.,DL,Delta Air Lines Inc.,01260,D,3,3,2024,2
0.00,0.00,0.00,0.00,0.00,0.00,0.00,0.00,0.00,0.00,0.00,0.00,0.00,0.00,0.00,0.00,0.00,0.00,0.00,0.00,0.00,0.00,0.00,0.00,0.00,0.00,0.00,0.00,0.00,0.00,0.00,0.00,0.00,0.00,0.00,0.00,0.00,,0.00,0.00,0.00,,,,,,0.00,0.00,0.00,1,6,656,19790,DL,Delta Air Lines Inc.,DL,Delta Air Lines Inc.,01260,D,3,3,2024,3
0.00,0.00,0.00,0.00,0.00,0.00,0.00,0.00,0.00,0.00,0.00,0.00,0.00,0.00,0.00,0.00,0.00,0.00,0.00,0.00,0.00,0.00,0.00,0.00,0.00,0.00,0.00,0.00,0.00,0.00,0.00,0.00,0.00,0.00,0.00,0.00,0.00,,0.00,0.00,0.00,,,,,,0.00,0.00,0.00,1,6,656,19790,DL,Delta Air Lines Inc.,DL,Delta Air Lines Inc.,01260,D,3,3,2024,4
0.00,0.00,0.00,0.00,0.00,0.00,0.00,0.00,0.00,0.00,0.00,0.00,0.00,0.00,0.00,0.00,0.00,0.00,0.00,0.00,0.00,0.00,0.00,0.00,0.00,0.00,0.00,0.00,0.00,0.00,0.00,0.00,0.00,0.00,0.00,0.00,0.00,,0.00,0.00,0.00,,,,,,0.00,0.00,0.00,1,6,656,19790,DL,Delta Air Lines Inc.,DL,Delta Air Lines Inc.,10260,L,3,3,2024,1
0.00,0.00,0.00,0.00,0.00,0.00,0.00,0.00,0.00,0.00,0.00,0.00,0.00,0.00,0.00,0.00,0.00,0.00,0.00,0.00,0.00,0.00,0.00,0.00,0.00,0.00,0.00,0.00,0.00,0.00,0.00,0.00,0.00,0.00,0.00,0.00,0.00,,0.00,0.00,0.00,,,,,,0.00,0.00,0.00,1,6,656,19790,DL,Delta Air Lines Inc.,DL,Delta Air Lines Inc.,10260,L,3,3,2024,2
0.00,0.00,0.00,0.00,0.00,0.00,0.00,0.00,0.00,0.00,0.00,0.00,0.00,0.00,0.00,0.00,0.00,0.00,0.00,0.00,0.00,0.00,0.00,0.00,0.00,0.00,0.00,0.00,0.00,0.00,0.00,0.00,0.00,0.00,0.00,0.00,0.00,,0.00,0.00,0.00,,,,,,0.00,0.00,0.00,1,6,656,19790,DL,Delta Air Lines Inc.,DL,Delta Air Lines Inc.,10260,L,3,3,2024,3
0.00,0.00,0.00,0.00,0.00,0.00,0.00,0.00,0.00,0.00,0.00,0.00,0.00,0.00,0.00,0.00,0.00,0.00,0.00,0.00,0.00,0.00,0.00,0.00,0.00,0.00,0.00,0.00,0.00,0.00,0.00,0.00,0.00,0.00,0.00,0.00,0.00,,0.00,0.00,0.00,,,,,,0.00,0.00,0.00,1,6,656,19790,DL,Delta Air Lines Inc.,DL,Delta Air Lines Inc.,10260,L,3,3,2024,4
0.00,0.00,0.00,0.00,0.00,0.00,0.00,0.00,0.00,0.00,0.00,0.00,0.00,0.00,0.00,0.00,0.00,0.00,0.00,0.00,0.00,0.00,0.00,0.00,0.00,0.00,0.00,0.00,0.00,0.00,0.00,0.00,0.00,0.00,0.00,0.00,0.00,,0.00,0.00,0.00,,,,,,0.00,0.00,0.00,1,6,656,19790,DL,Delta Air Lines Inc.,DL,Delta Air Lines Inc.,10261,A,3,3,2024,1
0.00,0.00,0.00,0.00,0.00,0.00,0.00,0.00,0.00,0.00,0.00,0.00,0.00,0.00,0.00,0.00,0.00,0.00,0.00,0.00,0.00,0.00,0.00,0.00,0.00,0.00,0.00,0.00,0.00,0.00,0.00,0.00,0.00,0.00,0.00,0.00,0.00,,0.00,0.00,0.00,,,,,,0.00,0.00,0.00,1,6,656,19790,DL,Delta Air Lines Inc.,DL,Delta Air Lines Inc.,10261,A,3,3,2024,2
0.00,0.00,0.00,0.00,0.00,0.00,0.00,0.00,0.00,0.00,0.00,0.00,0.00,0.00,0.00,0.00,0.00,0.00,0.00,0.00,0.00,0.00,0.00,0.00,0.00,0.00,0.00,0.00,0.00,0.00,0.00,0.00,0.00,0.00,0.00,0.00,0.00,,0.00,0.00,0.00,,,,,,0.00,0.00,0.00,1,6,656,19790,DL,Delta Air Lines Inc.,DL,Delta Air Lines Inc.,10261,A,3,3,2024,3
0.00,0.00,0.00,0.00,0.00,0.00,0.00,0.00,0.00,0.00,0.00,0.00,0.00,0.00,0.00,0.00,0.00,0.00,0.00,0.00,0.00,0.00,0.00,0.00,0.00,0.00,0.00,0.00,0.00,0.00,0.00,0.00,0.00,0.00,0.00,0.00,0.00,,0.00,0.00,0.00,,,,,,0.00,0.00,0.00,1,6,656,19790,DL,Delta Air Lines Inc.,DL,Delta Air Lines Inc.,10261,A,3,3,2024,4
0.00,0.00,0.00,0.00,0.00,0.00,0.00,0.00,0.00,0.00,0.00,0.00,0.00,0.00,0.00,0.00,0.00,0.00,0.00,0.00,0.00,0.00,0.00,0.00,0.00,0.00,0.00,0.00,0.00,0.00,0.00,0.00,0.00,0.00,0.00,0.00,0.00,,0.00,0.00,0.00,,,,,,0.00,0.00,0.00,1,6,656,19790,DL,Delta Air Lines Inc.,DL,Delta Air Lines Inc.,10262,P,3,3,2024,1
0.00,0.00,0.00,0.00,0.00,0.00,0.00,0.00,0.00,0.00,0.00,0.00,0.00,0.00,0.00,0.00,0.00,0.00,0.00,0.00,0.00,0.00,0.00,0.00,0.00,0.00,0.00,0.00,0.00,0.00,0.00,0.00,0.00,0.00,0.00,0.00,0.00,,0.00,0.00,0.00,,,,,,0.00,0.00,0.00,1,6,656,19790,DL,Delta Air Lines Inc.,DL,Delta Air Lines Inc.,10262,P,3,3,2024,2
0.00,0.00,0.00,0.00,0.00,0.00,0.00,0.00,0.00,0.00,0.00,0.00,0.00,0.00,0.00,0.00,0.00,0.00,0.00,0.00,0.00,0.00,0.00,0.00,0.00,0.00,0.00,0.00,0.00,0.00,0.00,0.00,0.00,0.00,0.00,0.00,0.00,,0.00,0.00,0.00,,,,,,0.00,0.00,0.00,1,6,656,19790,DL,Delta Air Lines Inc.,DL,Delta Air Lines Inc.,10262,P,3,3,2024,3
0.00,0.00,0.00,0.00,0.00,0.00,0.00,0.00,0.00,0.00,0.00,0.00,0.00,0.00,0.00,0.00,0.00,0.00,0.00,0.00,0.00,0.00,0.00,0.00,0.00,0.00,0.00,0.00,0.00,0.00,0.00,0.00,0.00,0.00,0.00,0.00,0.00,,0.00,0.00,0.00,,,,,,0.00,0.00,0.00,1,6,656,19790,DL,Delta Air Lines Inc.,DL,Delta Air Lines Inc.,10262,P,3,3,2024,4
0.00,0.00,0.00,0.00,0.00,0.00,0.00,0.00,0.00,0.00,0.00,0.00,0.00,0.00,0.00,0.00,0.00,0.00,0.00,0.00,0.00,0.00,0.00,0.00,0.00,0.00,0.00,0.00,0.00,0.00,0.00,0.00,0.00,0.00,0.00,0.00,0.00,,0.00,0.00,0.00,,,,,,0.00,0.00,0.00,1,6,694,19790,DL,Delta Air Lines Inc.,DL,Delta Air Lines Inc.,10261,A,3,3,2024,1
0.00,0.00,0.00,0.00,0.00,0.00,0.00,0.00,0.00,0.00,0.00,0.00,0.00,0.00,0.00,0.00,0.00,0.00,0.00,0.00,0.00,0.00,0.00,0.00,0.00,0.00,0.00,0.00,0.00,0.00,0.00,0.00,0.00,0.00,0.00,0.00,0.00,,0.00,0.00,0.00,,,,,,0.00,0.00,0.00,1,6,694,19790,DL,Delta Air Lines Inc.,DL,Delta Air Lines Inc.,10261,A,3,3,2024,2
0.00,0.00,0.00,0.00,0.00,0.00,0.00,0.00,0.00,0.00,0.00,0.00,0.00,0.00,0.00,0.00,0.00,0.00,0.00,0.00,0.00,0.00,0.00,0.00,0.00,0.00,0.00,0.00,0.00,0.00,0.00,0.00,0.00,0.00,0.00,0.00,0.00,,0.00,0.00,0.00,,,,,,0.00,0.00,0.00,1,6,694,19790,DL,Delta Air Lines Inc.,DL,Delta Air Lines Inc.,10261,A,3,3,2024,3
0.00,0.00,0.00,0.00,0.00,0.00,0.00,0.00,0.00,0.00,0.00,0.00,0.00,0.00,0.00,0.00,0.00,0.00,0.00,0.00,0.00,0.00,0.00,0.00,0.00,0.00,0.00,0.00,0.00,0.00,0.00,0.00,0.00,0.00,0.00,0.00,0.00,,0.00,0.00,0.00,,,,,,0.00,0.00,0.00,1,6,694,19790,DL,Delta Air Lines Inc.,DL,Delta Air Lines Inc.,10261,A,3,3,2024,4
0.00,0.00,0.00,0.00,0.00,0.00,0.00,0.00,0.00,0.00,0.00,0.00,0.00,0.00,0.00,0.00,0.00,0.00,0.00,0.00,0.00,0.00,0.00,0.00,0.00,0.00,0.00,0.00,0.00,0.00,0.00,0.00,0.00,0.00,0.00,0.00,0.00,,0.00,0.00,0.00,,,,,,0.00,0.00,0.00,1,6,694,19790,DL,Delta Air Lines Inc.,DL,Delta Air Lines Inc.,10262,P,3,3,2024,1
0.00,0.00,0.00,0.00,0.00,0.00,0.00,0.00,0.00,0.00,0.00,0.00,0.00,0.00,0.00,0.00,0.00,0.00,0.00,0.00,0.00,0.00,0.00,0.00,0.00,0.00,0.00,0.00,0.00,0.00,0.00,0.00,0.00,0.00,0.00,0.00,0.00,,0.00,0.00,0.00,,,,,,0.00,0.00,0.00,1,6,694,19790,DL,Delta Air Lines Inc.,DL,Delta Air Lines Inc.,10262,P,3,3,2024,2
0.00,0.00,0.00,0.00,0.00,0.00,0.00,0.00,0.00,0.00,0.00,0.00,0.00,0.00,0.00,0.00,0.00,0.00,0.00,0.00,0.00,0.00,0.00,0.00,0.00,0.00,0.00,0.00,0.00,0.00,0.00,0.00,0.00,0.00,0.00,0.00,0.00,,0.00,0.00,0.00,,,,,,0.00,0.00,0.00,1,6,694,19790,DL,Delta Air Lines Inc.,DL,Delta Air Lines Inc.,10262,P,3,3,2024,3
0.00,0.00,0.00,0.00,0.00,0.00,0.00,0.00,0.00,0.00,0.00,0.00,0.00,0.00,0.00,0.00,0.00,0.00,0.00,0.00,0.00,0.00,0.00,0.00,0.00,0.00,0.00,0.00,0.00,0.00,0.00,0.00,0.00,0.00,0.00,0.00,0.00,,0.00,0.00,0.00,,,,,,0.00,0.00,0.00,1,6,694,19790,DL,Delta Air Lines Inc.,DL,Delta Air Lines Inc.,10262,P,3,3,2024,4
0.00,0.00,0.00,0.00,0.00,0.00,0.00,0.00,0.00,0.00,0.00,0.00,0.00,0.00,0.00,0.00,0.00,0.00,0.00,0.00,0.00,0.00,0.00,0.00,0.00,0.00,0.00,0.00,0.00,0.00,0.00,0.00,0.00,0.00,0.00,0.00,0.00,,0.00,0.00,0.00,,,,,,0.00,0.00,0.00,1,6,696,19790,DL,Delta Air Lines Inc.,DL,Delta Air Lines Inc.,10260,L,3,3,2024,1
0.00,0.00,0.00,0.00,0.00,0.00,0.00,0.00,0.00,0.00,0.00,0.00,0.00,0.00,0.00,0.00,0.00,0.00,0.00,0.00,0.00,0.00,0.00,0.00,0.00,0.00,0.00,0.00,0.00,0.00,0.00,0.00,0.00,0.00,0.00,0.00,0.00,,0.00,0.00,0.00,,,,,,0.00,0.00,0.00,1,6,696,19790,DL,Delta Air Lines Inc.,DL,Delta Air Lines Inc.,10262,P,3,3,2024,2
0.00,0.00,0.00,0.00,0.00,0.00,0.00,0.00,0.00,0.00,0.00,0.00,0.00,0.00,0.00,0.00,0.00,0.00,0.00,0.00,0.00,0.00,0.00,0.00,0.00,0.00,0.00,0.00,0.00,0.00,0.00,0.00,0.00,0.00,0.00,0.00,0.00,,0.00,0.00,0.00,,,,,,0.00,0.00,0.00,1,6,698,19790,DL,Delta Air Lines Inc.,DL,Delta Air Lines Inc.,10261,A,3,3,2024,1
0.00,0.00,0.00,0.00,0.00,0.00,0.00,0.00,0.00,0.00,0.00,0.00,0.00,0.00,0.00,0.00,0.00,0.00,0.00,0.00,0.00,0.00,0.00,0.00,0.00,0.00,0.00,0.00,0.00,0.00,0.00,0.00,0.00,0.00,0.00,0.00,0.00,,0.00,0.00,0.00,,,,,,0.00,0.00,0.00,1,6,698,19790,DL,Delta Air Lines Inc.,DL,Delta Air Lines Inc.,10261,A,3,3,2024,2
0.00,0.00,0.00,0.00,0.00,0.00,0.00,0.00,0.00,0.00,0.00,0.00,0.00,0.00,0.00,0.00,0.00,0.00,0.00,0.00,0.00,0.00,0.00,0.00,0.00,0.00,0.00,0.00,0.00,0.00,0.00,0.00,0.00,0.00,0.00,0.00,0.00,,0.00,0.00,0.00,,,,,,0.00,0.00,0.00,1,6,698,19790,DL,Delta Air Lines Inc.,DL,Delta Air Lines Inc.,10261,A,3,3,2024,3
0.00,0.00,0.00,0.00,0.00,0.00,0.00,0.00,0.00,0.00,0.00,0.00,0.00,0.00,0.00,0.00,0.00,0.00,0.00,0.00,0.00,0.00,0.00,0.00,0.00,0.00,0.00,0.00,0.00,0.00,0.00,0.00,0.00,0.00,0.00,0.00,0.00,,0.00,0.00,0.00,,,,,,0.00,0.00,0.00,1,6,698,19790,DL,Delta Air Lines Inc.,DL,Delta Air Lines Inc.,10261,A,3,3,2024,4
0.00,0.00,0.00,0.00,0.00,0.00,0.00,0.00,0.00,0.00,0.00,0.00,0.00,0.00,0.00,0.00,0.00,0.00,0.00,0.00,0.00,0.00,0.00,0.00,0.00,0.00,0.00,0.00,0.00,0.00,0.00,0.00,0.00,0.00,0.00,0.00,0.00,,0.00,0.00,0.00,,,,,,0.00,0.00,0.00,1,6,698,19790,DL,Delta Air Lines Inc.,DL,Delta Air Lines Inc.,10262,P,3,3,2024,1
0.00,0.00,0.00,0.00,0.00,0.00,0.00,0.00,0.00,0.00,0.00,0.00,0.00,0.00,0.00,0.00,0.00,0.00,0.00,0.00,0.00,0.00,0.00,0.00,0.00,0.00,0.00,0.00,0.00,0.00,0.00,0.00,0.00,0.00,0.00,0.00,0.00,,0.00,0.00,0.00,,,,,,0.00,0.00,0.00,1,6,698,19790,DL,Delta Air Lines Inc.,DL,Delta Air Lines Inc.,10262,P,3,3,2024,2
0.00,0.00,0.00,0.00,0.00,0.00,0.00,0.00,0.00,0.00,0.00,0.00,0.00,0.00,0.00,0.00,0.00,0.00,0.00,0.00,0.00,0.00,0.00,0.00,0.00,0.00,0.00,0.00,0.00,0.00,0.00,0.00,0.00,0.00,0.00,0.00,0.00,,0.00,0.00,0.00,,,,,,0.00,0.00,0.00,1,6,698,19790,DL,Delta Air Lines Inc.,DL,Delta Air Lines Inc.,10262,P,3,3,2024,3
0.00,0.00,0.00,0.00,0.00,0.00,0.00,0.00,0.00,0.00,0.00,0.00,0.00,0.00,0.00,0.00,0.00,0.00,0.00,0.00,0.00,0.00,0.00,0.00,0.00,0.00,0.00,0.00,0.00,0.00,0.00,0.00,0.00,0.00,0.00,0.00,0.00,,0.00,0.00,0.00,,,,,,0.00,0.00,0.00,1,6,698,19790,DL,Delta Air Lines Inc.,DL,Delta Air Lines Inc.,10262,P,3,3,2024,4
0.00,0.00,0.00,0.00,0.00,0.00,0.00,0.00,0.00,0.00,0.00,0.00,0.00,0.00,0.00,0.00,0.00,0.00,0.00,0.00,0.00,0.00,0.00,0.00,0.00,0.00,0.00,0.00,0.00,0.00,0.00,0.00,0.00,0.00,0.00,0.00,0.00,,0.00,0.00,0.00,,,,,,0.00,0.00,0.00,1,6,699,19790,DL,Delta Air Lines Inc.,DL,Delta Air Lines Inc.,10261,A,3,3,2024,1
0.00,0.00,0.00,0.00,0.00,0.00,0.00,0.00,0.00,0.00,0.00,0.00,0.00,0.00,0.00,0.00,0.00,0.00,0.00,0.00,0.00,0.00,0.00,0.00,0.00,0.00,0.00,0.00,0.00,0.00,0.00,0.00,0.00,0.00,0.00,0.00,0.00,,0.00,0.00,0.00,,,,,,0.00,0.00,0.00,1,6,699,19790,DL,Delta Air Lines Inc.,DL,Delta Air Lines Inc.,10261,A,3,3,2024,2
0.00,0.00,0.00,0.00,0.00,0.00,0.00,0.00,0.00,0.00,0.00,0.00,0.00,0.00,0.00,0.00,0.00,0.00,0.00,0.00,0.00,0.00,0.00,0.00,0.00,0.00,0.00,0.00,0.00,0.00,0.00,0.00,0.00,0.00,0.00,0.00,0.00,,0.00,0.00,0.00,,,,,,0.00,0.00,0.00,1,6,699,19790,DL,Delta Air Lines Inc.,DL,Delta Air Lines Inc.,10261,A,3,3,2024,3
0.00,0.00,0.00,0.00,0.00,0.00,0.00,0.00,0.00,0.00,0.00,0.00,0.00,0.00,0.00,0.00,0.00,0.00,0.00,0.00,0.00,0.00,0.00,0.00,0.00,0.00,0.00,0.00,0.00,0.00,0.00,0.00,0.00,0.00,0.00,0.00,0.00,,0.00,0.00,0.00,,,,,,0.00,0.00,0.00,1,6,699,19790,DL,Delta Air Lines Inc.,DL,Delta Air Lines Inc.,10261,A,3,3,2024,4
0.00,0.00,0.00,0.00,0.00,0.00,0.00,0.00,0.00,0.00,0.00,0.00,0.00,0.00,0.00,0.00,0.00,0.00,0.00,0.00,0.00,0.00,0.00,0.00,0.00,0.00,0.00,0.00,0.00,0.00,0.00,0.00,0.00,0.00,0.00,0.00,0.00,,0.00,0.00,0.00,,,,,,0.00,0.00,0.00,1,6,699,19790,DL,Delta Air Lines Inc.,DL,Delta Air Lines Inc.,10262,P,3,3,2024,1
0.00,0.00,0.00,0.00,0.00,0.00,0.00,0.00,0.00,0.00,0.00,0.00,0.00,0.00,0.00,0.00,0.00,0.00,0.00,0.00,0.00,0.00,0.00,0.00,0.00,0.00,0.00,0.00,0.00,0.00,0.00,0.00,0.00,0.00,0.00,0.00,0.00,,0.00,0.00,0.00,,,,,,0.00,0.00,0.00,1,6,699,19790,DL,Delta Air Lines Inc.,DL,Delta Air Lines Inc.,10262,P,3,3,2024,2
0.00,0.00,0.00,0.00,0.00,0.00,0.00,0.00,0.00,0.00,0.00,0.00,0.00,0.00,0.00,0.00,0.00,0.00,0.00,0.00,0.00,0.00,0.00,0.00,0.00,0.00,0.00,0.00,0.00,0.00,0.00,0.00,0.00,0.00,0.00,0.00,0.00,,0.00,0.00,0.00,,,,,,0.00,0.00,0.00,1,6,699,19790,DL,Delta Air Lines Inc.,DL,Delta Air Lines Inc.,10262,P,3,3,2024,3
0.00,0.00,0.00,0.00,0.00,0.00,0.00,0.00,0.00,0.00,0.00,0.00,0.00,0.00,0.00,0.00,0.00,0.00,0.00,0.00,0.00,0.00,0.00,0.00,0.00,0.00,0.00,0.00,0.00,0.00,0.00,0.00,0.00,0.00,0.00,0.00,0.00,,0.00,0.00,0.00,,,,,,0.00,0.00,0.00,1,6,699,19790,DL,Delta Air Lines Inc.,DL,Delta Air Lines Inc.,10262,P,3,3,2024,4
0.00,0.00,0.00,0.00,0.00,0.00,0.00,0.00,0.00,0.00,0.00,0.00,0.00,0.00,0.00,0.00,0.00,0.00,0.00,0.00,0.00,0.00,0.00,0.00,0.00,0.00,0.00,0.00,0.00,0.00,0.00,0.00,0.00,0.00,0.00,0.00,0.00,,0.00,0.00,0.00,,,,,,0.00,0.00,0.00,1,6,721,19790,DL,Delta Air Lines Inc.,DL,Delta Air Lines Inc.,10261,A,3,3,2024,1
0.00,0.00,0.00,0.00,0.00,0.00,0.00,0.00,0.00,0.00,0.00,0.00,0.00,0.00,0.00,0.00,0.00,0.00,0.00,0.00,0.00,0.00,0.00,0.00,0.00,0.00,0.00,0.00,0.00,0.00,0.00,0.00,0.00,0.00,0.00,0.00,0.00,,0.00,0.00,0.00,,,,,,0.00,0.00,0.00,1,6,721,19790,DL,Delta Air Lines Inc.,DL,Delta Air Lines Inc.,10261,A,3,3,2024,2
0.00,0.00,0.00,0.00,0.00,0.00,0.00,0.00,0.00,0.00,0.00,0.00,0.00,0.00,0.00,0.00,0.00,0.00,0.00,0.00,0.00,0.00,0.00,0.00,0.00,0.00,0.00,0.00,0.00,0.00,0.00,0.00,0.00,0.00,0.00,0.00,0.00,,0.00,0.00,0.00,,,,,,0.00,0.00,0.00,1,6,721,19790,DL,Delta Air Lines Inc.,DL,Delta Air Lines Inc.,10261,A,3,3,2024,3
0.00,0.00,0.00,0.00,0.00,0.00,0.00,0.00,0.00,0.00,0.00,0.00,0.00,0.00,0.00,0.00,0.00,0.00,0.00,0.00,0.00,0.00,0.00,0.00,0.00,0.00,0.00,0.00,0.00,0.00,0.00,0.00,0.00,0.00,0.00,0.00,0.00,,0.00,0.00,0.00,,,,,,0.00,0.00,0.00,1,6,721,19790,DL,Delta Air Lines Inc.,DL,Delta Air Lines Inc.,10261,A,3,3,2024,4
0.00,0.00,0.00,0.00,0.00,0.00,0.00,0.00,0.00,0.00,0.00,0.00,0.00,0.00,0.00,0.00,0.00,0.00,0.00,0.00,0.00,0.00,0.00,0.00,0.00,0.00,0.00,0.00,0.00,0.00,0.00,0.00,0.00,0.00,0.00,0.00,0.00,,0.00,0.00,0.00,,,,,,0.00,0.00,0.00,1,6,721,19790,DL,Delta Air Lines Inc.,DL,Delta Air Lines Inc.,10262,P,3,3,2024,1
0.00,0.00,0.00,0.00,0.00,0.00,0.00,0.00,0.00,0.00,0.00,0.00,0.00,0.00,0.00,0.00,0.00,0.00,0.00,0.00,0.00,0.00,0.00,0.00,0.00,0.00,0.00,0.00,0.00,0.00,0.00,0.00,0.00,0.00,0.00,0.00,0.00,,0.00,0.00,0.00,,,,,,0.00,0.00,0.00,1,6,721,19790,DL,Delta Air Lines Inc.,DL,Delta Air Lines Inc.,10262,P,3,3,2024,2
0.00,0.00,0.00,0.00,0.00,0.00,0.00,0.00,0.00,0.00,0.00,0.00,0.00,0.00,0.00,0.00,0.00,0.00,0.00,0.00,0.00,0.00,0.00,0.00,0.00,0.00,0.00,0.00,0.00,0.00,0.00,0.00,0.00,0.00,0.00,0.00,0.00,,0.00,0.00,0.00,,,,,,0.00,0.00,0.00,1,6,721,19790,DL,Delta Air Lines Inc.,DL,Delta Air Lines Inc.,10262,P,3,3,2024,3
0.00,0.00,0.00,0.00,0.00,0.00,0.00,0.00,0.00,0.00,0.00,0.00,0.00,0.00,0.00,0.00,0.00,0.00,0.00,0.00,0.00,0.00,0.00,0.00,0.00,0.00,0.00,0.00,0.00,0.00,0.00,0.00,0.00,0.00,0.00,0.00,0.00,,0.00,0.00,0.00,,,,,,0.00,0.00,0.00,1,6,721,19790,DL,Delta Air Lines Inc.,DL,Delta Air Lines Inc.,10262,P,3,3,2024,4
0.00,0.00,0.00,0.00,0.00,0.00,0.00,0.00,0.00,0.00,0.00,0.00,0.00,0.00,0.00,0.00,0.00,0.00,0.00,0.00,0.00,0.00,0.00,0.00,0.00,0.00,0.00,0.00,0.00,0.00,0.00,0.00,0.00,0.00,0.00,0.00,0.00,,0.00,0.00,0.00,,,,,,0.00,0.00,0.00,1,6,723,19790,DL,Delta Air Lines Inc.,DL,Delta Air Lines Inc.,10260,L,3,3,2024,1
0.00,0.00,0.00,0.00,0.00,0.00,0.00,0.00,0.00,0.00,0.00,0.00,0.00,0.00,0.00,0.00,0.00,0.00,0.00,0.00,0.00,0.00,0.00,0.00,0.00,0.00,0.00,0.00,0.00,0.00,0.00,0.00,0.00,0.00,0.00,0.00,0.00,,0.00,0.00,0.00,,,,,,0.00,0.00,0.00,1,6,723,19790,DL,Delta Air Lines Inc.,DL,Delta Air Lines Inc.,10261,A,3,3,2024,1
0.00,0.00,0.00,0.00,0.00,0.00,0.00,0.00,0.00,0.00,0.00,0.00,0.00,0.00,0.00,0.00,0.00,0.00,0.00,0.00,0.00,0.00,0.00,0.00,0.00,0.00,0.00,0.00,0.00,0.00,0.00,0.00,0.00,0.00,0.00,0.00,0.00,,0.00,0.00,0.00,,,,,,0.00,0.00,0.00,1,6,723,19790,DL,Delta Air Lines Inc.,DL,Delta Air Lines Inc.,10261,A,3,3,2024,2
0.00,0.00,0.00,0.00,0.00,0.00,0.00,0.00,0.00,0.00,0.00,0.00,0.00,0.00,0.00,0.00,0.00,0.00,0.00,0.00,0.00,0.00,0.00,0.00,0.00,0.00,0.00,0.00,0.00,0.00,0.00,0.00,0.00,0.00,0.00,0.00,0.00,,0.00,0.00,0.00,,,,,,0.00,0.00,0.00,1,6,723,19790,DL,Delta Air Lines Inc.,DL,Delta Air Lines Inc.,10261,A,3,3,2024,3
0.00,0.00,0.00,0.00,0.00,0.00,0.00,0.00,0.00,0.00,0.00,0.00,0.00,0.00,0.00,0.00,0.00,0.00,0.00,0.00,0.00,0.00,0.00,0.00,0.00,0.00,0.00,0.00,0.00,0.00,0.00,0.00,0.00,0.00,0.00,0.00,0.00,,0.00,0.00,0.00,,,,,,0.00,0.00,0.00,1,6,723,19790,DL,Delta Air Lines Inc.,DL,Delta Air Lines Inc.,10261,A,3,3,2024,4
0.00,0.00,0.00,0.00,0.00,0.00,0.00,0.00,0.00,0.00,0.00,0.00,0.00,0.00,0.00,0.00,0.00,0.00,0.00,0.00,0.00,0.00,0.00,0.00,0.00,0.00,0.00,0.00,0.00,0.00,0.00,0.00,0.00,0.00,0.00,0.00,0.00,,0.00,0.00,0.00,,,,,,0.00,0.00,0.00,1,6,723,19790,DL,Delta Air Lines Inc.,DL,Delta Air Lines Inc.,10262,P,3,3,2024,1
0.00,0.00,0.00,0.00,0.00,0.00,0.00,0.00,0.00,0.00,0.00,0.00,0.00,0.00,0.00,0.00,0.00,0.00,0.00,0.00,0.00,0.00,0.00,0.00,0.00,0.00,0.00,0.00,0.00,0.00,0.00,0.00,0.00,0.00,0.00,0.00,0.00,,0.00,0.00,0.00,,,,,,0.00,0.00,0.00,1,6,723,19790,DL,Delta Air Lines Inc.,DL,Delta Air Lines Inc.,10262,P,3,3,2024,2
0.00,0.00,0.00,0.00,0.00,0.00,0.00,0.00,0.00,0.00,0.00,0.00,0.00,0.00,0.00,0.00,0.00,0.00,0.00,0.00,0.00,0.00,0.00,0.00,0.00,0.00,0.00,0.00,0.00,0.00,0.00,0.00,0.00,0.00,0.00,0.00,0.00,,0.00,0.00,0.00,,,,,,0.00,0.00,0.00,1,6,723,19790,DL,Delta Air Lines Inc.,DL,Delta Air Lines Inc.,10262,P,3,3,2024,3
0.00,0.00,0.00,0.00,0.00,0.00,0.00,0.00,0.00,0.00,0.00,0.00,0.00,0.00,0.00,0.00,0.00,0.00,0.00,0.00,0.00,0.00,0.00,0.00,0.00,0.00,0.00,0.00,0.00,0.00,0.00,0.00,0.00,0.00,0.00,0.00,0.00,,0.00,0.00,0.00,,,,,,0.00,0.00,0.00,1,6,723,19790,DL,Delta Air Lines Inc.,DL,Delta Air Lines Inc.,10262,P,3,3,2024,4
0.00,0.00,0.00,0.00,0.00,0.00,0.00,0.00,0.00,0.00,0.00,0.00,0.00,0.00,0.00,0.00,0.00,0.00,0.00,0.00,0.00,0.00,0.00,0.00,0.00,0.00,0.00,0.00,0.00,0.00,0.00,0.00,0.00,0.00,0.00,0.00,0.00,,0.00,0.00,0.00,,,,,,0.00,0.00,0.00,1,6,724,19790,DL,Delta Air Lines Inc.,DL,Delta Air Lines Inc.,10260,L,3,3,2024,1
0.00,0.00,0.00,0.00,0.00,0.00,0.00,0.00,0.00,0.00,0.00,0.00,0.00,0.00,0.00,0.00,0.00,0.00,0.00,0.00,0.00,0.00,0.00,0.00,0.00,0.00,0.00,0.00,0.00,0.00,0.00,0.00,0.00,0.00,0.00,0.00,0.00,,0.00,0.00,0.00,,,,,,0.00,0.00,0.00,1,6,724,19790,DL,Delta Air Lines Inc.,DL,Delta Air Lines Inc.,10260,L,3,3,2024,2
0.00,0.00,0.00,0.00,0.00,0.00,0.00,0.00,0.00,0.00,0.00,0.00,0.00,0.00,0.00,0.00,0.00,0.00,0.00,0.00,0.00,0.00,0.00,0.00,0.00,0.00,0.00,0.00,0.00,0.00,0.00,0.00,0.00,0.00,0.00,0.00,0.00,,0.00,0.00,0.00,,,,,,0.00,0.00,0.00,1,6,724,19790,DL,Delta Air Lines Inc.,DL,Delta Air Lines Inc.,10260,L,3,3,2024,3
0.00,0.00,0.00,0.00,0.00,0.00,0.00,0.00,0.00,0.00,0.00,0.00,0.00,0.00,0.00,0.00,0.00,0.00,0.00,0.00,0.00,0.00,0.00,0.00,0.00,0.00,0.00,0.00,0.00,0.00,0.00,0.00,0.00,0.00,0.00,0.00,0.00,,0.00,0.00,0.00,,,,,,0.00,0.00,0.00,1,6,724,19790,DL,Delta Air Lines Inc.,DL,Delta Air Lines Inc.,10260,L,3,3,2024,4
0.00,0.00,0.00,0.00,0.00,0.00,0.00,0.00,0.00,0.00,0.00,0.00,0.00,0.00,0.00,0.00,0.00,0.00,0.00,0.00,0.00,0.00,0.00,0.00,0.00,0.00,0.00,0.00,0.00,0.00,0.00,0.00,0.00,0.00,0.00,0.00,0.00,,0.00,0.00,0.00,,,,,,0.00,0.00,0.00,1,6,724,19790,DL,Delta Air Lines Inc.,DL,Delta Air Lines Inc.,10261,A,3,3,2024,1
0.00,0.00,0.00,0.00,0.00,0.00,0.00,0.00,0.00,0.00,0.00,0.00,0.00,0.00,0.00,0.00,0.00,0.00,0.00,0.00,0.00,0.00,0.00,0.00,0.00,0.00,0.00,0.00,0.00,0.00,0.00,0.00,0.00,0.00,0.00,0.00,0.00,,0.00,0.00,0.00,,,,,,0.00,0.00,0.00,1,6,724,19790,DL,Delta Air Lines Inc.,DL,Delta Air Lines Inc.,10261,A,3,3,2024,2
0.00,0.00,0.00,0.00,0.00,0.00,0.00,0.00,0.00,0.00,0.00,0.00,0.00,0.00,0.00,0.00,0.00,0.00,0.00,0.00,0.00,0.00,0.00,0.00,0.00,0.00,0.00,0.00,0.00,0.00,0.00,0.00,0.00,0.00,0.00,0.00,0.00,,0.00,0.00,0.00,,,,,,0.00,0.00,0.00,1,6,724,19790,DL,Delta Air Lines Inc.,DL,Delta Air Lines Inc.,10261,A,3,3,2024,3
0.00,0.00,0.00,0.00,0.00,0.00,0.00,0.00,0.00,0.00,0.00,0.00,0.00,0.00,0.00,0.00,0.00,0.00,0.00,0.00,0.00,0.00,0.00,0.00,0.00,0.00,0.00,0.00,0.00,0.00,0.00,0.00,0.00,0.00,0.00,0.00,0.00,,0.00,0.00,0.00,,,,,,0.00,0.00,0.00,1,6,724,19790,DL,Delta Air Lines Inc.,DL,Delta Air Lines Inc.,10261,A,3,3,2024,4
0.00,0.00,0.00,0.00,0.00,0.00,0.00,0.00,0.00,0.00,0.00,0.00,0.00,0.00,0.00,0.00,0.00,0.00,0.00,0.00,0.00,0.00,0.00,0.00,0.00,0.00,0.00,0.00,0.00,0.00,0.00,0.00,0.00,0.00,0.00,0.00,0.00,,0.00,0.00,0.00,,,,,,0.00,0.00,0.00,1,6,724,19790,DL,Delta Air Lines Inc.,DL,Delta Air Lines Inc.,10262,P,3,3,2024,1
0.00,0.00,0.00,0.00,0.00,0.00,0.00,0.00,0.00,0.00,0.00,0.00,0.00,0.00,0.00,0.00,0.00,0.00,0.00,0.00,0.00,0.00,0.00,0.00,0.00,0.00,0.00,0.00,0.00,0.00,0.00,0.00,0.00,0.00,0.00,0.00,0.00,,0.00,0.00,0.00,,,,,,0.00,0.00,0.00,1,6,724,19790,DL,Delta Air Lines Inc.,DL,Delta Air Lines Inc.,10262,P,3,3,2024,2
0.00,0.00,0.00,0.00,0.00,0.00,0.00,0.00,0.00,0.00,0.00,0.00,0.00,0.00,0.00,0.00,0.00,0.00,0.00,0.00,0.00,0.00,0.00,0.00,0.00,0.00,0.00,0.00,0.00,0.00,0.00,0.00,0.00,0.00,0.00,0.00,0.00,,0.00,0.00,0.00,,,,,,0.00,0.00,0.00,1,6,724,19790,DL,Delta Air Lines Inc.,DL,Delta Air Lines Inc.,10262,P,3,3,2024,3
0.00,0.00,0.00,0.00,0.00,0.00,0.00,0.00,0.00,0.00,0.00,0.00,0.00,0.00,0.00,0.00,0.00,0.00,0.00,0.00,0.00,0.00,0.00,0.00,0.00,0.00,0.00,0.00,0.00,0.00,0.00,0.00,0.00,0.00,0.00,0.00,0.00,,0.00,0.00,0.00,,,,,,0.00,0.00,0.00,1,6,724,19790,DL,Delta Air Lines Inc.,DL,Delta Air Lines Inc.,10262,P,3,3,2024,4
0.00,0.00,0.00,0.00,0.00,0.00,0.00,0.00,0.00,0.00,0.00,0.00,0.00,0.00,0.00,0.00,0.00,0.00,0.00,0.00,0.00,0.00,0.00,0.00,0.00,0.00,0.00,0.00,0.00,0.00,0.00,0.00,0.00,0.00,0.00,0.00,0.00,,0.00,0.00,0.00,,,,,,0.00,0.00,0.00,1,6,837,19690,HA,Hawaiian Airlines Inc.,HA,Hawaiian Airlines Inc.,15375,P,3,3,2024,1
0.00,0.00,0.00,0.00,0.00,0.00,0.00,0.00,0.00,0.00,0.00,0.00,0.00,0.00,0.00,0.00,0.00,0.00,0.00,0.00,0.00,0.00,0.00,0.00,0.00,0.00,0.00,0.00,0.00,0.00,0.00,0.00,0.00,0.00,0.00,0.00,0.00,,0.00,0.00,0.00,,,,,,0.00,0.00,0.00,1,6,837,19690,HA,Hawaiian Airlines Inc.,HA,Hawaiian Airlines Inc.,15375,P,3,3,2024,2
0.00,0.00,0.00,0.00,0.00,0.00,0.00,0.00,0.00,0.00,0.00,0.00,0.00,0.00,0.00,0.00,0.00,0.00,0.00,0.00,0.00,0.00,0.00,0.00,0.00,0.00,0.00,0.00,0.00,0.00,0.00,0.00,0.00,0.00,0.00,0.00,0.00,,0.00,0.00,0.00,,,,,,0.00,0.00,0.00,1,6,837,19690,HA,Hawaiian Airlines Inc.,HA,Hawaiian Airlines Inc.,15375,P,3,3,2024,3
0.00,0.00,0.00,0.00,0.00,0.00,0.00,0.00,0.00,0.00,0.00,0.00,0.00,0.00,0.00,0.00,0.00,0.00,0.00,0.00,0.00,0.00,0.00,0.00,0.00,0.00,0.00,0.00,0.00,0.00,0.00,0.00,0.00,0.00,0.00,0.00,0.00,,0.00,0.00,0.00,,,,,,0.00,0.00,0.00,1,6,837,19690,HA,Hawaiian Airlines Inc.,HA,Hawaiian Airlines Inc.,15375,P,3,3,2024,4
0.00,0.00,0.00,0.00,0.00,0.00,0.00,0.00,0.00,0.00,0.00,0.00,0.00,0.00,0.00,0.00,0.00,0.00,0.00,0.00,0.00,0.00,0.00,0.00,0.00,0.00,0.00,0.00,0.00,0.00,0.00,0.00,0.00,0.00,0.00,0.00,0.00,,0.00,0.00,0.00,,,,,,0.00,0.00,0.00,1,6,888,19790,DL,Delta Air Lines Inc.,DL,Delta Air Lines Inc.,10261,A,3,3,2024,1
0.00,0.00,0.00,0.00,0.00,0.00,0.00,0.00,0.00,0.00,0.00,0.00,0.00,0.00,0.00,0.00,0.00,0.00,0.00,0.00,0.00,0.00,0.00,0.00,0.00,0.00,0.00,0.00,0.00,0.00,0.00,0.00,0.00,0.00,0.00,0.00,0.00,,0.00,0.00,0.00,,,,,,0.00,0.00,0.00,1,6,888,19790,DL,Delta Air Lines Inc.,DL,Delta Air Lines Inc.,10261,A,3,3,2024,2
0.00,0.00,0.00,0.00,0.00,0.00,0.00,0.00,0.00,0.00,0.00,0.00,0.00,0.00,0.00,0.00,0.00,0.00,0.00,0.00,0.00,0.00,0.00,0.00,0.00,0.00,0.00,0.00,0.00,0.00,0.00,0.00,0.00,0.00,0.00,0.00,0.00,,0.00,0.00,0.00,,,,,,0.00,0.00,0.00,1,6,888,19790,DL,Delta Air Lines Inc.,DL,Delta Air Lines Inc.,10261,A,3,3,2024,3
0.00,0.00,0.00,0.00,0.00,0.00,0.00,0.00,0.00,0.00,0.00,0.00,0.00,0.00,0.00,0.00,0.00,0.00,0.00,0.00,0.00,0.00,0.00,0.00,0.00,0.00,0.00,0.00,0.00,0.00,0.00,0.00,0.00,0.00,0.00,0.00,0.00,,0.00,0.00,0.00,,,,,,0.00,0.00,0.00,1,6,888,19790,DL,Delta Air Lines Inc.,DL,Delta Air Lines Inc.,10261,A,3,3,2024,4
0.00,0.00,0.00,0.00,0.00,0.00,0.00,0.00,0.00,0.00,0.00,0.00,0.00,0.00,0.00,0.00,0.00,0.00,0.00,0.00,0.00,0.00,0.00,0.00,0.00,0.00,0.00,0.00,0.00,0.00,0.00,0.00,0.00,0.00,0.00,0.00,0.00,,0.00,0.00,0.00,,,,,,0.00,0.00,0.00,1,6,888,19790,DL,Delta Air Lines Inc.,DL,Delta Air Lines Inc.,10262,P,3,3,2024,1
0.00,0.00,0.00,0.00,0.00,0.00,0.00,0.00,0.00,0.00,0.00,0.00,0.00,0.00,0.00,0.00,0.00,0.00,0.00,0.00,0.00,0.00,0.00,0.00,0.00,0.00,0.00,0.00,0.00,0.00,0.00,0.00,0.00,0.00,0.00,0.00,0.00,,0.00,0.00,0.00,,,,,,0.00,0.00,0.00,1,6,888,19790,DL,Delta Air Lines Inc.,DL,Delta Air Lines Inc.,10262,P,3,3,2024,2
0.00,0.00,0.00,0.00,0.00,0.00,0.00,0.00,0.00,0.00,0.00,0.00,0.00,0.00,0.00,0.00,0.00,0.00,0.00,0.00,0.00,0.00,0.00,0.00,0.00,0.00,0.00,0.00,0.00,0.00,0.00,0.00,0.00,0.00,0.00,0.00,0.00,,0.00,0.00,0.00,,,,,,0.00,0.00,0.00,1,6,888,19790,DL,Delta Air Lines Inc.,DL,Delta Air Lines Inc.,10262,P,3,3,2024,3
0.00,0.00,0.00,0.00,0.00,0.00,0.00,0.00,0.00,0.00,0.00,0.00,0.00,0.00,0.00,0.00,0.00,0.00,0.00,0.00,0.00,0.00,0.00,0.00,0.00,0.00,0.00,0.00,0.00,0.00,0.00,0.00,0.00,0.00,0.00,0.00,0.00,,0.00,0.00,0.00,,,,,,0.00,0.00,0.00,1,6,888,19790,DL,Delta Air Lines Inc.,DL,Delta Air Lines Inc.,10262,P,3,3,2024,4
0.00,0.00,0.00,0.00,0.00,0.00,0.00,0.00,0.00,0.00,0.00,0.00,0.00,0.00,0.00,0.00,0.00,0.00,0.00,0.00,0.00,0.00,0.00,0.00,0.00,0.00,0.00,0.00,0.00,0.00,0.00,0.00,0.00,0.00,0.00,0.00,0.00,,0.00,0.00,0.00,,,,,,0.00,0.00,0.00,1,8,819,19790,DL,Delta Air Lines Inc.,DL,Delta Air Lines Inc.,01260,D,3,3,2024,1
0.00,0.00,0.00,0.00,0.00,0.00,0.00,0.00,0.00,0.00,0.00,0.00,0.00,0.00,0.00,0.00,0.00,0.00,0.00,0.00,0.00,0.00,0.00,0.00,0.00,0.00,0.00,0.00,0.00,0.00,0.00,0.00,0.00,0.00,0.00,0.00,0.00,,0.00,0.00,0.00,,,,,,0.00,0.00,0.00,1,8,819,19790,DL,Delta Air Lines Inc.,DL,Delta Air Lines Inc.,01260,D,3,3,2024,2
0.00,0.00,0.00,0.00,0.00,0.00,0.00,0.00,0.00,0.00,0.00,0.00,0.00,0.00,0.00,0.00,0.00,0.00,0.00,0.00,0.00,0.00,0.00,0.00,0.00,0.00,0.00,0.00,0.00,0.00,0.00,0.00,0.00,0.00,0.00,0.00,0.00,,0.00,0.00,0.00,,,,,,0.00,0.00,0.00,1,8,819,19790,DL,Delta Air Lines Inc.,DL,Delta Air Lines Inc.,01260,D,3,3,2024,3
0.00,0.00,0.00,0.00,0.00,0.00,0.00,0.00,0.00,0.00,0.00,0.00,0.00,0.00,0.00,0.00,0.00,0.00,0.00,0.00,0.00,0.00,0.00,0.00,0.00,0.00,0.00,0.00,0.00,0.00,0.00,0.00,0.00,0.00,0.00,0.00,0.00,,0.00,0.00,0.00,,,,,,0.00,0.00,0.00,1,8,819,19790,DL,Delta Air Lines Inc.,DL,Delta Air Lines Inc.,01260,D,3,3,2024,4
0.00,0.00,0.00,0.00,0.00,0.00,0.00,0.00,0.00,0.00,0.00,0.00,0.00,0.00,0.00,0.00,0.00,0.00,0.00,0.00,0.00,0.00,0.00,0.00,0.00,0.00,0.00,0.00,0.00,0.00,0.00,0.00,0.00,0.00,0.00,0.00,0.00,,0.00,0.00,0.00,,,,,,0.00,0.00,0.00,1,8,819,19790,DL,Delta Air Lines Inc.,DL,Delta Air Lines Inc.,10260,L,3,3,2024,1
0.00,0.00,0.00,0.00,0.00,0.00,0.00,0.00,0.00,0.00,0.00,0.00,0.00,0.00,0.00,0.00,0.00,0.00,0.00,0.00,0.00,0.00,0.00,0.00,0.00,0.00,0.00,0.00,0.00,0.00,0.00,0.00,0.00,0.00,0.00,0.00,0.00,,0.00,0.00,0.00,,,,,,0.00,0.00,0.00,1,8,819,19790,DL,Delta Air Lines Inc.,DL,Delta Air Lines Inc.,10260,L,3,3,2024,2
0.00,0.00,0.00,0.00,0.00,0.00,0.00,0.00,0.00,0.00,0.00,0.00,0.00,0.00,0.00,0.00,0.00,0.00,0.00,0.00,0.00,0.00,0.00,0.00,0.00,0.00,0.00,0.00,0.00,0.00,0.00,0.00,0.00,0.00,0.00,0.00,0.00,,0.00,0.00,0.00,,,,,,0.00,0.00,0.00,1,8,819,19790,DL,Delta Air Lines Inc.,DL,Delta Air Lines Inc.,10260,L,3,3,2024,3
0.00,0.00,0.00,0.00,0.00,0.00,0.00,0.00,0.00,0.00,0.00,0.00,0.00,0.00,0.00,0.00,0.00,0.00,0.00,0.00,0.00,0.00,0.00,0.00,0.00,0.00,0.00,0.00,0.00,0.00,0.00,0.00,0.00,0.00,0.00,0.00,0.00,,0.00,0.00,0.00,,,,,,0.00,0.00,0.00,1,8,819,19790,DL,Delta Air Lines Inc.,DL,Delta Air Lines Inc.,10260,L,3,3,2024,4
0.00,0.00,0.00,0.00,0.00,0.00,0.00,0.00,0.00,0.00,0.00,0.00,0.00,0.00,0.00,0.00,0.00,0.00,0.00,0.00,0.00,0.00,0.00,0.00,0.00,0.00,0.00,0.00,0.00,0.00,0.00,0.00,0.00,0.00,0.00,0.00,0.00,,0.00,0.00,0.00,,,,,,0.00,0.00,0.00,1,8,819,19790,DL,Delta Air Lines Inc.,DL,Delta Air Lines Inc.,10261,A,3,3,2024,1
0.00,0.00,0.00,0.00,0.00,0.00,0.00,0.00,0.00,0.00,0.00,0.00,0.00,0.00,0.00,0.00,0.00,0.00,0.00,0.00,0.00,0.00,0.00,0.00,0.00,0.00,0.00,0.00,0.00,0.00,0.00,0.00,0.00,0.00,0.00,0.00,0.00,,0.00,0.00,0.00,,,,,,0.00,0.00,0.00,1,8,819,19790,DL,Delta Air Lines Inc.,DL,Delta Air Lines Inc.,10261,A,3,3,2024,2
0.00,0.00,0.00,0.00,0.00,0.00,0.00,0.00,0.00,0.00,0.00,0.00,0.00,0.00,0.00,0.00,0.00,0.00,0.00,0.00,0.00,0.00,0.00,0.00,0.00,0.00,0.00,0.00,0.00,0.00,0.00,0.00,0.00,0.00,0.00,0.00,0.00,,0.00,0.00,0.00,,,,,,0.00,0.00,0.00,1,8,819,19790,DL,Delta Air Lines Inc.,DL,Delta Air Lines Inc.,10261,A,3,3,2024,3
0.00,0.00,0.00,0.00,0.00,0.00,0.00,0.00,0.00,0.00,0.00,0.00,0.00,0.00,0.00,0.00,0.00,0.00,0.00,0.00,0.00,0.00,0.00,0.00,0.00,0.00,0.00,0.00,0.00,0.00,0.00,0.00,0.00,0.00,0.00,0.00,0.00,,0.00,0.00,0.00,,,,,,0.00,0.00,0.00,1,8,819,19790,DL,Delta Air Lines Inc.,DL,Delta Air Lines Inc.,10261,A,3,3,2024,4
0.00,0.00,0.00,0.00,0.00,0.00,0.00,0.00,0.00,0.00,0.00,0.00,0.00,0.00,0.00,0.00,0.00,0.00,0.00,0.00,0.00,0.00,0.00,0.00,0.00,0.00,0.00,0.00,0.00,0.00,0.00,0.00,0.00,0.00,0.00,0.00,0.00,,0.00,0.00,0.00,,,,,,0.00,0.00,0.00,1,8,819,19790,DL,Delta Air Lines Inc.,DL,Delta Air Lines Inc.,10262,P,3,3,2024,1
0.00,0.00,0.00,0.00,0.00,0.00,0.00,0.00,0.00,0.00,0.00,0.00,0.00,0.00,0.00,0.00,0.00,0.00,0.00,0.00,0.00,0.00,0.00,0.00,0.00,0.00,0.00,0.00,0.00,0.00,0.00,0.00,0.00,0.00,0.00,0.00,0.00,,0.00,0.00,0.00,,,,,,0.00,0.00,0.00,1,8,819,19790,DL,Delta Air Lines Inc.,DL,Delta Air Lines Inc.,10262,P,3,3,2024,2
0.00,0.00,0.00,0.00,0.00,0.00,0.00,0.00,0.00,0.00,0.00,0.00,0.00,0.00,0.00,0.00,0.00,0.00,0.00,0.00,0.00,0.00,0.00,0.00,0.00,0.00,0.00,0.00,0.00,0.00,0.00,0.00,0.00,0.00,0.00,0.00,0.00,,0.00,0.00,0.00,,,,,,0.00,0.00,0.00,1,8,819,19790,DL,Delta Air Lines Inc.,DL,Delta Air Lines Inc.,10262,P,3,3,2024,3
0.00,0.00,0.00,0.00,0.00,0.00,0.00,0.00,0.00,0.00,0.00,0.00,0.00,0.00,0.00,0.00,0.00,0.00,0.00,0.00,0.00,0.00,0.00,0.00,0.00,0.00,0.00,0.00,0.00,0.00,0.00,0.00,0.00,0.00,0.00,0.00,0.00,,0.00,0.00,0.00,,,,,,0.00,0.00,0.00,1,8,819,19790,DL,Delta Air Lines Inc.,DL,Delta Air Lines Inc.,10262,P,3,3,2024,4
0.00,0.00,0.00,0.00,0.00,0.00,0.00,0.00,0.00,0.00,0.00,0.00,0.00,0.00,0.00,0.00,0.00,0.00,0.00,0.00,0.41,0.00,0.00,0.00,0.00,0.00,0.00,0.00,0.41,0.00,0.41,0.00,0.00,0.00,0.00,0.00,0.00,,0.00,,0.41,,,,,,0.00,0.00,0.00,1,7,732,20377,X9,Omni Air International LLC,X9,Omni Air International LLC,06738,D,2,2,2024,1
0.00,0.00,0.00,0.00,0.00,0.00,0.00,0.00,0.00,0.00,0.00,0.00,0.00,0.00,0.00,0.00,0.00,0.00,0.00,2.54,-4.75,0.00,0.00,0.00,0.00,0.00,0.00,0.00,-2.21,0.00,-2.21,0.00,0.00,0.00,0.00,0.00,0.00,,0.00,0.00,-2.21,,,,,,0.00,0.00,0.00,1,6,629,20363,9E,Endeavor Air Inc.,9E,Endeavor Air Inc.,07024,D,2,2,2024,2
0.00,0.00,0.00,0.00,0.00,0.00,0.00,0.00,0.00,0.00,0.00,0.00,0.00,0.00,0.00,0.00,0.00,0.00,0.00,3.07,4.99,0.00,0.00,0.00,0.00,0.00,0.00,0.00,8.05,0.00,8.05,0.00,0.00,0.00,0.00,0.00,0.00,,0.00,0.00,8.05,,,,,,0.00,0.00,0.00,1,6,629,20363,9E,Endeavor Air Inc.,9E,Endeavor Air Inc.,07024,D,2,2,2024,3
0.00,0.00,0.00,0.00,0.00,0.00,0.00,0.00,0.00,0.00,0.00,0.00,0.00,0.00,0.00,0.00,0.00,0.00,0.00,37.39,11.06,0.00,0.00,0.00,0.00,0.00,0.00,0.00,48.45,0.00,48.45,0.00,0.00,0.00,0.00,0.00,0.00,,0.00,0.00,48.45,,,,,,0.00,0.00,0.00,1,6,629,20363,9E,Endeavor Air Inc.,9E,Endeavor Air Inc.,07024,D,2,2,2024,4
0.00,0.00,0.00,0.00,1.98,,0.00,0.00,0.00,0.00,0.00,0.00,0.00,0.00,0.00,0.00,1.98,0.00,0.00,8.03,0.00,,8.22,2.06,0.00,0.00,0.00,0.00,18.31,0.00,18.31,0.00,129.70,0.00,12.83,0.00,5.62,,0.00,,168.44,,,,,,0.00,0.00,0.00,1,6,631,20378,YV,Mesa Airlines Inc.,YV,Mesa Airlines Inc.,06689,D,2,2,2024,3
0.00,0.00,0.00,0.00,2.67,,0.00,0.00,0.00,0.00,0.00,0.00,0.00,0.00,0.00,0.00,2.67,0.00,0.00,66.79,0.00,,6.07,1.52,0.00,0.00,0.00,0.00,74.37,0.00,74.37,0.00,323.27,31.06,12.82,0.00,5.62,,0.00,,449.81,,,,,,0.00,0.00,0.00,1,6,631,20378,YV,Mesa Airlines Inc.,YV,Mesa Airlines Inc.,06689,D,2,2,2024,2
0.00,0.00,0.00,0.00,3.50,,5.38,0.00,4.32,4.41,0.00,0.00,0.00,0.00,0.00,0.00,17.61,0.00,0.00,26.25,0.00,,4.69,1.17,0.00,0.00,0.00,0.00,32.12,0.00,32.12,0.00,0.00,0.00,186.06,0.00,16.38,,0.00,,252.17,,,,,,0.00,0.00,0.00,2,6,614,20378,YV,Mesa Airlines Inc.,YV,Mesa Airlines Inc.,06689,D,2,2,2024,3
0.00,0.00,0.00,0.00,3.50,,5.38,0.00,4.32,4.41,0.00,0.00,0.00,0.00,0.00,0.00,17.61,0.00,0.00,26.25,0.00,,4.69,1.17,0.00,0.00,0.00,0.00,32.12,0.00,32.12,0.00,0.00,0.00,186.06,0.00,16.38,,0.00,,252.17,,,,,,0.00,0.00,0.00,2,6,617,20378,YV,Mesa Airlines Inc.,YV,Mesa Airlines Inc.,06689,D,2,2,2024,3
0.00,0.00,0.00,0.00,3.56,,0.00,0.00,0.00,0.00,0.00,0.00,0.00,0.00,0.00,0.00,3.56,0.00,0.00,-16.12,0.00,,13.88,3.47,0.00,0.00,0.00,0.00,1.23,0.00,1.23,0.00,0.00,0.00,13.75,0.00,5.62,,0.00,,24.16,,,,,,0.00,0.00,0.00,1,6,631,20378,YV,Mesa Airlines Inc.,YV,Mesa Airlines Inc.,06689,D,2,2,2024,4
0.00,0.00,0.00,0.03,2.82,,0.00,0.00,41.32,0.00,0.00,0.00,0.00,0.00,0.00,0.00,44.17,0.00,0.00,4.70,0.00,,7.26,1.81,0.00,0.00,0.00,0.00,13.77,0.00,13.77,0.00,420.05,93.17,11.60,0.00,14.45,,0.00,,597.21,,,,,,0.00,0.00,0.00,1,6,631,20378,YV,Mesa Airlines Inc.,YV,Mesa Airlines Inc.,06689,D,2,2,2024,1
0.00,0.00,11.12,6.82,11.10,,0.00,0.00,0.00,1.62,0.00,0.20,0.00,9.24,0.00,0.04,40.14,0.00,0.00,0.00,0.00,,0.00,0.00,0.00,0.00,0.00,0.00,0.00,0.00,0.00,0.00,22.61,0.00,0.00,0.00,0.00,,0.00,,62.76,,,,,,0.00,0.00,0.00,1,4,451,20378,YV,Mesa Airlines Inc.,YV,Mesa Airlines Inc.,06689,D,2,2,2024,1
0.00,0.00,46.64,32.46,32.38,,0.00,0.00,0.00,11.06,0.00,0.89,0.00,5.90,0.00,7.16,136.48,0.00,0.00,102.79,0.00,,54.59,13.65,0.00,0.00,0.00,0.00,171.03,0.00,171.03,0.00,32.51,0.00,0.00,0.00,0.00,,0.00,,340.02,,,,,,0.00,0.00,0.00,1,4,451,20378,YV,Mesa Airlines Inc.,YV,Mesa Airlines Inc.,06689,D,2,2,2024,3
0.00,0.00,56.75,39.04,88.44,,0.00,0.00,0.00,11.96,0.00,1.07,0.00,5.82,0.00,0.66,203.73,0.00,0.00,131.86,0.00,,60.78,15.19,0.00,0.00,0.00,0.00,207.84,0.00,207.84,0.00,32.51,0.00,0.00,0.00,0.00,,0.00,,444.08,,,,,,0.00,0.00,0.00,1,4,451,20378,YV,Mesa Airlines Inc.,YV,Mesa Airlines Inc.,06689,D,2,2,2024,2
0.00,0.00,69.15,14.33,11.28,,65.94,0.00,0.00,5.03,0.00,0.99,0.00,9.18,0.00,1.82,177.72,0.08,0.02,371.22,0.00,,195.43,48.86,0.00,0.00,0.00,0.00,615.62,0.00,615.62,0.00,32.51,58.71,0.00,0.00,0.00,,0.00,,884.56,,,,,,0.00,0.00,0.00,1,4,451,20378,YV,Mesa Airlines Inc.,YV,Mesa Airlines Inc.,06689,D,2,2,2024,4
0.65,0.00,0.17,-0.01,0.74,0.00,0.00,0.02,0.37,0.01,0.40,0.06,0.00,0.00,-0.88,0.01,1.55,6.92,0.00,39.68,0.68,0.00,4.79,0.05,0.00,0.00,0.00,0.00,52.12,0.00,52.12,0.00,0.00,0.00,0.00,0.10,0.00,,0.00,0.00,53.77,,,,,,0.01,0.00,13.30,1,6,631,20363,9E,Endeavor Air Inc.,9E,Endeavor Air Inc.,11027,L,2,2,2024,3
1.57,0.00,0.31,0.04,1.30,0.00,0.00,0.03,0.64,0.01,0.60,0.10,0.00,0.02,0.37,0.02,5.01,7.06,0.00,75.28,0.96,0.00,1.94,0.01,0.00,0.00,0.00,0.00,85.22,0.00,85.22,0.00,0.00,0.00,0.00,0.18,0.00,,0.00,0.00,90.38,,,,,,0.02,0.00,10.86,1,6,631,20363,9E,Endeavor Air Inc.,9E,Endeavor Air Inc.,11027,L,2,2,2024,4
1.69,0.00,0.33,-0.10,1.52,0.00,0.00,0.05,0.75,0.02,0.71,0.20,0.00,0.16,0.82,0.04,6.17,16.43,0.00,8.86,0.19,0.00,2.49,0.02,0.00,0.00,0.00,0.00,27.99,0.00,27.99,0.00,0.00,0.00,0.00,0.21,0.00,,0.00,0.00,34.37,,,,,,0.02,0.01,12.10,1,6,631,20363,9E,Endeavor Air Inc.,9E,Endeavor Air Inc.,11027,L,2,2,2024,2
4.73,0.00,0.61,0.30,2.69,0.00,0.00,0.07,1.40,0.22,0.77,0.40,0.00,0.43,-3.02,0.06,8.64,19.56,0.00,-13.42,1.74,0.00,2.11,0.08,0.00,0.00,0.00,0.00,10.00,0.00,10.00,0.00,0.00,0.00,0.00,0.38,0.00,,0.00,0.00,19.04,,,,,,0.03,0.01,25.31,1,6,631,20363,9E,Endeavor Air Inc.,9E,Endeavor Air Inc.,11027,L,2,2,2024,1
5.65,0.00,0.00,1.36,0.00,0.00,1.05,0.00,0.02,0.00,0.27,0.86,0.00,0.25,0.00,0.00,9.45,0.41,0.00,1.29,0.16,0.00,0.29,0.02,0.00,0.00,0.00,0.00,2.16,0.27,2.43,0.00,0.00,0.00,0.00,0.00,0.00,,0.00,,11.88,,,,,,0.01,0.00,3.48,2,6,614,20422,SY,Sun Country Airlines d/b/a MN Airlines,SY,Sun Country Airlines d/b/a MN Airlines,16795,L,3,3,2024,3
5.98,0.16,1.07,2.50,0.22,0.00,24.52,0.00,8.89,0.09,0.28,0.69,0.00,0.47,0.00,0.00,44.87,3.31,0.02,1.71,0.00,0.00,0.00,0.00,0.00,0.00,0.00,0.00,5.03,2.29,7.32,0.00,0.00,0.00,0.00,0.00,1.72,,0.00,,53.90,,,,,,0.00,0.00,6.14,1,6,627,20377,X9,Omni Air International LLC,X9,Omni Air International LLC,06738,D,2,2,2024,2
14.00,0.00,0.00,1.00,0.00,0.00,28.00,0.00,1.00,0.00,0.00,4.00,0.00,1.00,0.00,0.00,49.00,1.00,0.00,1.00,3.00,0.00,2.00,1.00,0.00,0.00,0.00,0.00,8.00,3.00,11.00,0.00,3.00,1.00,0.00,0.00,0.00,,0.00,0.00,64.00,,,,,,0.01,0.00,11.16,1,6,623,19790,DL,Delta Air Lines Inc.,DL,Delta Air Lines Inc.,10260,L,3,3,2024,3
14.07,,0.44,5.27,,,0.03,,2.24,,0.38,2.39,,1.06,,,25.87,2.22,0.00,1.44,1.42,,0.69,0.19,,,,,5.96,2.72,8.67,,0.00,0.52,1.17,0.04,0.00,1.73,,,36.27,,,,,,0.01,0.00,13.34,2,6,683,20370,KAQ,Kalitta Air LLC,KAQ,Kalitta Air LLC,06683,D,3,3,2024,1
14.78,0.00,0.02,1.35,0.01,0.00,142.52,0.00,4.10,0.00,-4.12,4.10,0.00,0.77,0.61,1.20,165.33,1.17,0.00,6.98,1.24,0.00,1.48,0.14,0.00,0.00,0.00,0.00,11.01,2.25,13.26,0.56,1.56,2.22,1.08,0.21,0.19,,0.00,,184.42,,,,,,0.01,0.00,54.88,1,6,678,20409,B6,JetBlue Airways,B6,JetBlue Airways,16673,L,3,3,2024,3
16.31,0.00,0.86,22.70,13.82,0.00,0.86,0.00,8.16,3.20,0.46,1.06,0.00,1.79,0.00,1.40,70.61,1.61,0.00,3.51,2.51,0.00,1.44,0.00,5.86,0.00,1.72,0.00,16.65,39.78,56.43,0.00,0.36,0.00,0.68,0.00,0.00,,0.00,,128.07,,,,,,0.18,0.00,310.47,2,6,625,19874,8C,Air Transport International,8C,Air Transport International,16028,A,2,2,2024,1
16.92,0.02,0.00,4.10,0.00,0.00,0.32,0.00,0.05,0.00,0.77,2.57,0.00,1.09,0.00,0.02,25.84,1.22,0.00,3.91,0.00,0.00,0.62,0.07,0.00,0.00,0.00,0.00,5.83,1.32,7.15,0.00,0.00,0.00,0.00,0.00,0.00,,0.00,,32.99,,,,,,0.02,0.00,11.28,2,6,614,20422,SY,Sun Country Airlines d/b/a MN Airlines,SY,Sun Country Airlines d/b/a MN Airlines,16795,L,3,3,2024,2
17.07,0.40,0.42,3.61,0.72,0.00,0.00,0.00,6.07,0.02,0.41,5.99,0.00,1.69,0.00,0.00,36.38,8.76,0.00,7.31,6.21,0.00,7.27,1.13,0.00,0.00,0.00,0.00,30.68,0.00,30.68,0.00,1.99,2.85,0.00,0.78,0.00,,0.00,0.00,72.68,,,,,,0.01,0.00,21.66,2,6,625,20453,ABX,ABX Air Inc,ABX,ABX Air Inc,11009,A,2,2,2024,1
17.53,,0.00,1.03,,,112.89,,0.05,,,4.59,,0.42,0.72,,137.23,1.05,0.00,3.05,0.08,,1.37,0.16,,,,,5.71,2.11,7.82,1.81,4.54,0.89,0.24,2.28,,,,,154.81,,,,,,0.03,0.00,48.20,1,6,626,19977,UA,United Air Lines Inc.,UA,United Air Lines Inc.,10877,P,3,3,2024,4
19.35,0.00,0.00,0.73,0.02,,55.81,0.02,0.00,0.02,0.28,3.93,0.00,0.30,1.79,0.03,82.27,4.55,0.00,13.88,0.00,,4.96,12.19,0.00,,0.00,,35.58,4.87,40.45,,6.26,4.67,3.44,,,,0.08,,137.16,,,,,,0.01,0.00,24.28,2,7,740,19917,5X,United Parcel Service,5X,United Parcel Service,16911,A,3,3,2024,4
19.80,,,1.32,,,67.14,,,,,5.61,,0.58,0.04,,94.50,0.98,0.00,7765.99,4.68,,0.47,0.61,,,,,7772.73,2.42,7775.15,1.07,5.50,2.36,0.27,0.46,,,,,7879.31,,,,,,0.02,0.00,28.08,1,6,624,19977,UA,United Air Lines Inc.,UA,United Air Lines Inc.,10877,P,3,3,2024,3
20.08,0.00,0.02,1.51,0.00,0.00,26.48,0.00,4.21,0.00,-6.17,5.19,0.00,0.89,0.77,0.08,53.06,1.67,0.00,7.54,4.56,0.00,1.82,0.14,0.00,0.00,0.00,0.00,15.73,7.15,22.88,0.65,2.18,2.86,1.41,0.28,0.24,,0.00,,83.55,,,,,,0.01,0.00,11.04,1,6,678,20409,B6,JetBlue Airways,B6,JetBlue Airways,16673,L,3,3,2024,4
22.00,0.00,0.00,1.00,0.00,0.00,42.00,0.00,2.00,0.00,0.00,4.00,0.00,1.00,0.00,0.00,72.00,1.00,0.00,2.00,3.00,0.00,2.00,1.00,0.00,0.00,0.00,0.00,9.00,4.00,13.00,0.00,3.00,2.00,0.00,0.00,0.00,,0.00,0.00,90.00,,,,,,0.01,0.00,18.00,1,6,696,19790,DL,Delta Air Lines Inc.,DL,Delta Air Lines Inc.,10262,P,3,3,2024,4
22.00,0.00,1.00,2.00,0.00,0.00,52.00,0.00,3.00,0.00,0.00,6.00,0.00,1.00,0.00,0.00,87.00,1.00,0.00,3.00,5.00,0.00,3.00,2.00,0.00,0.00,0.00,0.00,14.00,5.00,19.00,0.00,5.00,3.00,0.00,0.00,0.00,,1.00,0.00,115.00,,,,,,0.01,0.00,18.71,1,6,623,19790,DL,Delta Air Lines Inc.,DL,Delta Air Lines Inc.,10260,L,3,3,2024,1
23.00,0.00,0.00,1.00,0.00,0.00,45.00,0.00,2.00,0.00,0.00,5.00,0.00,1.00,0.00,0.00,77.00,1.00,1.00,3.00,3.00,0.00,2.00,1.00,0.00,0.00,0.00,0.00,11.00,4.00,15.00,0.00,3.00,2.00,0.00,0.00,0.00,,0.00,0.00,97.00,,,,,,0.01,0.00,19.11,1,6,624,19790,DL,Delta Air Lines Inc.,DL,Delta Air Lines Inc.,10262,P,3,3,2024,4
23.05,0.55,1.18,6.20,1.10,0.00,0.06,0.00,7.54,0.11,1.03,8.00,0.00,1.72,0.00,0.00,50.53,18.11,0.00,8.10,9.18,0.00,8.29,1.02,0.00,0.00,0.00,0.00,44.69,0.00,44.69,0.00,3.37,4.85,0.00,0.27,0.00,,0.00,0.00,103.71,,,,,,0.02,0.00,30.97,2,6,625,20453,ABX,ABX Air Inc,ABX,ABX Air Inc,11009,A,2,2,2024,3
25.00,0.00,0.00,0.00,0.00,,78.48,0.00,0.00,0.00,0.00,3.21,0.00,1.96,0.00,0.00,108.65,0.00,0.00,2.01,0.00,,0.00,0.00,0.00,0.00,0.00,0.00,2.01,0.00,2.01,0.00,0.00,0.00,0.00,0.00,0.00,,0.00,,110.66,,,,,,0.15,0.03,29.50,1,6,685,21974,3EQ,"Scott Aviation, LLC  d/b/a  Silver Air",3EQ,"Scott Aviation, LLC  d/b/a  Silver Air",01234,D,2,2,2024,3
25.00,0.00,0.00,0.00,0.00,,83.56,0.00,0.00,0.00,0.00,2.87,0.00,1.95,0.00,0.00,113.39,0.00,0.00,1.95,0.00,,0.00,0.00,0.00,0.00,0.00,0.00,1.95,0.00,1.95,0.00,0.00,0.00,0.00,0.00,0.00,,0.00,,115.34,,,,,,0.11,0.05,23.52,1,6,685,21974,3EQ,"Scott Aviation, LLC  d/b/a  Silver Air",3EQ,"Scott Aviation, LLC  d/b/a  Silver Air",01234,D,2,2,2024,2
25.00,0.00,0.00,0.00,0.00,,107.99,0.00,0.00,0.00,0.00,2.69,0.00,2.00,0.00,0.00,137.68,0.00,0.00,23.90,0.00,,0.00,0.00,0.00,0.00,0.00,0.00,23.90,0.00,23.90,0.00,0.00,0.00,0.00,0.00,0.00,,0.00,,161.58,,,,,,0.11,0.06,24.73,1,6,685,21974,3EQ,"Scott Aviation, LLC  d/b/a  Silver Air",3EQ,"Scott Aviation, LLC  d/b/a  Silver Air",01234,D,2,2,2024,1
25.21,0.63,0.84,5.22,1.13,0.00,-0.01,0.00,10.14,0.08,0.66,8.87,0.00,2.23,0.00,0.00,55.01,21.39,0.00,10.85,9.85,0.00,10.34,1.81,0.00,0.00,0.00,0.00,54.24,0.00,54.24,0.00,4.03,5.77,0.00,0.36,0.00,,0.00,0.00,119.41,,,,,,0.02,0.01,32.10,2,6,625,20453,ABX,ABX Air Inc,ABX,ABX Air Inc,11009,A,2,2,2024,2
25.45,0.00,0.00,0.00,0.00,,57.78,0.00,0.00,0.00,0.00,2.71,0.00,2.20,0.00,0.00,88.14,0.00,0.00,10.61,0.00,,0.00,0.00,0.00,0.00,0.00,0.00,10.61,0.00,10.61,0.00,0.00,0.00,0.00,0.00,0.00,,0.00,,98.75,,,,,,0.06,0.03,23.64,1,6,685,21974,3EQ,"Scott Aviation, LLC  d/b/a  Silver Air",3EQ,"Scott Aviation, LLC  d/b/a  Silver Air",01234,D,2,2,2024,4
28.77,7.50,0.75,0.00,0.00,0.00,124.54,0.07,46.64,0.00,4.07,2.73,0.00,1.39,0.00,13.96,230.42,6.75,1.69,0.00,0.00,0.00,16.26,4.06,0.00,0.00,0.00,0.00,28.76,0.00,28.76,0.00,0.00,0.00,3.89,0.00,0.00,,0.00,,263.07,,,,,,0.01,0.73,2519.65,2,8,819,20405,N8,National Air Cargo Group Inc d/ba National Airlines,N8,National Air Cargo Group Inc d/ba National Airlines,07029,D,2,2,2024,2
30.00,0.00,0.00,2.00,0.00,0.00,58.00,0.00,2.00,0.00,0.00,5.00,0.00,1.00,0.00,0.00,98.00,1.00,0.00,2.00,4.00,0.00,3.00,1.00,0.00,0.00,0.00,0.00,11.00,4.00,15.00,0.00,4.00,2.00,0.00,0.00,0.00,,0.00,0.00,119.00,,,,,,0.01,0.00,23.02,1,6,696,19790,DL,Delta Air Lines Inc.,DL,Delta Air Lines Inc.,10262,P,3,3,2024,3
30.00,0.00,1.00,1.00,0.00,0.00,58.00,0.00,2.00,0.00,0.00,5.00,0.00,1.00,0.00,0.00,98.00,1.00,0.00,3.00,4.00,0.00,3.00,2.00,0.00,0.00,0.00,0.00,13.00,4.00,17.00,0.00,4.00,2.00,0.00,0.00,0.00,,0.00,0.00,121.00,,,,,,0.01,0.00,21.00,1,6,624,19790,DL,Delta Air Lines Inc.,DL,Delta Air Lines Inc.,10262,P,3,3,2024,1
32.00,0.00,3.00,5.00,0.00,,32.00,,2.00,0.00,0.00,0.00,,2.00,2.00,-427.00,-349.00,34.00,4.00,7.00,15.00,,558.00,509.00,240.00,,113.00,,1480.00,1170.00,2650.00,,100.00,119.00,13.00,10.00,,,,,2543.00,,,,,,0.12,0.06,199.39,2,6,691,20107,FX,Federal Express Corporation,FX,Federal Express Corporation,16197,P,3,3,2024,3
34.09,0.00,0.00,0.00,0.00,,7.73,0.00,0.00,0.00,7.58,2.94,0.00,2.34,0.00,0.00,54.68,0.00,0.00,145.20,0.00,,0.00,27.37,0.00,0.00,0.00,0.00,172.58,0.00,172.58,0.00,0.00,0.00,0.00,0.00,0.00,,0.00,,227.26,,,,,,0.00,0.00,1.38,1,6,684,21974,3EQ,"Scott Aviation, LLC  d/b/a  Silver Air",3EQ,"Scott Aviation, LLC  d/b/a  Silver Air",01234,D,2,2,2024,4
35.71,,,2.19,,,219.11,,0.00,,,9.97,,3.10,0.40,,270.47,1.70,0.00,13343.33,18.86,,2.08,0.69,,,,,13366.66,4.54,13371.19,1.54,9.48,4.19,0.42,0.64,,,,,13657.92,,,,,,0.05,0.00,83.52,1,6,624,19977,UA,United Air Lines Inc.,UA,United Air Lines Inc.,10877,P,3,3,2024,1
36.16,0.34,0.00,9.60,0.00,0.00,0.00,0.00,0.10,0.00,1.74,5.55,0.00,2.93,0.00,0.05,56.47,3.13,0.00,10.15,0.00,0.00,2.14,0.15,0.00,0.00,0.00,0.00,15.56,2.83,18.39,0.00,0.00,0.00,0.00,0.00,0.00,,0.00,,74.86,,,,,,0.04,0.01,25.20,2,6,614,20422,SY,Sun Country Airlines d/b/a MN Airlines,SY,Sun Country Airlines d/b/a MN Airlines,16795,L,3,3,2024,1
36.60,,0.00,2.44,,,214.56,,0.00,,,9.64,,1.82,0.41,,265.47,1.82,0.00,9142.31,9.95,,3.79,-0.69,,,,,9157.19,4.50,9161.69,1.85,10.01,4.45,0.46,0.79,,,,,9444.72,,,,,,0.05,0.00,82.79,1,6,624,19977,UA,United Air Lines Inc.,UA,United Air Lines Inc.,10877,P,3,3,2024,2
36.79,,3.69,4.12,,,1.39,,1.39,,,9.47,0.00,0.86,0.00,,57.70,2.21,0.00,15.04,100.69,,4.06,0.56,,,,,122.57,6.66,129.23,2.49,11.24,5.83,1.15,5.78,,,,,213.42,,,,,,0.02,0.00,18.78,1,6,887,19977,UA,United Air Lines Inc.,UA,United Air Lines Inc.,10876,L,3,3,2024,4
37.00,0.00,1.00,2.00,0.00,0.00,91.00,0.00,3.00,0.00,0.00,8.00,0.00,1.00,0.00,0.00,143.00,2.00,1.00,2.00,6.00,0.00,4.00,2.00,0.00,0.00,0.00,0.00,17.00,7.00,24.00,0.00,6.00,3.00,0.00,0.00,0.00,,0.00,0.00,176.00,,,,,,0.02,0.00,36.35,1,6,696,19790,DL,Delta Air Lines Inc.,DL,Delta Air Lines Inc.,10260,L,3,3,2024,3
41.00,0.00,1.00,3.00,0.00,0.00,94.00,0.00,4.00,0.00,0.00,9.00,0.00,1.00,0.00,0.00,153.00,2.00,1.00,5.00,6.00,0.00,5.00,1.00,0.00,0.00,0.00,0.00,20.00,8.00,28.00,0.00,7.00,4.00,0.00,1.00,0.00,,0.00,0.00,193.00,,,,,,0.02,0.00,40.04,1,6,696,19790,DL,Delta Air Lines Inc.,DL,Delta Air Lines Inc.,10260,L,3,3,2024,4
41.00,0.00,1.00,3.00,0.00,0.00,98.00,0.00,4.00,0.00,0.00,9.00,0.00,2.00,0.00,0.00,158.00,2.00,1.00,3.00,6.00,0.00,5.00,2.00,0.00,0.00,0.00,0.00,19.00,8.00,27.00,0.00,7.00,3.00,0.00,1.00,0.00,,1.00,0.00,197.00,,,,,,0.02,0.00,38.96,1,6,624,19790,DL,Delta Air Lines Inc.,DL,Delta Air Lines Inc.,10262,P,3,3,2024,3
42.33,0.00,0.00,0.00,0.00,,45.63,0.00,0.00,0.00,41.83,3.84,0.00,2.37,0.00,0.00,136.01,0.00,0.00,0.33,0.00,,0.00,-0.50,0.00,0.00,0.00,0.00,-0.17,0.00,-0.17,0.00,0.00,0.00,0.00,0.00,0.00,,0.00,,135.84,,,,,,0.02,0.01,9.27,1,6,648,21974,3EQ,"Scott Aviation, LLC  d/b/a  Silver Air",3EQ,"Scott Aviation, LLC  d/b/a  Silver Air",01234,D,2,2,2024,4
42.84,0.00,0.00,0.00,0.00,,94.53,0.00,0.00,0.00,9.87,10.19,0.00,3.55,0.00,0.00,160.98,0.00,0.00,6.99,0.00,,0.00,9.81,0.00,0.00,0.00,0.00,16.80,0.00,16.80,0.00,0.00,0.00,0.00,0.00,0.00,,0.00,,177.78,,,,,,0.06,0.03,11.00,1,6,746,21974,3EQ,"Scott Aviation, LLC  d/b/a  Silver Air",3EQ,"Scott Aviation, LLC  d/b/a  Silver Air",01234,D,2,2,2024,1
48.33,0.00,0.00,0.00,0.00,,51.37,0.00,0.00,0.00,5.26,4.37,0.00,3.71,0.00,0.00,113.03,0.00,0.00,14.93,0.00,,0.00,0.00,0.00,0.00,0.00,0.00,14.93,0.00,14.93,0.00,0.00,0.00,0.00,0.00,0.00,,0.00,,127.97,,,,,,0.02,0.01,4.20,1,6,746,21974,3EQ,"Scott Aviation, LLC  d/b/a  Silver Air",3EQ,"Scott Aviation, LLC  d/b/a  Silver Air",01234,D,2,2,2024,2
49.19,0.00,0.00,0.00,0.00,,106.81,0.00,0.00,0.00,8.94,6.28,0.00,4.21,0.00,0.00,175.43,0.00,0.00,18.34,0.00,,0.00,0.00,0.00,0.00,0.00,0.00,18.34,0.00,18.34,0.00,0.00,0.00,0.00,0.00,0.00,,0.00,,193.76,,,,,,0.09,0.04,20.41,1,6,746,21974,3EQ,"Scott Aviation, LLC  d/b/a  Silver Air",3EQ,"Scott Aviation, LLC  d/b/a  Silver Air",01234,D,2,2,2024,4
50.62,1.18,1.67,13.84,1.64,0.00,0.53,0.00,14.75,0.12,2.04,15.37,0.00,2.65,0.00,0.00,104.39,47.52,0.00,11.42,16.60,0.00,17.63,3.17,0.00,0.00,0.00,0.00,96.33,0.00,96.33,0.00,7.14,8.31,0.00,1.19,0.00,,0.00,0.00,217.36,,,,,,0.04,0.01,69.30,2,6,625,20453,ABX,ABX Air Inc,ABX,ABX Air Inc,11009,A,2,2,2024,4
53.00,0.00,0.00,4.00,0.00,0.00,109.00,0.00,5.00,0.00,0.00,16.00,0.00,3.00,5.00,1.00,197.00,8.00,0.00,13.00,10.00,0.00,2.00,1.00,0.00,0.00,0.00,0.00,35.00,9.00,44.00,0.00,13.00,5.00,1.00,0.00,0.00,,0.00,,261.00,,,,,,0.05,0.01,45.00,1,6,612,19930,AS,Alaska Airlines Inc.,AS,Alaska Airlines Inc.,16031,L,3,3,2024,3
53.06,6.94,0.00,8.98,0.00,,45.23,0.00,13.64,0.00,6.37,8.30,0.00,4.67,0.00,38.07,185.25,25.07,0.00,0.00,0.00,,54.79,0.00,0.00,0.00,0.00,0.00,79.87,0.00,79.87,0.00,27.85,7.54,1.01,0.00,0.00,,0.00,,301.50,,,,,,0.04,0.01,37.35,2,6,619,21161,09Q,"Swift Air, LLC d/b/a Eastern Air Lines d/b/a Eastern",09Q,"Swift Air, LLC d/b/a Eastern Air Lines d/b/a Eastern",11054,I,2,2,2024,1
53.50,0.00,0.00,0.00,0.00,,2.65,0.00,0.00,0.00,8.94,8.38,0.00,4.15,0.00,0.00,77.61,0.00,0.00,10.93,0.00,,0.00,0.00,0.00,0.00,0.00,0.00,10.93,0.00,10.93,0.00,0.00,0.00,0.00,0.00,0.00,,0.00,,88.53,,,,,,0.06,0.02,11.26,1,6,746,21974,3EQ,"Scott Aviation, LLC  d/b/a  Silver Air",3EQ,"Scott Aviation, LLC  d/b/a  Silver Air",01234,D,2,2,2024,3
53.69,0.00,0.67,52.07,3.58,0.00,340.57,0.00,91.07,0.97,0.62,8.49,0.00,4.46,0.00,49.13,605.32,0.53,0.00,20.11,0.00,0.00,11.76,0.00,26.07,0.00,30.32,0.00,88.78,14.56,103.35,0.00,4.87,0.00,7.07,0.00,0.00,,0.00,,720.61,,,,,,0.06,0.01,84.20,2,6,625,19874,8C,Air Transport International,8C,Air Transport International,16028,A,2,2,2024,2
55.44,0.00,4.11,17.98,9.51,0.00,100.66,0.29,0.35,0.05,3.41,2.27,0.00,3.80,0.00,41.32,239.18,17.12,0.00,0.00,0.00,0.00,28.04,25.78,0.00,0.00,0.00,0.00,70.93,0.00,70.93,,0.00,0.00,0.00,0.00,0.02,,0.00,,310.13,,,,,,0.02,0.00,32.36,2,6,622,20151,M6,Amerijet International,M6,Amerijet International,16052,L,2,2,2024,1
55.64,,0.23,,,,19.36,,,,2.76,6.29,,3.40,,0.00,87.68,7.10,,61.89,0.00,,7.31,0.00,,,,,76.29,,76.29,,7.85,1.17,0.00,0.00,7.51,,,,180.51,,,,,,0.01,0.16,4.42,2,6,681,20447,U7,USA Jet Airlines Inc.,U7,USA Jet Airlines Inc.,16917,I,3,3,2024,2
57.20,,,3.81,,,187.72,,0.10,,,16.22,,1.69,0.14,,266.88,2.83,0.01,8.50,0.25,,3.90,1.75,,,,,17.23,7.00,24.23,5.10,14.49,2.55,0.70,7.60,,,,,321.55,,,,,,0.05,0.00,81.11,1,6,626,19977,UA,United Air Lines Inc.,UA,United Air Lines Inc.,10877,P,3,3,2024,3
59.11,,8.12,7.69,,,242.55,,0.00,,,16.17,,5.02,0.00,,338.66,4.15,0.13,9.92,5.74,,6.74,2.49,,,,,29.16,13.62,42.78,1.36,14.09,3.81,0.18,0.69,,,0.00,,401.55,,,,,,0.06,0.01,81.83,1,6,623,19977,UA,United Air Lines Inc.,UA,United Air Lines Inc.,10876,L,3,3,2024,1
59.29,0.00,0.00,0.00,0.00,,38.86,0.00,0.00,0.00,8.51,4.26,0.00,4.71,0.00,0.00,115.64,0.00,0.00,87.50,0.00,,0.00,0.00,0.00,0.00,0.00,0.00,87.50,0.00,87.50,0.00,0.00,0.00,0.00,0.00,0.00,,0.00,,203.14,,,,,,0.00,0.00,0.31,1,6,639,21974,3EQ,"Scott Aviation, LLC  d/b/a  Silver Air",3EQ,"Scott Aviation, LLC  d/b/a  Silver Air",01234,D,2,2,2024,1
63.19,,4.68,6.19,,,94.97,,,,,16.34,0.00,1.49,260.17,,447.02,5.57,0.01,50.22,1.34,,2.72,0.49,,,,,60.34,16.40,76.75,0.06,0.58,0.11,,0.19,,,,,524.72,,,,,,0.05,0.01,40.83,1,6,634,19977,UA,United Air Lines Inc.,UA,United Air Lines Inc.,10876,L,3,3,2024,4
69.73,,,4.28,,,416.08,,0.24,,,19.47,,6.05,0.55,,516.38,3.33,0.01,32.76,0.22,,8.84,1.42,,,,,46.56,8.86,55.42,5.66,22.15,3.14,0.91,12.00,,,,,615.66,,,,,,0.11,0.00,158.98,1,6,626,19977,UA,United Air Lines Inc.,UA,United Air Lines Inc.,10877,P,3,3,2024,1
70.50,0.00,0.00,0.00,0.00,,101.55,0.00,0.00,0.00,8.70,8.51,0.00,5.48,0.00,0.00,194.74,0.00,0.00,101.90,0.00,,0.00,0.00,0.00,0.00,0.00,0.00,101.90,0.00,101.90,0.00,0.00,0.00,0.00,0.00,0.00,,0.00,,296.64,,,,,,0.09,0.03,19.91,1,6,642,21974,3EQ,"Scott Aviation, LLC  d/b/a  Silver Air",3EQ,"Scott Aviation, LLC  d/b/a  Silver Air",01234,D,2,2,2024,3
70.82,,0.29,,,,24.64,,,,3.51,8.01,,4.33,,0.00,111.59,9.04,,78.77,0.00,,9.30,0.00,,,,,97.10,,97.10,,10.00,1.49,0.00,0.00,9.56,,,,229.74,,,,,,0.03,0.20,29.62,2,6,681,20447,U7,USA Jet Airlines Inc.,U7,USA Jet Airlines Inc.,06912,D,3,3,2024,2
70.82,0.00,0.00,2.99,0.08,,145.81,0.32,1.21,0.04,2.36,18.85,0.00,3.59,4.88,0.07,251.01,15.15,0.00,40.17,0.00,,15.21,99.12,0.00,,0.00,,169.64,18.43,188.07,,46.01,4.85,1.60,,,,0.29,,491.83,,,,,,0.02,0.01,51.01,2,6,691,19917,5X,United Parcel Service,5X,United Parcel Service,16912,L,3,3,2024,2
71.00,0.00,2.00,5.00,0.00,0.00,189.00,0.00,6.00,0.00,1.00,15.00,0.00,2.00,0.00,0.00,291.00,4.00,1.00,8.00,12.00,0.00,8.00,4.00,0.00,0.00,0.00,0.00,37.00,14.00,51.00,0.00,12.00,6.00,0.00,1.00,0.00,,1.00,0.00,362.00,,,,,,0.04,0.00,72.11,1,6,696,19790,DL,Delta Air Lines Inc.,DL,Delta Air Lines Inc.,10260,L,3,3,2024,2
73.50,0.00,0.00,0.00,0.00,,114.68,0.00,0.00,0.00,8.70,12.00,0.00,6.13,0.00,0.00,215.01,0.00,0.00,87.07,0.00,,0.00,0.00,0.00,0.00,0.00,0.00,87.07,0.00,87.07,0.00,0.00,0.00,0.00,0.00,0.00,,0.00,,302.08,,,,,,0.06,0.02,22.50,1,6,642,21974,3EQ,"Scott Aviation, LLC  d/b/a  Silver Air",3EQ,"Scott Aviation, LLC  d/b/a  Silver Air",01234,D,2,2,2024,4
74.36,,0.00,4.96,,,389.86,,0.23,,,19.58,,3.69,0.03,,492.71,3.71,0.01,12.50,-0.05,,8.86,-1.68,,,,,23.34,9.13,32.48,6.83,21.72,3.54,1.00,11.81,,,,,570.09,,,,,,0.11,0.00,151.95,1,6,626,19977,UA,United Air Lines Inc.,UA,United Air Lines Inc.,10877,P,3,3,2024,2
78.00,0.00,0.00,6.00,0.00,0.00,150.00,1.00,9.00,0.00,0.00,11.00,0.00,4.00,5.00,10.00,275.00,16.00,1.00,15.00,25.00,0.00,3.00,2.00,0.00,0.00,0.00,0.00,61.00,17.00,78.00,0.00,20.00,2.00,2.00,0.00,0.00,,0.00,,378.00,,,,,,0.06,0.01,51.00,2,6,614,19930,AS,Alaska Airlines Inc.,AS,Alaska Airlines Inc.,06031,D,3,3,2024,1
78.75,0.00,0.00,0.00,0.00,,43.26,0.00,0.00,0.00,-11.66,5.69,0.00,6.07,0.00,0.00,122.12,0.00,0.00,0.63,0.00,,0.00,0.00,0.00,0.00,0.00,0.00,0.63,0.00,0.63,0.00,0.00,0.00,0.00,0.00,0.00,,0.00,,122.75,,,,,,0.02,0.01,7.72,1,6,648,21974,3EQ,"Scott Aviation, LLC  d/b/a  Silver Air",3EQ,"Scott Aviation, LLC  d/b/a  Silver Air",01234,D,2,2,2024,3
79.60,0.00,6.09,0.05,0.07,0.00,198.36,0.00,177.97,0.00,0.17,13.53,0.00,4.23,6.98,0.21,487.26,20.16,0.00,12.20,8.69,0.00,1.97,0.00,0.00,0.00,0.00,0.00,43.02,27.08,70.10,0.00,0.00,0.00,1.09,0.00,5.06,,0.00,,563.50,,,,,,0.13,0.01,117.71,1,6,694,20436,F9,Frontier Airlines Inc.,F9,Frontier Airlines Inc.,16461,L,3,3,2024,4
80.50,0.00,0.00,0.00,0.00,,13.27,0.00,0.00,0.00,5.12,10.44,0.00,6.24,0.00,0.00,115.57,0.00,0.00,175.22,0.00,,0.00,5.39,0.00,0.00,0.00,0.00,180.61,0.00,180.61,0.00,0.00,0.00,0.00,0.00,0.00,,0.00,,296.18,,,,,,0.06,0.02,12.21,1,6,642,21974,3EQ,"Scott Aviation, LLC  d/b/a  Silver Air",3EQ,"Scott Aviation, LLC  d/b/a  Silver Air",01234,D,2,2,2024,2
81.00,0.00,2.00,4.00,0.00,0.00,157.00,0.00,6.00,0.00,1.00,14.00,0.00,3.00,0.00,0.00,268.00,3.00,1.00,7.00,11.00,0.00,8.00,5.00,0.00,0.00,0.00,0.00,35.00,12.00,47.00,0.00,11.00,6.00,0.00,1.00,0.00,,1.00,0.00,334.00,,,,,,0.03,0.00,56.64,1,6,339,19790,DL,Delta Air Lines Inc.,DL,Delta Air Lines Inc.,10260,L,3,3,2024,1
82.00,0.00,2.00,5.00,0.00,0.00,194.00,0.00,7.00,0.00,1.00,16.00,0.00,3.00,0.00,0.00,310.00,4.00,1.00,8.00,13.00,0.00,9.00,4.00,0.00,0.00,0.00,0.00,39.00,15.00,54.00,0.00,13.00,7.00,0.00,1.00,0.00,,1.00,0.00,386.00,,,,,,0.04,0.00,73.78,1,6,624,19790,DL,Delta Air Lines Inc.,DL,Delta Air Lines Inc.,10262,P,3,3,2024,2
82.77,0.00,0.00,0.00,0.00,,91.92,0.00,0.00,0.00,6.89,4.12,0.00,6.47,0.00,0.00,192.16,0.00,0.00,13.38,0.00,,0.00,70.37,0.00,0.00,0.00,0.00,83.75,0.00,83.75,0.00,0.00,0.00,0.00,0.00,0.00,,0.00,,275.91,,,,,,0.03,0.01,7.69,1,6,684,21974,3EQ,"Scott Aviation, LLC  d/b/a  Silver Air",3EQ,"Scott Aviation, LLC  d/b/a  Silver Air",01234,D,2,2,2024,1
83.74,0.00,-0.07,11.42,0.00,0.00,9.31,0.00,0.03,0.20,0.11,6.01,0.00,5.28,0.94,0.99,117.95,11.50,0.00,39.66,22.12,0.00,22.33,2.06,0.00,0.00,0.00,0.00,97.68,10.18,107.86,0.00,18.01,8.74,0.00,0.00,10.16,,0.00,,262.72,,,,,,0.08,0.02,48.79,1,6,631,20304,OO,SkyWest Airlines Inc.,OO,SkyWest Airlines Inc.,11025,L,3,3,2024,3
87.00,0.00,3.00,7.00,0.00,0.00,270.00,0.00,9.00,0.00,1.00,21.00,0.00,4.00,0.00,0.00,402.00,5.00,2.00,11.00,17.00,0.00,11.00,5.00,0.00,0.00,0.00,0.00,51.00,19.00,70.00,1.00,17.00,9.00,0.00,1.00,0.00,,1.00,0.00,501.00,,,,,,0.05,0.00,102.79,1,6,696,19790,DL,Delta Air Lines Inc.,DL,Delta Air Lines Inc.,01260,D,3,3,2024,2
87.40,27.21,3.60,0.00,0.00,0.00,339.02,0.52,117.31,0.00,8.30,11.26,0.00,4.42,0.00,7.17,606.20,19.04,4.76,0.00,0.00,0.00,60.52,15.13,0.00,0.00,0.00,0.00,99.45,0.00,99.45,0.00,0.00,0.00,9.42,0.00,0.00,,0.00,,715.07,,,,,,0.03,0.73,3233.08,2,8,819,20405,N8,National Air Cargo Group Inc d/ba National Airlines,N8,National Air Cargo Group Inc d/ba National Airlines,07029,D,2,2,2024,1
89.37,26.22,4.22,0.00,0.00,0.00,328.66,0.00,125.91,0.00,8.17,7.58,0.00,3.80,0.00,70.74,664.66,21.62,5.41,0.00,0.00,0.00,33.72,8.43,0.00,0.00,0.00,0.00,69.17,0.00,69.17,0.00,0.00,0.00,15.91,0.00,0.00,,0.00,,749.74,,,,,,0.04,0.76,3172.88,2,8,819,20405,N8,National Air Cargo Group Inc d/ba National Airlines,N8,National Air Cargo Group Inc d/ba National Airlines,07029,D,2,2,2024,4
94.00,0.00,11.00,28.00,4.00,,228.00,,0.00,0.00,0.00,0.00,,5.00,9.00,23.00,402.00,73.00,8.00,3.00,2.00,,1.00,0.00,21.00,,22.00,,130.00,220.00,350.00,,12.00,15.00,4.00,0.00,,,,,783.00,,,,,,0.04,0.01,101.75,2,7,740,20107,FX,Federal Express Corporation,FX,Federal Express Corporation,16195,L,3,3,2024,4
95.65,2.00,13.12,121.05,0.93,0.00,338.80,0.00,82.05,4.22,5.29,15.94,0.00,6.22,0.00,0.52,685.79,41.76,0.22,32.61,0.00,0.00,0.00,0.00,0.10,0.00,4.85,0.00,79.54,26.22,105.76,0.00,0.00,0.00,0.00,0.00,39.76,,0.00,,831.31,,,,,,0.04,0.01,96.06,1,6,627,20377,X9,Omni Air International LLC,X9,Omni Air International LLC,06738,D,2,2,2024,3
96.99,3.00,23.53,48.27,2.04,0.00,565.99,0.00,160.48,1.15,3.61,11.88,0.00,8.42,0.00,0.00,925.35,62.42,0.32,40.87,0.00,0.00,0.00,0.00,0.00,0.00,0.00,0.00,103.61,44.15,147.76,0.00,0.00,0.00,0.00,0.00,30.28,,0.00,,1103.39,,,,,,0.05,0.01,134.31,1,6,627,20377,X9,Omni Air International LLC,X9,Omni Air International LLC,06738,D,2,2,2024,1
104.95,0.00,0.00,0.00,0.00,,312.21,0.00,0.00,0.00,27.95,16.11,0.00,7.95,0.00,0.00,469.17,0.00,0.00,39.29,0.00,,0.00,179.48,0.00,0.00,0.00,0.00,218.77,0.00,218.77,0.00,0.00,0.00,0.00,0.00,0.00,,0.00,,687.94,,,,,,0.05,0.01,24.98,1,6,688,21974,3EQ,"Scott Aviation, LLC  d/b/a  Silver Air",3EQ,"Scott Aviation, LLC  d/b/a  Silver Air",01234,D,2,2,2024,2
109.05,0.00,0.00,0.00,0.00,,214.54,0.00,0.00,0.00,16.92,13.34,0.00,8.47,0.00,0.00,362.32,0.00,0.00,72.56,0.00,,0.00,140.23,0.00,0.00,0.00,0.00,212.79,0.00,212.79,0.00,0.00,0.00,0.00,0.00,0.00,,0.00,,575.11,,,,,,0.04,0.01,19.53,1,6,688,21974,3EQ,"Scott Aviation, LLC  d/b/a  Silver Air",3EQ,"Scott Aviation, LLC  d/b/a  Silver Air",01234,D,2,2,2024,1
109.44,0.00,0.00,0.00,0.00,,60.03,0.00,0.00,0.00,-0.73,11.21,0.00,8.84,0.00,0.00,188.80,0.00,0.00,-13.68,0.00,,0.00,0.00,0.00,0.00,0.00,0.00,-13.68,0.00,-13.68,0.00,0.00,0.00,0.00,0.00,0.00,,0.00,,175.12,,,,,,0.02,0.00,7.05,1,6,648,21974,3EQ,"Scott Aviation, LLC  d/b/a  Silver Air",3EQ,"Scott Aviation, LLC  d/b/a  Silver Air",01234,D,2,2,2024,2
110.00,0.00,3.00,9.00,0.00,0.00,109.00,0.00,12.00,0.00,1.00,30.00,0.00,5.00,0.00,1.00,280.00,7.00,3.00,17.00,20.00,0.00,15.00,4.00,0.00,0.00,0.00,0.00,66.00,28.00,94.00,1.00,23.00,13.00,1.00,2.00,0.00,,2.00,0.00,416.00,,,,,,0.07,0.01,46.02,1,6,723,19790,DL,Delta Air Lines Inc.,DL,Delta Air Lines Inc.,10260,L,3,3,2024,4
111.30,0.00,2.67,14.63,0.00,0.00,15.72,0.00,8.25,0.26,0.16,9.21,0.00,8.15,1.33,1.60,173.27,16.68,0.00,82.83,37.93,0.00,39.08,2.63,0.00,0.00,0.00,0.00,179.15,14.68,193.83,0.00,26.46,12.85,0.00,0.00,14.44,,0.00,,420.85,,,,,,0.11,0.03,68.50,1,6,631,20304,OO,SkyWest Airlines Inc.,OO,SkyWest Airlines Inc.,11025,L,3,3,2024,2
111.43,0.00,29.92,-1.16,127.85,0.00,0.00,3.46,63.12,2.31,69.52,9.44,0.00,0.09,-150.65,1.00,266.33,1190.05,0.00,6821.90,116.01,0.00,824.41,8.76,0.00,0.00,0.00,0.00,8961.14,0.00,8961.14,0.00,0.00,0.00,0.00,17.60,0.00,,0.00,0.00,9245.07,,,,,,1.44,0.64,2286.70,1,6,631,20363,9E,Endeavor Air Inc.,9E,Endeavor Air Inc.,07024,D,2,2,2024,3
112.04,0.00,0.00,0.00,0.00,,406.95,0.00,0.00,0.00,31.82,17.00,0.00,4.50,0.00,0.00,572.30,0.00,0.00,565.45,0.00,,0.00,208.82,0.00,0.00,0.00,0.00,774.27,0.00,774.27,0.00,0.00,0.00,0.00,0.00,0.00,,0.00,,1346.57,,,,,,0.14,0.01,74.01,1,6,688,21974,3EQ,"Scott Aviation, LLC  d/b/a  Silver Air",3EQ,"Scott Aviation, LLC  d/b/a  Silver Air",01234,D,2,2,2024,3
113.52,0.00,0.00,0.00,0.00,,131.90,0.00,0.00,0.00,7.58,9.08,0.00,8.72,0.00,0.00,270.79,0.00,0.00,36.88,0.00,,0.00,103.98,0.00,0.00,0.00,0.00,140.86,0.00,140.86,0.00,0.00,0.00,0.00,0.00,0.00,,0.00,,411.65,,,,,,0.10,0.03,24.30,1,6,684,21974,3EQ,"Scott Aviation, LLC  d/b/a  Silver Air",3EQ,"Scott Aviation, LLC  d/b/a  Silver Air",01234,D,2,2,2024,3
119.46,,9.19,12.77,,,228.45,,0.00,,,31.00,-26.21,5.84,0.01,,380.52,8.58,0.01,246.75,0.61,,42.38,-4.07,,,,,294.27,28.78,323.04,0.10,0.49,0.14,,0.31,,,,,704.60,,,,,,0.10,0.01,82.84,1,6,634,19977,UA,United Air Lines Inc.,UA,United Air Lines Inc.,10876,L,3,3,2024,2
123.05,0.00,8.52,10.10,0.00,0.00,0.00,0.00,38.29,0.00,0.10,9.15,0.00,5.91,0.00,1.61,196.72,20.25,0.00,38.61,82.74,0.00,6.25,0.00,0.00,0.00,0.00,0.00,147.84,0.17,148.01,5.20,0.00,0.00,3.14,0.00,2.27,,0.00,,355.33,,,,,,0.11,0.03,87.78,1,6,631,20397,OH,PSA Airlines Inc.,OH,PSA Airlines Inc.,11030,L,2,2,2024,4
123.85,0.00,0.00,0.00,0.00,,449.41,0.00,0.00,0.00,31.82,9.60,0.00,5.71,0.00,0.00,620.39,0.00,0.00,447.20,0.00,,0.00,101.79,0.00,0.00,0.00,0.00,548.99,0.00,548.99,0.00,0.00,0.00,0.00,0.00,0.00,,0.00,,1169.38,,,,,,0.06,0.01,89.19,1,6,688,21974,3EQ,"Scott Aviation, LLC  d/b/a  Silver Air",3EQ,"Scott Aviation, LLC  d/b/a  Silver Air",01234,D,2,2,2024,4
124.08,0.00,0.00,0.00,0.00,,116.53,0.00,0.00,0.00,4.46,7.86,0.00,9.53,0.00,0.00,262.45,0.00,0.00,93.17,0.00,,0.00,89.69,0.00,0.00,0.00,0.00,182.86,0.00,182.86,0.00,0.00,0.00,0.00,0.00,0.00,,0.00,,445.31,,,,,,0.05,0.02,14.79,1,6,684,21974,3EQ,"Scott Aviation, LLC  d/b/a  Silver Air",3EQ,"Scott Aviation, LLC  d/b/a  Silver Air",01234,D,2,2,2024,2
125.71,0.00,0.00,0.00,0.00,,262.64,0.00,0.00,0.00,17.56,18.04,0.00,10.08,0.00,0.00,434.02,0.00,0.00,190.88,0.00,,0.00,238.44,0.00,0.00,0.00,0.00,429.32,0.00,429.32,0.00,0.00,0.00,0.00,0.00,0.00,,0.00,,863.34,,,,,,0.25,0.10,46.80,1,6,639,21974,3EQ,"Scott Aviation, LLC  d/b/a  Silver Air",3EQ,"Scott Aviation, LLC  d/b/a  Silver Air",01234,D,2,2,2024,4
128.66,,9.27,13.66,,,268.79,,0.00,,,35.95,-3.53,3.73,0.01,,456.53,9.32,0.02,107.47,1.92,,6.45,5.15,,,,,130.34,33.00,163.34,0.12,0.81,0.18,,0.41,,,,,621.39,,,,,,0.11,0.01,105.63,1,6,634,19977,UA,United Air Lines Inc.,UA,United Air Lines Inc.,10876,L,3,3,2024,3
130.10,0.00,0.00,0.00,0.00,,204.50,0.00,0.00,0.00,23.59,10.63,0.00,10.21,0.00,0.00,379.02,0.00,0.00,92.24,0.00,,0.00,101.12,0.00,0.00,0.00,0.00,193.36,0.00,193.36,0.00,0.00,0.00,0.00,0.00,0.00,,0.00,,572.38,,,,,,0.10,0.03,31.58,1,6,648,21974,3EQ,"Scott Aviation, LLC  d/b/a  Silver Air",3EQ,"Scott Aviation, LLC  d/b/a  Silver Air",01234,D,2,2,2024,1
134.17,0.00,8.47,0.82,0.14,0.00,414.44,0.00,285.74,0.00,0.19,21.28,0.00,9.33,8.52,0.10,883.20,34.39,0.00,15.44,0.65,0.00,4.46,0.00,0.00,0.00,0.00,0.00,54.95,49.69,104.63,0.00,0.00,0.00,1.36,0.00,5.30,,0.00,,994.49,,,,,,0.22,0.02,187.18,1,6,694,20436,F9,Frontier Airlines Inc.,F9,Frontier Airlines Inc.,16461,L,3,3,2024,3
135.05,0.00,0.00,0.00,0.00,,101.24,0.00,0.00,0.00,13.43,16.30,0.00,7.01,0.00,0.00,273.02,0.00,0.00,78.76,0.00,,0.00,30.59,0.00,0.00,0.00,0.00,109.35,0.00,109.35,0.00,0.00,0.00,0.00,0.00,0.00,,0.00,,382.37,,,,,,0.04,0.02,18.87,1,6,777,21974,3EQ,"Scott Aviation, LLC  d/b/a  Silver Air",3EQ,"Scott Aviation, LLC  d/b/a  Silver Air",01234,D,2,2,2024,4
135.35,0.00,9.37,11.11,0.00,0.00,0.00,0.00,68.64,0.00,0.11,10.06,0.00,6.50,0.00,1.78,242.92,22.27,0.00,48.66,66.86,0.00,6.47,0.00,0.00,0.00,0.00,0.00,144.26,0.18,144.44,6.25,0.00,0.00,2.24,0.00,2.50,,0.00,,398.33,,,,,,0.12,0.03,101.25,1,6,638,20397,OH,PSA Airlines Inc.,OH,PSA Airlines Inc.,11030,L,2,2,2024,4
136.95,2.96,10.83,201.21,2.49,0.00,657.33,0.00,117.60,12.86,6.03,28.04,0.00,5.92,0.00,0.00,1182.21,60.01,0.31,58.46,0.00,0.00,0.00,0.00,0.15,0.00,21.24,0.00,140.17,50.40,190.57,0.00,0.00,0.00,0.00,0.00,103.22,,0.00,,1476.00,,,,,,0.09,0.01,228.82,1,6,627,20377,X9,Omni Air International LLC,X9,Omni Air International LLC,06738,D,2,2,2024,4
138.14,0.00,3.62,16.50,0.00,0.00,5.41,0.00,0.05,0.38,0.20,11.22,0.00,8.13,1.50,1.84,186.98,19.89,0.00,100.84,40.23,0.00,42.00,4.39,0.00,0.00,0.00,0.00,207.35,17.99,225.34,0.00,20.59,14.23,0.00,0.00,16.87,,0.00,,464.01,,,,,,0.14,0.03,86.04,1,6,631,20304,OO,SkyWest Airlines Inc.,OO,SkyWest Airlines Inc.,11025,L,3,3,2024,4
139.78,0.00,0.21,15.00,0.33,0.00,284.31,0.00,42.20,0.01,-5.55,17.49,0.00,10.99,7.44,0.99,513.20,13.08,0.00,87.37,10.99,0.00,11.13,1.12,0.00,0.00,0.00,0.00,123.70,24.75,148.45,5.12,19.58,37.57,9.94,2.09,2.26,,0.00,,738.21,,,,,,0.10,0.02,101.76,1,6,678,20409,B6,JetBlue Airways,B6,JetBlue Airways,16673,L,3,3,2024,2
140.41,0.00,0.00,0.00,0.00,,185.91,0.00,0.00,0.00,24.05,24.63,0.00,10.68,0.00,0.00,385.67,0.00,0.00,103.30,0.00,,0.00,188.07,0.00,0.00,0.00,0.00,291.38,0.00,291.38,0.00,0.00,0.00,0.00,0.00,0.00,,0.00,,677.05,,,,,,0.21,0.06,33.61,1,6,639,21974,3EQ,"Scott Aviation, LLC  d/b/a  Silver Air",3EQ,"Scott Aviation, LLC  d/b/a  Silver Air",01234,D,2,2,2024,3
141.11,0.00,14.64,16.40,0.00,0.00,0.00,0.00,64.35,0.00,0.13,10.30,0.00,9.33,0.00,2.10,258.36,26.57,0.00,68.13,75.66,0.00,11.42,0.00,0.00,0.00,0.00,0.00,181.78,0.99,182.78,7.55,0.00,0.00,5.57,0.00,2.89,,0.00,,457.14,,,,,,0.13,0.04,107.67,1,6,631,20397,OH,PSA Airlines Inc.,OH,PSA Airlines Inc.,11030,L,2,2,2024,3
143.00,0.00,15.00,38.00,5.00,,361.00,,0.00,0.00,0.00,0.00,,9.00,13.00,42.00,626.00,103.00,11.00,5.00,3.00,,1.00,0.00,31.00,,29.00,,183.00,235.00,418.00,,17.00,23.00,6.00,0.00,,,,,1090.00,,,,,,0.05,0.01,136.05,2,7,740,20107,FX,Federal Express Corporation,FX,Federal Express Corporation,16195,L,3,3,2024,3
145.05,0.00,15.61,18.67,0.00,0.00,0.00,0.00,124.33,0.00,0.13,10.22,0.00,11.15,0.00,1.98,327.14,30.23,0.00,86.85,313.80,0.00,13.93,0.00,0.00,0.00,0.00,0.00,444.81,1.55,446.36,7.11,0.00,0.00,2.99,0.00,2.93,,0.00,,786.54,,,,,,0.13,0.03,113.23,1,6,638,20397,OH,PSA Airlines Inc.,OH,PSA Airlines Inc.,11030,L,2,2,2024,2
148.00,0.00,5.00,9.00,0.00,0.00,395.00,0.00,14.00,0.00,1.00,31.00,0.00,6.00,0.00,0.00,609.00,7.00,2.00,16.00,24.00,0.00,17.00,11.00,0.00,0.00,0.00,0.00,77.00,27.00,104.00,1.00,25.00,13.00,1.00,2.00,0.00,,3.00,0.00,758.00,,,,,,0.07,0.01,142.61,1,6,687,19790,DL,Delta Air Lines Inc.,DL,Delta Air Lines Inc.,10262,P,3,3,2024,1
149.20,0.00,16.46,0.01,0.25,0.00,629.36,0.00,397.39,0.00,0.63,24.34,0.00,28.52,16.12,0.27,1262.53,48.27,0.00,22.54,12.74,0.00,4.56,0.00,0.00,0.00,0.00,0.00,88.11,65.77,153.88,0.00,0.00,0.00,3.49,0.00,14.61,,0.00,,1434.51,,,,,,0.33,0.03,294.18,1,6,694,20436,F9,Frontier Airlines Inc.,F9,Frontier Airlines Inc.,16461,L,3,3,2024,1
152.65,,5.65,13.47,,,416.41,,4.70,,,42.95,,4.46,4.36,,644.66,5.87,0.01,77.18,304.44,,13.56,11.90,,,,,412.96,13.65,426.61,8.41,37.62,19.69,3.77,18.67,,,,,1159.41,,,,,,0.09,0.01,168.19,1,6,887,19977,UA,United Air Lines Inc.,UA,United Air Lines Inc.,10877,P,3,3,2024,3
156.29,,12.42,15.79,,,282.71,,0.01,,,43.13,10.61,13.39,0.00,,534.35,10.81,0.02,40.25,1.70,,24.79,4.15,,,,,81.71,34.38,116.10,0.05,0.42,0.15,,0.05,,,5.07,,656.18,,,,,,0.13,0.02,101.49,1,6,634,19977,UA,United Air Lines Inc.,UA,United Air Lines Inc.,10876,L,3,3,2024,1
156.70,0.00,22.43,9.67,0.00,0.00,315.71,0.03,38.67,0.00,1.52,54.58,0.03,5.05,21.75,0.20,626.33,7.74,0.38,11.91,82.83,0.00,2.71,0.62,0.00,0.00,0.00,0.00,106.18,46.82,153.01,2.89,61.78,8.64,0.84,0.77,0.00,,19.44,0.00,873.69,,,,,,0.15,0.01,59.84,1,6,721,19690,HA,Hawaiian Airlines Inc.,HA,Hawaiian Airlines Inc.,15375,P,3,3,2024,4
157.31,0.00,24.30,9.85,0.00,0.00,337.51,0.04,30.21,0.00,2.34,51.31,0.00,5.35,22.82,0.11,641.16,8.51,0.49,26.79,85.85,0.00,5.62,0.14,0.00,0.00,0.00,0.00,127.40,127.89,255.30,3.11,67.36,9.42,0.88,0.83,0.00,,22.82,0.00,1000.88,,,,,,0.16,0.01,61.02,1,6,721,19690,HA,Hawaiian Airlines Inc.,HA,Hawaiian Airlines Inc.,15375,P,3,3,2024,3
158.40,0.00,0.00,0.00,0.00,,137.10,0.00,0.00,0.00,21.98,24.25,0.00,12.13,0.00,0.00,353.85,0.00,0.00,140.32,0.00,,0.00,70.42,0.00,0.00,0.00,0.00,210.74,0.00,210.74,0.00,0.00,0.00,0.00,0.00,0.00,,0.00,,564.60,,,,,,0.02,0.01,5.26,1,6,647,21974,3EQ,"Scott Aviation, LLC  d/b/a  Silver Air",3EQ,"Scott Aviation, LLC  d/b/a  Silver Air",01234,D,2,2,2024,2
158.59,0.00,0.00,0.00,0.00,,213.79,0.00,0.00,0.00,39.78,25.55,0.00,12.45,0.00,0.00,450.16,0.00,0.00,169.29,0.00,,0.00,25.45,0.00,0.00,0.00,0.00,194.74,0.00,194.74,0.00,0.00,0.00,0.00,0.00,0.00,,0.00,,644.90,,,,,,0.08,0.03,26.24,1,6,647,21974,3EQ,"Scott Aviation, LLC  d/b/a  Silver Air",3EQ,"Scott Aviation, LLC  d/b/a  Silver Air",01234,D,2,2,2024,1
163.28,0.00,44.69,9.97,0.00,0.00,350.45,0.04,32.93,0.00,2.93,51.51,11.20,0.00,23.74,0.16,690.89,9.61,0.66,34.40,74.20,0.00,17.05,0.41,0.00,0.00,0.00,0.00,136.32,106.11,242.43,2.26,71.07,10.11,0.93,0.87,0.00,,24.07,0.00,1042.63,,,,,,0.15,0.01,23.67,1,6,721,19690,HA,Hawaiian Airlines Inc.,HA,Hawaiian Airlines Inc.,15375,P,3,3,2024,2
164.31,,1.66,,,,230.02,,,,16.67,17.04,,13.08,,0.00,442.79,49.29,,18.71,0.86,,15.32,0.00,,,,,84.17,,84.17,,56.51,7.88,0.00,0.00,46.67,,,,638.02,,,,,,0.03,0.06,24.45,2,7,715,20447,U7,USA Jet Airlines Inc.,U7,USA Jet Airlines Inc.,16917,I,3,3,2024,1
165.76,0.00,32.51,-9.54,148.78,0.00,0.00,5.10,73.11,1.96,69.32,19.68,0.00,15.62,80.20,3.58,606.08,1613.29,0.00,870.32,18.93,0.00,244.13,1.59,0.00,0.00,0.00,0.00,2748.25,0.00,2748.25,0.00,0.00,0.00,0.00,20.91,0.00,,0.00,0.00,3375.24,,,,,,1.77,0.81,1187.90,1,6,631,20363,9E,Endeavor Air Inc.,9E,Endeavor Air Inc.,07024,D,2,2,2024,2
167.59,21.92,0.00,28.36,0.00,,142.85,0.00,43.09,0.00,20.11,26.20,0.00,14.75,0.00,120.25,585.12,79.20,0.00,0.00,0.00,,173.07,0.00,0.00,0.00,0.00,0.00,252.27,0.00,252.27,0.00,87.95,23.81,3.18,0.00,0.00,,0.00,,952.33,,,,,,0.15,0.07,136.93,1,6,619,21161,09Q,"Swift Air, LLC d/b/a Eastern Air Lines d/b/a Eastern",09Q,"Swift Air, LLC d/b/a Eastern Air Lines d/b/a Eastern",11054,I,2,2,2024,1
168.85,0.00,0.00,0.00,0.00,,177.17,0.00,0.00,0.00,29.22,22.57,0.00,12.35,0.00,0.00,410.16,0.00,0.00,272.05,0.00,,0.00,113.12,0.00,0.00,0.00,0.00,385.17,0.00,385.17,0.00,0.00,0.00,0.00,0.00,0.00,,0.00,,795.32,,,,,,0.13,0.01,43.56,1,6,647,21974,3EQ,"Scott Aviation, LLC  d/b/a  Silver Air",3EQ,"Scott Aviation, LLC  d/b/a  Silver Air",01234,D,2,2,2024,3
174.84,0.00,0.00,0.00,0.00,,197.03,0.00,0.00,0.00,35.97,26.43,0.00,8.89,0.00,0.00,443.15,0.00,0.00,171.05,0.00,,0.00,143.21,0.00,0.00,0.00,0.00,314.26,0.00,314.26,0.00,0.00,0.00,0.00,0.00,0.00,,0.00,,757.41,,,,,,0.05,0.01,46.94,1,6,647,21974,3EQ,"Scott Aviation, LLC  d/b/a  Silver Air",3EQ,"Scott Aviation, LLC  d/b/a  Silver Air",01234,D,2,2,2024,4
181.00,0.00,7.00,16.00,0.00,0.00,220.00,0.00,21.00,0.00,2.00,50.00,0.00,8.00,0.00,1.00,506.00,12.00,4.00,25.00,40.00,0.00,27.00,13.00,0.00,0.00,0.00,0.00,121.00,45.00,166.00,1.00,40.00,20.00,1.00,3.00,0.00,,3.00,0.00,740.00,,,,,,0.12,0.02,83.94,1,6,723,19790,DL,Delta Air Lines Inc.,DL,Delta Air Lines Inc.,10260,L,3,3,2024,2
181.06,,1.46,,,,150.94,,,,14.59,13.83,,13.68,,0.00,375.54,43.13,,72.30,0.00,,25.76,0.00,,,,,141.18,,141.18,,49.45,6.89,0.00,0.00,40.84,,,,613.90,,,,,,0.05,0.12,41.91,2,6,681,20447,U7,USA Jet Airlines Inc.,U7,USA Jet Airlines Inc.,16917,I,3,3,2024,1
183.07,0.00,0.00,0.00,0.00,,158.92,0.00,0.00,0.00,9.48,21.66,0.00,14.36,0.00,0.00,387.48,0.00,0.00,225.26,0.00,,0.00,120.29,0.00,0.00,0.00,0.00,345.56,0.00,345.56,0.00,0.00,0.00,0.00,0.00,0.00,,0.00,,733.04,,,,,,0.14,0.05,22.49,1,6,515,21974,3EQ,"Scott Aviation, LLC  d/b/a  Silver Air",3EQ,"Scott Aviation, LLC  d/b/a  Silver Air",01234,D,2,2,2024,1
185.47,58.46,9.76,83.54,0.00,,200.17,0.00,492.95,2.82,46.43,1.44,0.00,15.25,0.00,-0.15,1096.15,114.61,0.00,0.00,0.00,,141.36,0.00,0.00,0.00,0.00,0.00,255.97,0.00,255.97,0.00,0.00,0.00,0.00,6.00,12.12,,30.70,,1400.95,,,,,,0.20,0.05,193.34,1,6,698,22085,GCA,"Global Crossing Airlines, Inc.",GCA,"Global Crossing Airlines, Inc.",01227,S,2,2,2024,4
189.28,,4.56,,,,264.34,,,,35.44,13.64,,13.18,,0.00,520.44,124.46,,52.38,0.00,,25.38,0.00,,,,,202.22,,202.22,,103.85,14.58,0.00,0.00,133.15,,,,974.24,,,,,,0.05,0.08,19.47,2,7,715,20447,U7,USA Jet Airlines Inc.,U7,USA Jet Airlines Inc.,16917,I,3,3,2024,3
190.13,0.00,130.00,12.83,0.00,0.00,367.18,0.00,0.00,0.00,79.61,1.22,0.00,1.65,25.08,0.00,807.68,29.12,1.91,7.60,35.27,0.00,1118.52,197.41,0.00,0.00,0.00,0.00,1389.83,123.64,1513.47,0.00,0.00,0.00,0.00,0.00,0.00,,0.00,0.00,2321.15,,,,,,0.00,0.00,136.69,1,6,837,19690,HA,Hawaiian Airlines Inc.,HA,Hawaiian Airlines Inc.,05375,D,3,3,2024,1
191.97,153.40,1.64,0.00,0.00,0.00,366.46,0.13,199.06,0.00,17.47,20.73,0.00,20.79,0.00,193.41,1165.05,21.02,5.26,0.00,0.00,0.00,-34.43,-8.61,0.00,0.00,0.00,0.00,-16.76,0.00,-16.76,0.00,0.00,0.00,115.95,0.00,0.00,,0.00,,1264.25,,,,,,0.07,0.09,71.35,1,6,622,20405,N8,National Air Cargo Group Inc d/ba National Airlines,N8,National Air Cargo Group Inc d/ba National Airlines,11049,I,2,2,2024,2
192.77,0.00,46.80,10.67,0.00,0.00,372.79,0.07,39.58,0.00,3.34,67.68,0.00,22.25,26.53,0.38,782.86,20.49,0.72,47.64,78.42,0.00,11.49,0.09,0.00,0.00,0.00,0.00,158.85,56.30,215.16,2.71,80.84,11.60,1.03,0.99,0.00,,27.38,0.00,1122.56,,,,,,0.15,0.01,58.79,1,6,721,19690,HA,Hawaiian Airlines Inc.,HA,Hawaiian Airlines Inc.,15375,P,3,3,2024,1
194.00,0.00,6.00,17.00,0.00,0.00,313.00,0.00,24.00,0.00,3.00,58.00,0.00,10.00,0.00,1.00,626.00,14.00,7.00,32.00,38.00,0.00,29.00,8.00,0.00,0.00,0.00,0.00,128.00,53.00,181.00,2.00,45.00,24.00,1.00,4.00,0.00,,3.00,0.00,886.00,,,,,,0.13,0.02,132.54,1,6,694,19790,DL,Delta Air Lines Inc.,DL,Delta Air Lines Inc.,10260,L,3,3,2024,4
195.27,0.00,5.26,,,,456.71,,,,13.90,9.20,,9.78,,0.00,690.11,120.47,,10.30,0.00,,27.59,0.00,,,,,158.35,,158.35,,110.01,21.73,0.00,0.00,147.48,,,,1127.68,,,,,,0.20,0.07,203.85,2,7,715,20447,U7,USA Jet Airlines Inc.,U7,USA Jet Airlines Inc.,06912,D,3,3,2024,4
196.44,0.00,4.45,104.71,26.13,0.00,18.76,0.01,35.01,6.43,0.36,31.50,0.00,16.86,0.00,2.83,443.49,85.75,0.00,222.43,29.83,0.00,28.40,0.00,19.70,0.00,13.47,0.00,399.58,143.47,543.05,0.00,8.93,0.00,30.72,0.00,0.00,,0.00,,1026.19,,,,,,0.31,0.15,501.34,2,6,625,19874,8C,Air Transport International,8C,Air Transport International,06029,D,2,2,2024,2
197.39,3.78,33.96,101.51,2.81,0.00,492.91,0.00,165.29,2.09,9.15,24.04,0.00,15.34,0.00,0.00,1048.26,76.40,0.39,95.65,0.00,0.00,0.00,0.00,0.00,0.00,13.61,0.00,186.06,49.96,236.01,0.00,0.00,0.00,0.00,0.00,16.88,,0.00,,1301.16,,,,,,0.08,0.02,58.85,1,6,626,20377,X9,Omni Air International LLC,X9,Omni Air International LLC,06738,D,2,2,2024,2
197.50,25.84,0.00,33.42,0.00,,168.34,0.00,50.78,0.00,23.69,30.88,0.00,17.38,0.00,141.72,689.54,93.33,0.00,0.00,0.00,,203.96,0.00,0.00,0.00,0.00,0.00,297.29,0.00,297.29,0.00,103.65,28.06,3.75,0.00,0.00,,0.00,,1122.28,,,,,,0.18,0.03,155.33,2,6,619,21161,09Q,"Swift Air, LLC d/b/a Eastern Air Lines d/b/a Eastern",09Q,"Swift Air, LLC d/b/a Eastern Air Lines d/b/a Eastern",01130,D,2,2,2024,1
203.01,0.00,0.00,7.21,0.23,,413.52,0.81,2.79,0.13,6.18,49.85,0.00,5.75,13.50,-0.75,702.22,45.95,0.00,94.59,0.00,,36.68,225.60,0.00,,0.00,,402.83,54.14,456.97,,106.50,11.23,3.71,,,,0.82,,1281.44,,,,,,0.09,0.03,168.02,2,6,691,19917,5X,United Parcel Service,5X,United Parcel Service,16912,L,3,3,2024,3
208.75,0.00,0.00,0.00,0.00,,324.55,0.00,0.00,0.00,34.19,20.77,0.00,14.57,0.00,0.00,602.82,0.00,0.00,95.34,0.00,,0.00,377.88,0.00,0.00,0.00,0.00,473.22,0.00,473.22,0.00,0.00,0.00,0.00,0.00,0.00,,0.00,,1076.05,,,,,,0.18,0.04,58.18,1,6,515,21974,3EQ,"Scott Aviation, LLC  d/b/a  Silver Air",3EQ,"Scott Aviation, LLC  d/b/a  Silver Air",01234,D,2,2,2024,3
208.82,0.00,0.00,8.01,0.12,,426.89,0.56,3.49,0.13,7.71,59.33,0.00,20.34,15.23,-1.15,749.48,44.21,0.00,126.61,0.00,,40.82,299.58,0.00,,0.00,,511.22,52.92,564.14,,132.81,14.01,4.61,,,,0.85,,1465.90,,,,,,0.09,0.03,152.59,2,6,691,19917,5X,United Parcel Service,5X,United Parcel Service,16912,L,3,3,2024,1
213.68,4.09,36.75,104.11,3.09,0.00,729.46,0.00,97.23,2.26,7.03,24.24,0.00,16.61,0.00,0.00,1238.55,82.67,0.43,39.33,0.00,0.00,0.00,0.00,1.17,0.00,13.28,0.00,136.87,54.72,191.59,0.00,0.00,0.00,0.00,0.00,18.30,,0.00,,1448.44,,,,,,0.11,0.02,443.22,1,6,625,20377,X9,Omni Air International LLC,X9,Omni Air International LLC,06738,D,2,2,2024,2
215.85,0.00,2.21,87.06,8.90,0.00,958.95,0.00,315.17,3.47,8.35,39.05,0.00,9.35,0.00,220.84,1869.18,2.00,0.00,73.18,0.00,0.00,27.95,0.00,204.84,0.00,97.71,0.00,405.68,46.45,452.13,0.00,14.06,0.00,22.89,0.00,0.00,,0.00,,2358.26,,,,,,0.21,0.03,297.18,2,6,626,19874,8C,Air Transport International,8C,Air Transport International,16028,A,2,2,2024,4
217.87,0.00,0.00,0.00,0.00,,240.81,0.00,0.00,0.00,16.06,37.13,0.00,16.61,0.00,0.00,528.48,0.00,0.00,226.23,0.00,,0.00,165.72,0.00,0.00,0.00,0.00,391.95,0.00,391.95,0.00,0.00,0.00,0.00,0.00,0.00,,0.00,,920.43,,,,,,0.20,0.06,33.27,1,6,639,21974,3EQ,"Scott Aviation, LLC  d/b/a  Silver Air",3EQ,"Scott Aviation, LLC  d/b/a  Silver Air",01234,D,2,2,2024,2
220.00,0.00,11.00,18.00,0.00,0.00,403.00,0.00,28.00,0.00,3.00,64.00,0.00,11.00,0.00,1.00,759.00,14.00,5.00,32.00,49.00,0.00,34.00,22.00,0.00,0.00,0.00,0.00,156.00,54.00,210.00,2.00,51.00,26.00,1.00,4.00,0.00,,5.00,0.00,1058.00,,,,,,0.14,0.02,145.31,1,6,694,19790,DL,Delta Air Lines Inc.,DL,Delta Air Lines Inc.,10260,L,3,3,2024,1
226.87,29.68,0.00,38.39,0.00,,193.37,0.00,58.33,0.00,27.22,35.47,0.00,19.97,0.00,162.80,792.08,107.21,0.00,0.00,0.00,,234.29,0.00,0.00,0.00,0.00,0.00,341.50,0.00,341.50,0.00,119.07,32.23,4.30,0.00,0.00,,0.00,,1289.17,,,,,,0.20,0.10,191.34,1,6,617,21161,09Q,"Swift Air, LLC d/b/a Eastern Air Lines d/b/a Eastern",09Q,"Swift Air, LLC d/b/a Eastern Air Lines d/b/a Eastern",11054,I,2,2,2024,1
230.00,0.00,0.00,19.00,0.00,0.00,473.00,1.00,21.00,0.00,1.00,68.00,0.00,13.00,21.00,3.00,850.00,35.00,2.00,56.00,45.00,0.00,8.00,6.00,0.00,0.00,0.00,0.00,152.00,38.00,190.00,1.00,58.00,22.00,5.00,0.00,1.00,,0.00,,1127.00,,,,,,0.22,0.02,192.00,1,6,634,19930,AS,Alaska Airlines Inc.,AS,Alaska Airlines Inc.,16031,L,3,3,2024,3
230.49,0.00,44.67,6.04,189.64,0.00,0.00,4.74,93.28,2.06,87.55,14.48,0.00,2.50,53.80,3.46,732.69,1034.21,0.00,11009.09,140.22,0.00,283.41,0.79,0.00,0.00,0.00,0.00,12467.75,0.00,12467.75,0.00,0.00,0.00,0.00,26.53,0.00,,0.00,0.00,13227.00,,,,,,2.21,0.55,1589.15,1,6,631,20363,9E,Endeavor Air Inc.,9E,Endeavor Air Inc.,07024,D,2,2,2024,4
230.63,333.76,1.79,0.00,0.00,0.00,292.90,0.00,114.07,0.00,7.41,28.39,0.00,32.56,0.00,195.42,1236.92,14.89,3.72,0.00,0.00,0.00,701.37,175.34,0.00,0.00,0.00,0.00,895.32,0.00,895.32,0.00,0.00,0.00,171.77,0.00,0.00,,0.00,,2304.01,,,,,,0.05,0.09,60.02,1,6,622,20405,N8,National Air Cargo Group Inc d/ba National Airlines,N8,National Air Cargo Group Inc d/ba National Airlines,11049,I,2,2,2024,4
231.34,0.00,5.57,,,,323.08,,,,43.32,16.67,,16.11,,0.00,636.09,152.12,,64.02,0.00,,31.02,0.00,,,,,247.15,,247.15,,126.93,17.82,0.00,0.00,162.74,,,,1190.73,,,,,,0.10,0.10,139.69,2,7,715,20447,U7,USA Jet Airlines Inc.,U7,USA Jet Airlines Inc.,06912,D,3,3,2024,3
233.08,,3.15,,,,568.33,,,,38.57,17.25,,15.12,,0.00,875.50,99.41,,49.26,-1.14,,34.98,0.00,,,,,182.50,,182.50,,109.96,16.41,0.00,0.00,105.15,,,,1289.52,,,,,,0.00,0.08,30.97,2,7,715,20447,U7,USA Jet Airlines Inc.,U7,USA Jet Airlines Inc.,16917,I,3,3,2024,2
234.06,92.03,0.00,282.38,3.52,,361.55,0.00,0.00,0.40,0.00,34.77,0.00,68.42,0.00,39.39,1116.52,154.47,0.00,0.00,0.00,,0.07,0.00,0.00,0.00,0.00,0.00,154.54,0.00,154.54,0.00,0.00,0.00,0.00,0.00,0.00,,0.00,,1271.06,,,,,,0.28,0.12,220.94,2,5,556,20169,L2,Lynden Air Cargo Airlines,L2,Lynden Air Cargo Airlines,11040,I,2,2,2024,1
237.55,0.00,0.00,0.00,0.00,,342.99,0.00,0.00,0.00,34.19,23.75,0.00,12.09,0.00,0.00,650.56,0.00,0.00,380.55,0.00,,0.00,44.93,0.00,0.00,0.00,0.00,425.48,0.00,425.48,0.00,0.00,0.00,0.00,0.00,0.00,,0.00,,1076.04,,,,,,0.11,0.03,64.20,1,6,515,21974,3EQ,"Scott Aviation, LLC  d/b/a  Silver Air",3EQ,"Scott Aviation, LLC  d/b/a  Silver Air",01234,D,2,2,2024,4
241.10,0.00,0.39,25.67,0.17,0.00,445.63,0.00,62.95,0.02,-6.94,15.24,0.00,20.08,9.94,2.00,816.24,20.99,0.00,162.98,86.60,0.00,18.46,1.80,0.00,0.00,0.00,0.00,290.83,36.78,327.61,6.08,34.84,46.33,12.44,2.49,3.22,,0.00,,1249.24,,,,,,0.16,0.03,153.24,1,6,678,20409,B6,JetBlue Airways,B6,JetBlue Airways,16673,L,3,3,2024,1
241.16,31.55,0.00,40.81,0.00,,205.56,0.00,62.00,0.00,28.93,37.71,0.00,21.23,0.00,173.04,841.98,113.96,0.00,0.00,0.00,,249.05,0.00,0.00,0.00,0.00,0.00,363.01,0.00,363.01,0.00,126.56,34.26,4.57,0.00,0.00,,0.00,,1370.38,,,,,,0.19,0.06,176.70,2,6,614,21161,09Q,"Swift Air, LLC d/b/a Eastern Air Lines d/b/a Eastern",09Q,"Swift Air, LLC d/b/a Eastern Air Lines d/b/a Eastern",11054,I,2,2,2024,1
241.79,70.81,6.91,0.00,0.00,0.00,772.23,0.00,356.71,0.00,15.02,10.29,0.00,8.54,0.00,78.65,1560.96,63.63,15.91,0.00,0.00,0.00,76.43,19.11,0.00,0.00,0.00,0.00,175.07,0.00,175.07,0.00,0.00,0.00,36.69,0.00,0.00,,0.00,,1772.72,,,,,,0.08,0.74,2771.11,2,8,819,20405,N8,National Air Cargo Group Inc d/ba National Airlines,N8,National Air Cargo Group Inc d/ba National Airlines,07029,D,2,2,2024,3
241.79,83.27,12.73,104.25,0.00,,166.51,0.00,670.69,6.81,66.03,1.71,0.00,21.61,0.00,0.00,1375.38,134.77,0.00,0.00,0.00,,139.92,0.00,0.00,0.00,0.00,0.00,274.69,0.00,274.69,0.00,0.00,0.00,0.00,5.48,17.56,,35.48,,1708.59,,,,,,0.24,0.06,234.58,1,6,698,22085,GCA,"Global Crossing Airlines, Inc.",GCA,"Global Crossing Airlines, Inc.",01227,S,2,2,2024,3
246.50,0.00,0.00,12.81,16.86,,8.00,0.00,123.41,12.46,0.00,11.18,0.00,19.42,0.00,0.00,450.65,169.01,42.25,942.50,16.18,,21.85,5.46,0.00,0.00,0.00,0.00,1197.24,0.00,1197.24,0.00,0.00,0.00,202.27,0.00,16.38,,0.00,,1866.54,,,,,,0.09,0.05,88.32,2,6,617,20378,YV,Mesa Airlines Inc.,YV,Mesa Airlines Inc.,06689,D,2,2,2024,1
247.31,0.00,18.33,80.21,42.43,0.00,449.06,1.30,1.57,0.21,15.19,10.11,0.00,16.96,0.00,184.35,1067.01,76.37,0.00,0.00,0.00,0.00,125.08,114.99,0.00,0.00,0.00,0.00,316.44,0.00,316.44,,0.00,0.00,0.00,0.00,0.07,,0.00,,1383.51,,,,,,0.17,0.02,144.09,2,6,622,20151,M6,Amerijet International,M6,Amerijet International,06052,D,2,2,2024,1
248.62,0.00,0.00,0.00,0.00,,398.24,0.00,0.00,0.00,20.11,26.70,0.00,19.31,0.00,0.00,712.98,0.00,0.00,116.70,0.00,,0.00,529.87,0.00,0.00,0.00,0.00,646.57,0.00,646.57,0.00,0.00,0.00,0.00,0.00,0.00,,0.00,,1359.54,,,,,,0.11,0.04,35.99,1,6,515,21974,3EQ,"Scott Aviation, LLC  d/b/a  Silver Air",3EQ,"Scott Aviation, LLC  d/b/a  Silver Air",01234,D,2,2,2024,2
250.13,,22.77,28.92,,,409.65,,30.59,,,64.74,-0.19,12.20,,,818.82,17.88,0.02,11.79,1.28,,9.07,-8.50,,,,,31.55,45.05,76.60,0.35,47.65,13.20,0.05,0.75,,,,,957.42,,,,,,0.21,0.02,152.18,1,6,838,19977,UA,United Air Lines Inc.,UA,United Air Lines Inc.,10874,A,3,3,2024,2
253.46,366.79,1.96,0.00,0.00,0.00,321.90,0.00,125.36,0.00,8.14,31.20,0.00,35.78,0.00,214.77,1359.36,16.36,4.09,0.00,0.00,0.00,770.79,192.70,0.00,0.00,0.00,0.00,983.94,0.00,983.94,0.00,0.00,0.00,188.78,0.00,0.00,,0.00,,2532.07,,,,,,0.06,0.09,93.92,1,6,622,20405,N8,National Air Cargo Group Inc d/ba National Airlines,N8,National Air Cargo Group Inc d/ba National Airlines,07029,D,2,2,2024,4
253.52,0.00,30.97,27.86,0.00,0.00,0.00,0.00,81.02,0.00,0.24,22.70,0.00,26.94,0.00,4.00,447.25,56.10,0.00,89.26,78.92,0.00,-5.68,0.00,0.00,0.00,0.00,0.00,218.60,2.15,220.75,11.97,0.00,0.00,10.36,0.00,4.18,,0.00,,694.49,,,,,,0.22,0.06,168.45,1,6,631,20397,OH,PSA Airlines Inc.,OH,PSA Airlines Inc.,11030,L,2,2,2024,1
261.00,0.00,0.00,18.00,1.00,0.00,442.00,1.00,22.00,0.00,1.00,77.00,0.00,14.00,20.00,3.00,859.00,39.00,2.00,62.00,64.00,0.00,9.00,8.00,0.00,0.00,0.00,0.00,184.00,41.00,225.00,1.00,60.00,23.00,6.00,0.00,1.00,,0.00,,1176.00,,,,,,0.21,0.02,183.00,1,6,634,19930,AS,Alaska Airlines Inc.,AS,Alaska Airlines Inc.,16031,L,3,3,2024,4
264.32,0.00,27.42,30.73,0.00,0.00,0.00,0.00,119.78,0.00,0.24,19.29,0.00,17.48,0.00,3.94,483.19,49.77,0.00,99.13,207.01,0.00,12.97,0.00,0.00,0.00,0.00,0.00,368.87,1.86,370.74,11.81,0.00,0.00,4.80,0.00,5.42,,0.00,,875.96,,,,,,0.25,0.06,209.18,1,6,638,20397,OH,PSA Airlines Inc.,OH,PSA Airlines Inc.,11030,L,2,2,2024,3
266.98,4.92,51.02,110.38,4.01,0.00,380.28,0.00,216.16,1.83,9.21,30.38,0.00,22.13,0.00,0.00,1097.30,102.55,0.52,86.32,0.00,0.00,0.00,0.00,0.00,0.00,17.19,0.00,206.57,71.15,277.72,0.00,0.00,0.00,0.00,0.00,21.30,,0.00,,1396.33,,,,,,0.09,0.02,166.17,1,6,626,20377,X9,Omni Air International LLC,X9,Omni Air International LLC,06738,D,2,2,2024,1
269.83,,3.96,124.40,0.00,,1229.84,,0.00,,0.00,61.94,,19.96,,9.77,1719.70,14.00,,54.78,,,54.60,7.70,0.93,,,,132.01,114.81,246.81,,26.05,37.49,16.29,0.00,0.00,,0.00,0.00,2046.35,,,,,,0.47,0.15,1493.17,1,8,819,20007,5Y,Atlas Air Inc.,5Y,Atlas Air Inc.,06087,D,3,3,2024,2
273.36,0.00,0.00,14.20,18.70,,8.87,0.00,136.86,13.82,0.00,12.40,0.00,21.54,0.00,0.00,499.74,187.42,46.86,1045.18,17.94,,24.22,6.06,0.00,0.00,0.00,0.00,1327.68,0.00,1327.68,0.00,0.00,0.00,224.31,0.00,18.16,,0.00,,2069.89,,,,,,0.10,0.05,97.95,2,6,614,20378,YV,Mesa Airlines Inc.,YV,Mesa Airlines Inc.,06689,D,2,2,2024,1
276.00,0.00,0.00,23.00,0.00,0.00,567.00,1.00,25.00,0.00,1.00,81.00,0.00,15.00,25.00,4.00,1020.00,42.00,2.00,67.00,54.00,0.00,10.00,7.00,0.00,0.00,0.00,0.00,182.00,46.00,228.00,1.00,69.00,26.00,6.00,0.00,1.00,,0.00,,1351.00,,,,,,0.26,0.03,231.00,1,6,838,19930,AS,Alaska Airlines Inc.,AS,Alaska Airlines Inc.,16031,L,3,3,2024,3
277.31,95.49,0.00,183.58,13.79,,392.91,0.00,0.00,0.00,2.88,37.27,0.00,13.65,0.00,20.54,1037.42,257.32,0.00,0.83,0.00,,2.71,0.00,0.00,0.00,0.06,0.00,260.92,0.00,260.92,0.00,0.00,0.00,0.00,0.00,0.00,,0.00,,1298.34,,,,,,0.40,0.11,331.88,2,5,556,20169,L2,Lynden Air Cargo Airlines,L2,Lynden Air Cargo Airlines,11040,I,2,2,2024,3
279.43,139.32,24.69,0.00,0.00,,509.70,0.00,1386.85,145.28,141.43,43.35,0.00,73.52,0.00,0.00,2743.56,273.34,0.00,0.00,0.00,,240.72,0.00,0.00,0.00,0.00,0.00,514.06,0.00,514.06,0.00,14.88,0.00,0.00,0.00,47.69,,68.82,,3389.01,,,,,,0.34,0.09,226.45,1,6,698,22085,GCA,"Global Crossing Airlines, Inc.",GCA,"Global Crossing Airlines, Inc.",01227,S,2,2,2024,2
282.00,0.00,8.00,21.00,0.00,0.00,715.00,0.00,31.00,0.00,4.00,74.00,0.00,12.00,0.00,1.00,1148.00,18.00,8.00,41.00,48.00,0.00,38.00,10.00,0.00,0.00,0.00,0.00,163.00,67.00,230.00,2.00,57.00,31.00,1.00,5.00,0.00,,4.00,0.00,1478.00,,,,,,0.17,0.01,303.13,1,6,339,19790,DL,Delta Air Lines Inc.,DL,Delta Air Lines Inc.,01260,D,3,3,2024,4
282.23,0.00,30.38,36.33,0.00,0.00,0.00,0.00,61.67,0.00,0.25,19.89,0.00,21.69,0.00,3.86,456.28,58.81,0.00,81.52,45.25,0.00,3.69,0.00,0.00,0.00,0.00,0.00,189.28,3.01,192.29,10.71,0.00,0.00,8.51,0.00,5.70,,0.00,,673.49,,,,,,0.25,0.06,202.89,1,6,631,20397,OH,PSA Airlines Inc.,OH,PSA Airlines Inc.,11030,L,2,2,2024,2
283.22,0.00,3.86,275.95,20.74,0.00,1788.49,0.00,479.96,5.57,3.27,44.78,0.00,23.59,0.00,258.12,3187.55,3.05,0.00,106.17,0.00,0.00,61.78,0.00,137.38,0.00,159.74,0.00,468.12,82.28,550.40,0.00,25.65,0.00,37.31,0.00,0.00,,0.00,,3800.90,,,,,,0.32,0.08,483.47,2,6,626,19874,8C,Air Transport International,8C,Air Transport International,16028,A,2,2,2024,2
289.57,0.00,35.37,31.82,0.00,0.00,0.00,0.00,161.57,0.00,0.28,25.92,0.00,30.78,0.00,4.57,579.88,64.08,0.00,117.12,139.55,0.00,1.43,0.00,0.00,0.00,0.00,0.00,322.19,2.45,324.64,9.96,0.00,0.00,5.86,0.00,4.77,,0.00,,925.10,,,,,,0.25,0.06,202.91,1,6,638,20397,OH,PSA Airlines Inc.,OH,PSA Airlines Inc.,11030,L,2,2,2024,1
292.85,0.00,25.07,0.07,0.20,0.00,982.25,0.00,537.68,0.00,0.59,46.12,0.00,31.87,23.11,0.59,1940.40,72.56,0.00,30.78,5.95,0.00,6.82,0.00,0.00,0.00,0.00,0.00,116.11,109.09,225.20,0.00,0.00,0.00,3.97,0.00,15.47,,0.00,,2185.04,,,,,,0.54,0.05,442.32,1,6,694,20436,F9,Frontier Airlines Inc.,F9,Frontier Airlines Inc.,16461,L,3,3,2024,2
295.50,0.00,50.45,48.37,0.00,0.00,0.00,0.00,166.75,0.00,0.00,23.05,0.00,26.99,0.00,0.00,611.11,63.68,1.97,64.40,1.68,0.00,18.30,6.53,0.00,0.00,0.00,114.68,271.22,78.47,349.69,6.11,0.00,0.00,0.02,0.00,0.00,,0.00,,966.93,,,,,,0.36,0.15,245.23,1,6,677,20398,MQ,Envoy Air,MQ,Envoy Air,16820,L,3,3,2024,2
296.64,,4.01,,,,723.33,,,,49.09,21.96,,19.24,,0.00,1114.28,126.52,,62.70,-1.46,,44.51,0.00,,,,,232.27,,232.27,,139.95,20.89,0.00,0.00,133.83,,,,1641.21,,,,,,0.22,0.10,207.37,2,7,715,20447,U7,USA Jet Airlines Inc.,U7,USA Jet Airlines Inc.,06912,D,3,3,2024,2
298.72,0.00,0.00,0.00,0.00,,443.75,0.00,0.00,0.00,36.58,17.42,0.00,23.83,0.00,0.00,820.30,0.00,0.00,146.39,0.00,,0.00,438.04,0.00,0.00,0.00,0.00,584.43,0.00,584.43,0.00,0.00,0.00,0.00,0.00,0.00,,0.00,,1404.73,,,,,,0.20,0.06,63.29,1,6,495,21974,3EQ,"Scott Aviation, LLC  d/b/a  Silver Air",3EQ,"Scott Aviation, LLC  d/b/a  Silver Air",01234,D,2,2,2024,1
298.99,327.57,1.61,0.00,0.00,0.00,433.56,0.26,192.25,0.00,13.59,36.93,0.00,25.39,0.00,-124.64,1205.50,18.68,4.67,0.00,0.00,0.00,76.35,19.09,0.00,0.00,0.00,0.00,118.78,0.00,118.78,0.00,0.00,0.00,57.61,0.00,0.00,,0.00,,1381.89,,,,,,0.07,0.09,114.16,1,6,622,20405,N8,National Air Cargo Group Inc d/ba National Airlines,N8,National Air Cargo Group Inc d/ba National Airlines,07029,D,2,2,2024,1
305.42,,8.22,,,,714.34,,,,21.74,14.38,,15.30,,0.00,1079.41,188.43,,16.11,0.00,,43.15,0.00,,,,,247.68,,247.68,,172.06,33.99,0.00,0.00,230.67,,,,1763.81,,,,,,0.14,0.11,30.45,2,7,715,20447,U7,USA Jet Airlines Inc.,U7,USA Jet Airlines Inc.,16917,I,3,3,2024,4
306.28,0.00,0.00,0.00,0.00,,343.25,0.00,0.00,0.00,56.04,38.90,0.00,24.00,0.00,0.00,768.48,0.00,0.00,416.78,0.00,,0.00,269.83,0.00,0.00,0.00,0.00,686.61,0.00,686.61,0.00,0.00,0.00,0.00,0.00,0.00,,0.00,,1455.09,,,,,,0.05,0.02,33.64,1,6,658,21974,3EQ,"Scott Aviation, LLC  d/b/a  Silver Air",3EQ,"Scott Aviation, LLC  d/b/a  Silver Air",01234,D,2,2,2024,1
314.00,0.00,10.00,29.00,0.00,0.00,660.00,0.00,41.00,0.00,5.00,100.00,0.00,17.00,0.00,2.00,1178.00,24.00,11.00,55.00,65.00,0.00,51.00,14.00,0.00,0.00,0.00,0.00,220.00,91.00,311.00,3.00,77.00,41.00,2.00,6.00,0.00,,6.00,0.00,1624.00,,,,,,0.23,0.03,279.82,1,6,622,19790,DL,Delta Air Lines Inc.,DL,Delta Air Lines Inc.,10261,A,3,3,2024,4
315.28,0.00,4.40,271.46,21.26,0.00,2273.67,0.00,574.30,6.35,15.10,52.96,0.00,23.11,0.00,299.42,3857.32,3.92,0.00,394.19,0.02,0.00,71.67,0.00,-39.84,0.00,184.20,0.00,614.15,95.04,709.19,0.00,86.65,0.00,42.38,0.00,0.00,,0.00,,4695.53,,,,,,0.36,0.05,559.20,2,6,626,19874,8C,Air Transport International,8C,Air Transport International,16028,A,2,2,2024,3
319.08,0.00,0.00,0.00,0.00,,518.87,0.00,0.00,0.00,29.56,45.84,0.00,13.62,0.00,0.00,926.97,0.00,0.00,428.20,0.00,,0.00,301.21,0.00,0.00,0.00,0.00,729.41,0.00,729.41,0.00,0.00,0.00,0.00,0.00,0.00,,0.00,,1656.38,,,,,,0.19,0.03,106.15,1,6,658,21974,3EQ,"Scott Aviation, LLC  d/b/a  Silver Air",3EQ,"Scott Aviation, LLC  d/b/a  Silver Air",01234,D,2,2,2024,3
322.00,0.00,19.00,71.00,2.00,,219.00,,0.00,0.00,4.00,156.00,,14.00,8.00,44.00,859.00,,,9.00,,,61.00,25.00,91.00,,7.00,,193.00,247.00,440.00,,165.00,144.00,9.00,7.00,,,,,1624.00,,,,,,0.08,0.06,99.36,2,6,622,20107,FX,Federal Express Corporation,FX,Federal Express Corporation,16195,L,3,3,2024,3
328.82,0.00,57.80,41.63,0.00,0.00,0.00,0.00,154.05,0.00,0.00,20.52,0.00,33.68,0.00,0.00,636.51,62.03,1.92,58.34,0.00,0.00,14.20,4.82,0.00,0.00,0.00,95.76,237.07,80.58,317.66,5.87,0.00,0.00,0.02,0.00,0.00,,0.00,,960.05,,,,,,0.32,0.13,213.95,1,6,677,20398,MQ,Envoy Air,MQ,Envoy Air,16820,L,3,3,2024,1
333.32,0.00,47.19,51.64,30.64,0.00,0.00,0.83,18.05,0.52,4.66,42.26,0.00,24.27,-11.41,0.22,542.18,130.51,0.00,154.59,9.05,0.00,35.94,2.31,0.00,0.00,0.00,0.00,332.40,0.00,332.40,5.26,0.00,0.00,0.00,4.22,0.00,,0.00,0.00,884.06,,,,,,0.35,0.07,239.95,1,6,638,20363,9E,Endeavor Air Inc.,9E,Endeavor Air Inc.,11027,L,2,2,2024,3
333.61,,3.38,,,,467.01,,,,33.85,34.59,,26.56,,0.00,898.98,100.06,,37.98,1.74,,31.11,0.00,,,,,170.90,,170.90,,114.74,15.99,0.00,0.00,94.76,,,,1295.37,,,,,,0.11,0.12,91.96,2,7,715,20447,U7,USA Jet Airlines Inc.,U7,USA Jet Airlines Inc.,06912,D,3,3,2024,1
334.49,107.63,0.00,315.06,26.15,,310.03,0.00,0.00,0.14,0.28,41.58,0.00,35.07,0.00,20.93,1191.35,242.10,0.00,0.00,0.00,,0.19,0.00,0.00,0.00,0.00,0.00,242.29,0.00,242.29,0.00,0.00,0.00,0.00,0.00,0.00,,0.00,,1433.64,,,,,,0.51,0.12,395.13,2,5,556,20169,L2,Lynden Air Cargo Airlines,L2,Lynden Air Cargo Airlines,11040,I,2,2,2024,2
337.00,0.00,5.00,20.00,0.00,0.00,782.00,0.00,26.00,0.00,3.00,64.00,0.00,11.00,0.00,1.00,1249.00,16.00,6.00,19.00,46.00,0.00,34.00,17.00,0.00,0.00,0.00,0.00,138.00,55.00,193.00,2.00,49.00,25.00,1.00,4.00,0.00,,4.00,0.00,1527.00,,,,,,0.15,0.01,312.33,1,6,687,19790,DL,Delta Air Lines Inc.,DL,Delta Air Lines Inc.,10262,P,3,3,2024,3
343.67,0.00,26.30,0.22,0.31,0.00,856.43,0.00,768.41,0.00,0.74,58.40,0.00,18.26,30.13,0.90,2103.76,87.04,0.00,52.66,37.51,0.00,8.51,0.00,0.00,0.00,0.00,0.00,185.72,116.93,302.64,0.00,0.00,0.00,4.71,0.00,21.83,,0.00,,2432.94,,,,,,0.41,0.04,343.17,1,6,699,20436,F9,Frontier Airlines Inc.,F9,Frontier Airlines Inc.,16461,L,3,3,2024,4
348.14,7.52,27.53,298.09,6.32,0.00,507.11,0.00,298.95,21.50,15.32,66.04,0.00,15.05,0.00,0.00,1611.57,152.54,0.79,111.77,0.00,0.00,0.00,0.00,0.39,0.00,53.99,0.00,319.48,47.68,367.16,0.00,0.00,0.00,0.00,0.00,215.59,,0.00,,2194.33,,,,,,0.12,0.03,188.20,1,6,625,20377,X9,Omni Air International LLC,X9,Omni Air International LLC,06738,D,2,2,2024,4
350.92,170.69,28.88,47.97,0.00,,746.13,0.00,1194.42,135.83,148.64,43.35,0.00,73.52,0.00,0.00,2940.35,267.73,0.00,0.00,0.00,,266.88,0.00,0.00,0.00,0.00,0.00,534.61,0.00,534.61,0.00,15.34,0.00,0.00,0.00,60.65,,12.73,,3563.68,,,,,,0.32,0.09,226.45,1,6,698,22085,GCA,"Global Crossing Airlines, Inc.",GCA,"Global Crossing Airlines, Inc.",01227,S,2,2,2024,1
356.90,353.33,3.37,0.00,0.00,0.00,839.35,0.00,459.58,0.00,19.17,24.32,0.00,36.25,0.00,337.61,2429.88,51.72,12.93,0.00,0.00,0.00,197.65,49.41,0.00,0.00,0.00,0.00,311.71,0.00,311.71,0.00,0.00,0.00,252.68,0.00,0.00,,0.00,,2994.26,,,,,,0.16,0.09,268.48,1,6,622,20405,N8,National Air Cargo Group Inc d/ba National Airlines,N8,National Air Cargo Group Inc d/ba National Airlines,07029,D,2,2,2024,3
357.95,0.00,26.53,116.10,61.41,0.00,649.95,1.88,2.27,0.30,21.99,14.64,0.00,24.55,0.00,266.82,1544.36,110.54,0.00,0.00,0.00,0.00,181.03,166.43,0.00,0.00,0.00,0.00,458.00,0.00,458.00,,0.00,0.00,0.00,0.00,0.10,,0.00,,2002.46,,,,,,0.25,0.03,208.58,2,6,625,20151,M6,Amerijet International,M6,Amerijet International,06052,D,2,2,2024,1
367.61,,2.96,,,,306.45,,,,29.62,28.07,,27.76,,0.00,762.46,87.56,,146.79,0.00,,52.29,0.00,,,,,286.64,,286.64,,100.39,13.99,0.00,0.00,82.92,,,,1246.40,,,,,,0.27,0.24,223.34,2,6,681,20447,U7,USA Jet Airlines Inc.,U7,USA Jet Airlines Inc.,06912,D,3,3,2024,1
370.01,0.00,0.00,0.00,0.00,,588.68,0.00,0.00,0.00,17.39,50.66,0.00,28.26,0.00,0.00,1054.99,0.00,0.00,194.97,0.00,,0.00,361.80,0.00,0.00,0.00,0.00,556.77,0.00,556.77,0.00,0.00,0.00,0.00,0.00,0.00,,0.00,,1611.76,,,,,,0.11,0.03,62.19,1,6,658,21974,3EQ,"Scott Aviation, LLC  d/b/a  Silver Air",3EQ,"Scott Aviation, LLC  d/b/a  Silver Air",01234,D,2,2,2024,2
370.54,366.83,3.50,0.00,0.00,0.00,871.43,0.00,477.14,0.00,19.90,25.25,0.00,37.64,0.00,350.52,2522.74,53.69,13.42,0.00,0.00,0.00,205.20,51.30,0.00,0.00,0.00,0.00,323.62,0.00,323.62,0.00,0.00,0.00,262.33,0.00,0.00,,0.00,,3108.69,,,,,,0.17,0.09,147.16,1,6,622,20405,N8,National Air Cargo Group Inc d/ba National Airlines,N8,National Air Cargo Group Inc d/ba National Airlines,11049,I,2,2,2024,3
375.70,0.00,1.69,368.43,29.06,0.00,2143.79,0.00,595.25,6.26,38.29,60.88,0.00,33.06,0.00,325.10,3977.49,3.16,0.00,489.39,4.90,0.00,30.73,0.00,186.88,0.00,175.53,0.00,890.59,98.67,989.27,0.00,6.13,0.00,41.23,0.00,0.00,,0.00,,5014.11,,,,,,0.39,0.06,577.91,2,6,626,19874,8C,Air Transport International,8C,Air Transport International,16028,A,2,2,2024,1
376.00,0.00,0.00,33.00,0.00,0.00,871.00,6.00,39.00,0.00,1.00,111.00,0.00,20.00,35.00,5.00,1497.00,113.00,5.00,189.00,136.00,0.00,36.00,23.00,0.00,0.00,0.00,0.00,502.00,130.00,631.00,3.00,128.00,19.00,12.00,0.00,1.00,,0.00,,2290.00,,,,,,0.36,0.04,326.00,2,6,614,19930,AS,Alaska Airlines Inc.,AS,Alaska Airlines Inc.,06031,D,3,3,2024,2
377.45,0.00,5.95,158.06,19.56,0.00,24.86,0.00,74.67,9.39,1.72,68.58,0.00,17.34,0.00,5.53,763.09,207.40,0.00,447.78,50.10,0.00,75.30,0.00,34.30,0.00,32.92,0.00,847.80,219.15,1066.94,0.00,15.90,0.00,62.35,0.00,0.00,,0.00,,1908.28,,,,,,0.48,0.13,775.00,2,6,625,19874,8C,Air Transport International,8C,Air Transport International,06029,D,2,2,2024,4
378.99,61.57,7.99,90.74,2.23,,320.21,2.90,0.00,0.51,0.00,8.61,0.00,30.60,0.00,112.95,1017.28,154.69,0.00,109.49,4.41,,95.35,15.31,0.00,0.00,53.28,0.00,432.53,-12.68,419.84,0.00,0.00,0.00,10.04,11.34,1.05,,0.96,,1460.52,,,,,,0.42,0.09,132.49,1,4,442,20401,3M,Silver Airways,3M,Silver Airways,11056,I,2,2,2024,4
387.28,0.00,49.68,24.16,220.37,0.00,0.00,5.87,114.89,18.03,62.80,32.95,0.00,35.19,-247.28,4.50,708.44,1603.14,0.00,-1108.48,144.66,0.00,179.82,6.88,0.00,0.00,0.00,0.00,826.09,0.00,826.09,0.00,0.00,0.00,0.00,31.03,0.00,,0.00,0.00,1565.54,,,,,,2.76,0.81,2074.69,1,6,631,20363,9E,Endeavor Air Inc.,9E,Endeavor Air Inc.,07024,D,2,2,2024,1
387.94,310.00,3.31,0.00,0.00,0.00,740.57,0.27,402.27,0.00,35.31,41.89,0.00,42.01,0.00,390.85,2354.41,42.48,10.62,0.00,0.00,0.00,-69.57,-17.39,0.00,0.00,0.00,0.00,-33.86,0.00,-33.86,0.00,0.00,0.00,234.33,0.00,0.00,,0.00,,2554.87,,,,,,0.14,0.09,188.92,1,6,622,20405,N8,National Air Cargo Group Inc d/ba National Airlines,N8,National Air Cargo Group Inc d/ba National Airlines,07029,D,2,2,2024,2
389.00,0.00,16.00,35.00,0.00,0.00,735.00,0.00,48.00,0.00,5.00,111.00,0.00,18.00,0.00,1.00,1358.00,28.00,9.00,56.00,89.00,0.00,59.00,28.00,0.00,0.00,0.00,0.00,269.00,101.00,370.00,3.00,88.00,45.00,2.00,7.00,0.00,,7.00,0.00,1880.00,,,,,,0.27,0.04,280.10,1,6,694,19790,DL,Delta Air Lines Inc.,DL,Delta Air Lines Inc.,10260,L,3,3,2024,2
393.75,,32.00,46.36,,,1749.03,,1.05,,,109.81,,11.41,31.09,,2374.49,33.79,0.05,1004.79,2.55,,43.52,17.75,,,,,1102.44,74.09,1176.53,51.81,147.13,25.89,7.10,77.23,,,,,3860.17,,,,,,0.44,0.03,718.15,1,6,626,19977,UA,United Air Lines Inc.,UA,United Air Lines Inc.,0A875,D,3,3,2024,3
399.47,0.00,0.07,58.22,0.00,0.00,45.59,0.00,81.92,1.02,0.56,32.35,0.00,32.43,5.04,5.04,661.69,62.34,0.00,129.12,109.85,0.00,75.04,9.44,0.00,0.00,0.00,0.00,385.80,50.62,436.42,0.00,89.87,36.00,0.00,0.00,47.00,,0.00,,1270.97,,,,,,0.39,0.11,214.02,1,6,631,20304,OO,SkyWest Airlines Inc.,OO,SkyWest Airlines Inc.,11025,L,3,3,2024,1
400.00,0.00,11.00,24.00,0.00,0.00,1008.00,0.00,33.00,0.00,4.00,77.00,0.00,13.00,0.00,1.00,1571.00,19.00,6.00,39.00,62.00,0.00,41.00,20.00,0.00,0.00,0.00,0.00,187.00,70.00,257.00,2.00,61.00,31.00,2.00,5.00,0.00,,5.00,0.00,1934.00,,,,,,0.19,0.01,384.28,1,6,687,19790,DL,Delta Air Lines Inc.,DL,Delta Air Lines Inc.,10262,P,3,3,2024,2
400.11,0.00,57.29,51.85,35.53,0.00,0.00,0.89,20.52,0.24,6.44,46.01,0.00,23.32,4.08,0.64,646.90,158.95,0.00,155.94,10.37,0.00,48.00,-0.06,0.00,0.00,0.00,0.00,373.22,0.00,373.22,6.68,0.00,0.00,0.00,4.97,0.00,,0.00,0.00,1031.79,,,,,,0.41,0.08,281.55,1,6,638,20363,9E,Endeavor Air Inc.,9E,Endeavor Air Inc.,11027,L,2,2,2024,4
401.00,0.00,9.00,34.00,0.00,0.00,1248.00,0.00,43.00,1.00,4.00,106.00,0.00,18.00,0.00,1.00,1865.00,26.00,10.00,32.00,77.00,0.00,57.00,28.00,0.00,0.00,0.00,0.00,230.00,92.00,322.00,3.00,81.00,42.00,2.00,7.00,0.00,,7.00,0.00,2329.00,,,,,,0.25,0.02,498.23,1,6,696,19790,DL,Delta Air Lines Inc.,DL,Delta Air Lines Inc.,01260,D,3,3,2024,3
405.98,0.00,0.00,14.41,0.46,,1124.72,1.62,0.00,0.26,7.63,99.68,0.00,11.49,35.57,-1.51,1700.33,91.89,0.00,252.96,0.00,,124.21,286.23,0.00,,0.00,,755.29,108.27,863.56,,204.92,84.66,77.81,,,,1.64,,2932.92,,,,,,0.20,0.05,469.34,2,7,740,19917,5X,United Parcel Service,5X,United Parcel Service,16911,A,3,3,2024,3
407.00,0.00,9.00,36.00,0.00,0.00,456.00,0.00,45.00,1.00,4.00,112.00,0.00,19.00,0.00,2.00,1091.00,28.00,11.00,34.00,81.00,0.00,61.00,30.00,0.00,0.00,0.00,0.00,245.00,97.00,342.00,3.00,86.00,44.00,2.00,7.00,0.00,,7.00,0.00,1582.00,,,,,,0.26,0.05,182.10,1,6,723,19790,DL,Delta Air Lines Inc.,DL,Delta Air Lines Inc.,10260,L,3,3,2024,3
419.54,0.00,0.00,15.81,0.38,,894.55,0.53,5.14,0.39,10.51,85.21,0.00,6.47,29.32,0.62,1468.45,98.54,0.00,111.98,0.00,,84.50,512.07,0.00,,0.00,,807.08,105.52,912.60,,196.39,20.72,6.94,,,,1.63,,2606.73,,,,,,0.20,0.05,378.82,2,6,691,19917,5X,United Parcel Service,5X,United Parcel Service,16912,L,3,3,2024,4
426.54,,29.17,46.42,,,2066.71,,1.99,,,110.87,-2.04,20.90,35.85,,2736.41,36.50,0.04,928.47,-0.40,,86.90,-14.24,,,,,1037.27,78.58,1115.85,58.03,184.45,30.10,8.48,100.33,,,,,4233.64,,,,,,0.50,0.04,778.61,1,6,626,19977,UA,United Air Lines Inc.,UA,United Air Lines Inc.,0A875,D,3,3,2024,2
428.23,,5.87,198.02,0.00,,2015.36,,0.00,,0.00,100.00,,38.09,,15.49,2801.05,21.68,,82.61,,,78.39,11.01,1.94,,,,195.64,173.63,369.27,,45.76,67.04,30.54,0.00,0.00,,0.00,0.00,3313.65,,,,,,0.54,0.17,1719.41,1,8,819,20007,5Y,Atlas Air Inc.,5Y,Atlas Air Inc.,06087,D,3,3,2024,1
429.19,0.00,0.00,29.49,0.00,,3.12,0.00,0.00,0.00,3.79,6.53,0.00,11.12,0.00,37.40,520.64,24.41,0.00,50.59,53.85,,154.67,0.00,0.00,0.00,0.00,0.00,283.52,6.20,289.72,0.00,37.21,149.79,-0.42,0.00,3.01,,0.00,,999.94,,,,,,0.09,0.09,45.65,1,6,677,20445,C5,CommuteAir LLC dba CommuteAir,C5,CommuteAir LLC dba CommuteAir,06944,D,2,2,2024,4
430.00,0.00,9.00,34.00,0.00,0.00,1144.00,0.00,43.00,1.00,4.00,107.00,0.00,18.00,0.00,1.00,1791.00,26.00,11.00,32.00,77.00,0.00,58.00,28.00,0.00,0.00,0.00,0.00,232.00,92.00,324.00,3.00,81.00,42.00,2.00,7.00,0.00,,7.00,0.00,2257.00,,,,,,0.25,0.02,456.65,1,6,339,19790,DL,Delta Air Lines Inc.,DL,Delta Air Lines Inc.,01260,D,3,3,2024,3
453.96,0.00,0.00,3.85,0.00,,191.76,0.00,0.00,0.00,11.38,2.35,0.00,17.28,0.00,17.48,698.07,22.73,0.00,192.00,43.13,,-28.13,0.00,0.00,0.00,0.00,0.00,229.74,5.60,235.34,0.00,37.21,149.79,1.66,0.00,2.96,,0.00,,1125.02,,,,,,0.18,0.09,86.63,1,6,677,20445,C5,CommuteAir LLC dba CommuteAir,C5,CommuteAir LLC dba CommuteAir,06944,D,2,2,2024,3
456.00,0.00,12.00,35.00,0.00,0.00,1270.00,0.00,50.00,0.00,6.00,121.00,0.00,20.00,0.00,2.00,1972.00,29.00,14.00,67.00,79.00,0.00,61.00,17.00,0.00,0.00,0.00,0.00,267.00,110.00,377.00,4.00,94.00,50.00,2.00,8.00,0.00,,7.00,0.00,2514.00,,,,,,0.27,0.02,538.40,1,6,696,19790,DL,Delta Air Lines Inc.,DL,Delta Air Lines Inc.,01260,D,3,3,2024,4
461.20,60.33,0.00,78.04,0.00,,393.10,0.00,118.57,0.00,55.33,72.11,0.00,40.59,0.00,330.93,1610.19,217.94,0.00,0.00,0.00,,476.28,0.00,0.00,0.00,0.00,0.00,694.21,0.00,694.21,0.00,242.04,65.52,8.75,0.00,0.00,,0.00,,2620.70,,,,,,0.34,0.14,324.48,2,6,617,21161,09Q,"Swift Air, LLC d/b/a Eastern Air Lines d/b/a Eastern",09Q,"Swift Air, LLC d/b/a Eastern Air Lines d/b/a Eastern",01130,D,2,2,2024,1
463.64,196.35,0.00,497.72,3.44,,253.92,0.00,0.00,3.47,113.08,50.73,0.00,29.65,0.00,18.38,1630.39,333.53,0.00,0.00,0.00,,1.06,0.00,0.00,0.00,0.00,0.00,334.60,0.00,334.60,0.00,0.00,0.00,0.00,0.00,0.00,,0.00,,1964.99,,,,,,0.57,0.21,470.73,2,5,556,20169,L2,Lynden Air Cargo Airlines,L2,Lynden Air Cargo Airlines,11040,I,2,2,2024,4
468.27,513.03,2.52,0.00,0.00,0.00,679.03,0.40,301.10,0.00,21.29,57.83,0.00,39.76,0.00,-195.21,1888.03,29.25,7.31,0.00,0.00,0.00,119.58,29.89,0.00,0.00,0.00,0.00,186.03,0.00,186.03,0.00,0.00,0.00,90.23,0.00,0.00,,0.00,,2164.29,,,,,,0.11,0.09,104.46,1,6,622,20405,N8,National Air Cargo Group Inc d/ba National Airlines,N8,National Air Cargo Group Inc d/ba National Airlines,11049,I,2,2,2024,1
487.03,0.00,35.11,71.24,0.00,0.00,0.00,0.00,273.21,0.00,0.00,34.11,0.00,36.76,0.00,0.00,937.46,100.22,3.10,100.75,0.00,0.00,22.77,10.30,0.00,0.00,0.00,127.28,364.41,127.78,492.19,9.95,0.00,0.00,0.02,0.00,0.00,,0.00,,1439.62,,,,,,0.58,0.24,404.67,1,6,677,20398,MQ,Envoy Air,MQ,Envoy Air,16820,L,3,3,2024,3
490.35,0.00,9.70,51.84,0.55,,1.51,0.00,62.83,7.27,0.00,20.25,0.00,28.82,0.00,0.00,673.12,151.12,37.78,347.18,304.80,,16.58,4.15,0.00,0.00,0.00,0.00,861.60,0.00,861.60,0.00,136.50,2.41,9.27,0.00,4.10,,0.00,,1687.00,,,,,,0.75,0.12,377.95,1,6,673,20378,YV,Mesa Airlines Inc.,YV,Mesa Airlines Inc.,11022,L,2,2,2024,4
497.19,0.00,9.50,33.02,0.44,,12.74,0.00,54.36,6.77,0.00,23.41,0.00,37.07,0.00,0.01,674.51,178.71,44.68,338.31,147.34,,24.34,6.08,0.00,0.00,0.00,0.00,739.46,0.00,739.46,0.00,128.83,2.45,7.49,0.00,4.05,,0.00,,1556.77,,,,,,0.76,0.12,417.05,1,6,673,20378,YV,Mesa Airlines Inc.,YV,Mesa Airlines Inc.,11022,L,2,2,2024,3
498.11,0.00,22.53,67.67,0.00,,0.76,0.00,0.00,0.00,3.27,32.31,0.00,55.31,0.00,37.77,717.72,203.43,0.00,46.59,191.33,,291.30,0.00,0.00,0.00,0.00,0.00,732.66,131.23,863.88,0.00,0.00,0.00,10.42,0.00,1.07,,0.00,,1593.09,,,,,,0.68,0.17,326.92,1,6,675,20445,C5,CommuteAir LLC dba CommuteAir,C5,CommuteAir LLC dba CommuteAir,11059,L,2,2,2024,4
508.17,0.00,34.55,82.02,0.00,0.00,0.00,0.00,289.86,0.00,0.00,33.49,0.00,37.20,0.00,0.00,985.28,92.44,2.86,105.79,6.32,0.00,30.71,10.38,0.00,0.00,0.00,117.50,365.99,145.86,511.85,10.34,0.00,0.00,-0.01,0.00,0.00,,0.00,,1507.46,,,,,,0.58,0.26,391.79,1,6,677,20398,MQ,Envoy Air,MQ,Envoy Air,16820,L,3,3,2024,4
510.00,0.00,0.00,44.00,0.00,0.00,1122.00,2.00,41.00,0.00,2.00,151.00,0.00,28.00,48.00,7.00,1955.00,76.00,3.00,119.00,99.00,0.00,24.00,15.00,0.00,0.00,0.00,0.00,338.00,87.00,425.00,2.00,132.00,48.00,11.00,0.00,2.00,,0.00,,2576.00,,,,,,0.48,0.05,424.00,1,6,634,19930,AS,Alaska Airlines Inc.,AS,Alaska Airlines Inc.,16031,L,3,3,2024,2
511.60,0.00,16.27,94.45,17.08,,20.23,0.00,88.73,1.50,0.00,31.94,0.00,50.40,0.00,1.35,833.55,128.81,32.20,189.62,-0.59,,30.84,7.71,0.00,0.00,0.00,0.00,388.60,0.00,388.60,0.00,75.77,29.59,73.03,0.00,25.61,,0.00,,1426.14,,,,,,0.47,0.09,340.51,1,6,638,20378,YV,Mesa Airlines Inc.,YV,Mesa Airlines Inc.,11022,L,2,2,2024,1
512.84,90.22,14.84,129.36,2.42,,547.21,3.68,0.00,0.80,0.00,12.50,0.00,45.98,0.00,157.61,1517.45,214.70,0.00,201.55,3.15,,73.18,20.39,0.00,0.00,69.76,0.00,582.72,-77.34,505.38,0.00,0.00,0.00,11.85,21.84,1.76,,1.18,,2059.46,,,,,,0.61,0.09,205.12,1,4,442,20401,3M,Silver Airways,3M,Silver Airways,11056,I,2,2,2024,3
518.75,67.86,0.00,87.78,0.00,,442.16,0.00,133.37,0.00,62.23,81.11,0.00,45.66,0.00,372.22,1811.13,245.13,0.00,0.00,0.00,,535.71,0.00,0.00,0.00,0.00,0.00,780.84,0.00,780.84,0.00,272.24,73.69,9.84,0.00,0.00,,0.00,,2947.74,,,,,,0.46,0.13,411.08,1,6,614,21161,09Q,"Swift Air, LLC d/b/a Eastern Air Lines d/b/a Eastern",09Q,"Swift Air, LLC d/b/a Eastern Air Lines d/b/a Eastern",11054,I,2,2,2024,1
520.00,0.00,10.00,28.00,0.00,0.00,1092.00,0.00,41.00,0.00,5.00,99.00,0.00,16.00,0.00,2.00,1813.00,24.00,11.00,55.00,65.00,0.00,50.00,14.00,0.00,0.00,0.00,0.00,219.00,90.00,309.00,3.00,77.00,41.00,2.00,6.00,0.00,,5.00,0.00,2256.00,,,,,,0.22,0.02,462.74,1,6,687,19790,DL,Delta Air Lines Inc.,DL,Delta Air Lines Inc.,10262,P,3,3,2024,4
520.97,0.00,0.00,0.00,0.00,,699.73,0.00,0.00,0.00,32.14,75.85,0.00,38.15,0.00,0.00,1366.83,0.00,0.00,289.19,0.00,,0.00,872.07,0.00,0.00,0.00,0.00,1161.26,0.00,1161.26,0.00,0.00,0.00,0.00,0.00,0.00,,0.00,,2528.09,,,,,,0.36,0.08,170.78,1,6,667,21974,3EQ,"Scott Aviation, LLC  d/b/a  Silver Air",3EQ,"Scott Aviation, LLC  d/b/a  Silver Air",01234,D,2,2,2024,2
529.00,0.00,29.02,86.69,0.00,,1.56,0.00,0.00,0.00,4.19,21.31,0.00,53.76,0.00,40.61,766.14,222.06,0.00,133.71,224.98,,382.88,0.00,0.00,0.00,0.00,0.00,963.64,174.37,1138.00,0.00,0.00,0.00,12.15,0.00,1.32,,0.00,,1917.62,,,,,,0.79,0.20,374.70,1,6,675,20445,C5,CommuteAir LLC dba CommuteAir,C5,CommuteAir LLC dba CommuteAir,11059,L,2,2,2024,2
532.06,0.00,0.00,0.00,0.00,,1048.39,0.00,0.00,0.00,59.00,70.42,0.00,26.08,0.00,0.00,1735.94,0.00,0.00,306.59,0.00,,0.00,546.60,0.00,0.00,0.00,0.00,853.20,0.00,853.20,0.00,0.00,0.00,0.00,0.00,0.00,,0.00,,2589.14,,,,,,0.52,0.09,254.94,1,6,667,21974,3EQ,"Scott Aviation, LLC  d/b/a  Silver Air",3EQ,"Scott Aviation, LLC  d/b/a  Silver Air",01234,D,2,2,2024,3
539.79,0.00,0.00,0.00,0.00,0.00,3539.56,0.00,557.64,11.91,43.19,0.00,0.00,0.00,0.00,838.92,5531.01,266.69,0.00,319.10,73.95,0.00,125.58,0.00,0.00,0.00,0.00,0.00,785.32,0.00,785.32,0.00,243.13,38.24,47.76,3.81,0.00,,0.00,,6649.27,,,,,,0.42,0.11,332.49,2,6,617,20108,NC,Northern Air Cargo Inc.,NC,Northern Air Cargo Inc.,06721,D,2,2,2024,1
555.52,11.63,76.20,514.06,5.38,0.00,1195.53,0.00,476.53,25.97,30.71,93.23,0.00,36.14,0.00,0.00,3020.89,242.52,1.28,24.21,0.00,0.00,0.00,0.00,0.61,0.00,28.18,0.00,296.79,178.89,475.69,0.00,0.00,0.00,0.00,0.00,157.53,,0.00,,3654.10,,,,,,0.21,0.05,337.79,1,6,625,20377,X9,Omni Air International LLC,X9,Omni Air International LLC,06738,D,2,2,2024,3
557.11,0.00,7.89,248.08,35.02,0.00,31.61,0.03,97.16,11.42,2.16,94.78,0.00,39.90,0.00,6.57,1131.71,302.65,0.00,689.62,74.65,0.00,102.84,0.00,49.24,0.00,44.22,0.00,1263.21,319.46,1582.67,0.00,22.59,0.00,92.40,0.00,0.00,,0.00,,2829.36,,,,,,0.53,0.17,957.10,2,6,625,19874,8C,Air Transport International,8C,Air Transport International,06029,D,2,2,2024,3
562.17,,47.13,61.67,,,2168.59,,2.27,,,145.12,-0.02,13.24,57.19,,3057.36,57.11,0.07,1060.45,3.75,,164.54,7.52,,,,,1293.42,108.75,1402.17,86.03,215.36,42.41,11.14,108.17,,,,,4922.63,,,,,,0.59,0.04,941.63,1,6,626,19977,UA,United Air Lines Inc.,UA,United Air Lines Inc.,0A875,D,3,3,2024,4
564.75,11.82,77.47,499.81,5.47,0.00,996.90,0.00,484.46,20.71,31.22,96.41,0.00,36.74,0.00,0.00,2825.77,246.55,1.30,191.60,0.00,0.00,0.00,0.00,0.62,0.00,28.65,0.00,468.71,207.15,675.86,0.00,0.00,0.00,0.00,0.00,160.14,,0.00,,3661.77,,,,,,0.17,0.05,310.00,1,6,626,20377,X9,Omni Air International LLC,X9,Omni Air International LLC,06738,D,2,2,2024,3
568.00,0.00,56.00,189.00,17.00,,1480.00,,0.00,2.00,2.00,0.00,,58.00,51.00,566.00,2989.00,422.00,47.00,19.00,16.00,,26.00,0.00,129.00,,105.00,,764.00,995.00,1759.00,,94.00,106.00,21.00,-1.00,,,,,4968.00,,,,,,0.21,0.03,537.21,2,7,740,20107,FX,Federal Express Corporation,FX,Federal Express Corporation,16195,L,3,3,2024,2
573.05,,7.93,255.56,0.00,,2350.94,,0.00,,0.00,112.72,,25.69,,16.92,3342.82,26.87,,99.38,,,118.94,18.74,1.73,,,,265.66,224.69,490.34,,56.61,69.88,54.85,0.00,0.00,,0.00,0.00,4014.50,,,,,,0.43,0.14,1348.13,1,8,819,20007,5Y,Atlas Air Inc.,5Y,Atlas Air Inc.,06087,D,3,3,2024,3
577.22,0.00,32.63,78.50,0.00,,2.21,0.00,0.00,0.00,4.51,24.74,0.00,41.54,0.00,45.23,806.58,251.32,0.00,123.28,223.70,,333.35,0.00,0.00,0.00,0.00,0.00,931.65,179.47,1111.12,0.00,0.00,0.00,12.99,0.00,1.30,,0.00,,1931.99,,,,,,0.78,0.21,371.09,1,6,675,20445,C5,CommuteAir LLC dba CommuteAir,C5,CommuteAir LLC dba CommuteAir,11059,L,2,2,2024,1
582.35,0.00,73.40,77.65,52.87,0.00,0.00,1.81,34.98,0.59,10.28,72.96,0.00,49.68,11.79,1.27,969.62,219.07,0.00,326.50,13.43,0.00,67.47,2.20,0.00,0.00,0.00,0.00,628.65,0.00,628.65,9.19,0.00,0.00,0.00,7.43,0.00,,0.00,0.00,1614.90,,,,,,0.63,0.11,437.54,1,6,638,20363,9E,Endeavor Air Inc.,9E,Endeavor Air Inc.,11027,L,2,2,2024,2
583.53,403.47,25.33,0.00,0.00,0.00,1348.97,0.00,1159.28,0.00,24.21,15.07,0.00,45.52,0.00,443.59,4048.94,131.00,32.75,0.00,0.00,0.00,-91.17,-22.79,0.00,0.00,0.00,0.00,49.79,0.00,49.79,0.00,0.00,0.00,130.60,0.00,0.00,,0.00,,4229.33,,,,,,0.16,0.09,214.67,1,6,696,20405,N8,National Air Cargo Group Inc d/ba National Airlines,N8,National Air Cargo Group Inc d/ba National Airlines,11049,I,2,2,2024,3
587.05,0.00,0.00,0.00,0.00,,1289.86,0.00,0.00,0.00,74.23,77.49,0.00,23.96,0.00,0.00,2052.59,0.00,0.00,391.73,0.00,,0.00,962.90,0.00,0.00,0.00,0.00,1354.63,0.00,1354.63,0.00,0.00,0.00,0.00,0.00,0.00,,0.00,,3407.21,,,,,,0.38,0.09,272.99,1,6,667,21974,3EQ,"Scott Aviation, LLC  d/b/a  Silver Air",3EQ,"Scott Aviation, LLC  d/b/a  Silver Air",01234,D,2,2,2024,4
589.27,500.95,4.55,0.00,0.00,0.00,987.56,0.72,1229.77,0.00,38.07,63.63,0.00,42.41,0.00,-178.90,3278.03,185.97,46.49,0.00,0.00,0.00,69.39,17.35,0.00,0.00,0.00,0.00,319.19,0.00,319.19,0.00,0.00,0.00,135.33,0.00,0.00,,0.00,,3732.55,,,,,,0.16,0.09,259.69,1,6,696,20405,N8,National Air Cargo Group Inc d/ba National Airlines,N8,National Air Cargo Group Inc d/ba National Airlines,11049,I,2,2,2024,1
592.00,0.00,0.00,44.00,0.00,0.00,926.00,0.00,0.00,0.00,7.00,114.00,0.00,32.00,42.00,69.00,1827.00,9.00,0.00,21.00,0.00,0.00,2.00,1.00,0.00,0.00,0.00,0.00,33.00,9.00,42.00,2.00,307.00,105.00,13.00,0.00,0.00,,0.00,,2296.00,,,,,,0.42,0.07,324.00,1,6,838,19930,AS,Alaska Airlines Inc.,AS,Alaska Airlines Inc.,06031,D,3,3,2024,1
602.61,0.00,7.73,70.37,0.88,,0.94,0.00,79.44,7.02,0.00,37.84,0.00,53.00,0.00,0.01,859.85,182.40,45.60,155.31,215.03,,23.78,5.95,0.00,0.00,0.00,0.00,628.07,0.00,628.07,0.00,140.01,2.61,6.61,0.00,4.07,,0.00,,1641.22,,,,,,0.78,0.13,459.21,1,6,673,20378,YV,Mesa Airlines Inc.,YV,Mesa Airlines Inc.,11022,L,2,2,2024,2
621.78,0.00,0.00,0.00,0.00,0.00,4077.21,0.00,642.35,13.72,49.75,0.00,0.00,0.00,0.00,966.35,6371.16,307.20,0.00,367.57,85.18,0.00,144.65,0.00,0.00,0.00,0.00,0.00,904.61,0.00,904.61,0.00,280.06,44.05,55.01,4.38,0.00,,0.00,,7659.28,,,,,,0.48,0.09,383.00,2,6,614,20108,NC,Northern Air Cargo Inc.,NC,Northern Air Cargo Inc.,06721,D,2,2,2024,1
621.78,0.00,0.00,0.00,0.00,0.00,4077.21,0.00,642.35,13.72,49.75,0.00,0.00,0.00,0.00,966.35,6371.16,307.20,0.00,367.57,85.18,0.00,144.65,0.00,0.00,0.00,0.00,0.00,904.61,0.00,904.61,0.00,280.06,44.05,55.01,4.38,0.00,,0.00,,7659.28,,,,,,0.48,0.09,383.00,2,6,619,20108,NC,Northern Air Cargo Inc.,NC,Northern Air Cargo Inc.,06721,D,2,2,2024,1
623.62,0.09,38.64,109.29,0.00,,5.66,0.00,0.00,0.00,4.11,28.56,0.00,76.56,0.00,42.63,929.16,255.90,0.00,39.40,262.98,,438.88,0.00,0.00,0.00,0.00,0.00,997.16,182.89,1180.05,0.00,0.00,0.00,13.31,0.00,1.48,,0.00,,2124.00,,,,,,1.19,0.20,391.17,1,6,675,20445,C5,CommuteAir LLC dba CommuteAir,C5,CommuteAir LLC dba CommuteAir,11059,L,2,2,2024,3
635.00,0.00,62.00,229.00,16.00,,-14.00,,1.00,2.00,0.00,47.00,,34.00,0.00,-1488.00,-476.00,1.00,0.00,1.00,137.00,,789.00,750.00,73.00,,5.00,,1756.00,2968.00,4724.00,,277.00,130.00,11.00,2.00,,,,,4668.00,,,,,,0.30,0.03,676.94,2,6,683,20107,FX,Federal Express Corporation,FX,Federal Express Corporation,16195,L,3,3,2024,4
640.62,0.00,0.00,0.00,0.00,,1230.27,0.00,0.00,0.00,79.31,77.47,0.00,51.66,0.00,0.00,2079.33,0.00,0.00,323.11,0.00,,0.00,733.46,0.00,0.00,0.00,0.00,1056.57,0.00,1056.57,0.00,0.00,0.00,0.00,0.00,0.00,,0.00,,3135.90,,,,,,0.34,0.08,163.15,1,6,667,21974,3EQ,"Scott Aviation, LLC  d/b/a  Silver Air",3EQ,"Scott Aviation, LLC  d/b/a  Silver Air",01234,D,2,2,2024,1
647.94,,23.92,,,,1379.34,,,,186.08,43.43,,35.91,,0.00,2316.62,653.43,,154.87,8.15,,74.78,0.00,,,,,891.23,,891.23,,545.22,76.56,0.00,0.00,699.03,,,,4528.66,,,,,,0.24,0.37,258.69,2,6,655,20447,U7,USA Jet Airlines Inc.,U7,USA Jet Airlines Inc.,16917,I,3,3,2024,3
649.38,370.82,13.95,0.00,0.00,0.00,1878.87,0.61,1767.73,0.00,79.94,63.55,0.00,61.37,0.00,585.02,5471.25,153.89,38.47,0.00,0.00,0.00,29.89,7.47,0.00,0.00,0.00,0.00,229.72,0.00,229.72,0.00,0.00,0.00,188.14,0.00,0.00,,0.00,,5889.11,,,,,,0.24,0.09,354.05,1,6,696,20405,N8,National Air Cargo Group Inc d/ba National Airlines,N8,National Air Cargo Group Inc d/ba National Airlines,11049,I,2,2,2024,2
651.42,0.00,0.00,0.00,0.00,,579.29,0.00,0.00,0.00,29.56,52.60,0.00,29.20,0.00,0.00,1342.06,0.00,0.00,322.83,0.00,,0.00,411.92,0.00,0.00,0.00,0.00,734.75,0.00,734.75,0.00,0.00,0.00,0.00,0.00,0.00,,0.00,,2076.81,,,,,,0.14,0.03,125.50,1,6,658,21974,3EQ,"Scott Aviation, LLC  d/b/a  Silver Air",3EQ,"Scott Aviation, LLC  d/b/a  Silver Air",01234,D,2,2,2024,4
660.50,0.00,22.41,,,,1495.03,,,,59.24,25.92,,19.96,,0.00,2283.06,513.58,,65.58,0.00,,103.58,0.00,,,,,682.74,,682.74,,468.98,92.64,0.00,0.00,628.73,,,,4156.14,,,,,,0.95,0.32,1252.24,2,6,655,20447,U7,USA Jet Airlines Inc.,U7,USA Jet Airlines Inc.,06912,D,3,3,2024,4
662.90,,6.50,275.76,0.00,,2637.36,,0.00,,0.00,122.19,,19.41,,9.85,3733.97,29.48,,117.68,,,128.83,15.85,1.94,,,,293.78,249.51,543.28,,63.32,69.66,57.68,0.00,0.00,,0.00,0.00,4467.91,,,,,,1.16,0.33,3676.07,1,8,819,20007,5Y,Atlas Air Inc.,5Y,Atlas Air Inc.,16087,I,3,3,2024,4
692.45,,6.79,288.05,0.00,,2754.93,,0.00,,0.00,127.64,,20.28,,10.29,3900.42,30.80,,122.93,,,134.57,16.56,2.02,,,,306.87,260.63,567.50,,66.14,72.77,60.25,0.00,0.00,,0.00,0.00,4667.08,,,,,,0.45,0.13,1429.58,1,8,819,20007,5Y,Atlas Air Inc.,5Y,Atlas Air Inc.,06087,D,3,3,2024,4
700.00,0.00,0.00,56.00,0.00,0.00,1314.00,3.00,58.00,0.00,3.00,124.00,0.00,38.00,51.00,86.00,2432.00,114.00,5.00,135.00,135.00,0.00,20.00,16.00,0.00,0.00,0.00,0.00,425.00,115.00,540.00,3.00,169.00,60.00,14.00,0.00,3.00,,0.00,,3220.00,,,,,,0.52,0.06,458.00,1,6,634,19930,AS,Alaska Airlines Inc.,AS,Alaska Airlines Inc.,16031,L,3,3,2024,1
702.10,0.00,44.34,4.27,0.73,0.00,2168.65,0.00,1495.22,0.00,0.98,111.35,0.00,48.81,44.59,0.53,4621.57,179.98,0.00,80.79,3.40,0.00,23.36,0.00,0.00,0.00,0.00,0.00,287.53,260.00,547.53,0.00,0.00,0.00,7.10,0.00,27.72,,0.00,,5203.92,,,,,,0.90,0.09,931.03,1,6,699,20436,F9,Frontier Airlines Inc.,F9,Frontier Airlines Inc.,16461,L,3,3,2024,3
703.05,12.95,135.29,254.86,13.86,0.00,1336.86,0.00,300.99,4.96,15.83,79.63,0.00,58.55,0.00,0.00,2916.82,269.78,1.36,128.49,0.00,0.00,0.00,0.00,3.54,0.00,33.61,0.00,436.78,190.48,627.26,0.00,0.00,0.00,0.00,0.00,55.97,,0.00,,3600.05,,,,,,0.23,0.06,354.94,1,6,625,20377,X9,Omni Air International LLC,X9,Omni Air International LLC,06738,D,2,2,2024,1
703.48,92.02,0.00,119.03,0.00,,599.61,0.00,180.86,0.00,84.39,109.99,0.00,61.92,0.00,504.77,2456.06,332.42,0.00,0.00,0.00,,726.48,0.00,0.00,0.00,0.00,0.00,1058.90,0.00,1058.90,0.00,369.19,99.93,13.34,0.00,0.00,,0.00,,3997.41,,,,,,0.62,0.16,522.43,1,6,614,21161,09Q,"Swift Air, LLC d/b/a Eastern Air Lines d/b/a Eastern",09Q,"Swift Air, LLC d/b/a Eastern Air Lines d/b/a Eastern",01130,D,2,2,2024,1
706.05,403.18,15.17,0.00,0.00,0.00,2042.82,0.67,1921.99,0.00,86.91,69.09,0.00,66.72,0.00,636.07,5948.67,167.32,41.83,0.00,0.00,0.00,32.50,8.12,0.00,0.00,0.00,0.00,249.77,0.00,249.77,0.00,0.00,0.00,204.56,0.00,0.00,,0.00,,6402.99,,,,,,0.26,0.09,592.66,1,6,696,20405,N8,National Air Cargo Group Inc d/ba National Airlines,N8,National Air Cargo Group Inc d/ba National Airlines,07029,D,2,2,2024,2
707.00,0.00,35.00,57.00,0.00,0.00,2381.00,0.00,87.00,0.00,9.00,198.00,0.00,36.00,0.00,3.00,3513.00,42.00,14.00,101.00,154.00,0.00,107.00,68.00,0.00,0.00,0.00,0.00,486.00,169.00,655.00,5.00,160.00,80.00,4.00,12.00,0.00,,16.00,0.00,4445.00,,,,,,0.44,0.04,858.77,1,6,696,19790,DL,Delta Air Lines Inc.,DL,Delta Air Lines Inc.,01260,D,3,3,2024,1
719.97,0.00,0.00,0.00,0.00,0.00,1823.86,0.00,434.10,2.23,64.37,0.00,0.00,0.00,0.00,360.22,3404.75,500.99,0.00,513.26,164.71,0.00,221.28,0.00,0.00,0.00,0.00,0.00,1400.24,0.00,1400.24,0.00,454.95,85.37,107.14,8.71,0.00,,0.00,,5461.15,,,,,,0.95,0.18,607.19,2,6,626,21634,KH,Aloha Air Cargo,KH,Aloha Air Cargo,01146,D,2,2,2024,1
728.73,,9.40,324.17,0.00,,1463.11,,0.00,,0.00,167.31,,65.01,,34.26,2791.99,34.74,,132.37,,,125.61,17.65,3.11,,,,313.48,278.20,591.68,,307.80,107.41,31.44,0.00,0.00,,0.00,0.00,3830.32,,,,,,1.10,0.16,1647.19,1,6,626,20007,5Y,Atlas Air Inc.,5Y,Atlas Air Inc.,06087,D,3,3,2024,1
734.80,0.00,92.06,98.04,58.51,0.00,0.00,1.58,43.09,4.47,11.60,93.93,0.00,71.60,-30.13,1.21,1180.77,260.77,0.00,314.77,18.98,0.00,71.04,3.07,0.00,0.00,0.00,0.00,668.71,0.00,668.71,11.03,0.00,0.00,0.00,8.34,0.00,,0.00,0.00,1868.82,,,,,,0.74,0.13,500.18,1,6,638,20363,9E,Endeavor Air Inc.,9E,Endeavor Air Inc.,11027,L,2,2,2024,1
742.25,16.03,58.70,620.51,13.48,0.00,1062.06,0.00,637.38,42.78,32.67,142.22,0.00,32.09,0.00,0.00,3400.17,325.23,1.68,177.35,0.00,0.00,0.00,0.00,0.84,0.00,115.11,0.00,620.20,200.06,820.26,0.00,0.00,0.00,0.00,0.00,459.65,,0.00,,4680.08,,,,,,0.21,0.07,383.74,1,6,626,20377,X9,Omni Air International LLC,X9,Omni Air International LLC,06738,D,2,2,2024,4
747.08,60.68,15.75,134.16,4.39,,1162.70,5.72,0.00,1.00,0.00,16.96,0.00,57.93,0.00,222.64,2429.01,304.92,0.00,215.83,8.69,,187.96,30.18,0.00,0.00,0.00,0.00,747.59,-25.00,722.59,0.00,0.00,0.00,55.18,68.89,6.39,,5.30,,3287.35,,,,,,2.09,0.37,380.98,1,4,441,20401,3M,Silver Airways,3M,Silver Airways,06888,D,2,2,2024,4
751.73,,19.15,,,,2456.44,,,,234.17,64.18,,47.35,,0.00,3573.02,603.53,,163.91,-3.30,,189.94,0.00,,,,,954.08,,954.08,,667.60,99.64,0.00,0.00,638.40,,,,5932.74,,,,,,0.43,0.36,407.05,2,6,655,20447,U7,USA Jet Airlines Inc.,U7,USA Jet Airlines Inc.,16917,I,3,3,2024,2
778.52,131.95,29.80,192.91,6.62,,802.91,3.95,0.00,0.71,0.00,20.61,0.00,85.30,0.00,238.50,2291.77,347.32,0.00,311.69,-28.58,,112.76,27.47,0.00,0.00,93.79,0.00,864.45,33.87,898.32,0.00,0.00,0.00,9.30,35.14,2.90,,1.36,,3238.80,,,,,,0.79,0.09,270.79,1,4,442,20401,3M,Silver Airways,3M,Silver Airways,11056,I,2,2,2024,2
791.93,0.00,29.23,,,,1685.85,,,,227.44,53.09,,43.89,,0.00,2831.43,798.64,,189.29,9.97,,91.39,0.00,,,,,1089.29,,1089.29,,666.38,93.57,0.00,0.00,854.37,,,,5535.03,,,,,,0.86,0.46,791.56,2,6,655,20447,U7,USA Jet Airlines Inc.,U7,USA Jet Airlines Inc.,06912,D,3,3,2024,3
792.00,,17.67,,,,1621.95,,,,177.12,71.04,,55.36,,0.00,2735.13,523.66,,109.31,14.99,,141.44,0.00,,,,,789.39,,789.39,,600.43,83.69,0.00,0.00,495.90,,,,4704.55,,,,,,0.36,0.27,282.88,2,6,655,20447,U7,USA Jet Airlines Inc.,U7,USA Jet Airlines Inc.,16917,I,3,3,2024,1
804.19,0.00,47.74,43.63,0.00,0.00,1339.88,0.00,0.33,2.11,0.00,80.72,0.00,42.62,0.00,10.34,2371.55,139.76,0.00,565.48,-0.30,0.00,299.85,0.00,0.00,0.00,0.00,0.00,1004.79,108.75,1113.54,0.00,0.00,0.00,0.00,0.00,1.53,,0.00,,3486.62,,,,,,0.82,0.32,489.48,1,6,530,20304,OO,SkyWest Airlines Inc.,OO,SkyWest Airlines Inc.,06700,D,3,3,2024,3
817.03,0.00,0.00,20.69,0.00,,0.00,0.00,0.00,0.00,0.00,0.00,0.00,58.65,0.00,87.11,983.48,0.00,0.00,0.00,0.00,,199.10,0.00,0.00,0.00,0.00,0.00,199.10,5.71,204.82,0.00,37.21,149.79,1.66,0.00,2.47,,0.00,,1379.40,,,,,,0.00,0.00,0.00,1,6,673,20445,C5,CommuteAir LLC dba CommuteAir,C5,CommuteAir LLC dba CommuteAir,06944,D,2,2,2024,2
817.10,,58.59,87.47,,,1711.04,,26.03,,,212.25,-0.49,40.01,28.43,,2980.43,32.13,0.04,4714.09,1292.24,,268.48,-11.45,,,,,6295.53,166.59,6462.12,47.64,207.20,109.01,20.49,98.87,,,,,9925.77,,,,,,0.41,0.03,613.64,1,6,887,19977,UA,United Air Lines Inc.,UA,United Air Lines Inc.,10877,P,3,3,2024,2
819.62,,11.35,365.53,0.00,,3362.49,,0.00,,0.00,161.22,,36.74,,24.20,4781.14,38.44,,142.14,,,170.11,26.81,2.47,,,,379.96,321.36,701.33,,80.97,99.94,78.45,0.00,0.00,,0.00,0.00,5741.83,,,,,,0.95,0.32,3000.68,1,8,819,20007,5Y,Atlas Air Inc.,5Y,Atlas Air Inc.,16087,I,3,3,2024,3
822.72,0.00,0.95,56.20,0.63,0.00,1644.50,0.00,14.14,0.03,-6.51,282.08,0.00,32.41,32.20,64.10,2943.46,68.59,0.00,124.44,237.04,0.00,48.71,2.22,0.00,0.00,0.00,0.00,481.00,105.23,586.23,3.55,235.07,93.77,9.29,2.60,60.28,,0.00,,3934.25,,,,,,0.47,0.07,633.23,1,6,724,20409,B6,JetBlue Airways,B6,JetBlue Airways,16673,L,3,3,2024,3
837.94,,9.79,328.83,0.00,,1455.64,,0.00,,0.00,195.75,,62.71,,30.44,2921.10,34.59,,135.31,,,134.87,19.01,2.31,,,,326.09,283.60,609.68,,343.16,92.62,36.68,0.00,0.00,,0.00,0.00,4003.24,,,,,,0.95,0.14,1430.45,1,6,626,20007,5Y,Atlas Air Inc.,5Y,Atlas Air Inc.,06087,D,3,3,2024,2
851.25,16.42,32.79,0.00,2.35,,1926.55,0.00,1340.61,0.00,47.29,99.16,0.00,45.13,0.00,-34.29,4327.26,28.52,28.52,28.52,28.52,,128.48,128.48,0.00,0.00,0.00,0.00,371.05,278.00,649.05,0.00,61.73,0.00,18.86,0.00,51.77,,0.00,,5108.66,,,,,,1.03,0.28,842.92,1,6,748,22080,MX,Breeze Aviation Group DBA  Breeze,MX,Breeze Aviation Group DBA  Breeze,01268,D,2,2,2024,4
867.14,167.75,35.45,235.21,6.40,,857.66,9.56,0.00,1.25,0.00,22.16,0.00,96.75,0.00,305.85,2605.18,394.73,0.00,264.42,0.02,,158.26,39.49,0.00,0.00,114.21,0.00,971.13,32.65,1003.77,0.00,0.00,0.00,8.42,40.64,3.32,,1.24,,3662.57,,,,,,0.86,0.09,287.89,1,4,442,20401,3M,Silver Airways,3M,Silver Airways,11056,I,2,2,2024,1
876.20,0.00,7.81,13.86,2.25,0.00,1251.88,0.00,684.78,0.02,15.51,147.25,0.00,27.31,56.98,0.00,3083.85,181.88,0.00,50.85,18.68,0.00,40.60,90.33,0.00,0.00,0.00,0.00,382.36,0.00,382.36,0.00,103.62,12.35,3.11,0.00,0.00,,124.89,,3710.18,,,,,,0.63,0.09,569.58,1,6,698,20416,NK,Spirit Air Lines,NK,Spirit Air Lines,16831,L,3,3,2024,4
891.96,,12.22,412.46,0.00,,4197.82,,0.00,,0.00,208.30,,79.33,,32.26,5834.34,45.16,,172.07,,,163.29,22.94,4.05,,,,407.50,361.65,769.15,,95.32,139.63,63.60,0.00,0.00,,0.00,0.00,6902.04,,,,,,0.88,0.28,2805.35,1,8,819,20007,5Y,Atlas Air Inc.,5Y,Atlas Air Inc.,16087,I,3,3,2024,1
914.00,0.00,92.00,315.00,22.00,,2020.00,,0.00,3.00,3.00,52.00,,111.00,73.00,229.00,3834.00,652.00,72.00,24.00,22.00,,20.00,0.00,192.00,,184.00,,1166.00,1643.00,2809.00,,163.00,174.00,31.00,-2.00,,,,,7009.00,,,,,,0.31,0.05,743.96,2,7,740,20107,FX,Federal Express Corporation,FX,Federal Express Corporation,16195,L,3,3,2024,1
928.53,157.37,35.55,230.09,7.89,,908.11,4.71,0.00,0.84,0.00,24.58,0.00,102.12,0.00,284.46,2684.25,414.25,0.00,371.76,-34.09,,134.49,32.76,0.00,0.00,111.87,0.00,1031.03,40.40,1071.43,0.00,0.00,0.00,34.92,59.61,4.91,,5.11,,3860.23,,,,,,1.35,0.46,377.77,1,4,442,20401,3M,Silver Airways,3M,Silver Airways,06888,D,2,2,2024,2
956.75,,24.37,,,,3126.37,,,,298.04,81.69,,60.27,,0.00,4547.48,768.13,,208.61,-4.20,,241.74,0.00,,,,,1214.29,,1214.29,,849.67,126.81,0.00,0.00,812.51,,,,7550.76,,,,,,1.37,0.46,1244.23,2,6,655,20447,U7,USA Jet Airlines Inc.,U7,USA Jet Airlines Inc.,06912,D,3,3,2024,2
962.44,0.00,12.10,156.49,1.31,,24.78,0.00,135.56,13.83,0.00,55.56,0.00,86.29,0.00,1.43,1449.80,316.67,79.17,345.95,296.91,,44.33,11.08,0.00,0.00,0.00,0.00,1094.10,0.00,1094.10,0.00,237.22,4.59,9.85,0.00,6.86,,0.00,,2802.42,,,,,,1.25,0.20,791.26,1,6,673,20378,YV,Mesa Airlines Inc.,YV,Mesa Airlines Inc.,11022,L,2,2,2024,1
964.54,93.30,39.44,196.23,7.11,,1435.83,10.63,0.00,1.39,0.00,24.65,0.00,99.42,0.00,340.21,3212.73,439.07,0.00,294.12,0.02,,176.04,43.93,0.00,0.00,0.00,0.00,953.17,36.32,989.48,0.00,0.00,0.00,21.49,76.05,6.22,,3.17,,4309.13,,,,,,2.01,0.36,461.05,1,4,441,20401,3M,Silver Airways,3M,Silver Airways,06888,D,2,2,2024,1
969.00,0.00,43.00,91.00,0.00,0.00,3354.00,0.00,126.00,0.00,14.00,292.00,0.00,49.00,0.00,4.00,4942.00,73.00,23.00,147.00,235.00,0.00,156.00,75.00,0.00,0.00,0.00,0.00,709.00,266.00,975.00,8.00,233.00,120.00,6.00,18.00,0.00,,20.00,0.00,6322.00,,,,,,0.71,0.05,1277.97,1,6,339,19790,DL,Delta Air Lines Inc.,DL,Delta Air Lines Inc.,01260,D,3,3,2024,2
981.00,,36.39,530.62,,,2338.38,,83.33,,25.19,179.64,,68.31,,,4242.85,958.06,157.43,482.15,859.48,,234.91,288.41,,,,,2980.45,423.22,3403.66,,140.39,262.10,94.64,57.87,0.00,555.00,,,8201.51,,,,,,0.74,0.07,2552.32,2,8,819,20370,KAQ,Kalitta Air LLC,KAQ,Kalitta Air LLC,06683,D,3,3,2024,2
982.55,,124.34,143.67,,,3179.14,,59.35,,,271.49,,28.20,131.48,,4920.22,85.58,0.12,1216.93,3848.58,,131.73,150.42,,,,,5433.36,157.17,5590.53,106.25,475.59,248.86,47.63,235.96,,,,,11625.04,,,,,,0.83,0.08,1285.11,1,6,887,19977,UA,United Air Lines Inc.,UA,United Air Lines Inc.,0A875,D,3,3,2024,3
984.13,,39.11,536.45,,,116.63,,78.43,,23.01,147.53,,46.26,,,1971.54,961.86,147.78,588.97,708.33,,204.99,454.23,,,,,3066.17,435.86,3502.03,,131.88,244.89,86.61,54.76,0.00,518.15,,,5991.72,,,,,,0.72,0.07,2561.08,2,8,819,20370,KAQ,Kalitta Air LLC,KAQ,Kalitta Air LLC,06683,D,3,3,2024,3
985.37,0.00,84.35,0.25,0.68,0.00,3305.07,0.00,1809.16,0.00,1.97,155.20,0.00,107.24,77.75,2.00,6529.04,244.15,0.00,103.56,20.01,0.00,22.95,0.00,0.00,0.00,0.00,0.00,390.67,367.08,757.75,0.00,0.00,0.00,13.36,0.00,52.06,,0.00,,7352.21,,,,,,1.37,0.11,1413.88,1,6,699,20436,F9,Frontier Airlines Inc.,F9,Frontier Airlines Inc.,16461,L,3,3,2024,2
986.00,0.00,28.00,46.00,0.00,0.00,1908.00,0.00,70.00,0.00,7.00,160.00,0.00,29.00,0.00,2.00,3236.00,34.00,11.00,81.00,124.00,0.00,86.00,55.00,0.00,0.00,0.00,0.00,391.00,136.00,527.00,4.00,129.00,64.00,4.00,10.00,0.00,,13.00,0.00,3987.00,,,,,,0.36,0.03,688.46,1,6,696,19790,DL,Delta Air Lines Inc.,DL,Delta Air Lines Inc.,10262,P,3,3,2024,1
993.47,2.45,0.00,69.56,0.00,0.00,1666.66,0.00,5.17,0.00,14.50,148.99,0.00,44.74,0.00,1.20,2946.73,155.81,0.00,260.06,1.26,0.00,36.50,10.49,0.00,0.00,0.00,0.00,464.13,74.05,538.18,0.00,853.49,834.79,97.31,0.00,0.00,,732.41,,6002.91,,,,,,0.87,0.16,786.24,1,6,614,20422,SY,Sun Country Airlines d/b/a MN Airlines,SY,Sun Country Airlines d/b/a MN Airlines,16795,L,3,3,2024,3
993.71,,8.63,317.59,0.00,,1237.73,,0.00,,0.00,224.79,,45.98,,28.67,2857.08,29.23,,108.09,,,129.36,20.39,1.88,,,,288.95,244.39,533.33,,298.06,76.00,51.72,0.00,0.00,,0.00,0.00,3816.20,,,,,,0.85,0.13,1318.86,1,6,626,20007,5Y,Atlas Air Inc.,5Y,Atlas Air Inc.,06087,D,3,3,2024,3
994.38,192.37,40.66,269.73,7.33,,1061.74,10.96,0.00,1.44,0.00,25.41,0.00,111.37,0.00,350.73,3066.12,452.66,0.00,303.22,0.02,,181.48,45.29,0.00,0.00,130.97,0.00,1113.63,37.44,1151.07,0.00,0.00,0.00,32.96,69.57,5.69,,4.86,,4330.26,,,,,,1.47,0.46,364.74,1,4,442,20401,3M,Silver Airways,3M,Silver Airways,06888,D,2,2,2024,1
1002.04,88.14,29.00,189.56,4.73,,1503.72,7.19,0.00,1.55,0.00,24.42,0.00,84.60,0.00,307.96,3242.90,419.50,0.00,393.81,6.15,,142.98,39.84,0.00,0.00,0.00,0.00,1002.27,-151.11,851.16,0.00,0.00,0.00,40.77,75.91,6.11,,4.06,,4220.91,,,,,,2.28,0.37,447.57,1,4,441,20401,3M,Silver Airways,3M,Silver Airways,06888,D,2,2,2024,3
1011.30,0.00,0.00,38.10,0.91,,1447.11,1.28,58.51,0.95,11.81,205.39,0.00,15.59,56.76,1.49,2849.19,237.52,0.00,505.74,0.00,,196.61,-2.48,0.00,,0.00,,937.38,254.37,1191.75,,144.59,30.42,10.46,,,,3.94,,4230.35,,,,,,0.46,0.18,622.16,2,6,622,19917,5X,United Parcel Service,5X,United Parcel Service,16911,A,3,3,2024,4
1033.09,,35.06,,,,2338.38,,,,92.66,40.53,,31.22,,0.00,3570.94,803.29,,102.57,0.00,,162.02,0.00,,,,,1067.87,,1067.87,,733.53,144.89,0.00,0.00,983.39,,,,6500.62,,,,,,0.65,0.51,404.49,2,6,655,20447,U7,USA Jet Airlines Inc.,U7,USA Jet Airlines Inc.,16917,I,3,3,2024,4
1046.26,0.00,0.00,37.15,1.19,,1423.79,4.17,74.67,0.68,15.81,256.89,0.00,29.62,58.87,-3.88,2945.22,236.82,0.00,522.55,0.00,,223.16,1557.10,0.00,,0.00,,2539.64,279.03,2818.67,,184.37,38.79,12.53,,,,4.22,,6003.79,,,,,,0.44,0.23,589.13,2,6,622,19917,5X,United Parcel Service,5X,United Parcel Service,16911,A,3,3,2024,3
1075.51,,15.80,495.85,0.00,,4902.09,,0.00,,0.00,246.90,,79.56,,38.94,6854.65,55.81,,218.33,,,217.62,30.68,3.72,,,,526.17,457.61,983.78,,103.85,149.45,64.93,0.00,0.00,,0.00,0.00,8156.66,,,,,,0.95,0.31,3031.59,1,8,819,20007,5Y,Atlas Air Inc.,5Y,Atlas Air Inc.,16087,I,3,3,2024,2
1078.20,,93.24,124.46,,,1718.93,,165.99,,,300.36,,31.20,0.00,,3512.39,76.93,0.13,53.34,16.01,,23.92,43.07,,,,,213.40,193.21,406.61,1.47,210.29,58.39,0.37,4.07,,,,,4193.58,,,,,,0.91,0.08,643.00,1,6,838,19977,UA,United Air Lines Inc.,UA,United Air Lines Inc.,10874,A,3,3,2024,3
1078.25,33.54,56.31,15.81,0.31,0.00,2031.51,0.00,86.29,0.00,19.86,153.12,0.00,24.66,0.00,40.64,3540.31,341.36,0.00,7.67,11.69,0.00,323.03,7.51,0.00,0.00,0.00,0.00,691.26,224.98,916.24,0.00,495.85,812.37,3.55,0.00,0.00,,0.00,,5768.32,,,,,,1.06,0.14,813.26,1,6,838,20368,G4,Allegiant Air,G4,Allegiant Air,06035,D,3,3,2024,4
1099.04,534.59,90.44,150.22,0.00,,2336.79,0.00,3740.76,425.40,465.53,135.75,0.00,230.27,0.00,0.00,9208.79,838.49,0.00,0.00,0.00,,835.84,0.00,0.00,0.00,0.00,0.00,1674.32,0.00,1674.32,0.00,48.04,0.00,0.00,0.00,189.95,,39.88,,11160.98,,,,,,1.10,0.36,987.30,1,6,699,22085,GCA,"Global Crossing Airlines, Inc.",GCA,"Global Crossing Airlines, Inc.",01227,S,2,2,2024,1
1118.30,950.68,8.62,0.00,0.00,0.00,1874.16,1.37,2333.82,0.00,72.25,120.75,0.00,80.49,0.00,-339.50,6220.94,352.92,88.23,0.00,0.00,0.00,131.68,32.92,0.00,0.00,0.00,0.00,605.76,0.00,605.76,0.00,0.00,0.00,256.82,0.00,0.00,,0.00,,7083.51,,,,,,0.31,0.09,602.64,1,6,696,20405,N8,National Air Cargo Group Inc d/ba National Airlines,N8,National Air Cargo Group Inc d/ba National Airlines,07029,D,2,2,2024,1
1127.51,95.55,43.16,209.54,9.58,,1572.91,5.73,0.00,1.02,0.00,29.85,0.00,115.19,0.00,345.42,3555.45,503.02,0.00,451.42,-41.40,,163.31,39.78,0.00,0.00,0.00,0.00,1116.13,49.05,1165.18,0.00,0.00,0.00,21.75,81.03,6.68,,3.18,,4833.27,,,,,,2.23,0.36,470.36,1,4,441,20401,3M,Silver Airways,3M,Silver Airways,06888,D,2,2,2024,2
1136.00,0.00,52.00,109.00,0.00,0.00,2807.00,0.00,151.00,0.00,17.00,350.00,0.00,58.00,0.00,4.00,4684.00,87.00,27.00,177.00,283.00,0.00,187.00,89.00,0.00,0.00,0.00,0.00,850.00,320.00,1170.00,9.00,280.00,144.00,7.00,21.00,0.00,,24.00,0.00,6339.00,,,,,,0.85,0.12,1069.54,1,6,622,19790,DL,Delta Air Lines Inc.,DL,Delta Air Lines Inc.,10261,A,3,3,2024,2
1136.86,,126.75,155.38,,,1525.10,,0.02,,,315.10,,32.73,32.70,,3324.65,98.20,0.13,634.46,394.13,,64.98,50.96,,,,,1242.85,213.04,1455.89,90.03,462.89,198.86,22.41,39.01,,,,,5593.73,,,,,,0.31,0.02,624.46,1,6,624,19977,UA,United Air Lines Inc.,UA,United Air Lines Inc.,0A875,D,3,3,2024,3
1140.84,27.22,58.16,306.75,54.56,0.00,2.80,0.00,373.00,5.44,50.95,395.92,0.00,85.26,0.00,0.00,2500.89,896.07,0.00,400.64,454.30,0.00,410.47,50.37,0.00,0.00,0.00,0.00,2211.85,0.00,2211.85,0.00,166.94,239.87,0.00,13.13,0.00,,0.00,0.00,5132.68,,,,,,0.83,0.21,1532.70,2,6,626,20453,ABX,ABX Air Inc,ABX,ABX Air Inc,11009,A,2,2,2024,3
1141.62,0.00,5.93,545.95,95.09,0.00,71.07,0.03,98.20,22.04,4.84,199.68,0.00,105.03,0.00,18.00,2307.46,527.35,0.00,1251.82,76.59,0.00,179.98,0.00,119.05,0.00,113.24,0.00,2268.03,643.58,2911.62,0.00,50.45,0.00,176.55,0.00,0.00,,0.00,,5446.08,,,,,,1.23,0.25,2028.70,2,6,625,19874,8C,Air Transport International,8C,Air Transport International,06029,D,2,2,2024,1
1159.62,27.07,28.44,245.39,48.60,0.00,-0.06,0.00,412.41,1.28,27.55,406.74,0.00,114.99,0.00,0.00,2472.01,595.11,0.00,496.62,422.25,0.00,494.18,76.72,0.00,0.00,0.00,0.00,2084.89,0.00,2084.89,0.00,135.41,193.30,0.00,52.91,0.00,,0.00,0.00,4938.53,,,,,,0.88,0.20,1471.51,2,6,626,20453,ABX,ABX Air Inc,ABX,ABX Air Inc,11009,A,2,2,2024,1
1160.41,151.80,0.00,196.35,0.00,,989.08,0.00,298.33,0.00,139.21,181.43,0.00,102.13,0.00,832.64,4051.38,548.35,0.00,0.00,0.00,,1198.35,0.00,0.00,0.00,0.00,0.00,1746.70,0.00,1746.70,0.00,608.99,164.84,22.01,0.00,0.00,,0.00,,6593.91,,,,,,0.98,0.28,838.54,1,6,619,21161,09Q,"Swift Air, LLC d/b/a Eastern Air Lines d/b/a Eastern",09Q,"Swift Air, LLC d/b/a Eastern Air Lines d/b/a Eastern",01130,D,2,2,2024,1
1178.41,0.00,16.46,1078.51,74.78,0.00,6982.05,0.00,4290.16,23.76,111.92,197.73,0.00,84.93,0.00,175.53,14214.23,870.93,0.00,1133.08,0.00,0.00,134.13,0.00,1736.40,0.00,1095.66,0.00,4970.21,1092.89,6063.10,0.00,160.60,0.00,239.31,0.00,0.00,,0.00,,20677.24,,,,,,1.33,0.28,1732.12,1,6,622,19874,8C,Air Transport International,8C,Air Transport International,16028,A,2,2,2024,3
1179.14,0.00,10.90,22.57,4.17,0.00,2174.53,0.00,907.40,0.00,22.94,252.53,0.00,54.80,106.94,0.00,4735.92,262.98,0.00,61.31,29.43,0.00,57.95,139.86,0.00,0.00,0.00,0.00,551.52,0.00,551.52,0.00,188.19,17.62,4.23,0.00,0.00,,181.23,,5678.71,,,,,,0.99,0.12,868.97,1,6,721,20416,NK,Spirit Air Lines,NK,Spirit Air Lines,16831,L,3,3,2024,3
1188.18,821.54,51.57,0.00,0.00,0.00,2746.75,0.00,2360.51,0.00,49.29,30.68,0.00,92.68,0.00,903.22,8244.41,266.74,66.69,0.00,0.00,0.00,-185.64,-46.41,0.00,0.00,0.00,0.00,101.37,0.00,101.37,0.00,0.00,0.00,265.92,0.00,0.00,,0.00,,8611.70,,,,,,0.32,0.09,726.54,1,6,696,20405,N8,National Air Cargo Group Inc d/ba National Airlines,N8,National Air Cargo Group Inc d/ba National Airlines,07029,D,2,2,2024,3
1207.69,0.00,88.05,74.79,0.00,0.00,2747.62,3.22,382.72,0.00,1.54,337.25,0.00,45.35,56.70,0.00,4944.90,205.75,49.68,261.20,356.78,0.00,173.17,177.97,0.00,0.00,0.00,0.00,1224.54,495.80,1720.34,26.89,239.96,57.81,50.42,0.00,17.42,,30.56,,7088.31,,,,,,0.51,0.05,1202.29,1,6,637,19805,AA,American Airlines Inc.,AA,American Airlines Inc.,0A050,D,3,3,2024,4
1234.00,0.00,127.00,366.00,27.00,,-19.00,,18.00,6.00,0.00,127.00,,164.00,0.00,-3372.00,-1322.00,3.00,0.00,2.00,392.00,,1693.00,1695.00,150.00,,9.00,,3944.00,5556.00,9500.00,,567.00,266.00,24.00,4.00,,,,,9039.00,,,,,,0.55,0.06,1246.48,2,6,683,20107,FX,Federal Express Corporation,FX,Federal Express Corporation,16195,L,3,3,2024,1
1236.48,546.86,7.42,0.00,0.00,0.00,1375.81,0.00,1087.59,0.00,30.44,57.73,0.00,81.17,0.00,456.45,4879.95,138.97,34.74,0.00,0.00,0.00,-341.39,-85.35,0.00,0.00,0.00,0.00,-253.03,0.00,-253.03,0.00,0.00,0.00,190.36,0.00,0.00,,0.00,,4817.28,,,,,,0.17,0.11,294.51,1,6,696,20405,N8,National Air Cargo Group Inc d/ba National Airlines,N8,National Air Cargo Group Inc d/ba National Airlines,11049,I,2,2,2024,4
1237.00,0.00,0.00,107.00,0.00,0.00,2293.00,1.00,1.00,0.00,19.00,365.00,0.00,67.00,106.00,17.00,4214.00,61.00,3.00,170.00,6.00,0.00,20.00,12.00,0.00,0.00,0.00,0.00,272.00,70.00,342.00,4.00,992.00,231.00,30.00,0.00,0.00,,0.00,,5814.00,,,,,,1.20,0.16,896.00,1,6,838,19930,AS,Alaska Airlines Inc.,AS,Alaska Airlines Inc.,06031,D,3,3,2024,2
1242.61,31.13,41.23,257.12,55.75,0.00,-0.25,0.00,499.80,3.82,32.72,437.18,0.00,109.98,0.00,0.00,2711.11,1054.08,0.00,534.90,485.29,0.00,509.79,89.30,0.00,0.00,0.00,0.00,2673.37,0.00,2673.37,0.00,198.59,284.49,0.00,17.48,0.00,,0.00,0.00,5885.04,,,,,,0.90,0.23,1582.03,2,6,626,20453,ABX,ABX Air Inc,ABX,ABX Air Inc,11009,A,2,2,2024,2
1247.23,23.96,49.97,0.00,0.99,,2852.86,0.00,1586.70,0.00,60.82,126.96,0.00,99.29,0.00,-89.85,5958.94,37.55,37.55,37.55,37.55,,137.91,137.91,0.00,0.00,0.00,0.00,426.02,200.76,626.78,0.00,77.41,0.00,27.23,0.00,0.00,,0.00,,6690.36,,,,,,1.28,0.43,1055.19,1,6,748,22080,MX,Breeze Aviation Group DBA  Breeze,MX,Breeze Aviation Group DBA  Breeze,01268,D,2,2,2024,2
1260.89,552.10,97.85,0.00,0.00,,1596.31,0.00,4343.43,575.72,442.95,135.75,0.00,230.27,0.00,0.00,9235.26,1083.21,0.00,0.00,0.00,,753.90,0.00,0.00,0.00,0.00,0.00,1837.12,0.00,1837.12,0.00,46.59,0.00,0.00,0.00,149.35,,215.55,,11483.86,,,,,,1.33,0.46,987.30,1,6,699,22085,GCA,"Global Crossing Airlines, Inc.",GCA,"Global Crossing Airlines, Inc.",01227,S,2,2,2024,2
1263.20,22.27,49.65,0.00,3.18,,2852.86,0.00,1801.06,0.00,70.20,154.27,0.00,79.56,0.00,-148.33,6147.90,42.64,42.64,42.64,42.64,,203.16,203.16,0.00,0.00,0.00,0.00,576.89,265.60,842.49,0.00,76.87,0.00,27.99,0.00,0.00,,0.00,,7095.25,,,,,,1.28,0.43,1055.19,1,6,748,22080,MX,Breeze Aviation Group DBA  Breeze,MX,Breeze Aviation Group DBA  Breeze,01268,D,2,2,2024,3
1266.05,0.00,96.88,0.80,1.13,0.00,3155.06,0.00,2830.80,0.00,2.73,215.13,0.00,67.26,111.01,3.30,7750.17,320.64,0.00,194.01,138.20,0.00,31.33,0.00,0.00,0.00,0.00,0.00,684.18,430.75,1114.93,0.00,0.00,0.00,17.35,0.00,80.43,,0.00,,8962.88,,,,,,1.92,0.21,1492.16,1,6,722,20436,F9,Frontier Airlines Inc.,F9,Frontier Airlines Inc.,16461,L,3,3,2024,4
1266.60,0.00,139.77,0.09,2.12,0.00,5342.95,0.00,3373.62,0.00,5.31,206.59,0.00,242.09,136.83,2.26,10718.22,409.80,0.00,191.38,108.12,0.00,38.72,0.00,0.00,0.00,0.00,0.00,748.02,558.35,1306.37,0.00,0.00,0.00,29.63,0.00,124.04,,0.00,,12178.26,,,,,,2.23,0.21,2197.53,1,6,699,20436,F9,Frontier Airlines Inc.,F9,Frontier Airlines Inc.,16461,L,3,3,2024,1
1279.00,0.00,1.00,90.00,3.00,0.00,2168.00,4.00,108.00,0.00,5.00,378.00,0.00,70.00,97.00,15.00,4219.00,191.00,8.00,303.00,316.00,0.00,46.00,39.00,0.00,0.00,0.00,0.00,903.00,202.00,1104.00,6.00,294.00,113.00,29.00,0.00,6.00,,0.00,,5771.00,,,,,,1.03,0.11,898.00,1,6,838,19930,AS,Alaska Airlines Inc.,AS,Alaska Airlines Inc.,16031,L,3,3,2024,4
1283.37,0.00,81.51,205.69,0.00,0.00,1.62,0.00,0.87,4.02,4.75,145.18,0.00,107.99,75.18,19.94,1930.12,277.48,0.00,80.25,499.26,0.00,137.08,36.54,0.00,0.00,0.00,0.00,1030.61,231.69,1262.30,0.00,0.00,26.30,43.62,0.00,11.02,,0.00,,3273.36,,,,,,1.79,0.29,1136.71,1,6,673,20304,OO,SkyWest Airlines Inc.,OO,SkyWest Airlines Inc.,11025,L,3,3,2024,1
1290.00,0.00,0.00,112.00,0.00,0.00,2501.00,1.00,14.00,0.00,3.00,381.00,0.00,70.00,115.00,12.00,4500.00,291.00,13.00,831.00,6.00,0.00,70.00,46.00,0.00,0.00,0.00,0.00,1255.00,315.00,1570.00,15.00,517.00,75.00,63.00,0.00,0.00,,0.00,,6740.00,,,,,,1.22,0.22,1036.00,2,6,612,19930,AS,Alaska Airlines Inc.,AS,Alaska Airlines Inc.,06031,D,3,3,2024,3
1312.00,0.00,21.00,85.00,0.00,0.00,2861.00,0.00,108.00,1.00,10.00,266.00,0.00,46.00,0.00,4.00,4714.00,66.00,26.00,81.00,192.00,0.00,144.00,70.00,0.00,0.00,0.00,0.00,579.00,230.00,809.00,8.00,203.00,105.00,5.00,16.00,0.00,,17.00,0.00,5877.00,,,,,,0.62,0.05,1142.42,1,6,339,19790,DL,Delta Air Lines Inc.,DL,Delta Air Lines Inc.,10260,L,3,3,2024,3
1324.96,0.00,5.80,1214.07,93.50,0.00,7178.70,0.00,4375.81,21.51,301.43,225.38,0.00,116.48,0.00,186.71,15044.36,716.67,0.00,781.78,3.01,0.00,198.55,0.00,1786.20,0.00,1099.03,0.00,4585.22,969.31,5554.54,0.00,182.37,0.00,252.82,0.00,0.00,,0.00,,21034.08,,,,,,1.34,0.32,1720.63,1,6,622,19874,8C,Air Transport International,8C,Air Transport International,16028,A,2,2,2024,1
1348.60,0.00,15.05,1306.74,89.20,0.00,6087.34,0.00,4381.78,21.97,-5.12,214.87,0.00,113.28,0.00,187.83,13761.52,720.36,0.00,1252.53,0.00,0.00,169.98,0.00,1664.28,0.00,1001.12,0.00,4808.27,1195.85,6004.12,0.00,166.80,0.00,241.85,0.00,0.00,,0.00,,20174.30,,,,,,1.25,0.29,1588.48,1,6,622,19874,8C,Air Transport International,8C,Air Transport International,16028,A,2,2,2024,2
1351.00,0.00,0.00,115.00,0.00,0.00,2852.00,24.00,174.00,0.00,4.00,399.00,0.00,74.00,129.00,20.00,5142.00,326.00,14.00,497.00,440.00,0.00,78.00,52.00,0.00,0.00,0.00,0.00,1406.00,352.00,1759.00,10.00,410.00,66.00,41.00,0.00,5.00,,0.00,,7432.00,,,,,,1.27,0.14,1158.00,2,6,614,19930,AS,Alaska Airlines Inc.,AS,Alaska Airlines Inc.,06031,D,3,3,2024,3
1368.31,471.25,72.02,589.95,0.00,,942.27,0.00,3795.50,38.52,373.67,9.65,0.00,122.30,0.00,0.00,7783.43,762.67,0.00,0.00,0.00,,791.82,0.00,0.00,0.00,0.00,0.00,1554.48,0.00,1554.48,0.00,0.00,0.00,0.00,31.03,99.39,,200.76,,9669.09,,,,,,1.41,0.28,1541.63,1,6,699,22085,GCA,"Global Crossing Airlines, Inc.",GCA,"Global Crossing Airlines, Inc.",01227,S,2,2,2024,3
1379.75,26.61,53.15,0.00,3.82,,3122.67,0.00,2172.94,0.00,76.66,160.72,0.00,73.14,0.00,-55.58,7013.87,46.23,46.23,46.23,46.23,,208.24,208.24,0.00,0.00,0.00,0.00,601.41,450.60,1052.02,0.00,100.06,0.00,30.57,0.00,83.90,,0.00,,8280.41,,,,,,1.66,0.92,1265.14,1,6,678,22080,MX,Breeze Aviation Group DBA  Breeze,MX,Breeze Aviation Group DBA  Breeze,01268,D,2,2,2024,4
1382.00,0.00,71.00,309.00,5.00,,923.00,,1.00,1.00,15.00,650.00,,42.00,34.00,201.00,3634.00,,,53.00,,,104.00,8.00,277.00,,71.00,,513.00,867.00,1380.00,,617.00,538.00,32.00,25.00,,,,,6226.00,,,,,,0.31,0.20,401.42,2,6,622,20107,FX,Federal Express Corporation,FX,Federal Express Corporation,16195,L,3,3,2024,4
1382.34,,188.47,208.29,,,4852.74,,86.97,,,354.65,-1.57,66.86,194.87,,7333.61,119.84,0.13,1526.24,4318.57,,541.96,-38.25,,,,,6468.49,527.07,6995.57,159.21,692.44,364.28,68.48,330.42,,,,,15944.00,,,,,,1.20,0.11,1825.09,1,6,887,19977,UA,United Air Lines Inc.,UA,United Air Lines Inc.,0A875,D,3,3,2024,2
1383.00,0.00,31.00,125.00,0.00,0.00,4357.00,0.00,159.00,2.00,15.00,393.00,0.00,68.00,0.00,5.00,6538.00,97.00,39.00,119.00,284.00,0.00,212.00,104.00,0.00,0.00,0.00,0.00,855.00,340.00,1195.00,12.00,299.00,155.00,7.00,24.00,0.00,,25.00,0.00,8255.00,,,,,,0.91,0.07,1739.72,1,6,624,19790,DL,Delta Air Lines Inc.,DL,Delta Air Lines Inc.,01260,D,3,3,2024,3
1385.05,0.00,16.29,25.96,3.55,0.00,2727.24,0.00,808.75,-0.07,26.79,287.99,0.00,113.37,125.35,0.00,5520.27,287.87,0.00,68.93,52.39,0.00,58.14,143.88,0.00,0.00,0.00,0.00,611.21,0.00,611.21,0.00,233.57,21.22,4.64,0.00,0.00,,191.92,,6582.83,,,,,,1.15,0.13,950.87,1,6,721,20416,NK,Spirit Air Lines,NK,Spirit Air Lines,16831,L,3,3,2024,1
1401.85,620.00,8.41,0.00,0.00,0.00,1559.81,0.00,1233.04,0.00,34.52,65.45,0.00,92.03,0.00,517.50,5532.59,157.55,39.39,0.00,0.00,0.00,-387.05,-96.76,0.00,0.00,0.00,0.00,-286.87,0.00,-286.87,0.00,0.00,0.00,215.82,0.00,0.00,,0.00,,5461.54,,,,,,0.19,0.11,471.93,1,6,696,20405,N8,National Air Cargo Group Inc d/ba National Airlines,N8,National Air Cargo Group Inc d/ba National Airlines,07029,D,2,2,2024,4
1418.21,3.43,0.00,91.83,0.00,0.00,2511.62,0.00,6.56,0.00,20.11,213.40,0.00,93.11,0.00,2.18,4360.45,194.68,0.00,304.64,40.99,0.00,51.45,15.07,0.00,0.00,0.00,0.00,606.83,107.24,714.08,0.00,880.67,1041.02,121.25,0.00,0.00,,792.43,,7909.89,,,,,,1.33,0.22,1180.85,1,6,614,20422,SY,Sun Country Airlines d/b/a MN Airlines,SY,Sun Country Airlines d/b/a MN Airlines,16795,L,3,3,2024,2
1439.94,0.00,0.00,0.00,0.00,0.00,3647.71,0.00,868.20,4.47,128.73,0.00,0.00,0.00,0.00,720.45,6809.49,1001.98,0.00,1026.53,329.41,0.00,442.56,0.00,0.00,0.00,0.00,0.00,2800.47,0.00,2800.47,0.00,909.89,170.73,214.28,17.43,0.00,,0.00,,10922.30,,,,,,1.90,0.36,1214.38,2,6,619,21634,KH,Aloha Air Cargo,KH,Aloha Air Cargo,01146,D,2,2,2024,1
1467.59,258.18,42.47,370.18,6.92,,1281.84,10.52,0.00,2.28,0.00,35.76,0.00,132.69,0.00,451.04,4059.48,614.39,0.00,576.78,9.01,,209.41,58.35,0.00,0.00,199.63,0.00,1667.56,-221.32,1446.24,0.00,0.00,0.00,54.27,85.57,6.89,,5.40,,5657.86,,,,,,1.81,0.46,536.20,1,4,442,20401,3M,Silver Airways,3M,Silver Airways,06888,D,2,2,2024,3
1499.41,0.00,13.11,1101.17,45.53,0.00,5040.02,0.00,4242.55,20.53,111.92,258.52,0.00,65.12,0.00,206.67,12604.54,856.38,0.00,1822.97,0.00,0.00,547.46,0.00,1693.98,0.00,838.10,0.00,5758.88,947.68,6706.56,0.00,161.17,0.00,246.14,0.00,0.00,,0.00,,19718.40,,,,,,1.23,0.33,1557.95,1,6,622,19874,8C,Air Transport International,8C,Air Transport International,16028,A,2,2,2024,4
1525.46,,56.44,719.06,,,2185.51,,129.90,,38.11,254.28,,116.12,,,5024.87,1470.91,250.15,632.50,801.32,,423.55,639.49,,,,,4217.91,657.09,4875.00,,219.66,406.11,151.08,93.68,0.00,870.52,,,10770.39,,,,,,1.03,0.11,3409.21,2,8,819,20370,KAQ,Kalitta Air LLC,KAQ,Kalitta Air LLC,06683,D,3,3,2024,1
1527.54,0.00,117.08,106.27,0.00,0.00,4034.95,4.90,475.89,0.00,1.87,404.95,0.00,43.82,85.46,0.00,6802.72,255.17,60.34,287.84,487.13,0.00,157.51,246.09,0.00,0.00,0.00,0.00,1494.08,577.26,2071.34,31.16,290.37,65.14,31.69,0.00,26.25,,32.71,,9351.39,,,,,,0.63,0.05,1630.88,1,6,637,19805,AA,American Airlines Inc.,AA,American Airlines Inc.,0A050,D,3,3,2024,3
1535.56,148.53,62.78,312.40,11.33,,1142.00,16.93,0.00,2.22,0.00,39.24,0.00,157.44,0.00,541.61,3970.01,699.01,0.00,468.24,0.03,,280.25,69.94,0.00,0.00,0.00,0.00,1517.46,57.81,1575.27,0.00,0.00,0.00,33.69,71.97,5.88,,4.96,,5661.79,,,,,,1.14,0.36,363.60,1,4,441,20401,3M,Silver Airways,3M,Silver Airways,11056,I,2,2,2024,1
1542.00,0.00,1.00,109.00,4.00,0.00,2606.00,19.00,177.00,0.00,4.00,456.00,0.00,84.00,124.00,19.00,5144.00,362.00,16.00,518.00,654.00,0.00,88.00,73.00,0.00,0.00,0.00,0.00,1711.00,382.00,2093.00,10.00,405.00,64.00,43.00,0.00,6.00,,0.00,,7765.00,,,,,,1.24,0.14,1108.00,2,6,614,19930,AS,Alaska Airlines Inc.,AS,Alaska Airlines Inc.,06031,D,3,3,2024,4
1568.39,0.00,15.61,31.04,3.88,0.00,3243.48,0.00,1038.31,0.26,29.67,334.64,0.00,112.76,130.56,0.00,6508.60,347.83,0.00,76.94,37.18,0.00,66.70,177.01,0.00,0.00,0.00,0.00,705.66,0.00,705.66,0.00,259.48,22.95,5.64,0.00,0.00,,237.29,,7739.62,,,,,,1.39,0.16,1199.89,1,6,721,20416,NK,Spirit Air Lines,NK,Spirit Air Lines,16831,L,3,3,2024,2
1574.85,0.00,758.95,67.79,0.00,0.00,4652.25,0.00,108.86,0.00,79.61,323.08,35.22,0.00,252.44,0.34,7853.37,107.23,15.51,270.03,528.00,0.00,570.79,82.57,0.00,0.00,0.00,0.00,1574.13,-33.07,1541.07,47.02,1834.33,451.07,50.84,47.85,0.00,,0.00,0.00,11825.54,,,,,,1.04,0.01,1883.83,1,6,837,19690,HA,Hawaiian Airlines Inc.,HA,Hawaiian Airlines Inc.,05375,D,3,3,2024,2
1589.75,0.00,2.54,110.57,0.89,0.00,2724.22,0.00,19.39,0.11,1.25,742.64,0.00,132.22,53.53,10.79,5387.88,128.32,0.00,317.36,493.32,0.00,76.09,5.21,0.00,0.00,0.00,0.00,1020.31,216.83,1237.14,6.28,508.52,167.08,19.32,5.79,134.76,,0.00,,7466.77,,,,,,0.97,0.13,936.80,1,6,724,20409,B6,JetBlue Airways,B6,JetBlue Airways,16673,L,3,3,2024,1
1589.91,37.02,52.29,434.64,51.48,0.00,16.54,0.00,463.34,3.63,64.10,482.58,0.00,83.23,0.00,0.00,3278.74,1492.38,0.00,358.68,521.45,0.00,553.61,99.46,0.00,0.00,0.00,0.00,3025.59,0.00,3025.59,0.00,224.20,260.88,0.00,37.21,0.00,,0.00,0.00,6826.61,,,,,,1.34,0.29,2176.53,2,6,626,20453,ABX,ABX Air Inc,ABX,ABX Air Inc,11009,A,2,2,2024,4
1591.52,,131.75,180.26,,,19612.29,,57.65,,,412.54,-2.20,77.77,433.52,,22495.10,121.63,0.15,327.87,87.52,,554.73,13.87,,,,,1105.77,314.01,1419.78,27.00,201.59,204.82,2.31,25.34,,,16.13,,24392.06,,,,,,8.42,0.91,6858.97,1,6,614,19977,UA,United Air Lines Inc.,UA,United Air Lines Inc.,10877,P,3,3,2024,2
1608.00,,35.89,,,,3293.05,,,,359.60,144.22,,112.39,,0.00,5553.15,1063.18,,221.93,30.43,,287.17,0.00,,,,,1602.70,,1602.70,,1219.06,169.92,0.00,0.00,1006.83,,,,9551.66,,,,,,1.22,0.55,998.47,2,6,655,20447,U7,USA Jet Airlines Inc.,U7,USA Jet Airlines Inc.,06912,D,3,3,2024,1
1628.00,0.00,172.00,435.00,55.00,,4002.00,,0.00,4.00,6.00,0.00,,102.00,158.00,503.00,7065.00,1167.00,130.00,58.00,36.00,,14.00,0.00,358.00,,334.00,,2097.00,9524.00,11621.00,,194.00,258.00,65.00,4.00,,,,,19207.00,,,,,,0.62,0.11,1641.66,2,7,740,20107,FX,Federal Express Corporation,FX,Federal Express Corporation,16196,A,3,3,2024,3
1629.09,0.00,195.63,322.55,,,4636.52,,2864.65,,324.82,131.61,,200.48,0.00,2709.86,13015.19,469.26,,,,,1365.77,,,,,,1835.03,,1835.03,,,0.00,,,,,,,14850.22,,,,,,1.35,0.15,3460.97,2,8,820,20195,WI,Sky Lease Cargo,WI,Sky Lease Cargo,16884,I,2,2,2024,1
1635.00,0.00,1.00,114.00,4.00,0.00,2679.00,1.00,1.00,0.00,3.00,483.00,0.00,89.00,107.00,20.00,5137.00,230.00,10.00,745.00,-1.00,0.00,56.00,46.00,0.00,0.00,0.00,0.00,1086.00,243.00,1329.00,16.00,437.00,73.00,69.00,0.00,0.00,,0.00,,7061.00,,,,,,1.31,0.23,1108.00,2,6,612,19930,AS,Alaska Airlines Inc.,AS,Alaska Airlines Inc.,06031,D,3,3,2024,4
1644.95,,8.25,528.75,0.00,,1611.48,,0.00,,0.00,364.06,,53.45,,27.03,4237.96,37.42,,149.35,,,163.49,20.11,2.46,,,,372.83,316.65,689.47,,354.59,88.41,90.88,0.00,0.00,,0.00,0.00,5461.32,,,,,,0.83,0.12,1283.24,1,6,626,20007,5Y,Atlas Air Inc.,5Y,Atlas Air Inc.,06087,D,3,3,2024,4
1650.58,,129.00,185.33,,,19415.11,,71.47,,,460.60,,47.85,504.77,,22464.71,125.44,0.20,451.97,158.76,,774.44,142.50,,,,,1653.30,324.36,1977.66,24.98,225.68,218.26,1.71,25.19,,,10.23,,24948.41,,,,,,8.39,0.94,7055.78,1,6,614,19977,UA,United Air Lines Inc.,UA,United Air Lines Inc.,10877,P,3,3,2024,3
1657.00,0.00,65.00,136.00,0.00,0.00,5176.00,0.00,187.00,0.00,22.00,434.00,0.00,72.00,0.00,5.00,7754.00,108.00,34.00,219.00,350.00,0.00,232.00,111.00,0.00,0.00,0.00,0.00,1054.00,396.00,1450.00,11.00,347.00,178.00,9.00,27.00,0.00,,29.00,0.00,9805.00,,,,,,1.05,0.08,1972.31,1,6,624,19790,DL,Delta Air Lines Inc.,DL,Delta Air Lines Inc.,01260,D,3,3,2024,2
1668.62,,205.96,238.09,,,3967.38,,0.04,,,429.17,-1.72,80.90,81.06,,6669.51,144.27,0.16,763.41,664.56,,287.78,-46.01,,,,,1814.16,315.78,2129.94,123.34,668.76,297.52,30.61,52.81,,,,,9972.49,,,,,,0.86,0.07,1475.94,1,6,624,19977,UA,United Air Lines Inc.,UA,United Air Lines Inc.,0A875,D,3,3,2024,2
1691.02,0.00,130.05,115.46,0.00,0.00,3673.98,5.42,537.92,0.00,2.09,488.08,0.00,47.96,74.62,0.00,6766.60,281.45,67.13,324.92,537.08,0.00,182.46,269.58,0.00,0.00,0.00,0.00,1662.63,640.43,2303.05,34.98,325.74,73.55,35.89,0.00,29.22,,36.65,,9605.69,,,,,,1.50,0.22,1496.82,1,6,694,19805,AA,American Airlines Inc.,AA,American Airlines Inc.,10050,L,3,3,2024,3
1722.55,,147.74,183.24,,,19523.84,,61.35,,,474.93,10.16,147.49,447.40,,22718.69,125.38,0.22,2321.27,163.38,,456.64,70.77,,,,,3137.65,360.77,3498.43,32.98,193.96,208.86,3.89,29.69,,,34.59,,26721.08,,,,,,7.99,0.91,6702.17,1,6,614,19977,UA,United Air Lines Inc.,UA,United Air Lines Inc.,10877,P,3,3,2024,1
1736.45,0.00,351.13,1703.64,367.85,,-31.19,0.00,1490.28,94.35,0.00,169.13,0.00,280.11,0.00,6.53,6168.29,1886.67,471.67,1538.81,0.00,,98.87,24.72,0.00,0.00,0.00,0.00,4020.73,0.00,4020.73,0.00,165.78,303.58,1341.14,0.00,425.80,,0.00,,12425.31,,,,,,3.17,0.51,5754.55,1,6,638,20378,YV,Mesa Airlines Inc.,YV,Mesa Airlines Inc.,06689,D,2,2,2024,4
1741.48,,173.09,193.43,,,4492.37,,0.06,,,479.16,,148.80,10.94,,7239.33,121.18,3.69,282.30,1334.38,,152.75,80.51,,,,,1974.82,396.80,2371.63,221.36,231.13,161.89,26.79,67.64,,,7.19,,10326.95,,,,,,1.38,0.13,1583.33,1,6,622,19977,UA,United Air Lines Inc.,UA,United Air Lines Inc.,10876,L,3,3,2024,1
1746.45,,161.56,205.19,,,4533.48,,-1.85,,,485.93,,50.48,8.54,,7189.77,127.21,3.92,547.09,1154.99,,186.13,101.69,,,,,2121.03,458.64,2579.67,245.28,224.03,148.81,26.61,74.42,,,7.22,,10495.81,,,,,,1.46,0.13,1757.30,1,6,622,19977,UA,United Air Lines Inc.,UA,United Air Lines Inc.,10876,L,3,3,2024,3
1756.40,0.00,110.93,10.69,1.83,0.00,5425.16,0.00,3740.49,0.00,2.46,278.56,0.00,122.09,111.56,1.32,11561.48,450.24,0.00,202.11,8.51,0.00,58.44,0.00,0.00,0.00,0.00,0.00,719.29,650.42,1369.71,0.00,0.00,0.00,17.76,0.00,69.35,,0.00,,13018.31,,,,,,2.14,0.22,1896.32,1,6,721,20436,F9,Frontier Airlines Inc.,F9,Frontier Airlines Inc.,16461,L,3,3,2024,3
1759.64,0.00,16.26,33.69,6.23,0.00,3245.07,0.00,1354.12,0.00,34.24,376.85,0.00,81.77,159.59,0.00,7067.45,392.45,0.00,91.49,43.92,0.00,86.48,208.71,0.00,0.00,0.00,0.00,823.04,0.00,823.04,0.00,280.84,26.29,6.31,0.00,0.00,,270.45,,8474.38,,,,,,1.47,0.18,1358.01,1,6,698,20416,NK,Spirit Air Lines,NK,Spirit Air Lines,16831,L,3,3,2024,3
1763.30,286.45,37.18,422.20,10.36,,1421.85,13.50,0.00,2.35,0.00,40.04,0.00,143.94,0.00,525.50,4666.67,719.70,0.00,509.42,20.51,,443.64,71.24,0.00,0.00,247.89,0.00,2012.39,-59.01,1953.39,0.00,0.00,0.00,61.47,90.26,8.37,,5.90,,6786.06,,,,,,2.09,0.46,604.43,1,4,442,20401,3M,Silver Airways,3M,Silver Airways,06888,D,2,2,2024,4
1774.93,232.18,0.00,300.33,0.00,,1512.86,0.00,456.32,0.00,212.92,277.50,0.00,156.22,0.00,1273.57,6196.84,838.73,0.00,0.00,0.00,,1832.96,0.00,0.00,0.00,0.00,0.00,2671.69,0.00,2671.69,0.00,931.49,252.14,33.66,0.00,0.00,,0.00,,10085.81,,,,,,1.48,0.48,1369.48,1,6,617,21161,09Q,"Swift Air, LLC d/b/a Eastern Air Lines d/b/a Eastern",09Q,"Swift Air, LLC d/b/a Eastern Air Lines d/b/a Eastern",01130,D,2,2,2024,1
1775.04,0.00,136.33,117.23,0.00,0.00,4208.64,4.71,595.85,0.00,2.24,472.20,0.00,100.28,85.55,0.00,7498.06,278.94,68.25,356.66,483.36,0.00,200.91,318.34,0.00,0.00,0.00,0.00,1706.46,649.21,2355.67,35.57,346.67,75.75,36.27,0.00,33.86,,39.35,,10421.19,,,,,,1.61,0.23,1604.70,1,6,694,19805,AA,American Airlines Inc.,AA,American Airlines Inc.,10050,L,3,3,2024,2
1778.90,150.75,68.10,330.60,15.12,,1340.25,9.03,0.00,1.61,0.00,47.09,0.00,180.78,0.00,544.98,4467.21,793.63,0.00,712.22,-65.31,,257.66,62.76,0.00,0.00,0.00,0.00,1760.95,77.39,1838.34,0.00,0.00,0.00,37.22,80.30,6.62,,5.45,,6435.14,,,,,,1.39,0.36,444.77,1,4,441,20401,3M,Silver Airways,3M,Silver Airways,11056,I,2,2,2024,2
1784.27,0.00,112.69,10.86,1.86,0.00,5511.25,0.00,3799.84,0.00,2.50,282.98,0.00,124.03,113.33,1.34,11744.95,457.38,0.00,205.32,8.64,0.00,59.36,0.00,0.00,0.00,0.00,0.00,730.70,660.74,1391.44,0.00,0.00,0.00,18.05,0.00,70.45,,0.00,,13224.89,,,,,,2.86,0.31,2241.04,1,6,722,20436,F9,Frontier Airlines Inc.,F9,Frontier Airlines Inc.,16461,L,3,3,2024,3
1793.60,0.00,197.93,0.12,3.01,0.00,7566.07,0.00,4777.33,0.00,7.51,292.55,0.00,342.82,193.76,3.20,15177.90,580.31,0.00,271.02,153.11,0.00,54.83,0.00,0.00,0.00,0.00,0.00,1059.26,790.67,1849.93,0.00,0.00,0.00,41.95,0.00,175.65,,0.00,,17245.44,,,,,,3.90,0.35,2670.87,1,6,722,20436,F9,Frontier Airlines Inc.,F9,Frontier Airlines Inc.,16461,L,3,3,2024,1
1803.00,0.00,158.00,609.00,41.00,,-53.00,,1.00,5.00,0.00,159.00,,123.00,0.00,-4771.00,-1925.00,4.00,0.00,2.00,590.00,,2470.00,2399.00,231.00,,11.00,,5707.00,7316.00,13023.00,,830.00,388.00,34.00,6.00,,,,,12356.00,,,,,,0.88,0.08,2034.08,2,6,683,20107,FX,Federal Express Corporation,FX,Federal Express Corporation,16195,L,3,3,2024,3
1811.00,0.00,0.00,68.22,1.63,,2591.44,2.29,104.78,1.70,21.15,367.81,0.00,27.91,101.65,2.67,5102.24,425.35,0.00,905.66,0.00,,352.08,-4.45,0.00,,0.00,,1678.64,455.51,2134.15,,258.93,54.47,18.73,,,,7.05,,7575.58,,,,,,0.89,0.32,1095.92,2,6,622,19917,5X,United Parcel Service,5X,United Parcel Service,16912,L,3,3,2024,4
1816.42,0.00,139.71,123.88,0.00,0.00,3732.21,5.89,572.94,0.00,2.24,520.47,0.00,51.47,75.92,0.00,7041.15,301.49,71.77,345.57,572.71,0.00,193.15,289.26,0.00,0.00,0.00,0.00,1773.93,682.66,2456.59,37.30,347.80,78.40,38.31,0.00,31.23,,39.31,,10070.08,,,,,,0.81,0.07,1516.90,1,6,889,19805,AA,American Airlines Inc.,AA,American Airlines Inc.,0A050,D,3,3,2024,3
1828.65,0.00,139.94,1.16,1.63,0.00,4557.08,0.00,4088.73,0.00,3.94,310.74,0.00,97.15,160.34,4.77,11194.13,463.12,0.00,280.22,199.61,0.00,45.25,0.00,0.00,0.00,0.00,0.00,988.20,622.16,1610.37,0.00,0.00,0.00,25.07,0.00,116.17,,0.00,,12945.73,,,,,,2.13,0.23,1762.85,1,6,721,20436,F9,Frontier Airlines Inc.,F9,Frontier Airlines Inc.,16461,L,3,3,2024,4
1850.80,162.80,53.56,350.13,8.73,,1131.06,13.27,0.00,2.87,0.00,45.09,0.00,153.53,0.00,568.81,4340.64,774.82,0.00,727.38,11.36,,264.08,73.58,0.00,0.00,0.00,0.00,1851.23,-279.11,1572.12,0.00,0.00,0.00,47.39,78.82,6.35,,4.72,,6050.03,,,,,,1.20,0.37,418.02,1,4,441,20401,3M,Silver Airways,3M,Silver Airways,11056,I,2,2,2024,3
1857.86,0.00,1.93,116.14,0.27,0.00,2614.64,0.00,24.43,0.07,-6.92,590.04,0.00,78.52,68.46,7.65,5353.09,165.29,0.00,300.95,643.97,0.00,138.52,5.43,0.00,0.00,0.00,0.00,1254.16,288.67,1542.82,9.33,562.48,234.46,22.55,6.10,140.26,,0.00,,7871.09,,,,,,0.47,0.07,1089.43,1,6,724,20409,B6,JetBlue Airways,B6,JetBlue Airways,16673,L,3,3,2024,4
1883.53,0.00,0.00,79.44,2.00,,2500.16,8.61,129.57,1.02,24.24,501.22,0.00,95.53,99.08,1.89,5326.29,402.84,0.00,792.34,0.00,,382.84,2742.19,0.00,,0.00,,4320.20,490.20,4810.40,,318.66,67.17,21.18,,,,7.78,,10551.49,,,,,,0.54,0.39,940.59,2,6,622,19917,5X,United Parcel Service,5X,United Parcel Service,16911,A,3,3,2024,2
1905.89,0.00,2.92,141.29,3.81,0.00,3280.53,0.00,46.65,0.11,-0.40,847.68,0.00,136.12,75.67,10.90,6451.15,150.97,0.00,335.52,603.74,0.00,101.74,3.85,0.00,0.00,0.00,0.00,1195.83,253.44,1449.26,7.21,573.89,198.95,21.77,6.50,146.11,,0.00,,8854.84,,,,,,1.20,0.15,1174.13,1,6,724,20409,B6,JetBlue Airways,B6,JetBlue Airways,16673,L,3,3,2024,2
1910.87,155.21,40.29,343.15,11.23,,998.68,14.63,0.00,2.55,0.00,43.39,0.00,143.49,0.00,569.48,4232.96,779.93,0.00,552.05,22.23,,480.77,77.20,0.00,0.00,0.00,0.00,1912.18,-63.94,1848.23,0.00,0.00,0.00,40.17,57.17,5.30,,3.86,,6187.69,,,,,,1.06,0.37,401.18,1,4,441,20401,3M,Silver Airways,3M,Silver Airways,11056,I,2,2,2024,4
1955.00,0.00,182.00,595.00,40.00,,-35.00,,1.00,10.00,0.00,258.00,,218.00,0.00,-5196.00,-1972.00,4.00,0.00,4.00,462.00,,2636.00,2659.00,212.00,,17.00,,5994.00,7807.00,13801.00,,888.00,416.00,37.00,7.00,,,,,13177.00,,,,,,0.90,0.09,2055.68,2,6,683,20107,FX,Federal Express Corporation,FX,Federal Express Corporation,16195,L,3,3,2024,2
1959.57,0.00,150.15,129.35,0.00,0.00,4898.03,5.56,655.61,0.00,2.47,515.21,0.00,109.33,101.77,0.00,8527.04,306.10,75.41,402.93,515.66,0.00,228.97,369.48,0.00,0.00,0.00,0.00,1898.54,714.04,2612.58,39.02,380.97,82.77,39.72,0.00,37.44,,42.83,,11762.37,,,,,,0.89,0.08,1855.59,1,6,889,19805,AA,American Airlines Inc.,AA,American Airlines Inc.,0A050,D,3,3,2024,2
1963.00,0.00,49.00,194.00,0.00,0.00,4477.00,0.00,246.00,3.00,24.00,609.00,0.00,105.00,0.00,8.00,7678.00,150.00,60.00,185.00,439.00,0.00,328.00,161.00,0.00,0.00,0.00,0.00,1323.00,526.00,1849.00,18.00,463.00,240.00,11.00,37.00,0.00,,38.00,0.00,10334.00,,,,,,1.41,0.19,1787.72,1,6,622,19790,DL,Delta Air Lines Inc.,DL,Delta Air Lines Inc.,10261,A,3,3,2024,3
1973.00,0.00,101.00,442.00,7.00,,1406.00,,2.00,1.00,21.00,928.00,,60.00,51.00,245.00,5237.00,0.00,0.00,79.00,,,278.00,134.00,415.00,,107.00,,1013.00,5186.00,6199.00,,926.00,808.00,48.00,37.00,,,,,13255.00,,,,,,0.47,0.33,639.81,2,6,622,20107,FX,Federal Express Corporation,FX,Federal Express Corporation,16196,A,3,3,2024,4
1973.66,0.00,413.22,648.43,,,12210.98,,5762.20,,337.36,120.49,,193.18,0.00,2417.16,24076.67,771.65,,,,,1095.48,,,,,,1867.14,,1867.14,,,0.00,,,,,,,25943.81,,,,,,2.65,0.15,8376.53,2,8,820,20195,WI,Sky Lease Cargo,WI,Sky Lease Cargo,16884,I,2,2,2024,3
1975.81,,195.64,234.24,,,5756.54,,0.05,,,510.57,-1.63,96.25,4.67,,8772.13,143.07,2.97,572.12,1423.12,,238.96,-28.60,,,,,2351.65,485.27,2836.92,299.10,265.31,181.70,32.15,88.89,,,8.32,,12484.51,,,,,,1.71,0.15,2045.71,1,6,622,19977,UA,United Air Lines Inc.,UA,United Air Lines Inc.,10876,L,3,3,2024,2
1982.39,0.00,252.56,541.32,,,14956.90,,5120.65,,324.71,115.75,,275.42,0.00,4055.73,27625.44,834.28,,,,,1800.01,,,,,,2634.29,,2634.29,,,0.00,,,,,,,30259.73,,,,,,2.39,0.16,7825.58,2,8,820,20195,WI,Sky Lease Cargo,WI,Sky Lease Cargo,16884,I,2,2,2024,2
1991.29,0.00,146.42,125.87,0.00,0.00,3177.12,4.94,630.03,0.00,2.55,590.63,0.00,75.52,63.27,0.00,6807.63,339.97,81.40,442.00,579.36,0.00,264.83,287.33,0.00,0.00,0.00,0.00,1994.88,811.37,2806.25,44.05,396.41,94.91,81.66,0.00,29.37,,51.18,,10311.46,,,,,,0.90,0.09,1395.43,1,6,889,19805,AA,American Airlines Inc.,AA,American Airlines Inc.,0A050,D,3,3,2024,4
2017.02,,194.45,235.54,,,4931.09,,10.27,,,555.22,,172.42,108.59,,8224.60,175.09,0.25,2114.06,9.27,,404.62,60.72,,,,,2764.01,435.58,3199.59,241.86,947.48,134.26,38.96,513.08,,,,,13299.82,,,,,,1.35,0.14,1805.23,1,6,626,19977,UA,United Air Lines Inc.,UA,United Air Lines Inc.,0A875,D,3,3,2024,1
2043.11,643.95,107.53,920.28,0.00,,2205.02,0.00,5430.27,31.07,511.49,15.89,0.00,167.98,0.00,-1.62,12074.97,1262.51,0.00,0.00,0.00,,1557.23,0.00,0.00,0.00,0.00,0.00,2819.74,0.00,2819.74,0.00,0.00,0.00,0.00,66.13,133.56,,338.17,,15432.57,,,,,,2.20,0.43,2473.26,1,6,699,22085,GCA,"Global Crossing Airlines, Inc.",GCA,"Global Crossing Airlines, Inc.",01227,S,2,2,2024,4
2045.00,0.00,46.00,184.00,0.00,0.00,3521.00,0.00,234.00,3.00,23.00,579.00,0.00,99.00,0.00,8.00,6742.00,143.00,57.00,176.00,418.00,0.00,312.00,153.00,0.00,0.00,0.00,0.00,1259.00,501.00,1760.00,17.00,441.00,228.00,11.00,35.00,0.00,,36.00,0.00,9270.00,,,,,,1.34,0.17,1406.04,1,6,694,19790,DL,Delta Air Lines Inc.,DL,Delta Air Lines Inc.,10260,L,3,3,2024,3
2052.00,0.00,0.00,177.00,0.00,0.00,4293.00,2.00,-23.00,0.00,3.00,606.00,0.00,112.00,179.00,27.00,7429.00,149.00,6.00,416.00,11.00,0.00,48.00,30.00,0.00,0.00,0.00,0.00,660.00,171.00,831.00,17.00,685.00,102.00,73.00,0.00,0.00,,0.00,,9137.00,,,,,,1.92,0.21,1642.00,2,6,612,19930,AS,Alaska Airlines Inc.,AS,Alaska Airlines Inc.,06031,D,3,3,2024,2
2053.21,,266.71,282.51,,,5992.47,,115.43,,,525.75,-0.14,47.96,231.39,,9515.29,210.15,0.23,914.56,8385.25,,367.20,46.52,,,,,9923.92,405.21,10329.13,206.99,936.09,485.08,95.95,481.38,,,,,22049.90,,,,,,1.72,0.15,2553.25,1,6,887,19977,UA,United Air Lines Inc.,UA,United Air Lines Inc.,0A875,D,3,3,2024,4
2067.15,40.14,89.57,0.00,10.97,,4418.51,0.00,2598.95,0.00,123.61,178.20,0.00,157.50,0.00,-20.46,9664.13,61.79,61.79,61.79,61.79,,231.69,231.69,0.00,0.00,0.00,0.00,710.55,371.67,1082.22,0.00,85.52,0.00,43.85,0.00,0.00,,0.00,,10875.72,,,,,,1.93,0.46,1394.58,1,6,748,22080,MX,Breeze Aviation Group DBA  Breeze,MX,Breeze Aviation Group DBA  Breeze,01268,D,2,2,2024,1
2079.93,0.00,152.58,129.94,0.00,0.00,3858.52,5.39,659.00,0.00,2.65,601.93,0.00,77.97,77.50,0.00,7645.41,353.13,85.10,455.03,603.65,0.00,284.61,305.11,0.00,0.00,0.00,0.00,2086.64,845.39,2932.02,46.15,413.01,99.12,85.01,0.00,30.22,,53.03,,11303.97,,,,,,1.75,0.27,1693.11,1,6,694,19805,AA,American Airlines Inc.,AA,American Airlines Inc.,10050,L,3,3,2024,4
2084.10,0.00,18.58,32.97,5.36,0.00,2977.69,0.00,1628.80,0.05,36.90,350.25,0.00,64.95,135.53,0.00,7335.17,432.62,0.00,120.96,44.44,0.00,96.58,214.87,0.00,0.00,0.00,0.00,909.46,0.00,909.46,0.00,246.47,29.37,7.39,0.00,0.00,,297.07,,8824.92,,,,,,1.50,0.21,1420.68,1,6,698,20416,NK,Spirit Air Lines,NK,Spirit Air Lines,06830,D,3,3,2024,4
2086.00,0.00,99.00,452.00,4.00,,1799.00,,3.00,-1.00,24.00,1465.00,,148.00,60.00,2781.00,8920.00,0.00,0.00,36.00,,,805.00,522.00,564.00,,75.00,,2002.00,8737.00,10739.00,,983.00,918.00,54.00,42.00,,,,,21656.00,,,,,,0.55,0.36,749.21,2,6,622,20107,FX,Federal Express Corporation,FX,Federal Express Corporation,16196,A,3,3,2024,2
2092.66,40.20,83.83,0.00,1.67,,4786.67,0.00,2662.24,0.00,102.05,213.02,0.00,166.59,0.00,-150.75,9998.19,63.01,63.01,63.01,63.01,,231.38,231.38,0.00,0.00,0.00,0.00,714.80,336.84,1051.64,0.00,129.88,0.00,45.68,0.00,0.00,,0.00,,11225.40,,,,,,2.15,0.91,1691.39,1,6,678,22080,MX,Breeze Aviation Group DBA  Breeze,MX,Breeze Aviation Group DBA  Breeze,01268,D,2,2,2024,2
2106.02,0.00,289.61,641.52,0.00,0.00,11554.85,0.00,1384.50,0.00,419.30,119.76,0.00,153.71,0.00,0.00,16669.26,1106.28,0.00,274.22,0.00,0.00,334.21,0.00,0.00,0.00,0.00,0.00,1714.71,0.00,1714.71,0.00,2831.29,1116.52,691.99,0.00,0.00,,0.00,,23023.77,,,,,,1.01,0.16,3341.22,2,8,820,21629,KD,Western Global,KD,Western Global,11042,I,2,2,2024,1
2108.38,0.00,229.06,655.58,,,13128.77,,5976.05,,570.95,105.92,,176.35,0.00,3086.28,26037.34,896.37,,,,,1469.79,,,,,,2366.16,,2366.16,,,0.00,,,,,,,28403.50,,,,,,2.78,0.17,8687.92,2,8,820,20195,WI,Sky Lease Cargo,WI,Sky Lease Cargo,16884,I,2,2,2024,4
2111.85,,197.20,228.58,,,4430.02,,0.19,,,544.28,-0.10,49.65,14.08,,7575.75,186.81,4.07,754.24,1534.98,,468.07,109.53,,,,,3057.69,560.85,3618.54,304.05,272.24,179.52,33.57,98.64,,,0.08,,12082.37,,,,,,1.75,0.17,1874.82,1,6,622,19977,UA,United Air Lines Inc.,UA,United Air Lines Inc.,10876,L,3,3,2024,4
2114.07,0.00,0.00,81.08,1.23,,2884.16,5.67,146.16,1.34,30.81,600.61,0.00,205.95,113.41,-11.64,6172.82,447.60,0.00,947.58,0.00,,412.29,2915.00,0.00,,0.00,,4722.47,535.76,5258.23,,358.18,75.58,23.68,,,,8.65,,11897.13,,,,,,0.87,0.44,1060.01,2,6,622,19917,5X,United Parcel Service,5X,United Parcel Service,16911,A,3,3,2024,1
2119.45,37.36,83.31,0.00,5.33,,4786.67,0.00,3021.90,0.00,117.78,258.84,0.00,133.49,0.00,-248.88,10315.24,71.55,71.55,71.55,71.55,,340.87,340.87,0.00,0.00,0.00,0.00,967.93,445.64,1413.57,0.00,128.98,0.00,46.96,0.00,0.00,,0.00,,11904.75,,,,,,2.15,0.91,1691.39,1,6,678,22080,MX,Breeze Aviation Group DBA  Breeze,MX,Breeze Aviation Group DBA  Breeze,01268,D,2,2,2024,3
2125.25,0.00,165.02,142.79,0.00,0.00,6473.70,7.12,763.86,0.00,2.83,559.97,0.00,171.72,124.06,0.00,10536.32,345.44,84.77,444.69,583.94,0.00,275.50,275.58,0.00,0.00,0.00,0.00,2009.91,856.93,2866.84,44.34,438.52,91.56,44.28,0.00,44.80,,44.94,,14111.59,,,,,,0.93,0.09,2323.72,1,6,637,19805,AA,American Airlines Inc.,AA,American Airlines Inc.,0A050,D,3,3,2024,1
2187.50,0.00,21.77,43.29,5.42,0.00,4523.80,0.00,1448.17,0.37,41.38,466.73,0.00,157.27,182.10,0.00,9077.78,485.13,0.00,107.31,51.86,0.00,93.02,246.89,0.00,0.00,0.00,0.00,984.21,0.00,984.21,0.00,361.91,32.01,7.87,0.00,0.00,,330.95,,10794.73,,,,,,1.95,0.22,1774.27,1,6,698,20416,NK,Spirit Air Lines,NK,Spirit Air Lines,16831,L,3,3,2024,2
2195.12,,397.72,394.22,,,8210.44,,176.67,,,599.73,,62.30,383.44,,12419.64,192.49,,403.15,11.45,,192.20,93.80,,,,,893.10,434.41,1327.50,22.62,1513.22,489.04,1.16,23.36,,,,,15796.55,,,,,,1.87,0.14,3369.95,1,6,837,19977,UA,United Air Lines Inc.,UA,United Air Lines Inc.,0A875,D,3,3,2024,3
2203.22,288.21,0.00,372.80,0.00,,1877.92,0.00,566.43,0.00,264.30,344.47,0.00,193.92,0.00,1580.89,7692.16,1041.12,0.00,0.00,0.00,,2275.26,0.00,0.00,0.00,0.00,0.00,3316.38,0.00,3316.38,0.00,1156.26,312.98,41.78,0.00,0.00,,0.00,,12519.55,,,,,,1.79,0.51,1600.66,2,6,614,21161,09Q,"Swift Air, LLC d/b/a Eastern Air Lines d/b/a Eastern",09Q,"Swift Air, LLC d/b/a Eastern Air Lines d/b/a Eastern",01130,D,2,2,2024,1
2218.00,0.00,128.00,492.00,16.00,,1753.00,,3.00,2.00,26.00,1075.00,,94.00,63.00,375.00,6245.00,0.00,0.00,60.00,,,315.00,79.00,609.00,,50.00,,1113.00,5055.00,6168.00,,1102.00,960.00,57.00,44.00,,,,,14576.00,,,,,,0.52,0.45,725.72,2,6,622,20107,FX,Federal Express Corporation,FX,Federal Express Corporation,16196,A,3,3,2024,3
2227.68,0.00,170.99,147.23,0.00,0.00,6133.46,6.08,744.33,0.00,2.81,589.77,0.00,125.23,125.93,0.00,10273.50,349.29,85.71,450.92,599.16,0.00,254.99,406.94,0.00,0.00,0.00,0.00,2147.01,813.20,2960.21,44.47,433.63,94.59,45.32,0.00,42.43,,49.05,,13943.19,,,,,,0.93,0.08,2336.94,1,6,637,19805,AA,American Airlines Inc.,AA,American Airlines Inc.,0A050,D,3,3,2024,2
2249.83,,161.88,223.07,,,3476.15,,63.89,,,582.02,-0.08,53.09,30.23,,6840.07,104.78,0.13,-3636.64,4641.25,,188.31,25.74,,,,,1323.57,233.98,1557.55,114.57,518.13,268.50,53.11,266.45,,,,,9618.37,,,,,,0.94,0.09,1379.73,1,6,887,19977,UA,United Air Lines Inc.,UA,United Air Lines Inc.,10877,P,3,3,2024,4
2257.24,,282.70,304.12,,,5020.21,,,,,578.47,-0.15,52.76,101.76,,8597.10,230.70,0.26,687.42,438.41,,258.41,23.08,,,,,1638.27,455.02,2093.29,187.98,900.24,409.93,46.87,87.51,,,0.33,,12323.25,,,,,,1.22,0.10,2205.36,1,6,624,19977,UA,United Air Lines Inc.,UA,United Air Lines Inc.,0A875,D,3,3,2024,4
2282.91,0.00,180.95,154.46,0.00,0.00,5623.07,7.43,816.05,0.00,3.03,607.46,0.00,185.31,114.17,0.00,9974.84,370.36,90.27,474.11,646.63,0.00,286.88,294.16,0.00,0.00,0.00,0.00,2162.41,915.94,3078.35,48.26,467.53,97.81,47.80,0.00,47.95,,48.54,,13811.07,,,,,,2.07,0.30,2012.75,1,6,694,19805,AA,American Airlines Inc.,AA,American Airlines Inc.,10050,L,3,3,2024,1
2287.03,0.00,210.03,881.40,0.00,0.00,7882.50,0.00,0.00,0.00,443.74,160.31,0.00,145.27,0.00,0.00,12010.30,1170.78,0.00,57.71,0.00,0.00,353.69,0.00,0.00,0.00,0.00,0.00,1582.18,0.00,1582.18,0.00,2996.35,1181.61,732.33,0.00,0.00,,0.00,,18502.77,,,,,,1.07,1.05,2576.71,2,7,740,21629,KD,Western Global,KD,Western Global,11042,I,2,2,2024,1
2290.00,0.00,119.00,196.00,0.00,0.00,7503.00,0.00,297.00,1.00,29.00,678.00,0.00,122.00,0.00,9.00,11244.00,145.00,49.00,346.00,527.00,0.00,367.00,231.00,0.00,0.00,0.00,0.00,1665.00,576.00,2241.00,16.00,546.00,272.00,15.00,41.00,0.00,,55.00,0.00,14430.00,,,,,,1.51,0.12,2706.64,1,6,339,19790,DL,Delta Air Lines Inc.,DL,Delta Air Lines Inc.,01260,D,3,3,2024,1
2310.82,57.89,76.68,478.15,103.68,0.00,-0.46,0.00,929.45,7.11,60.86,813.00,0.00,204.53,0.00,0.00,5041.71,1960.21,0.00,994.73,902.47,0.00,948.03,166.07,0.00,0.00,0.00,0.00,4971.52,0.00,4971.52,0.00,369.31,529.05,0.00,32.51,0.00,,0.00,0.00,10944.09,,,,,,1.67,0.68,2942.01,2,6,625,20453,ABX,ABX Air Inc,ABX,ABX Air Inc,80006,D,2,2,2024,2
2311.44,48.37,317.08,2138.94,22.39,0.00,4974.43,0.00,1982.79,108.05,127.77,387.92,0.00,150.39,0.00,0.00,12569.55,1009.09,5.30,100.75,0.00,0.00,0.00,0.00,2.52,0.00,117.26,0.00,1234.93,744.35,1979.28,0.00,0.00,0.00,0.00,0.00,655.44,,0.00,,15204.27,,,,,,0.90,0.20,1405.52,1,6,625,20377,X9,Omni Air International LLC,X9,Omni Air International LLC,16736,I,2,2,2024,3
2343.62,0.00,168.94,342.81,0.00,0.00,0.00,0.00,1314.68,0.00,0.00,164.13,0.00,176.90,0.00,0.00,4511.07,482.24,14.92,484.81,0.00,0.00,109.55,49.58,0.00,0.00,0.00,612.48,1753.57,614.86,2368.43,47.88,0.00,0.00,0.08,0.00,0.00,,0.00,,6927.46,,,,,,2.81,1.18,1947.26,1,6,673,20398,MQ,Envoy Air,MQ,Envoy Air,16820,L,3,3,2024,3
2351.67,0.00,123.47,284.48,0.00,0.00,5.89,0.00,2.20,6.54,8.62,279.47,0.00,176.64,125.65,40.47,3405.09,500.54,0.00,257.46,973.66,0.00,278.16,57.22,0.00,0.00,0.00,0.00,2067.04,421.35,2488.39,0.00,0.00,47.94,74.03,0.00,18.65,,0.00,,6034.11,,,,,,3.45,0.53,2155.19,1,6,673,20304,OO,SkyWest Airlines Inc.,OO,SkyWest Airlines Inc.,11025,L,3,3,2024,2
2365.73,0.00,21.09,37.42,6.08,0.00,3380.08,0.00,1848.91,0.06,41.89,397.58,0.00,73.73,153.85,0.00,8326.40,491.08,0.00,137.30,50.45,0.00,109.63,243.90,0.00,0.00,0.00,0.00,1032.36,0.00,1032.36,0.00,279.77,33.33,8.39,0.00,0.00,,337.21,,10017.48,,,,,,1.70,0.24,1495.08,1,6,721,20416,NK,Spirit Air Lines,NK,Spirit Air Lines,16831,L,3,3,2024,4
2373.61,0.00,203.19,0.60,1.63,0.00,7961.40,0.00,4358.00,0.00,4.74,373.85,0.00,258.33,187.28,4.82,15727.45,588.12,0.00,249.47,48.19,0.00,55.28,0.00,0.00,0.00,0.00,0.00,941.06,884.24,1825.30,0.00,0.00,0.00,32.18,0.00,125.40,,0.00,,17710.33,,,,,,3.12,0.25,2689.59,1,6,721,20436,F9,Frontier Airlines Inc.,F9,Frontier Airlines Inc.,16461,L,3,3,2024,2
2399.26,44.20,461.71,869.73,47.31,0.00,4562.19,0.00,1027.15,16.91,54.01,271.75,0.00,199.80,0.00,0.00,9954.02,920.66,4.64,438.49,0.00,0.00,0.00,0.00,12.09,0.00,114.69,0.00,1490.57,650.05,2140.61,0.00,0.00,0.00,0.00,0.00,191.00,,0.00,,12285.63,,,,,,0.79,0.21,1211.28,1,6,625,20377,X9,Omni Air International LLC,X9,Omni Air International LLC,16736,I,2,2,2024,1
2406.32,1170.47,198.02,328.91,0.00,,5116.35,0.00,8190.28,931.40,1019.26,297.23,0.00,504.16,0.00,0.00,20162.40,1835.84,0.00,0.00,0.00,,1830.04,0.00,0.00,0.00,0.00,0.00,3665.88,0.00,3665.88,0.00,105.17,0.00,0.00,0.00,415.90,,87.31,,24436.66,,,,,,2.86,0.90,2287.20,1,6,694,22085,GCA,"Global Crossing Airlines, Inc.",GCA,"Global Crossing Airlines, Inc.",01227,S,2,2,2024,1
2409.12,0.00,411.26,394.36,0.00,0.00,0.00,0.00,1359.47,0.00,0.00,187.89,0.00,220.07,0.00,0.00,4982.17,519.13,16.06,524.99,13.71,0.00,149.17,53.23,0.00,0.00,0.00,934.90,2211.18,639.71,2850.90,49.80,0.00,0.00,0.13,0.00,0.00,,0.00,,7882.99,,,,,,2.93,1.20,1999.29,1,6,673,20398,MQ,Envoy Air,MQ,Envoy Air,16820,L,3,3,2024,2
2410.53,1068.98,444.03,1016.44,104.52,,1988.54,0.00,0.00,-0.20,329.69,684.91,-0.11,295.68,0.00,77.13,8420.15,1487.66,0.00,1042.10,868.51,,2001.90,33.08,0.00,0.00,1.90,0.00,5435.14,0.00,5435.14,0.00,1226.64,0.00,0.00,461.89,540.18,,0.00,,16083.99,,,,,,0.93,0.70,725.15,2,5,556,20169,L2,Lynden Air Cargo Airlines,L2,Lynden Air Cargo Airlines,06699,D,2,2,2024,2
2411.00,0.00,71.00,201.00,0.00,0.00,7727.00,0.00,289.00,1.00,34.00,704.00,0.00,117.00,0.00,12.00,11567.00,170.00,80.00,389.00,457.00,0.00,357.00,99.00,0.00,0.00,0.00,0.00,1552.00,638.00,2190.00,21.00,544.00,291.00,12.00,45.00,0.00,,39.00,0.00,14709.00,,,,,,1.58,0.13,3275.32,1,6,359,19790,DL,Delta Air Lines Inc.,DL,Delta Air Lines Inc.,01260,D,3,3,2024,4
2416.09,,198.24,253.24,,,17512.59,,105.85,,,623.93,-6.87,56.91,485.81,,21645.78,219.68,0.28,4740.69,81.78,,793.25,57.87,,,,,5893.54,480.92,6374.46,38.22,371.72,336.47,2.69,38.94,,,17.11,,28825.39,,,,,,7.94,0.94,6754.98,1,6,614,19977,UA,United Air Lines Inc.,UA,United Air Lines Inc.,10877,P,3,3,2024,4
2429.83,52.48,192.16,2080.52,44.13,0.00,3539.33,0.00,2086.53,150.02,106.93,460.90,0.00,105.06,0.00,0.00,11247.88,1064.66,5.49,780.07,0.00,0.00,0.00,0.00,2.73,0.00,376.83,0.00,2229.79,332.81,2562.59,0.00,0.00,0.00,0.00,0.00,1504.69,,0.00,,15315.16,,,,,,0.84,0.17,1313.50,1,6,625,20377,X9,Omni Air International LLC,X9,Omni Air International LLC,16736,I,2,2,2024,4
2484.77,,347.24,379.61,,,9086.13,,2.02,,,637.07,-3.02,120.10,377.20,,13431.12,215.58,0.24,1329.26,-2.37,,263.68,-69.62,,,,,1736.76,476.32,2213.08,18.86,1559.64,352.18,4.06,52.56,,,,,17631.49,,,,,,2.13,0.14,3485.93,1,6,889,19977,UA,United Air Lines Inc.,UA,United Air Lines Inc.,0A875,D,3,3,2024,2
2486.82,0.00,274.43,0.17,4.17,0.00,10490.29,0.00,6623.72,0.00,10.42,405.61,0.00,475.31,268.65,4.44,21044.02,804.60,0.00,375.76,212.29,0.00,76.02,0.00,0.00,0.00,0.00,0.00,1468.66,1096.25,2564.91,0.00,0.00,0.00,58.17,0.00,243.54,,0.00,,23910.64,,,,,,4.15,0.34,3351.41,1,6,721,20436,F9,Frontier Airlines Inc.,F9,Frontier Airlines Inc.,16461,L,3,3,2024,1
2494.00,0.00,57.00,162.00,0.00,0.00,5040.00,0.00,233.00,1.00,27.00,567.00,0.00,94.00,0.00,9.00,8684.00,137.00,64.00,314.00,368.00,0.00,287.00,80.00,0.00,0.00,0.00,0.00,1250.00,514.00,1764.00,17.00,438.00,234.00,10.00,37.00,0.00,,31.00,0.00,11215.00,,,,,,1.27,0.12,2136.64,1,6,626,19790,DL,Delta Air Lines Inc.,DL,Delta Air Lines Inc.,10260,L,3,3,2024,4
2494.00,0.00,107.00,225.00,0.00,0.00,9511.00,0.00,310.00,0.00,36.00,721.00,0.00,120.00,0.00,9.00,13533.00,180.00,56.00,364.00,581.00,0.00,385.00,184.00,0.00,0.00,0.00,0.00,1750.00,658.00,2408.00,19.00,575.00,295.00,14.00,44.00,0.00,,48.00,0.00,16936.00,,,,,,1.74,0.13,3624.40,1,6,359,19790,DL,Delta Air Lines Inc.,DL,Delta Air Lines Inc.,01260,D,3,3,2024,2
2500.45,1222.16,321.58,828.51,127.53,,2517.61,0.00,0.00,4.75,336.65,651.48,7.75,296.58,0.00,72.34,8887.40,1573.16,0.00,825.91,807.77,,892.28,34.26,0.00,0.00,0.10,0.00,4133.48,0.00,4133.48,0.00,1226.64,0.00,0.00,652.08,521.80,,0.00,,15421.39,,,,,,0.99,0.70,746.13,2,5,556,20169,L2,Lynden Air Cargo Airlines,L2,Lynden Air Cargo Airlines,06699,D,2,2,2024,1
2510.00,0.00,289.00,753.00,104.00,,5389.00,,0.00,5.00,9.00,0.00,,123.00,224.00,484.00,9890.00,1964.00,218.00,76.00,45.00,,81.00,67.00,556.00,,598.00,,3605.00,18454.00,22059.00,,315.00,414.00,106.00,11.00,,,,,32795.00,,,,,,0.99,0.14,2506.71,2,7,740,20107,FX,Federal Express Corporation,FX,Federal Express Corporation,16196,A,3,3,2024,4
2514.40,1123.86,325.04,562.27,107.66,,2433.75,0.00,0.00,11.49,48.94,1609.37,8.00,177.66,0.00,100.54,9023.00,1559.82,0.00,1790.02,1033.55,,1319.24,64.35,0.00,0.00,0.00,0.00,5766.98,0.00,5766.98,0.00,1388.76,0.00,0.00,1470.33,699.60,,0.00,,18348.68,,,,,,0.96,0.62,741.82,2,5,556,20169,L2,Lynden Air Cargo Airlines,L2,Lynden Air Cargo Airlines,06699,D,2,2,2024,4
2522.22,58.72,82.95,689.51,81.67,0.00,26.23,0.00,735.03,5.76,101.69,765.55,0.00,132.03,0.00,0.00,5201.34,2367.49,0.00,569.00,827.22,0.00,878.24,157.79,0.00,0.00,0.00,0.00,4799.74,0.00,4799.74,0.00,355.66,413.85,0.00,59.02,0.00,,0.00,0.00,10829.63,,,,,,2.13,0.64,3452.81,2,6,625,20453,ABX,ABX Air Inc,ABX,ABX Air Inc,80006,D,2,2,2024,4
2527.00,0.00,0.00,213.00,0.00,0.00,5186.00,11.00,233.00,0.00,12.00,743.00,0.00,138.00,230.00,37.00,9330.00,386.00,17.00,614.00,496.00,0.00,93.00,61.00,0.00,0.00,0.00,0.00,1667.00,418.00,2085.00,12.00,632.00,237.00,58.00,0.00,11.00,,0.00,,12365.00,,,,,,2.37,0.24,2110.00,1,6,614,19930,AS,Alaska Airlines Inc.,AS,Alaska Airlines Inc.,16031,L,3,3,2024,3
2538.41,,466.45,455.40,,,10290.44,,6.10,,,645.29,-3.89,121.64,466.50,,14986.34,222.28,,1197.96,-3.93,,225.43,-79.24,,,,,1562.49,503.37,2065.86,24.09,1733.53,561.29,1.29,27.01,,,,,19399.40,,,,,,2.12,0.15,3862.70,1,6,837,19977,UA,United Air Lines Inc.,UA,United Air Lines Inc.,0A875,D,3,3,2024,2
2548.83,0.00,552.38,971.22,0.00,0.00,11628.53,34.47,0.00,0.00,383.74,151.08,0.00,143.32,0.00,0.00,16413.58,939.00,0.00,13.85,0.00,0.00,490.26,0.00,0.00,0.00,0.00,0.00,1443.11,0.00,1443.11,0.00,2571.19,1007.58,656.92,0.00,0.00,,0.00,,22092.38,,,,,,1.35,0.80,3486.96,2,7,740,21629,KD,Western Global,KD,Western Global,11042,I,2,2,2024,3
2558.00,0.00,0.00,203.00,0.00,0.00,4649.00,0.00,333.00,0.00,3.00,407.00,0.00,139.00,181.00,307.00,8782.00,319.00,13.00,491.00,268.00,0.00,57.00,46.00,0.00,0.00,0.00,0.00,1193.00,322.00,1516.00,17.00,714.00,106.00,73.00,0.00,0.00,,0.00,,11208.00,,,,,,1.87,0.22,1600.00,2,6,612,19930,AS,Alaska Airlines Inc.,AS,Alaska Airlines Inc.,06031,D,3,3,2024,1
2586.74,1159.89,299.11,864.20,80.37,,2330.01,0.00,0.00,5.15,303.23,579.06,35.04,190.47,0.00,75.00,8508.25,1550.73,0.00,1475.09,535.12,,1177.10,133.81,0.00,0.00,5.69,0.00,4877.53,0.00,4877.53,0.00,1251.58,0.00,0.00,595.34,595.56,,0.00,,15828.26,,,,,,1.08,0.72,828.00,2,5,556,20169,L2,Lynden Air Cargo Airlines,L2,Lynden Air Cargo Airlines,06699,D,2,2,2024,3
2589.24,61.78,132.01,696.19,123.83,0.00,6.35,0.00,846.55,12.35,115.64,898.57,0.00,193.50,0.00,0.00,5676.01,2033.71,0.00,909.29,1031.08,0.00,931.60,114.32,0.00,0.00,0.00,0.00,5020.00,0.00,5020.00,0.00,378.89,544.40,0.00,29.80,0.00,,0.00,0.00,11649.10,,,,,,1.88,0.73,3478.60,2,6,625,20453,ABX,ABX Air Inc,ABX,ABX Air Inc,80006,D,2,2,2024,3
2619.08,,35.89,1211.12,0.00,,11315.08,,336.78,,0.00,611.64,,232.94,,95.25,16457.78,132.61,,505.24,,,479.46,67.36,11.88,,,,1196.56,3731.28,4927.84,,503.34,692.34,409.46,0.00,0.00,,0.00,0.00,22990.75,,,,,,4.02,0.48,12609.61,2,8,821,20007,5Y,Atlas Air Inc.,5Y,Atlas Air Inc.,06087,D,3,3,2024,1
2633.85,0.00,288.33,994.07,0.00,0.00,9843.36,29.21,0.00,0.00,416.12,43.43,0.00,171.90,0.00,0.00,14420.36,1063.19,0.00,25.97,0.00,0.00,372.64,0.00,0.00,0.00,0.00,0.00,1461.80,0.00,1461.80,0.00,2786.69,1143.73,702.65,0.00,0.00,,0.00,,20515.13,,,,,,1.28,0.87,3071.40,2,7,740,21629,KD,Western Global,KD,Western Global,11042,I,2,2,2024,2
2641.02,57.04,208.86,3880.32,47.97,0.00,12676.49,0.00,2267.89,247.94,116.23,540.76,0.00,114.19,0.00,0.00,22798.70,1157.19,5.97,1127.42,0.00,0.00,0.00,0.00,2.97,0.00,409.58,0.00,2703.13,972.04,3675.17,0.00,0.00,0.00,0.00,0.00,1990.53,,0.00,,28464.40,,,,,,1.80,0.26,4412.67,1,6,627,20377,X9,Omni Air International LLC,X9,Omni Air International LLC,16736,I,2,2,2024,4
2643.11,0.00,0.00,93.84,3.01,,3596.84,10.53,188.64,1.72,39.94,648.98,0.00,74.83,148.72,-9.80,7440.35,598.26,0.00,1320.10,0.00,,563.77,3933.63,0.00,,0.00,,6415.75,704.88,7120.64,,465.77,97.99,31.65,,,,10.65,,15167.04,,,,,,1.18,0.58,1454.18,2,6,622,19917,5X,United Parcel Service,5X,United Parcel Service,16912,L,3,3,2024,3
2649.12,13.65,0.00,130.56,0.00,0.00,2865.53,0.00,9.25,0.00,34.17,426.62,0.00,129.96,0.00,0.64,6259.49,294.12,0.00,746.27,75.52,0.00,67.30,18.86,0.00,0.00,0.00,-5.23,1196.84,163.59,1360.43,0.00,881.56,1013.38,222.26,0.00,0.00,,936.63,,10673.74,,,,,,2.35,0.41,2010.20,1,6,614,20422,SY,Sun Country Airlines d/b/a MN Airlines,SY,Sun Country Airlines d/b/a MN Airlines,16795,L,3,3,2024,4
2652.11,50.81,456.18,1292.21,38.32,0.00,9053.88,0.00,1206.74,28.08,87.19,300.89,0.00,206.17,0.00,0.00,15372.58,1026.07,5.30,488.16,0.00,0.00,0.00,0.00,14.47,0.00,164.82,0.00,1698.81,679.22,2378.03,0.00,0.00,0.00,0.00,0.00,227.14,,0.00,,17977.75,,,,,,1.40,0.23,5501.12,1,6,625,20377,X9,Omni Air International LLC,X9,Omni Air International LLC,16736,I,2,2,2024,2
2663.00,0.00,86.00,180.00,0.00,0.00,6230.00,0.00,248.00,0.00,29.00,577.00,0.00,96.00,0.00,7.00,10116.00,144.00,45.00,292.00,466.00,0.00,309.00,147.00,0.00,0.00,0.00,0.00,1403.00,527.00,1930.00,15.00,461.00,237.00,11.00,35.00,0.00,,39.00,0.00,12844.00,,,,,,1.40,0.12,2373.96,1,6,626,19790,DL,Delta Air Lines Inc.,DL,Delta Air Lines Inc.,10262,P,3,3,2024,2
2683.00,0.00,79.00,222.00,0.00,0.00,4448.00,0.00,320.00,1.00,37.00,777.00,0.00,129.00,0.00,13.00,8709.00,187.00,88.00,430.00,505.00,0.00,394.00,109.00,0.00,0.00,0.00,0.00,1713.00,705.00,2418.00,24.00,601.00,321.00,13.00,50.00,0.00,,43.00,0.00,12179.00,,,,,,1.75,0.18,1885.51,1,6,699,19790,DL,Delta Air Lines Inc.,DL,Delta Air Lines Inc.,10260,L,3,3,2024,4
2685.38,0.00,0.00,102.99,1.56,,10918.63,7.21,406.66,1.70,-26.04,762.91,0.00,261.61,80.64,-14.79,15188.46,568.56,0.00,1528.70,0.00,,444.74,1627.00,0.00,,0.00,,4169.00,680.54,4849.54,,700.49,273.02,68.57,,,,10.98,,21091.06,,,,,,1.20,0.15,4083.89,2,8,819,19917,5X,United Parcel Service,5X,United Parcel Service,16911,A,3,3,2024,1
2710.62,0.00,167.05,967.31,0.00,0.00,16100.46,31.23,1404.00,0.00,444.84,139.44,0.00,200.84,0.00,0.00,22165.78,1136.57,0.00,440.07,0.00,0.00,398.36,0.00,0.00,0.00,0.00,0.00,1975.00,0.00,1975.00,0.00,2979.03,1222.66,751.14,0.00,0.00,,0.00,,29093.62,,,,,,1.36,0.20,4831.44,2,8,820,21629,KD,Western Global,KD,Western Global,11042,I,2,2,2024,2
2718.00,0.00,63.00,249.00,0.00,0.00,5044.00,0.00,316.00,4.00,31.00,782.00,0.00,134.00,0.00,11.00,9352.00,193.00,77.00,237.00,563.00,0.00,421.00,206.00,0.00,0.00,0.00,0.00,1697.00,676.00,2373.00,23.00,595.00,308.00,15.00,48.00,0.00,,49.00,0.00,12763.00,,,,,,1.81,0.19,2014.41,1,6,699,19790,DL,Delta Air Lines Inc.,DL,Delta Air Lines Inc.,10260,L,3,3,2024,3
2741.22,53.23,118.77,0.00,14.55,,5859.33,0.00,3446.43,0.00,163.92,236.31,0.00,208.86,0.00,-27.14,12815.48,81.94,81.94,81.94,81.94,,307.24,307.24,0.00,0.00,0.00,0.00,942.25,492.87,1435.12,0.00,113.40,0.00,58.15,0.00,0.00,,0.00,,14422.15,,,,,,2.56,0.91,1600.61,1,6,678,22080,MX,Breeze Aviation Group DBA  Breeze,MX,Breeze Aviation Group DBA  Breeze,01268,D,2,2,2024,1
2752.62,0.00,220.21,443.40,0.00,0.00,12.18,0.00,3.18,8.40,9.92,305.03,0.00,179.74,139.99,40.92,4115.60,586.13,0.00,431.78,1117.52,0.00,333.80,89.97,0.00,0.00,0.00,0.00,2559.19,490.98,3050.18,0.00,0.00,52.48,79.62,0.00,42.62,,0.00,,7340.49,,,,,,4.02,0.62,2557.96,1,6,673,20304,OO,SkyWest Airlines Inc.,OO,SkyWest Airlines Inc.,11025,L,3,3,2024,3
2766.61,0.00,0.00,116.69,2.93,,3672.36,12.65,190.32,1.50,35.60,736.21,0.00,140.31,145.54,2.78,7823.50,591.71,0.00,1163.82,0.00,,562.33,4027.85,0.00,,0.00,,6345.71,720.03,7065.74,,468.07,98.67,31.12,,,,11.43,,15498.52,,,,,,0.79,0.58,1272.02,2,6,622,19917,5X,United Parcel Service,5X,United Parcel Service,16912,L,3,3,2024,2
2771.30,58.00,380.16,3506.92,26.84,0.00,9815.82,0.00,2377.27,122.29,153.19,461.70,0.00,180.31,0.00,14.98,19868.78,1209.85,6.36,944.64,0.00,0.00,0.00,0.00,3.02,0.00,140.59,0.00,2304.46,759.63,3064.09,0.00,0.00,0.00,0.00,0.00,1152.02,,0.00,,24084.90,,,,,,1.15,0.27,2783.15,1,6,627,20377,X9,Omni Air International LLC,X9,Omni Air International LLC,16736,I,2,2,2024,3
2776.68,,372.47,384.60,,,8912.73,,2.31,,,759.97,26.86,236.01,418.18,,13889.80,241.92,0.35,536.27,12.70,,284.57,79.61,,,,,1155.42,623.20,1778.61,18.20,1764.30,399.39,4.30,50.22,,,,,17904.82,,,,,,2.25,0.16,3195.30,1,6,889,19977,UA,United Air Lines Inc.,UA,United Air Lines Inc.,0A875,D,3,3,2024,1
2780.00,0.00,143.00,237.00,0.00,0.00,4848.00,0.00,358.00,1.00,35.00,818.00,0.00,147.00,0.00,11.00,9378.00,175.00,59.00,417.00,635.00,0.00,442.00,279.00,0.00,0.00,0.00,0.00,2007.00,695.00,2702.00,19.00,658.00,328.00,18.00,49.00,0.00,,66.00,0.00,13218.00,,,,,,1.83,0.30,1748.82,1,6,698,19790,DL,Delta Air Lines Inc.,DL,Delta Air Lines Inc.,10260,L,3,3,2024,1
2799.97,,109.63,1429.05,,,0.00,,223.04,,80.35,429.64,,124.08,,,5195.76,2913.39,450.04,1593.67,2234.60,,473.99,898.82,,,,,8564.51,1242.15,9806.66,,375.03,693.87,239.71,154.50,0.00,1463.11,,,16465.54,,,,,,2.09,0.18,7225.77,2,8,819,20370,KAQ,Kalitta Air LLC,KAQ,Kalitta Air LLC,06683,D,3,3,2024,4
2801.00,0.00,42.00,156.00,0.00,0.00,3242.00,7.00,243.00,0.00,22.00,388.00,0.00,87.00,152.00,0.00,7140.00,287.00,6.00,339.00,284.00,0.00,187.00,18.00,0.00,0.00,0.00,0.00,1121.00,427.00,1548.00,-3.00,197.00,443.00,66.00,0.00,12.00,,0.00,0.00,9403.00,,,,,,1.67,0.20,1426.48,1,6,614,19393,WN,Southwest Airlines Co.,WN,Southwest Airlines Co.,11033,L,3,3,2024,4
2807.00,0.00,47.00,188.00,0.00,0.00,5884.00,0.00,238.00,3.00,23.00,590.00,0.00,101.00,0.00,8.00,9889.00,145.00,58.00,179.00,425.00,0.00,318.00,156.00,0.00,0.00,0.00,0.00,1281.00,510.00,1791.00,17.00,449.00,232.00,11.00,36.00,0.00,,37.00,0.00,12462.00,,,,,,1.37,0.10,2349.74,1,6,626,19790,DL,Delta Air Lines Inc.,DL,Delta Air Lines Inc.,10262,P,3,3,2024,3
2842.64,,562.10,542.70,,,6592.22,,103.67,,,773.97,,80.40,258.21,,11755.90,250.16,0.33,1100.78,18.00,,201.89,115.17,,,,,1686.32,569.66,2255.98,40.72,1752.56,386.21,22.95,54.07,,,,,16268.39,,,,,,1.09,0.07,2722.19,1,6,637,19977,UA,United Air Lines Inc.,UA,United Air Lines Inc.,0A875,D,3,3,2024,3
2848.08,0.00,26.32,54.53,10.08,0.00,5252.32,0.00,2191.72,0.00,55.41,609.96,0.00,132.35,258.30,0.00,11439.07,635.20,0.00,148.07,71.09,0.00,139.97,337.81,0.00,0.00,0.00,0.00,1332.14,0.00,1332.14,0.00,454.55,42.56,10.21,0.00,0.00,,437.74,,13716.26,,,,,,2.38,0.29,2220.74,1,6,694,20416,NK,Spirit Air Lines,NK,Spirit Air Lines,16831,L,3,3,2024,3
2853.00,0.00,82.00,172.00,0.00,0.00,6322.00,0.00,237.00,0.00,27.00,551.00,0.00,92.00,0.00,7.00,10343.00,137.00,43.00,278.00,445.00,0.00,295.00,141.00,0.00,0.00,0.00,0.00,1339.00,503.00,1842.00,14.00,440.00,226.00,11.00,34.00,0.00,,37.00,0.00,12947.00,,,,,,1.33,0.09,2409.21,1,6,339,19790,DL,Delta Air Lines Inc.,DL,Delta Air Lines Inc.,10260,L,3,3,2024,2
2859.36,,151.36,248.05,,,4108.04,,292.88,,,742.15,-0.08,67.69,14.13,,8483.60,251.08,0.33,801.85,508.26,,710.81,321.16,,,,,2593.49,730.24,3323.73,50.74,597.52,702.14,57.51,495.14,,,24.69,,13735.07,,,,,,2.39,0.29,1792.19,1,6,698,19977,UA,United Air Lines Inc.,UA,United Air Lines Inc.,10876,L,3,3,2024,4
2870.00,0.00,149.00,246.00,0.00,0.00,4653.00,0.00,372.00,1.00,36.00,850.00,0.00,153.00,0.00,12.00,9342.00,181.00,61.00,433.00,660.00,0.00,460.00,290.00,0.00,0.00,0.00,0.00,2085.00,722.00,2807.00,20.00,684.00,341.00,19.00,51.00,0.00,,69.00,0.00,13333.00,,,,,,1.90,0.17,1678.39,1,6,721,19790,DL,Delta Air Lines Inc.,DL,Delta Air Lines Inc.,10260,L,3,3,2024,1
2903.73,0.00,276.37,1271.23,0.00,0.00,15061.63,42.49,1474.50,0.00,473.05,131.71,0.00,164.98,0.00,0.00,21799.69,1157.52,0.00,232.50,0.00,0.00,604.35,0.00,0.00,0.00,0.00,0.00,1994.37,0.00,1994.37,0.00,3169.54,1242.06,809.80,0.00,0.00,,0.00,,29015.45,,,,,,1.66,0.33,5780.15,2,8,820,21629,KD,Western Global,KD,Western Global,11042,I,2,2,2024,3
2936.79,,263.89,312.59,,,10032.82,,,,,757.36,-0.14,69.08,56.42,,14428.82,175.90,0.23,228.51,382.52,,1305.63,20.74,,,,,2113.52,1175.19,3288.70,164.08,785.76,357.80,40.91,76.38,,,0.28,,19142.73,,,,,,2.34,0.19,4302.80,1,6,624,19977,UA,United Air Lines Inc.,UA,United Air Lines Inc.,10876,L,3,3,2024,4
2970.39,,258.54,340.58,,,10497.11,,0.04,,,827.40,,85.95,21.71,,15001.71,147.06,0.23,434.24,689.82,,699.42,89.56,,,,,2060.33,535.35,2595.68,157.61,810.31,348.12,39.24,68.28,,,,,19020.95,,,,,,2.35,0.20,4031.82,1,6,624,19977,UA,United Air Lines Inc.,UA,United Air Lines Inc.,10876,L,3,3,2024,3
2970.69,,302.08,339.26,,,7654.79,,0.10,,,817.08,,253.74,24.87,,12362.61,205.34,6.30,528.22,2275.44,,274.54,137.30,,,,,3427.13,618.88,4046.00,377.47,394.13,276.07,45.68,115.34,,,12.26,,17629.57,,,,,,2.38,0.22,2738.46,1,6,622,19977,UA,United Air Lines Inc.,UA,United Air Lines Inc.,10874,A,3,3,2024,1
2977.05,0.00,202.41,480.53,0.00,0.00,0.00,0.00,1698.09,0.00,0.00,196.18,0.00,217.93,0.00,0.00,5772.20,541.54,16.75,619.74,37.04,0.00,179.89,60.81,0.00,0.00,0.00,688.38,2144.14,854.48,2998.62,60.56,0.00,0.00,-0.04,0.00,0.00,,0.00,,8831.34,,,,,,3.40,1.52,2295.28,1,6,673,20398,MQ,Envoy Air,MQ,Envoy Air,16820,L,3,3,2024,4
3030.46,0.00,560.36,121.35,18.20,0.00,7817.15,0.00,136.32,0.00,87.26,625.24,0.00,61.51,401.80,3.86,12863.50,68.70,6.77,490.96,894.48,0.00,456.32,33.08,0.00,0.00,0.00,0.00,1950.30,780.80,2731.10,83.46,2870.96,564.52,86.69,72.09,0.00,,0.00,0.00,19272.32,,,,,,1.90,0.01,3397.20,1,6,837,19690,HA,Hawaiian Airlines Inc.,HA,Hawaiian Airlines Inc.,05375,D,3,3,2024,3
3063.10,0.00,36.03,57.42,7.85,0.00,6031.39,0.00,1788.57,-0.16,59.25,636.90,0.00,250.73,277.21,0.00,12208.30,636.64,0.00,152.44,115.86,0.00,128.59,318.19,0.00,0.00,0.00,0.00,1351.72,0.00,1351.72,0.00,516.54,46.93,10.25,0.00,0.00,,424.44,,14558.17,,,,,,2.54,0.29,2192.44,1,6,698,20416,NK,Spirit Air Lines,NK,Spirit Air Lines,16831,L,3,3,2024,1
3064.42,,278.80,350.67,,,11606.91,,0.05,,,793.09,-2.33,149.51,13.26,,16254.37,150.53,0.20,451.40,818.55,,449.22,-55.08,,,,,1814.81,511.62,2326.43,151.95,823.90,366.54,37.72,65.06,,,,,20025.96,,,,,,2.32,0.19,4112.75,1,6,624,19977,UA,United Air Lines Inc.,UA,United Air Lines Inc.,10876,L,3,3,2024,2
3082.74,0.00,513.36,1092.54,0.00,0.00,7468.58,66.36,0.00,0.00,466.85,138.60,0.00,142.61,0.00,0.00,12971.64,1186.60,0.00,123.59,0.00,0.00,464.12,0.00,0.00,0.00,0.00,0.00,1774.31,0.00,1774.31,0.00,2752.99,1163.32,748.35,0.00,0.00,,0.00,,19410.61,,,,,,1.63,0.74,4180.77,2,7,740,21629,KD,Western Global,KD,Western Global,11042,I,2,2,2024,4
3092.37,0.00,192.80,0.00,0.00,,9301.19,18.55,2192.79,0.00,252.93,235.69,0.00,205.15,0.00,0.00,15491.47,1291.94,0.00,0.00,0.00,,1866.84,415.44,0.00,0.00,0.00,0.00,3574.22,0.00,3574.22,0.00,0.00,0.00,160.73,0.00,137.18,,0.00,,19363.60,,,,,,3.49,0.67,2966.10,1,6,614,20207,XP,TEM Enterprises dba  Avelo Airlines,XP,TEM Enterprises dba  Avelo Airlines,06144,D,2,2,2024,1
3129.08,,329.92,381.89,,,9021.80,,1.70,,,807.59,-2.87,152.24,10.86,,13832.19,154.85,0.20,342.31,-2.19,,498.88,-55.17,,,,,938.88,529.37,1468.25,15.94,1318.05,297.63,3.43,44.42,,,,,16979.90,,,,,,1.78,0.12,3265.56,1,6,889,19977,UA,United Air Lines Inc.,UA,United Air Lines Inc.,10876,L,3,3,2024,2
3129.61,0.00,301.65,1277.08,0.00,0.00,11970.31,64.79,1477.50,0.00,455.83,160.45,0.00,153.58,0.00,0.00,18990.80,1158.59,0.00,360.04,0.00,0.00,453.16,0.00,0.00,0.00,0.00,0.00,1971.79,0.00,1971.79,0.00,2688.00,1135.85,730.68,0.00,0.00,,0.00,,25517.13,,,,,,1.59,0.36,5480.33,2,8,820,21629,KD,Western Global,KD,Western Global,11042,I,2,2,2024,4
3146.24,0.00,0.00,120.66,1.83,,4292.30,8.45,217.52,1.99,45.85,893.84,0.00,306.51,168.77,-17.33,9186.61,666.14,0.00,1410.21,0.00,,613.59,4338.20,0.00,,0.00,,7028.14,797.33,7825.48,,533.06,112.47,35.24,,,,12.87,,17705.73,,,,,,1.28,0.66,1514.81,2,6,622,19917,5X,United Parcel Service,5X,United Parcel Service,16912,L,3,3,2024,1
3177.18,98.18,770.88,1581.16,66.74,0.00,18540.88,0.00,5257.14,37.65,118.12,389.24,0.00,275.68,0.00,0.00,30312.85,2044.87,10.31,1338.88,0.00,0.00,0.00,0.00,0.00,0.00,0.00,0.00,3394.05,1446.33,4840.38,0.00,0.00,0.00,0.00,0.00,991.78,,0.00,,36145.00,,,,,,1.84,0.27,4399.77,1,6,627,20377,X9,Omni Air International LLC,X9,Omni Air International LLC,16736,I,2,2,2024,1
3186.55,0.00,560.17,403.38,0.00,0.00,0.00,0.00,1492.90,0.00,0.00,198.83,0.00,326.43,0.00,0.00,6168.26,601.15,18.59,565.34,0.00,0.00,137.65,46.75,0.00,0.00,0.00,927.96,2297.43,780.93,3078.36,56.84,0.00,0.00,0.17,0.00,0.00,,0.00,,9303.63,,,,,,3.13,1.30,2073.35,1,6,673,20398,MQ,Envoy Air,MQ,Envoy Air,16820,L,3,3,2024,1
3206.76,0.00,139.32,427.71,0.00,0.00,5.69,0.00,3.20,10.73,12.44,380.28,0.00,196.55,143.18,51.73,4577.59,717.61,0.00,404.89,1317.39,0.00,457.93,78.21,0.00,0.00,0.00,0.00,2976.02,626.86,3602.88,0.00,0.00,68.19,93.09,0.00,68.40,,0.00,,8410.15,,,,,,4.84,0.74,2960.17,1,6,673,20304,OO,SkyWest Airlines Inc.,OO,SkyWest Airlines Inc.,11025,L,3,3,2024,4
3217.32,,329.42,363.90,,,7559.32,,0.45,,,827.89,-0.17,75.51,3.25,,12376.88,193.61,0.25,469.04,14.10,,509.28,33.59,,,,,1219.86,597.62,1817.48,18.26,1358.93,307.58,6.98,47.07,,,,,15933.17,,,,,,1.81,0.13,3283.68,1,6,889,19977,UA,United Air Lines Inc.,UA,United Air Lines Inc.,10876,L,3,3,2024,4
3218.76,0.00,1028.89,0.00,0.00,0.00,0.00,0.00,0.00,0.00,0.00,748.31,0.00,88.71,0.00,0.00,5084.66,0.00,0.00,0.00,0.00,0.00,0.00,0.00,0.00,0.00,0.00,0.00,0.00,0.00,0.00,0.00,0.00,0.00,4.45,0.73,0.00,,0.00,0.00,5089.84,,,,,,0.77,0.09,1190.19,2,6,339,19690,HA,Hawaiian Airlines Inc.,HA,Hawaiian Airlines Inc.,05375,D,3,3,2024,1
3236.00,0.00,73.00,291.00,0.00,0.00,11204.00,0.00,369.00,5.00,36.00,913.00,0.00,157.00,0.00,12.00,16296.00,225.00,90.00,277.00,658.00,0.00,492.00,241.00,0.00,0.00,0.00,0.00,1983.00,789.00,2772.00,27.00,695.00,360.00,17.00,56.00,0.00,,57.00,0.00,20280.00,,,,,,2.07,0.16,4474.11,1,6,359,19790,DL,Delta Air Lines Inc.,DL,Delta Air Lines Inc.,01260,D,3,3,2024,3
3246.00,0.00,65.00,259.00,0.00,0.00,8098.00,0.00,328.00,4.00,32.00,813.00,0.00,140.00,0.00,11.00,12996.00,200.00,80.00,247.00,586.00,0.00,438.00,215.00,0.00,0.00,0.00,0.00,1766.00,703.00,2469.00,24.00,619.00,320.00,15.00,50.00,0.00,,51.00,0.00,16544.00,,,,,,1.88,0.14,3233.81,1,6,626,19790,DL,Delta Air Lines Inc.,DL,Delta Air Lines Inc.,10260,L,3,3,2024,3
3260.59,1027.67,171.61,1468.68,0.00,,3518.99,0.00,8666.15,49.59,816.29,25.36,0.00,268.08,0.00,-2.59,19270.42,2014.84,0.00,0.00,0.00,,2485.18,0.00,0.00,0.00,0.00,0.00,4500.02,0.00,4500.02,0.00,0.00,0.00,0.00,105.54,213.14,,539.69,,24628.81,,,,,,3.64,0.59,3858.48,1,6,694,22085,GCA,"Global Crossing Airlines, Inc.",GCA,"Global Crossing Airlines, Inc.",01227,S,2,2,2024,4
3261.19,,324.11,396.30,,,8569.05,,-5.79,,,906.12,-7.17,94.13,16.46,,13554.40,162.52,0.26,265.44,13.90,,561.05,93.79,,,,,1096.95,597.14,1694.10,17.36,1314.65,296.44,4.32,45.65,,,,,16926.91,,,,,,1.84,0.13,3400.50,1,6,889,19977,UA,United Air Lines Inc.,UA,United Air Lines Inc.,10876,L,3,3,2024,3
3268.37,0.00,0.00,123.13,2.94,,14210.77,4.13,477.65,3.07,78.80,663.79,0.00,50.37,80.06,4.82,18967.89,767.64,0.00,1978.83,0.00,,512.86,2435.85,0.00,,0.00,,5695.18,822.08,6517.25,,826.01,322.42,81.34,,,,12.73,,26727.64,,,,,,1.78,0.18,6079.93,2,8,819,19917,5X,United Parcel Service,5X,United Parcel Service,16911,A,3,3,2024,4
3273.00,0.00,193.00,794.00,13.00,,3072.00,,5.00,8.00,38.00,2539.00,,284.00,101.00,308.00,10628.00,0.00,0.00,56.00,,,716.00,406.00,878.00,,345.00,,2401.00,9001.00,11402.00,,1911.00,1350.00,78.00,61.00,,,,,25430.00,,,,,,0.89,0.59,1191.76,2,6,622,20107,FX,Federal Express Corporation,FX,Federal Express Corporation,16196,A,3,3,2024,1
3275.11,,354.62,378.87,,,8978.62,,1.82,,,899.92,25.57,279.47,7.97,,14201.97,155.32,0.27,428.44,10.01,,489.86,62.83,,,,,1146.74,517.74,1664.48,14.37,1392.79,315.29,3.39,39.64,,,,,17631.93,,,,,,1.73,0.13,3129.88,1,6,889,19977,UA,United Air Lines Inc.,UA,United Air Lines Inc.,10876,L,3,3,2024,1
3280.00,,558.00,,,,7175.00,,,,,,,,482.00,604.00,12099.00,0.00,0.00,4.00,31.00,,235.00,29.00,430.00,,0.00,,729.00,2733.00,3462.00,,2440.00,469.00,39.00,5.00,,,,,18514.00,,,,,,1.58,0.38,2618.67,2,6,626,20107,FX,Federal Express Corporation,FX,Federal Express Corporation,16196,A,3,3,2024,1
3310.00,,520.00,,,,7173.00,,,,,,,,485.00,682.00,12170.00,0.00,0.00,0.00,24.00,,361.00,158.00,575.00,,0.00,,1118.00,4879.00,5997.00,,2562.00,493.00,41.00,3.00,,,,,21266.00,,,,,,1.68,0.40,2818.09,2,6,626,20107,FX,Federal Express Corporation,FX,Federal Express Corporation,16196,A,3,3,2024,2
3322.19,,434.99,448.51,,,10511.61,,5.38,,,853.23,-3.63,160.84,251.46,,15984.58,166.55,,466.98,-3.65,,447.12,-69.87,,,,,1007.13,571.05,1578.18,21.23,1528.09,494.77,1.14,23.81,,,,,19631.80,,,,,,1.92,0.14,3685.92,1,6,837,19977,UA,United Air Lines Inc.,UA,United Air Lines Inc.,10876,L,3,3,2024,2
3341.98,78.01,81.97,707.19,140.05,0.00,-0.17,0.00,1188.54,3.69,79.39,1172.21,0.00,331.39,0.00,0.00,7124.26,1715.08,0.00,1431.25,1216.91,0.00,1424.22,221.12,0.00,0.00,0.00,0.00,6008.58,0.00,6008.58,0.00,390.26,557.09,0.00,152.48,0.00,,0.00,0.00,14232.67,,,,,,2.53,0.73,4240.85,2,6,625,20453,ABX,ABX Air Inc,ABX,ABX Air Inc,80006,D,2,2,2024,1
3361.75,,419.23,452.72,,,9444.78,,182.49,,,929.23,,96.53,240.06,,15126.78,169.77,,405.62,11.67,,476.01,96.89,,,,,1159.96,629.55,1789.51,23.37,1563.07,505.15,1.20,24.13,,,,,19033.21,,,,,,1.86,0.14,3618.80,1,6,837,19977,UA,United Air Lines Inc.,UA,United Air Lines Inc.,10876,L,3,3,2024,3
3371.06,0.00,154.08,0.00,0.00,,9106.89,18.09,3049.87,0.00,418.97,210.93,0.00,178.17,0.00,0.00,16508.05,1467.85,0.00,0.00,0.00,,2183.75,553.55,0.00,0.00,0.00,0.00,4205.15,0.00,4205.15,0.00,0.00,0.00,439.58,0.00,181.14,,0.00,,21333.92,,,,,,3.93,0.53,2779.29,1,6,612,20207,XP,TEM Enterprises dba  Avelo Airlines,XP,TEM Enterprises dba  Avelo Airlines,06144,D,2,2,2024,4
3392.74,0.00,864.46,135.46,0.00,0.00,7656.18,0.00,137.76,0.00,47.55,839.13,0.00,110.95,407.72,3.44,13595.38,60.14,2.77,515.96,779.39,0.00,211.54,14.52,0.00,0.00,0.00,0.00,1584.31,709.85,2294.16,81.30,2657.39,564.52,109.34,72.09,0.00,,0.00,0.00,19374.18,,,,,,1.94,0.18,3397.63,1,6,837,19690,HA,Hawaiian Airlines Inc.,HA,Hawaiian Airlines Inc.,05375,D,3,3,2024,4
3401.00,0.00,114.00,239.00,0.00,0.00,10025.00,0.00,329.00,0.00,38.00,764.00,0.00,127.00,0.00,9.00,15046.00,190.00,59.00,386.00,616.00,0.00,409.00,195.00,0.00,0.00,0.00,0.00,1855.00,697.00,2552.00,20.00,610.00,313.00,15.00,47.00,0.00,,51.00,0.00,18654.00,,,,,,1.85,0.14,3820.24,1,6,687,19790,DL,Delta Air Lines Inc.,DL,Delta Air Lines Inc.,01260,D,3,3,2024,2
3423.00,0.00,2.00,241.00,8.00,0.00,5799.00,12.00,289.00,0.00,15.00,1011.00,0.00,187.00,259.00,40.00,11286.00,511.00,22.00,809.00,845.00,0.00,124.00,103.00,0.00,0.00,0.00,0.00,2415.00,539.00,2954.00,16.00,786.00,302.00,78.00,0.00,15.00,,0.00,,15438.00,,,,,,2.76,0.30,2403.00,1,6,614,19930,AS,Alaska Airlines Inc.,AS,Alaska Airlines Inc.,16031,L,3,3,2024,4
3467.89,0.00,0.00,123.12,3.95,,14583.60,13.82,486.56,2.25,82.40,851.49,0.00,98.18,92.57,-12.86,19792.99,784.95,0.00,1338.37,0.00,,664.25,1728.40,0.00,,0.00,,4515.97,924.85,5440.82,,840.71,328.16,82.88,,,,13.97,,26499.52,,,,,,1.69,0.19,5942.22,2,8,819,19917,5X,United Parcel Service,5X,United Parcel Service,16911,A,3,3,2024,3
3474.12,,443.65,438.42,,,8008.55,,30.24,,,890.00,-0.23,81.18,125.01,,13490.93,211.02,,713.95,12.12,,745.98,22.97,,,,,1706.03,661.62,2367.65,26.33,1686.72,547.35,1.34,25.93,,,,,18146.25,,,,,,1.93,0.15,3353.15,1,6,837,19977,UA,United Air Lines Inc.,UA,United Air Lines Inc.,10876,L,3,3,2024,4
3487.61,0.00,34.71,69.02,8.64,0.00,7212.47,0.00,2308.88,0.59,65.97,744.12,0.00,250.75,290.33,0.00,14473.07,773.47,0.00,171.09,82.68,0.00,148.31,393.62,0.00,0.00,0.00,0.00,1569.17,0.00,1569.17,0.00,577.01,51.03,12.54,0.00,0.00,,527.65,,17210.46,,,,,,3.10,0.35,2825.87,1,6,694,20416,NK,Spirit Air Lines,NK,Spirit Air Lines,16831,L,3,3,2024,2
3499.45,0.00,0.00,147.60,3.71,,15636.00,16.00,543.82,1.90,81.36,931.23,0.00,177.48,99.20,3.52,21141.25,748.44,0.00,1641.14,0.00,,834.00,2321.88,0.00,,0.00,,5545.46,910.76,6456.21,,937.81,366.06,92.80,,,,14.46,,29008.60,,,,,,1.09,0.21,5990.62,2,8,819,19917,5X,United Parcel Service,5X,United Parcel Service,16911,A,3,3,2024,2
3500.00,0.00,351.00,1206.00,83.00,,7003.00,,0.00,11.00,11.00,199.00,,425.00,268.00,150.00,13207.00,2527.00,281.00,92.00,87.00,,465.00,388.00,744.00,,712.00,,5296.00,19855.00,25151.00,,631.00,676.00,121.00,-6.00,,,,,39780.00,,,,,,1.20,0.20,2951.51,2,7,740,20107,FX,Federal Express Corporation,FX,Federal Express Corporation,16196,A,3,3,2024,1
3507.05,0.00,300.22,0.89,2.41,0.00,11763.10,0.00,6439.01,0.00,7.01,552.36,0.00,381.69,276.71,7.11,23237.56,868.96,0.00,368.59,71.21,0.00,81.67,0.00,0.00,0.00,0.00,0.00,1390.43,1306.47,2696.90,0.00,0.00,0.00,47.55,0.00,185.28,,0.00,,26167.29,,,,,,6.06,0.56,4261.70,1,6,722,20436,F9,Frontier Airlines Inc.,F9,Frontier Airlines Inc.,16461,L,3,3,2024,2
3518.97,,331.48,382.11,,,13322.17,,0.08,,,968.98,,300.91,16.04,,18840.75,165.85,0.30,362.98,1832.33,,364.02,67.49,,,,,2792.95,545.74,3338.69,149.93,920.93,406.70,40.40,61.92,,,,,23759.33,,,,,,2.59,0.23,4651.44,1,6,624,19977,UA,United Air Lines Inc.,UA,United Air Lines Inc.,10876,L,3,3,2024,1
3535.00,0.00,347.00,1176.00,104.00,,8437.00,,0.00,14.00,12.00,0.00,,360.00,320.00,3152.00,17457.00,2743.00,305.00,125.00,101.00,,535.00,371.00,837.00,,684.00,,5701.00,24880.00,30581.00,,614.00,692.00,137.00,-5.00,,,,,49476.00,,,,,,1.36,0.21,3498.69,2,7,740,20107,FX,Federal Express Corporation,FX,Federal Express Corporation,16196,A,3,3,2024,2
3546.33,97.03,632.95,1478.69,129.57,0.00,14535.37,0.00,5267.18,53.62,163.96,410.25,0.00,279.63,0.00,0.00,26594.59,1959.36,10.12,1011.84,0.00,0.00,0.00,0.00,0.00,0.00,0.00,0.00,2981.32,1355.09,4336.41,0.00,0.00,0.00,0.00,0.00,1017.56,,0.00,,31948.56,,,,,,1.54,0.27,3640.01,1,6,627,20377,X9,Omni Air International LLC,X9,Omni Air International LLC,16736,I,2,2,2024,2
3549.59,,477.71,455.59,,,10273.89,,5.84,,,971.45,,301.68,269.56,,16305.31,170.30,,288.31,6.72,,551.12,71.01,,,,,1087.46,576.21,1663.67,20.39,1651.41,530.05,1.22,21.19,,,,,20193.25,,,,,,1.86,0.15,3508.63,1,6,837,19977,UA,United Air Lines Inc.,UA,United Air Lines Inc.,10876,L,3,3,2024,1
3556.06,0.00,153.32,0.00,0.00,,10064.36,10.52,2718.34,0.00,206.50,320.85,0.00,223.49,0.00,0.00,17253.44,1621.21,0.00,0.00,0.00,,2500.36,499.33,0.00,0.00,0.00,0.00,4620.90,0.00,4620.90,0.00,0.00,0.00,271.85,0.00,170.36,,0.00,,22316.55,,,,,,3.87,0.48,3044.99,1,6,612,20207,XP,TEM Enterprises dba  Avelo Airlines,XP,TEM Enterprises dba  Avelo Airlines,06144,D,2,2,2024,2
3573.00,0.00,153.00,322.00,0.00,0.00,6344.00,0.00,443.00,0.00,51.00,1031.00,0.00,171.00,0.00,12.00,12100.00,257.00,80.00,521.00,832.00,0.00,552.00,263.00,0.00,0.00,0.00,0.00,2505.00,941.00,3446.00,27.00,823.00,423.00,20.00,63.00,0.00,,69.00,0.00,16971.00,,,,,,2.49,0.39,2417.70,1,6,698,19790,DL,Delta Air Lines Inc.,DL,Delta Air Lines Inc.,10260,L,3,3,2024,2
3579.39,0.00,99.60,320.16,0.00,0.00,5208.42,0.00,10.97,16.67,0.00,378.67,0.00,216.49,0.00,74.10,9904.47,523.37,0.00,1838.99,-0.41,0.00,1963.47,0.00,0.00,0.00,0.00,0.00,4325.43,661.07,4986.50,0.00,121.99,0.00,0.00,0.00,7.76,,0.00,,15020.73,,,,,,3.47,1.38,2267.25,1,6,530,20304,OO,SkyWest Airlines Inc.,OO,SkyWest Airlines Inc.,06700,D,3,3,2024,4
3583.00,0.00,62.00,246.00,0.00,0.00,9454.00,0.00,312.00,4.00,30.00,772.00,0.00,133.00,0.00,11.00,14607.00,190.00,76.00,234.00,557.00,0.00,416.00,204.00,0.00,0.00,0.00,0.00,1677.00,668.00,2345.00,23.00,588.00,304.00,15.00,47.00,0.00,,48.00,0.00,17977.00,,,,,,1.79,0.13,3775.15,1,6,687,19790,DL,Delta Air Lines Inc.,DL,Delta Air Lines Inc.,01260,D,3,3,2024,3
3591.00,0.00,0.00,303.00,0.00,0.00,7370.00,16.00,331.00,0.00,17.00,1056.00,0.00,196.00,327.00,53.00,13259.00,549.00,24.00,873.00,705.00,0.00,132.00,87.00,0.00,0.00,0.00,0.00,2370.00,594.00,2963.00,17.00,898.00,336.00,83.00,0.00,16.00,,0.00,,17572.00,,,,,,3.37,0.34,2998.00,1,6,888,19930,AS,Alaska Airlines Inc.,AS,Alaska Airlines Inc.,16031,L,3,3,2024,3
3629.01,0.00,92.17,0.00,0.00,,9954.08,11.86,2994.08,0.00,390.90,191.37,0.00,173.41,0.00,0.00,17436.88,1601.01,0.00,0.00,0.00,,2719.21,505.48,0.00,0.00,0.00,0.00,4825.70,0.00,4825.70,0.00,-0.75,0.00,436.73,0.00,176.36,,0.00,,22874.91,,,,,,3.95,0.51,3386.26,1,6,612,20207,XP,TEM Enterprises dba  Avelo Airlines,XP,TEM Enterprises dba  Avelo Airlines,06144,D,2,2,2024,3
3642.45,0.00,279.57,240.48,0.00,0.00,9853.52,9.80,1223.01,0.00,4.60,966.56,0.00,205.23,201.47,0.00,16626.70,571.63,140.07,736.00,984.29,0.00,415.38,660.90,0.00,0.00,0.00,0.00,3508.27,1331.41,4839.68,72.91,711.00,155.14,74.33,0.00,69.56,,80.53,,22629.84,,,,,,1.36,0.11,3746.75,1,6,637,19805,AA,American Airlines Inc.,AA,American Airlines Inc.,10050,L,3,3,2024,2
3680.00,0.00,188.00,311.00,0.00,0.00,13582.00,0.00,470.00,1.00,46.00,1074.00,0.00,193.00,0.00,15.00,19560.00,229.00,77.00,548.00,835.00,0.00,581.00,366.00,0.00,0.00,0.00,0.00,2636.00,913.00,3549.00,25.00,864.00,431.00,24.00,65.00,0.00,,87.00,0.00,24605.00,,,,,,2.36,0.19,4899.76,1,6,359,19790,DL,Delta Air Lines Inc.,DL,Delta Air Lines Inc.,01260,D,3,3,2024,1
3707.18,1492.87,264.59,0.00,0.00,,3495.07,0.00,9509.82,1556.74,969.82,297.23,0.00,504.16,0.00,0.00,21797.48,2929.00,0.00,0.00,0.00,,1650.65,0.00,0.00,0.00,0.00,0.00,4579.65,0.00,4579.65,0.00,102.01,0.00,0.00,0.00,326.99,,471.94,,27278.07,,,,,,3.83,1.09,2287.20,1,6,694,22085,GCA,"Global Crossing Airlines, Inc.",GCA,"Global Crossing Airlines, Inc.",01227,S,2,2,2024,2
3712.11,,755.07,712.64,,,10955.49,,112.76,,,940.05,-6.30,177.21,397.74,,17756.77,326.39,0.35,691.71,-3.50,,277.63,-121.89,,,,,1170.69,747.08,1917.76,51.92,2342.71,508.14,29.75,68.69,,,,,22675.73,,,,,,1.78,0.12,4188.51,1,6,637,19977,UA,United Air Lines Inc.,UA,United Air Lines Inc.,0A875,D,3,3,2024,2
3714.10,,749.81,672.83,,,13197.36,,-117.99,,,938.98,-0.39,85.65,408.93,,19649.28,383.86,0.42,-1752.97,24.24,,523.21,33.22,,,,,-788.02,820.63,32.61,56.15,2413.20,532.19,32.21,77.06,,,,,22792.71,,,,,,1.82,0.13,5629.28,1,6,637,19977,UA,United Air Lines Inc.,UA,United Air Lines Inc.,0A875,D,3,3,2024,4
3723.84,0.00,33.19,58.90,9.57,0.00,5320.49,0.00,2910.32,0.09,65.94,625.82,0.00,116.05,242.17,0.00,13106.38,773.00,0.00,216.13,79.41,0.00,172.56,383.92,0.00,0.00,0.00,0.00,1625.01,0.00,1625.01,0.00,440.39,52.47,13.21,0.00,0.00,,530.80,,15768.25,,,,,,2.68,0.38,2775.82,1,6,699,20416,NK,Spirit Air Lines,NK,Spirit Air Lines,16831,L,3,3,2024,4
3747.29,0.00,288.75,253.32,0.00,0.00,19242.66,11.85,1217.50,0.00,4.70,1142.73,0.00,105.67,375.70,0.00,26390.17,624.21,149.95,736.00,1196.59,0.00,421.37,594.31,0.00,0.00,0.00,0.00,3722.42,1432.92,5155.34,78.79,732.17,166.24,81.14,0.00,65.28,,81.92,,32751.06,,,,,,1.71,0.15,7931.59,1,6,627,19805,AA,American Airlines Inc.,AA,American Airlines Inc.,0A050,D,3,3,2024,3
3752.00,0.00,115.00,324.00,0.00,0.00,11198.00,0.00,466.00,2.00,54.00,1132.00,0.00,188.00,0.00,19.00,17250.00,273.00,128.00,626.00,735.00,0.00,574.00,159.00,0.00,0.00,0.00,0.00,2495.00,1026.00,3521.00,34.00,875.00,468.00,19.00,73.00,0.00,,62.00,0.00,22302.00,,,,,,2.54,0.23,4746.75,1,6,624,19790,DL,Delta Air Lines Inc.,DL,Delta Air Lines Inc.,01260,D,3,3,2024,4
3764.00,0.00,84.00,236.00,0.00,0.00,7316.00,0.00,339.00,2.00,39.00,824.00,0.00,137.00,0.00,14.00,12755.00,198.00,93.00,456.00,535.00,0.00,417.00,116.00,0.00,0.00,0.00,0.00,1815.00,747.00,2562.00,25.00,636.00,341.00,14.00,53.00,0.00,,45.00,0.00,16431.00,,,,,,1.85,0.19,3101.18,1,6,626,19790,DL,Delta Air Lines Inc.,DL,Delta Air Lines Inc.,10262,P,3,3,2024,4
3784.03,,506.94,570.88,,,12818.94,,-10.01,,,1043.97,-11.21,108.45,584.31,,19396.29,328.46,0.44,474.81,24.28,,157.33,157.28,,,,,1142.58,721.91,1864.49,29.99,2271.97,512.31,7.47,78.89,,,,,24161.42,,,,,,3.17,0.21,5349.08,1,6,889,19977,UA,United Air Lines Inc.,UA,United Air Lines Inc.,0A875,D,3,3,2024,3
3829.00,,488.00,,,,7263.00,,,,,,,,520.00,458.00,12558.00,0.00,0.00,0.00,42.00,,648.00,347.00,704.00,,0.00,,1741.00,7907.00,9648.00,,2941.00,566.00,46.00,3.00,,,,,25762.00,,,,,,1.87,0.44,3148.43,2,6,626,20107,FX,Federal Express Corporation,FX,Federal Express Corporation,16196,A,3,3,2024,3
3830.75,0.00,262.38,2.38,2.42,0.00,7444.58,0.00,6553.28,0.00,15.55,610.89,0.00,143.46,369.42,9.40,19244.52,699.45,0.00,652.79,421.23,0.00,188.73,0.00,0.00,0.00,0.00,0.00,1962.20,1385.45,3347.65,0.00,0.00,0.00,98.88,0.00,440.79,,0.00,,23131.84,,,,,,4.19,0.58,3911.48,1,6,694,20436,F9,Frontier Airlines Inc.,F9,Frontier Airlines Inc.,06460,D,3,3,2024,4
3842.71,0.00,294.24,253.65,0.00,0.00,9853.07,11.13,1284.38,0.00,4.83,1006.82,0.00,213.60,208.37,0.00,16972.79,599.22,147.92,795.45,1000.86,0.00,453.16,734.95,0.00,0.00,0.00,0.00,3731.55,1398.87,5130.42,76.36,746.07,161.82,77.71,0.00,73.46,,83.65,,23322.28,,,,,,1.53,0.14,3725.70,1,6,627,19805,AA,American Airlines Inc.,AA,American Airlines Inc.,10052,P,3,3,2024,2
3875.41,0.00,396.70,1766.87,370.52,,267.56,0.00,1652.68,87.58,0.00,286.24,0.00,510.67,0.00,12.40,9226.62,2125.17,531.29,3488.67,0.00,,680.79,170.20,0.00,0.00,0.00,0.00,6996.13,0.00,6996.13,0.00,-1736.76,1394.75,1355.34,0.00,428.50,,0.00,,17664.58,,,,,,5.74,1.40,6264.08,1,6,638,20378,YV,Mesa Airlines Inc.,YV,Mesa Airlines Inc.,06689,D,2,2,2024,3
3875.46,0.00,0.00,0.00,0.00,0.00,76.92,0.00,1356.59,0.01,202.01,0.00,0.00,0.00,0.00,301.98,5812.96,1394.05,0.00,1763.82,560.30,0.00,219.37,0.00,0.00,0.00,0.00,0.00,3937.54,0.00,3937.54,0.00,2427.98,221.90,175.77,12.19,0.00,,0.00,,12588.35,,,,,,1.61,0.18,1954.02,2,6,626,20108,NC,Northern Air Cargo Inc.,NC,Northern Air Cargo Inc.,06721,D,2,2,2024,1
3910.94,0.00,301.37,264.29,0.00,0.00,9333.97,12.43,1266.14,0.00,4.90,1188.38,0.00,110.26,181.13,0.00,16573.79,650.75,156.19,764.97,1245.20,0.00,437.09,620.06,0.00,0.00,0.00,0.00,3874.25,1490.80,5365.05,81.97,762.20,172.94,84.45,0.00,68.00,,85.44,,23193.84,,,,,,1.43,0.11,3847.53,1,6,637,19805,AA,American Airlines Inc.,AA,American Airlines Inc.,10050,L,3,3,2024,3
3931.19,0.00,1261.56,175.77,0.00,0.00,0.00,0.00,80.10,0.00,285.17,1249.26,274.11,0.00,-32.59,0.00,7224.56,0.00,0.00,732.40,5.91,0.00,422.56,1.10,0.00,0.00,0.00,0.00,1161.97,2657.45,3819.42,0.00,0.00,0.00,77.62,39.44,0.00,,0.00,0.00,11161.05,,,,,,0.77,0.09,2565.12,2,6,339,19690,HA,Hawaiian Airlines Inc.,HA,Hawaiian Airlines Inc.,05375,D,3,3,2024,2
3954.00,0.00,1.00,333.00,0.00,0.00,8116.00,17.00,365.00,0.00,19.00,1163.00,0.00,216.00,360.00,58.00,14602.00,604.00,26.00,961.00,777.00,0.00,145.00,96.00,0.00,0.00,0.00,0.00,2609.00,654.00,3263.00,19.00,989.00,370.00,91.00,0.00,17.00,,0.00,,19351.00,,,,,,3.71,0.37,3302.00,1,6,839,19930,AS,Alaska Airlines Inc.,AS,Alaska Airlines Inc.,16031,L,3,3,2024,3
4002.00,0.00,160.00,265.00,0.00,0.00,9485.00,0.00,400.00,1.00,39.00,915.00,0.00,165.00,0.00,13.00,15445.00,195.00,66.00,466.00,711.00,0.00,495.00,312.00,0.00,0.00,0.00,0.00,2245.00,777.00,3022.00,22.00,736.00,367.00,21.00,55.00,0.00,,74.00,0.00,19742.00,,,,,,2.04,0.24,3421.55,1,6,626,19790,DL,Delta Air Lines Inc.,DL,Delta Air Lines Inc.,10262,P,3,3,2024,1
4018.85,,59.04,1852.84,0.00,,18247.76,,476.87,,0.00,922.58,,297.28,,145.52,26020.72,208.55,,815.83,,,813.19,114.64,13.91,,,,1966.13,1709.96,3676.09,,730.68,1016.17,467.65,0.00,0.00,,0.00,0.00,31911.32,,,,,,3.49,0.42,10950.45,2,8,821,20007,5Y,Atlas Air Inc.,5Y,Atlas Air Inc.,06087,D,3,3,2024,2
4066.75,,564.50,574.16,,,13327.51,,222.80,,,1112.27,,345.41,642.53,,20855.93,354.60,0.51,2947.83,15846.52,,992.53,121.89,,,,,20263.89,1617.40,21881.29,380.99,1763.88,893.63,170.02,782.19,,,,,46727.92,,,,,,3.23,0.29,4782.61,1,6,887,19977,UA,United Air Lines Inc.,UA,United Air Lines Inc.,0A875,D,3,3,2024,1
4081.64,0.00,37.72,78.14,14.44,0.00,7527.22,0.00,3141.00,0.00,79.41,874.14,0.00,189.68,370.18,0.00,16393.57,910.31,0.00,212.21,101.88,0.00,200.60,484.12,0.00,0.00,0.00,0.00,1909.12,0.00,1909.12,0.00,651.42,60.99,14.63,0.00,0.00,,627.33,,19657.06,,,,,,3.41,0.41,3564.15,1,6,699,20416,NK,Spirit Air Lines,NK,Spirit Air Lines,16831,L,3,3,2024,3
4159.31,,782.03,702.43,,,15842.36,,10.18,,,1129.07,,350.63,714.61,,23690.62,365.75,,517.98,11.73,,376.49,123.83,,,,,1395.79,1002.99,2398.77,35.55,2879.03,924.08,2.13,36.94,,,,,29967.13,,,,,,3.31,0.26,5688.89,1,6,837,19977,UA,United Air Lines Inc.,UA,United Air Lines Inc.,0A875,D,3,3,2024,1
4167.00,0.00,71.00,281.00,0.00,0.00,10807.00,0.00,356.00,5.00,35.00,882.00,0.00,151.00,0.00,12.00,16767.00,217.00,87.00,268.00,636.00,0.00,475.00,233.00,0.00,0.00,0.00,0.00,1916.00,762.00,2678.00,26.00,671.00,347.00,17.00,54.00,0.00,,55.00,0.00,20615.00,,,,,,2.04,0.15,4315.56,1,6,687,19790,DL,Delta Air Lines Inc.,DL,Delta Air Lines Inc.,10260,L,3,3,2024,3
4181.79,0.00,49.19,78.39,10.71,0.00,8234.16,0.00,2441.79,-0.22,80.89,869.51,0.00,342.30,378.46,0.00,16666.98,869.15,0.00,208.11,158.18,0.00,175.55,434.40,0.00,0.00,0.00,0.00,1845.39,0.00,1845.39,0.00,705.19,64.07,14.00,0.00,0.00,,579.45,,19875.07,,,,,,3.47,0.40,3174.53,1,6,694,20416,NK,Spirit Air Lines,NK,Spirit Air Lines,16831,L,3,3,2024,1
4203.00,0.00,128.00,360.00,0.00,0.00,6324.00,0.00,518.00,2.00,60.00,1260.00,0.00,209.00,0.00,21.00,13085.00,304.00,143.00,697.00,818.00,0.00,639.00,177.00,0.00,0.00,0.00,0.00,2778.00,1142.00,3920.00,38.00,973.00,521.00,22.00,81.00,0.00,,69.00,0.00,18709.00,,,,,,2.83,0.45,2680.87,1,6,698,19790,DL,Delta Air Lines Inc.,DL,Delta Air Lines Inc.,10260,L,3,3,2024,4
4292.52,,903.44,782.89,,,13402.56,,128.97,,,1161.21,,360.61,452.41,,21484.61,378.92,0.53,1274.40,19.40,,237.97,117.41,,,,,2028.63,1065.03,3093.66,51.40,2697.62,580.19,32.99,63.69,,,,,28004.15,,,,,,2.02,0.15,4879.34,1,6,637,19977,UA,United Air Lines Inc.,UA,United Air Lines Inc.,0A875,D,3,3,2024,1
4308.21,0.00,185.75,0.00,0.00,,12193.09,12.75,3293.30,0.00,250.18,388.72,0.00,270.76,0.00,0.00,20902.75,1964.12,0.00,0.00,0.00,,3029.22,604.95,0.00,0.00,0.00,0.00,5598.28,0.00,5598.28,0.00,0.00,0.00,329.35,0.00,206.39,,0.00,,27036.77,,,,,,4.87,0.59,4523.92,1,6,614,20207,XP,TEM Enterprises dba  Avelo Airlines,XP,TEM Enterprises dba  Avelo Airlines,06144,D,2,2,2024,2
4348.80,1497.74,228.88,1875.00,0.00,,2994.76,0.00,12062.97,122.43,1187.61,30.66,0.00,388.69,0.00,0.00,24737.56,2423.93,0.00,0.00,0.00,,2516.59,0.00,0.00,0.00,0.00,0.00,4940.51,0.00,4940.51,0.00,0.00,0.00,0.00,98.61,315.88,,638.07,,30730.63,,,,,,4.53,0.63,4789.88,1,6,694,22085,GCA,"Global Crossing Airlines, Inc.",GCA,"Global Crossing Airlines, Inc.",01227,S,2,2,2024,3
4350.48,,410.49,501.72,,,7204.72,,14.07,,,1197.92,2.49,372.01,3.29,,14057.17,376.44,0.55,437.89,392.60,,114.77,289.79,,,,,1612.03,915.34,2527.37,1.44,11.58,337.93,,1.41,,,,,16936.89,,,,,,3.49,0.55,2549.18,1,6,721,19977,UA,United Air Lines Inc.,UA,United Air Lines Inc.,0A875,D,3,3,2024,1
4398.05,0.00,337.56,290.40,0.00,0.00,9172.49,11.87,1475.84,0.00,5.55,1166.49,0.00,247.68,188.03,0.00,17293.95,690.06,169.14,889.28,1187.03,0.00,502.08,799.43,0.00,0.00,0.00,0.00,4237.01,1607.32,5844.33,88.00,858.15,187.22,89.71,0.00,83.96,,97.16,,24542.48,,,,,,1.73,0.15,3487.46,1,6,889,19805,AA,American Airlines Inc.,AA,American Airlines Inc.,10050,L,3,3,2024,2
4406.00,0.00,97.00,272.00,0.00,0.00,9443.00,0.00,392.00,2.00,45.00,952.00,0.00,158.00,0.00,16.00,15783.00,229.00,108.00,527.00,618.00,0.00,483.00,134.00,0.00,0.00,0.00,0.00,2099.00,863.00,2962.00,29.00,736.00,394.00,16.00,61.00,0.00,,53.00,0.00,20034.00,,,,,,2.14,0.19,4003.00,1,6,624,19790,DL,Delta Air Lines Inc.,DL,Delta Air Lines Inc.,10260,L,3,3,2024,4
4433.00,0.00,103.00,408.00,0.00,0.00,7259.00,0.00,518.00,7.00,50.00,1282.00,0.00,220.00,0.00,17.00,14297.00,316.00,126.00,389.00,924.00,0.00,691.00,339.00,0.00,0.00,0.00,0.00,2785.00,1108.00,3893.00,38.00,975.00,505.00,24.00,78.00,0.00,,80.00,0.00,19890.00,,,,,,2.96,0.47,2898.87,1,6,698,19790,DL,Delta Air Lines Inc.,DL,Delta Air Lines Inc.,10260,L,3,3,2024,3
4439.97,,236.23,389.83,,,7127.06,,478.32,,,1230.16,1.43,382.02,160.56,,14445.58,304.87,0.56,1627.13,403.13,,601.33,331.82,,,,,3268.85,1463.15,4732.00,60.36,851.03,1006.22,119.09,458.51,,,38.94,,21711.72,,,,,,3.55,0.45,2563.32,1,6,698,19977,UA,United Air Lines Inc.,UA,United Air Lines Inc.,10876,L,3,3,2024,1
4479.88,0.00,113.78,0.00,0.00,,12287.97,14.64,3696.10,0.00,482.55,236.25,0.00,214.07,0.00,0.00,21525.23,1976.39,0.00,0.00,0.00,,3356.77,624.00,0.00,0.00,0.00,0.00,5957.16,0.00,5957.16,0.00,-0.93,0.00,539.12,0.00,217.71,,0.00,,28238.30,,,,,,5.06,0.61,4703.83,1,6,614,20207,XP,TEM Enterprises dba  Avelo Airlines,XP,TEM Enterprises dba  Avelo Airlines,06144,D,2,2,2024,3
4484.28,0.00,160.65,320.09,4.41,0.00,8784.39,0.00,42.40,0.21,-6.43,1307.15,0.00,160.64,152.13,245.24,15655.16,484.05,0.00,226.38,135.83,0.00,51.69,4.64,0.00,0.00,0.00,0.00,902.60,701.06,1603.66,2.04,587.40,169.08,0.00,4.22,52.07,,0.00,,18073.62,,,,,,3.32,0.38,3382.51,1,6,721,20409,B6,JetBlue Airways,B6,JetBlue Airways,16673,L,3,3,2024,3
4512.18,0.00,347.65,305.14,0.00,0.00,8447.54,14.35,1458.99,0.00,5.65,1366.48,0.00,127.26,164.58,0.00,16749.82,750.78,180.12,881.44,1436.27,0.00,503.06,715.63,0.00,0.00,0.00,0.00,4467.30,1719.13,6186.43,94.49,878.65,199.29,97.32,0.00,78.41,,98.52,,24382.92,,,,,,1.74,0.15,3478.12,1,6,889,19805,AA,American Airlines Inc.,AA,American Airlines Inc.,10050,L,3,3,2024,3
4524.13,0.00,302.33,18.70,3.13,0.00,9919.38,0.00,6977.87,0.00,18.33,690.78,0.00,210.92,368.68,5.36,23039.60,796.75,0.00,668.88,47.96,0.00,279.24,0.00,0.00,0.00,0.00,0.00,1792.84,1555.85,3348.69,0.00,0.00,0.00,132.36,0.00,476.09,,0.00,,26996.74,,,,,,5.05,0.67,4824.87,1,6,694,20436,F9,Frontier Airlines Inc.,F9,Frontier Airlines Inc.,06460,D,3,3,2024,3
4528.00,0.00,1.00,392.00,0.00,0.00,9967.00,17.00,365.00,0.00,22.00,1338.00,0.00,247.00,425.00,60.00,17362.00,676.00,28.00,1061.00,880.00,0.00,216.00,137.00,0.00,0.00,0.00,0.00,2999.00,775.00,3774.00,21.00,1175.00,429.00,100.00,0.00,20.00,,0.00,,22881.00,,,,,,4.28,0.42,3770.00,1,6,888,19930,AS,Alaska Airlines Inc.,AS,Alaska Airlines Inc.,16031,L,3,3,2024,2
4549.93,,58.70,2024.00,0.00,,9135.22,,0.00,,0.00,1044.62,,405.90,,213.93,17432.30,216.92,,826.44,,,784.27,110.18,19.43,,,,1957.25,1737.00,3694.25,,1921.78,670.65,196.33,0.00,0.00,,0.00,0.00,23915.30,,,,,,1.79,0.26,2687.51,1,6,626,20007,5Y,Atlas Air Inc.,5Y,Atlas Air Inc.,16087,I,3,3,2024,1
4562.00,0.00,144.00,304.00,0.00,0.00,12827.00,0.00,418.00,0.00,48.00,972.00,0.00,161.00,0.00,12.00,19448.00,242.00,76.00,491.00,784.00,0.00,520.00,248.00,0.00,0.00,0.00,0.00,2361.00,887.00,3248.00,25.00,775.00,398.00,19.00,60.00,0.00,,65.00,0.00,24038.00,,,,,,2.35,0.17,4888.17,1,6,687,19790,DL,Delta Air Lines Inc.,DL,Delta Air Lines Inc.,10260,L,3,3,2024,2
4643.85,0.00,41.39,73.45,11.94,0.00,6634.97,0.00,3629.34,0.11,82.23,780.44,0.00,144.72,302.00,0.00,16344.42,963.97,0.00,269.52,99.03,0.00,215.20,478.77,0.00,0.00,0.00,0.00,2026.49,0.00,2026.49,0.00,549.19,65.43,16.47,0.00,0.00,,661.93,,19663.94,,,,,,3.34,0.47,3023.33,1,6,694,20416,NK,Spirit Air Lines,NK,Spirit Air Lines,16831,L,3,3,2024,4
4646.00,0.00,1.00,380.00,0.00,0.00,7885.00,3.00,-21.00,0.00,38.00,1373.00,0.00,253.00,365.00,68.00,14991.00,57.00,2.00,218.00,-54.00,0.00,14.00,9.00,0.00,0.00,0.00,0.00,245.00,61.00,307.00,8.00,1720.00,583.00,69.00,0.00,-1.00,,0.00,,17678.00,,,,,,4.36,0.42,3291.00,1,6,838,19930,AS,Alaska Airlines Inc.,AS,Alaska Airlines Inc.,06031,D,3,3,2024,3
4656.90,,54.41,1827.48,0.00,,8089.77,,0.00,,0.00,1087.88,,348.50,,169.15,16234.10,192.23,,751.97,,,749.54,105.67,12.83,,,,1812.23,1576.11,3388.33,,1907.12,514.73,203.86,0.00,0.00,,0.00,0.00,22248.15,,,,,,1.93,0.29,2904.25,1,6,626,20007,5Y,Atlas Air Inc.,5Y,Atlas Air Inc.,16087,I,3,3,2024,2
4691.02,0.00,368.85,316.26,0.00,0.00,9765.94,15.40,1682.08,0.00,6.24,1242.92,0.00,379.64,192.83,0.00,18661.19,761.07,186.09,976.48,1306.64,0.00,598.05,605.97,0.00,0.00,0.00,0.00,4434.30,1885.49,6319.79,98.50,963.49,201.47,98.02,0.00,98.79,,99.50,,26540.74,,,,,,1.91,0.17,3500.57,1,6,889,19805,AA,American Airlines Inc.,AA,American Airlines Inc.,0A050,D,3,3,2024,1
4703.00,0.00,200.00,419.00,0.00,0.00,9334.00,0.00,577.00,0.00,67.00,1342.00,0.00,223.00,0.00,16.00,16881.00,335.00,104.00,678.00,1082.00,0.00,718.00,343.00,0.00,0.00,0.00,0.00,3260.00,1225.00,4485.00,35.00,1071.00,550.00,26.00,82.00,0.00,,90.00,0.00,23220.00,,,,,,3.24,0.33,3556.99,1,6,699,19790,DL,Delta Air Lines Inc.,DL,Delta Air Lines Inc.,10260,L,3,3,2024,2
4723.00,0.00,73.00,273.00,0.00,0.00,6261.00,14.00,350.00,0.00,35.00,495.00,0.00,100.00,283.00,0.00,12607.00,529.00,11.00,593.00,598.00,0.00,357.00,-2.00,0.00,0.00,0.00,0.00,2086.00,705.00,2791.00,6.00,425.00,790.00,109.00,0.00,21.00,,0.00,0.00,16749.00,,,,,,2.96,0.35,2600.89,1,6,614,19393,WN,Southwest Airlines Co.,WN,Southwest Airlines Co.,11033,L,3,3,2024,3
4736.00,0.00,3.00,334.00,11.00,0.00,6407.00,0.00,-104.00,0.00,29.00,1399.00,0.00,258.00,266.00,-15.00,13325.00,-85.00,-4.00,41.00,-314.00,0.00,-20.00,-17.00,0.00,0.00,0.00,0.00,-399.00,-89.00,-489.00,4.00,1560.00,517.00,55.00,0.00,-6.00,,0.00,,14967.00,,,,,,3.82,0.35,2755.00,1,6,838,19930,AS,Alaska Airlines Inc.,AS,Alaska Airlines Inc.,06031,D,3,3,2024,4
4803.29,0.00,128.92,865.99,0.00,0.00,16.38,0.00,59.45,0.00,0.00,1039.82,0.00,440.31,0.00,62.51,7416.67,1572.67,0.00,1267.06,2038.41,0.00,1378.28,0.00,0.00,0.00,0.00,0.00,6256.42,709.92,6966.33,0.00,1398.26,77.40,63.64,0.00,1.77,,20.60,,15944.67,,,,,,6.52,6.10,4189.91,1,6,677,20452,YX,Republic Airline,YX,Republic Airline,06003,D,3,3,2024,1
4889.98,,67.69,2180.78,0.00,,18872.86,,490.34,,0.00,961.85,,219.21,,144.36,27827.07,229.31,,848.04,,,1014.90,159.93,14.73,,,,2266.91,1917.30,4184.21,,793.96,1084.32,490.47,0.00,0.00,,0.00,0.00,34380.02,,,,,,3.82,0.41,12014.43,2,8,821,20007,5Y,Atlas Air Inc.,5Y,Atlas Air Inc.,06087,D,3,3,2024,3
4966.68,,398.43,539.98,,,13835.00,,15.41,,,1288.06,-27.90,242.81,6.07,,21264.53,242.99,0.32,801.24,-3.41,,3662.32,48.49,,,,,4751.93,1945.00,6696.93,449.42,1428.61,233.10,65.67,777.08,,,,,30915.33,,,,,,2.94,0.29,5027.90,1,6,626,19977,UA,United Air Lines Inc.,UA,United Air Lines Inc.,10876,L,3,3,2024,2
4981.00,0.00,1.00,431.00,0.00,0.00,10966.00,19.00,401.00,0.00,24.00,1472.00,0.00,272.00,467.00,66.00,19101.00,744.00,31.00,1167.00,968.00,0.00,237.00,151.00,0.00,0.00,0.00,0.00,3299.00,853.00,4152.00,23.00,1293.00,472.00,111.00,0.00,22.00,,0.00,,25174.00,,,,,,4.71,0.46,4148.00,1,6,839,19930,AS,Alaska Airlines Inc.,AS,Alaska Airlines Inc.,16031,L,3,3,2024,2
4987.00,0.00,196.00,413.00,0.00,0.00,14235.00,0.00,568.00,0.00,66.00,1321.00,0.00,219.00,0.00,16.00,22021.00,329.00,103.00,667.00,1065.00,0.00,706.00,337.00,0.00,0.00,0.00,0.00,3207.00,1205.00,4412.00,34.00,1054.00,541.00,26.00,81.00,0.00,,89.00,0.00,28258.00,,,,,,3.19,0.27,5424.47,1,6,626,19790,DL,Delta Air Lines Inc.,DL,Delta Air Lines Inc.,10260,L,3,3,2024,2
4998.72,,49.04,2079.40,0.00,,17829.70,,440.13,,0.00,921.43,,146.39,,74.26,26539.06,222.32,,887.42,,,971.44,119.51,14.60,,,,2215.29,1881.48,4096.77,,713.87,967.21,600.60,0.00,0.00,,0.00,0.00,32917.50,,,,,,4.53,0.43,14246.45,2,8,821,20007,5Y,Atlas Air Inc.,5Y,Atlas Air Inc.,06087,D,3,3,2024,4
5027.54,0.00,218.25,1230.21,783.76,0.00,8721.99,31.41,0.00,2.26,308.78,222.16,0.00,305.87,0.00,3173.27,20025.50,1593.22,0.00,0.00,0.00,0.00,2672.14,2647.45,0.00,0.00,0.00,0.00,6912.81,0.00,6912.81,,0.00,0.00,0.00,0.00,1.33,,0.00,,26939.64,,,,,,3.65,0.32,2941.96,2,6,626,20151,M6,Amerijet International,M6,Amerijet International,06052,D,2,2,2024,2
5088.00,0.00,222.00,466.00,0.00,0.00,8550.00,0.00,642.00,0.00,74.00,1492.00,0.00,248.00,0.00,18.00,16800.00,372.00,116.00,754.00,1204.00,0.00,798.00,381.00,0.00,0.00,0.00,0.00,3625.00,1362.00,4987.00,39.00,1191.00,612.00,29.00,92.00,0.00,,100.00,0.00,23850.00,,,,,,3.60,0.30,3258.11,1,6,721,19790,DL,Delta Air Lines Inc.,DL,Delta Air Lines Inc.,10260,L,3,3,2024,2
5097.28,0.00,50.72,100.88,12.62,0.00,10541.30,0.00,3374.51,0.86,96.41,1087.56,0.00,366.47,424.33,0.00,21152.95,1130.45,0.00,250.06,120.84,0.00,216.76,575.30,0.00,0.00,0.00,0.00,2293.40,0.00,2293.40,0.00,843.32,74.58,18.33,0.00,0.00,,771.18,,25153.75,,,,,,4.53,0.51,4589.55,1,6,699,20416,NK,Spirit Air Lines,NK,Spirit Air Lines,16831,L,3,3,2024,2
5179.00,0.00,1.00,449.00,0.00,0.00,11401.00,20.00,417.00,0.00,25.00,1530.00,0.00,282.00,486.00,69.00,19860.00,774.00,32.00,1214.00,1007.00,0.00,247.00,157.00,0.00,0.00,0.00,0.00,3430.00,887.00,4317.00,24.00,1344.00,490.00,115.00,0.00,23.00,,0.00,,26174.00,,,,,,4.90,0.48,4312.00,1,6,614,19930,AS,Alaska Airlines Inc.,AS,Alaska Airlines Inc.,16031,L,3,3,2024,2
5181.70,0.00,335.72,0.65,3.91,0.00,11075.39,0.00,6946.97,0.00,21.00,797.87,0.00,440.93,415.81,10.32,25230.27,766.22,0.00,576.35,257.84,0.00,206.84,0.00,0.00,0.00,0.00,0.00,1807.24,1607.67,3414.92,0.00,0.00,0.00,117.26,0.00,477.11,,0.00,,29239.55,,,,,,5.20,0.65,4774.33,1,6,694,20436,F9,Frontier Airlines Inc.,F9,Frontier Airlines Inc.,06460,D,3,3,2024,1
5236.00,0.00,203.00,336.00,0.00,0.00,14684.00,0.00,508.00,1.00,50.00,1162.00,0.00,209.00,0.00,16.00,22405.00,248.00,83.00,592.00,903.00,0.00,629.00,396.00,0.00,0.00,0.00,0.00,2851.00,988.00,3839.00,27.00,935.00,467.00,26.00,70.00,0.00,,94.00,0.00,27863.00,,,,,,2.59,0.20,5297.18,1,6,359,19790,DL,Delta Air Lines Inc.,DL,Delta Air Lines Inc.,10260,L,3,3,2024,1
5292.98,0.00,241.92,0.00,0.00,,14298.94,28.40,4788.67,0.00,657.83,331.18,0.00,279.74,0.00,0.00,25919.66,2304.70,0.00,0.00,0.00,,3428.76,869.15,0.00,0.00,0.00,0.00,6602.61,0.00,6602.61,0.00,0.00,0.00,690.20,0.00,284.41,,0.00,,33496.88,,,,,,6.43,0.82,4046.19,1,6,614,20207,XP,TEM Enterprises dba  Avelo Airlines,XP,TEM Enterprises dba  Avelo Airlines,06144,D,2,2,2024,4
5298.00,0.00,174.00,365.00,0.00,0.00,15409.00,0.00,502.00,0.00,58.00,1167.00,0.00,194.00,0.00,14.00,23181.00,291.00,91.00,589.00,941.00,0.00,624.00,298.00,0.00,0.00,0.00,0.00,2834.00,1065.00,3899.00,30.00,932.00,478.00,23.00,72.00,0.00,,78.00,0.00,28693.00,,,,,,2.82,0.21,5871.90,1,6,359,19790,DL,Delta Air Lines Inc.,DL,Delta Air Lines Inc.,10260,L,3,3,2024,2
5319.17,0.00,122.02,1033.90,0.00,0.00,12.43,0.00,60.26,0.00,0.00,991.35,0.00,348.86,0.00,42.57,7930.57,1405.31,0.00,1410.18,2441.82,0.00,1351.67,0.00,0.00,0.00,0.00,0.00,6608.98,798.69,7407.67,0.00,1395.51,68.91,59.74,0.00,4.04,,20.88,,16887.32,,,,,,7.06,5.70,4826.23,1,6,677,20452,YX,Republic Airline,YX,Republic Airline,06003,D,3,3,2024,3
5322.55,0.00,408.89,352.46,0.00,0.00,21901.96,14.52,1765.11,0.00,6.68,1408.85,0.00,299.25,451.98,0.00,31932.25,834.96,204.96,1072.29,1436.06,0.00,606.70,967.32,0.00,0.00,0.00,0.00,5122.29,1941.10,7063.39,105.95,1032.54,225.55,107.97,0.00,100.84,,116.87,,40685.37,,,,,,2.49,0.22,8372.80,1,6,627,19805,AA,American Airlines Inc.,AA,American Airlines Inc.,0A050,D,3,3,2024,2
5385.50,0.00,335.78,0.00,0.00,,16198.42,32.31,3818.85,0.00,440.49,410.47,0.00,357.27,0.00,0.00,26979.07,2249.97,0.00,0.00,0.00,,3251.19,723.51,0.00,0.00,0.00,0.00,6224.66,0.00,6224.66,0.00,0.00,0.00,279.92,0.00,238.90,,0.00,,33722.55,,,,,,6.01,0.49,5170.75,1,6,612,20207,XP,TEM Enterprises dba  Avelo Airlines,XP,TEM Enterprises dba  Avelo Airlines,06144,D,2,2,2024,1
5418.03,0.00,197.07,1285.31,1085.56,0.00,8266.16,22.11,0.00,2.01,312.55,249.85,0.00,281.62,0.00,3827.56,20947.81,1716.82,0.00,0.00,0.00,0.00,2625.55,2813.37,0.00,0.00,0.00,0.00,7155.74,0.00,7155.74,,0.00,0.00,0.00,0.00,0.93,,0.00,,28104.48,,,,,,3.91,0.33,2872.43,2,6,626,20151,M6,Amerijet International,M6,Amerijet International,06052,D,2,2,2024,3
5441.69,0.00,365.83,3.16,2.47,0.00,12488.76,0.00,6607.21,0.00,21.71,835.47,0.00,360.89,503.86,11.17,26642.23,841.72,0.00,611.91,-23.83,0.00,219.84,0.00,0.00,0.00,0.00,0.00,1649.65,1582.52,3232.17,0.00,0.00,0.00,147.23,0.00,542.57,,0.00,,30564.20,,,,,,5.96,0.72,5661.90,1,6,694,20436,F9,Frontier Airlines Inc.,F9,Frontier Airlines Inc.,06460,D,3,3,2024,2
5447.84,,741.74,770.20,,,18258.60,,1.14,,,1393.45,-0.38,127.10,590.44,,27330.11,557.68,0.62,1219.99,35.98,,705.59,60.39,,,,,2580.25,1113.24,3693.48,46.10,3430.91,776.55,17.62,118.83,,,,,35413.59,,,,,,4.54,0.32,8050.20,1,6,889,19977,UA,United Air Lines Inc.,UA,United Air Lines Inc.,0A875,D,3,3,2024,4
5467.27,,728.99,754.32,,,17294.14,,0.18,,,1496.56,,464.75,350.29,,26556.50,476.27,0.68,1217.96,4244.99,,543.39,155.26,,,,,6638.56,1745.51,8384.07,347.34,2133.52,942.21,93.59,143.46,,,,,38600.68,,,,,,3.67,0.31,6361.43,1,6,624,19977,UA,United Air Lines Inc.,UA,United Air Lines Inc.,0A875,D,3,3,2024,1
5476.59,0.00,129.81,1023.04,0.00,0.00,33.01,0.00,61.07,0.00,0.00,1021.74,0.00,282.35,0.00,26.30,8053.92,1522.92,0.00,1439.43,2052.07,0.00,1479.03,0.00,0.00,0.00,0.00,0.00,6493.44,806.23,7299.67,0.00,1454.29,70.30,60.10,0.00,3.64,,21.16,,16963.07,,,,,,7.86,5.70,5209.34,1,6,677,20452,YX,Republic Airline,YX,Republic Airline,06003,D,3,3,2024,4
5506.48,,295.48,528.13,,,8601.09,,540.13,,,1544.24,,160.42,239.32,,17415.30,396.94,0.65,1235.05,524.07,,729.56,552.35,,,,,3438.62,1926.49,5365.12,94.10,1091.33,1263.07,110.20,458.59,,,45.85,,25843.56,,,,,,4.63,0.53,3541.74,1,6,698,19977,UA,United Air Lines Inc.,UA,United Air Lines Inc.,10876,L,3,3,2024,3
5529.97,0.00,135.32,1075.44,0.00,0.00,9.62,0.00,66.93,0.00,0.00,1031.90,0.00,438.26,0.00,40.07,8327.50,1526.26,0.00,1406.69,2344.19,0.00,1528.19,0.00,0.00,0.00,0.00,0.00,6805.33,834.01,7639.34,0.00,1519.36,80.00,66.98,0.00,1.97,,23.19,,17658.34,,,,,,7.79,5.64,5190.15,1,6,677,20452,YX,Republic Airline,YX,Republic Airline,06003,D,3,3,2024,2
5574.00,0.00,127.00,358.00,0.00,0.00,13723.00,0.00,514.00,2.00,60.00,1250.00,0.00,208.00,0.00,21.00,21837.00,301.00,141.00,692.00,811.00,0.00,634.00,176.00,0.00,0.00,0.00,0.00,2755.00,1133.00,3888.00,38.00,966.00,517.00,21.00,81.00,0.00,,69.00,0.00,27417.00,,,,,,2.81,0.23,5817.13,1,6,359,19790,DL,Delta Air Lines Inc.,DL,Delta Air Lines Inc.,10260,L,3,3,2024,4
5575.51,,314.33,535.78,,,9343.05,,559.50,,,1452.53,-2.62,273.82,237.89,,18289.79,398.36,0.54,1707.66,841.79,,1052.43,283.20,,,,,4283.97,1879.75,6163.72,86.93,1098.63,1239.32,139.12,517.21,,,47.36,,27582.08,,,,,,4.77,0.55,3526.27,1,6,698,19977,UA,United Air Lines Inc.,UA,United Air Lines Inc.,10876,L,3,3,2024,2
5587.00,0.00,97.00,384.00,0.00,0.00,14787.00,0.00,487.00,6.00,47.00,1206.00,0.00,207.00,0.00,16.00,22824.00,297.00,119.00,366.00,869.00,0.00,650.00,318.00,0.00,0.00,0.00,0.00,2619.00,1042.00,3661.00,35.00,917.00,475.00,23.00,74.00,0.00,,75.00,0.00,28084.00,,,,,,2.79,0.21,5904.92,1,6,359,19790,DL,Delta Air Lines Inc.,DL,Delta Air Lines Inc.,10260,L,3,3,2024,3
5595.03,0.00,51.70,107.11,19.80,0.00,10318.16,0.00,4305.62,0.00,108.86,1198.25,0.00,260.01,507.43,0.00,22471.98,1247.84,0.00,290.89,139.66,0.00,274.98,663.62,0.00,0.00,0.00,0.00,2616.98,0.00,2616.98,0.00,892.95,83.60,20.06,0.00,0.00,,859.93,,26945.51,,,,,,4.68,0.57,4269.80,1,6,698,20416,NK,Spirit Air Lines,NK,Spirit Air Lines,06830,D,3,3,2024,3
5648.11,0.00,314.91,1183.54,1068.36,0.00,8275.19,34.51,0.00,6.51,257.51,226.93,0.00,189.74,0.00,4191.23,21396.53,1875.54,0.00,0.00,0.00,0.00,3045.32,3265.17,0.00,0.00,0.00,0.00,8186.03,0.00,8186.03,,0.00,0.00,0.00,0.00,0.00,,0.00,,29582.56,,,,,,4.26,0.33,3241.64,2,6,626,20151,M6,Amerijet International,M6,Amerijet International,06052,D,2,2,2024,4
5650.00,0.00,124.00,350.00,0.00,0.00,13423.00,0.00,503.00,2.00,58.00,1223.00,0.00,203.00,0.00,20.00,21556.00,295.00,138.00,677.00,794.00,0.00,620.00,172.00,0.00,0.00,0.00,0.00,2696.00,1109.00,3805.00,37.00,945.00,506.00,21.00,79.00,0.00,,67.00,0.00,27016.00,,,,,,2.75,0.22,5690.24,1,6,687,19790,DL,Delta Air Lines Inc.,DL,Delta Air Lines Inc.,10260,L,3,3,2024,4
5654.57,,311.09,546.54,,,11661.80,,58.05,,,1585.34,,164.69,49.57,,20031.65,407.65,0.67,12252.57,-94.74,,264.00,259.27,,,,,13089.42,1428.27,14517.69,143.54,333.36,1653.80,9.05,138.42,,,,,36827.49,,,,,,5.90,0.63,4467.12,1,6,612,19977,UA,United Air Lines Inc.,UA,United Air Lines Inc.,10876,L,3,3,2024,3
5664.36,0.00,436.42,383.04,0.00,0.00,14211.74,18.04,1829.48,0.00,7.08,1713.30,0.00,159.74,276.99,0.00,24700.20,942.19,225.98,1105.09,1801.45,0.00,630.29,898.29,0.00,0.00,0.00,0.00,5603.29,2156.07,7759.36,118.50,1102.14,249.93,122.06,0.00,98.37,,123.65,,34274.21,,,,,,2.37,0.20,5849.72,1,6,627,19805,AA,American Airlines Inc.,AA,American Airlines Inc.,10052,P,3,3,2024,3
5670.30,0.00,0.00,213.61,5.10,,11311.81,7.16,1093.41,5.33,124.88,1151.62,0.00,87.39,256.95,8.36,19935.91,1331.77,0.00,1184.80,0.00,,704.41,1746.88,0.00,,0.00,,4967.87,1426.23,6394.09,,998.15,184.30,55.31,,,,22.08,,27589.85,,,,,,2.89,0.48,4748.27,2,6,626,19917,5X,United Parcel Service,5X,United Parcel Service,16912,L,3,3,2024,4
5691.57,,49.99,2719.65,0.00,,1985.16,,0.00,,0.00,1329.81,,412.71,,345.88,12534.77,176.58,,53.66,,,688.53,97.07,11.78,,,,1027.63,1447.83,2475.46,,11.50,0.00,99.97,0.00,0.00,,0.00,0.00,15121.70,,,,,,3.79,0.33,8472.66,2,6,627,20007,5Y,Atlas Air Inc.,5Y,Atlas Air Inc.,06087,D,3,3,2024,2
5717.62,,430.74,617.94,,,14462.69,,10.19,,,1596.43,,165.85,13.55,,23014.99,281.32,0.45,803.97,24.49,,4935.95,395.74,,,,,6441.92,2103.24,8545.15,502.11,1426.06,250.95,68.79,748.50,,,,,34556.54,,,,,,3.36,0.29,5727.96,1,6,626,19977,UA,United Air Lines Inc.,UA,United Air Lines Inc.,10876,L,3,3,2024,3
5749.00,0.00,133.00,356.00,0.00,0.00,9619.00,18.00,497.00,0.00,50.00,1199.00,0.00,370.00,415.00,0.00,18406.00,704.00,16.00,810.00,1032.00,0.00,454.00,44.00,0.00,0.00,0.00,0.00,3060.00,860.00,3920.00,26.00,450.00,1149.00,141.00,0.00,30.00,,0.00,0.00,24122.00,,,,,,4.04,0.49,3437.85,1,6,614,19393,WN,Southwest Airlines Co.,WN,Southwest Airlines Co.,11033,L,3,3,2024,1
5780.00,0.00,3.00,410.00,13.00,0.00,10989.00,3.00,2237.00,0.00,20.00,1708.00,0.00,315.00,566.00,70.00,22115.00,2783.00,120.00,1237.00,7769.00,0.00,673.00,561.00,0.00,0.00,0.00,0.00,13143.00,2935.00,16079.00,42.00,1655.00,636.00,178.00,0.00,-1.00,,0.00,,40703.00,,,,,,4.66,0.62,4480.00,1,6,634,19930,AS,Alaska Airlines Inc.,AS,Alaska Airlines Inc.,06031,D,3,3,2024,4
5853.52,,328.02,517.39,,,8534.75,,164.53,,,1518.47,-0.17,138.50,151.33,,17206.35,514.03,0.68,19656.10,831.29,,748.95,68.96,,,,,21820.00,1495.59,23315.59,157.65,414.32,1844.78,10.88,159.76,,,,,43109.31,,,,,,5.02,0.59,3573.26,1,6,612,19977,UA,United Air Lines Inc.,UA,United Air Lines Inc.,10876,L,3,3,2024,4
5902.88,0.00,437.45,1914.53,1012.63,0.00,10718.25,31.07,37.42,4.93,362.55,241.38,0.00,404.76,0.00,4400.06,25467.90,1822.87,0.00,0.00,0.00,0.00,2985.40,2744.57,0.00,0.00,0.00,0.00,7552.85,0.00,7552.85,,0.00,0.00,0.00,0.00,1.56,,0.00,,33022.30,,,,,,4.12,0.45,3439.15,2,6,626,20151,M6,Amerijet International,M6,Amerijet International,06052,D,2,2,2024,1
6019.16,0.00,461.98,397.56,0.00,0.00,13072.51,16.32,2016.81,0.00,7.59,1595.26,0.00,338.72,268.43,0.00,24194.34,944.15,231.53,1217.81,1622.05,0.00,688.01,1096.55,0.00,0.00,0.00,0.00,5800.09,2198.90,7999.00,120.33,1173.45,255.98,122.65,0.00,114.82,,132.80,,34113.36,,,,,,2.88,0.25,4971.36,1,6,887,19805,AA,American Airlines Inc.,AA,American Airlines Inc.,10050,L,3,3,2024,2
6036.11,0.00,0.00,0.00,0.00,0.00,119.80,0.00,2112.92,0.01,314.63,0.00,0.00,0.00,0.00,470.34,9053.81,2171.26,0.00,2747.19,872.68,0.00,341.67,0.00,0.00,0.00,0.00,0.00,6132.79,0.00,6132.79,0.00,3781.63,345.62,273.77,18.99,0.00,,0.00,,19606.61,,,,,,2.51,0.28,3043.43,2,6,626,20108,NC,Northern Air Cargo Inc.,NC,Northern Air Cargo Inc.,11041,I,2,2,2024,1
6071.00,0.00,1.00,526.00,0.00,0.00,11770.00,4.00,66.00,0.00,12.00,1794.00,0.00,331.00,543.00,58.00,21176.00,1368.00,60.00,3908.00,26.00,0.00,329.00,216.00,0.00,0.00,0.00,0.00,5907.00,1480.00,7387.00,69.00,2433.00,355.00,296.00,0.00,0.00,,0.00,,31715.00,,,,,,5.75,1.06,4873.00,1,6,612,19930,AS,Alaska Airlines Inc.,AS,Alaska Airlines Inc.,06031,D,3,3,2024,3
6087.00,0.00,91.00,348.00,0.00,0.00,9665.00,19.00,485.00,0.00,48.00,1057.00,0.00,168.00,433.00,0.00,18401.00,678.00,15.00,886.00,686.00,0.00,516.00,63.00,0.00,0.00,0.00,0.00,2844.00,974.00,3818.00,65.00,433.00,1078.00,140.00,0.00,29.00,,0.00,0.00,23964.00,,,,,,4.20,0.47,3652.85,1,6,614,19393,WN,Southwest Airlines Co.,WN,Southwest Airlines Co.,11033,L,3,3,2024,2
6111.00,0.00,470.83,413.30,0.00,0.00,11696.40,19.46,1973.76,0.00,7.64,1847.70,0.00,172.35,226.77,0.00,22939.20,1016.55,243.81,1192.29,1943.78,0.00,679.96,969.20,0.00,0.00,0.00,0.00,6045.59,2326.35,8371.95,127.85,1189.06,269.64,131.68,0.00,106.13,,133.39,,33268.91,,,,,,2.90,0.25,4820.42,1,6,887,19805,AA,American Airlines Inc.,AA,American Airlines Inc.,10050,L,3,3,2024,3
6136.62,0.00,472.67,415.72,0.00,0.00,11398.22,19.51,1981.05,0.00,7.67,1845.79,0.00,173.25,223.52,0.00,22674.01,1021.48,244.89,1197.04,1954.44,0.00,681.78,974.21,0.00,0.00,0.00,0.00,6073.84,2338.11,8411.95,128.37,1193.76,270.63,132.11,0.00,106.61,,133.85,,33051.28,,,,,,2.41,0.21,4686.67,1,6,889,19805,AA,American Airlines Inc.,AA,American Airlines Inc.,10052,P,3,3,2024,3
6167.62,0.00,450.76,386.54,0.00,0.00,22622.51,15.73,1951.84,0.00,7.88,1767.47,0.00,234.25,452.25,0.00,34056.84,1056.57,253.49,1353.76,1826.11,0.00,860.22,894.05,0.00,0.00,0.00,0.00,6244.20,2538.63,8782.83,136.90,1228.55,295.27,258.31,0.00,90.33,,157.31,,45006.34,,,,,,2.73,0.27,9932.29,1,6,627,19805,AA,American Airlines Inc.,AA,American Airlines Inc.,0A050,D,3,3,2024,4
6192.00,0.00,0.00,219.83,7.05,,11636.96,24.68,1229.96,4.03,137.84,1520.36,0.00,175.31,258.48,-22.96,21383.52,1401.55,0.00,1331.88,0.00,,890.60,144.28,0.00,,0.00,,3768.31,1651.33,5419.64,,1106.58,202.40,59.26,,,,24.95,,28196.34,,,,,,2.85,0.54,4684.80,2,6,626,19917,5X,United Parcel Service,5X,United Parcel Service,16912,L,3,3,2024,3
6230.00,0.00,1.00,495.00,0.00,0.00,11694.00,26.00,521.00,0.00,24.00,1101.00,0.00,340.00,452.00,765.00,21649.00,1012.00,40.00,1203.00,1204.00,0.00,182.00,146.00,0.00,0.00,0.00,0.00,3787.00,1023.00,4810.00,26.00,1501.00,530.00,122.00,0.00,25.00,,0.00,,28662.00,,,,,,4.65,0.53,4075.00,1,6,839,19930,AS,Alaska Airlines Inc.,AS,Alaska Airlines Inc.,16031,L,3,3,2024,1
6246.10,0.00,2079.39,-20.46,0.00,0.00,-29.56,0.00,93.10,0.00,230.37,1485.60,0.00,218.51,30.46,0.00,10333.51,0.00,0.00,974.40,4.07,0.00,271.16,-859.80,0.00,0.00,0.00,0.00,389.82,0.00,389.82,0.00,0.00,0.00,82.97,93.62,0.00,,0.00,0.00,10899.92,,,,,,2.18,0.24,4089.70,2,6,339,19690,HA,Hawaiian Airlines Inc.,HA,Hawaiian Airlines Inc.,05375,D,3,3,2024,3
6259.72,,709.90,790.11,,,23823.39,,85.96,,,1613.10,-6.16,304.09,292.88,,33872.98,311.16,19.31,1461.95,1688.91,,520.09,281.05,,,,,4282.46,1629.26,5911.72,367.45,1972.29,892.27,81.44,325.98,,,,,43424.13,,,,,,3.61,0.28,8642.78,1,6,627,19977,UA,United Air Lines Inc.,UA,United Air Lines Inc.,10876,L,3,3,2024,2
6356.46,,1132.44,1057.93,,,21597.32,,82.24,,,1613.82,-0.58,147.20,880.11,,32866.93,654.69,,1985.50,33.40,,1321.64,62.55,,,,,4057.78,2004.61,6062.40,71.61,4587.75,1488.75,3.64,70.52,,,,,45151.60,,,,,,5.32,0.41,9315.09,1,6,837,19977,UA,United Air Lines Inc.,UA,United Air Lines Inc.,0A875,D,3,3,2024,4
6427.68,,689.08,808.76,,,21953.70,,107.76,,,1783.07,-0.71,185.24,288.95,,32243.52,321.66,41.53,1486.23,3016.57,,373.49,669.54,,,,,5909.02,1733.96,7642.98,378.58,1871.79,839.26,77.25,295.12,,,,,43348.50,,,,,,3.59,0.28,8715.96,1,6,627,19977,UA,United Air Lines Inc.,UA,United Air Lines Inc.,10876,L,3,3,2024,3
6478.57,0.00,377.49,1053.38,331.60,,303.66,0.00,1046.17,69.30,0.00,518.80,0.00,691.46,0.00,15.23,10885.65,2308.59,577.15,3745.73,0.00,,547.97,136.99,0.00,0.00,0.00,0.00,7316.43,0.00,7316.43,0.00,1410.57,605.09,1345.80,0.00,434.32,,0.00,,21997.87,,,,,,7.73,1.40,6459.03,1,6,638,20378,YV,Mesa Airlines Inc.,YV,Mesa Airlines Inc.,06689,D,2,2,2024,2
6482.88,,376.40,628.70,,,14710.74,,91.50,,,1688.38,-3.14,318.28,71.55,,24365.27,463.12,0.62,20314.55,-94.72,,1132.60,-194.15,,,,,21622.02,2095.96,23717.98,207.01,389.55,2080.37,15.51,179.60,,,,,50955.28,,,,,,7.11,0.82,5156.17,1,6,612,19977,UA,United Air Lines Inc.,UA,United Air Lines Inc.,10876,L,3,3,2024,2
6584.81,,505.83,669.74,,,12129.05,,182.08,,,1817.96,,564.56,209.06,,22663.08,246.14,0.42,1054.41,12950.19,,792.30,99.59,,,,,15143.03,897.54,16040.57,311.36,1441.49,730.30,138.95,639.23,,,,,41964.96,,,,,,2.67,0.24,4298.70,1,6,887,19977,UA,United Air Lines Inc.,UA,United Air Lines Inc.,10877,P,3,3,2024,1
6729.19,142.19,0.00,1885.66,0.00,0.00,0.00,0.00,43.94,0.00,297.86,1032.51,0.00,570.59,0.00,21.77,10723.69,1598.34,0.00,1888.31,0.00,0.00,399.40,47.58,0.00,0.00,0.00,0.00,3933.64,671.04,4604.68,0.00,0.00,0.00,0.00,0.00,0.00,,0.00,,15328.37,,,,,,6.51,1.09,5568.93,2,6,614,20422,SY,Sun Country Airlines d/b/a MN Airlines,SY,Sun Country Airlines d/b/a MN Airlines,06795,D,3,3,2024,1
6747.65,0.00,67.15,133.54,16.71,0.00,13954.31,0.00,4467.09,1.13,127.63,1439.69,0.00,485.13,561.72,0.00,28001.75,1496.46,0.00,331.02,159.96,0.00,286.94,761.56,0.00,0.00,0.00,0.00,3035.94,0.00,3035.94,0.00,1116.37,98.72,24.27,0.00,0.00,,1020.87,,33297.91,,,,,,6.00,0.67,5401.08,1,6,698,20416,NK,Spirit Air Lines,NK,Spirit Air Lines,06830,D,3,3,2024,2
6751.17,,53.20,2750.11,0.00,,3741.09,,0.00,,0.00,1582.85,,589.56,,352.27,15820.25,196.60,,66.43,,,0.00,99.86,17.61,,,,380.50,1574.24,1954.74,,22.17,0.00,105.08,0.00,0.00,,0.00,0.00,17902.25,,,,,,4.36,0.37,9756.40,2,6,627,20007,5Y,Atlas Air Inc.,5Y,Atlas Air Inc.,06087,D,3,3,2024,1
6752.59,,651.49,754.93,,,14349.46,,0.61,,,1739.39,-0.34,158.65,146.04,,24552.82,587.47,13.00,2575.44,4905.42,,1596.14,350.03,,,,,10027.49,1926.22,11953.71,971.66,870.00,573.70,107.27,315.22,,,0.24,,39344.63,,,,,,5.66,0.55,6154.31,1,6,622,19977,UA,United Air Lines Inc.,UA,United Air Lines Inc.,10874,A,3,3,2024,4
6753.00,0.00,280.00,464.00,0.00,0.00,18284.00,0.00,701.00,2.00,69.00,1602.00,0.00,288.00,0.00,22.00,28465.00,342.00,115.00,817.00,1245.00,0.00,867.00,547.00,0.00,0.00,0.00,0.00,3933.00,1361.00,5294.00,38.00,1289.00,643.00,36.00,97.00,0.00,,130.00,0.00,35992.00,,,,,,3.58,0.35,6596.01,1,6,624,19790,DL,Delta Air Lines Inc.,DL,Delta Air Lines Inc.,01260,D,3,3,2024,1
6788.00,0.00,256.00,423.00,0.00,0.00,18355.00,0.00,639.00,2.00,63.00,1462.00,0.00,263.00,0.00,20.00,28271.00,312.00,105.00,745.00,1136.00,0.00,791.00,499.00,0.00,0.00,0.00,0.00,3588.00,1242.00,4830.00,34.00,1176.00,587.00,33.00,88.00,0.00,,119.00,0.00,35138.00,,,,,,3.26,0.28,6621.54,1,6,687,19790,DL,Delta Air Lines Inc.,DL,Delta Air Lines Inc.,10260,L,3,3,2024,1
6874.11,0.00,509.43,2229.54,1179.24,0.00,12481.78,36.18,43.58,5.74,422.20,281.09,0.00,471.36,0.00,5124.02,29658.26,2122.80,0.00,0.00,0.00,0.00,3476.61,3196.15,0.00,0.00,0.00,0.00,8795.56,0.00,8795.56,,0.00,0.00,0.00,0.00,1.82,,0.00,,38455.63,,,,,,4.83,0.52,4015.91,2,6,626,20151,M6,Amerijet International,M6,Amerijet International,16052,L,2,2,2024,1
6896.47,0.00,538.18,464.99,0.00,0.00,20053.32,23.08,2470.12,0.00,9.17,1823.20,0.00,559.38,389.06,0.00,33226.96,1122.24,274.61,1442.43,1930.61,0.00,883.15,892.81,0.00,0.00,0.00,0.00,6545.85,2778.86,9324.71,144.82,1420.51,296.55,143.88,0.00,144.91,,146.15,,44848.49,,,,,,2.44,0.24,7197.38,1,6,637,19805,AA,American Airlines Inc.,AA,American Airlines Inc.,10052,P,3,3,2024,1
6909.43,0.00,532.28,467.57,0.00,0.00,17473.46,21.99,2231.20,0.00,8.64,2085.03,0.00,194.94,341.44,0.00,30265.98,1149.65,275.69,1347.93,2198.76,0.00,768.35,1096.23,0.00,0.00,0.00,0.00,6836.61,2631.12,9467.73,144.54,1344.28,304.81,148.83,0.00,120.01,,150.78,,41946.96,,,,,,2.44,0.19,7188.55,1,6,637,19805,AA,American Airlines Inc.,AA,American Airlines Inc.,10052,P,3,3,2024,3
6964.32,0.00,534.56,459.98,0.00,0.00,19307.88,18.83,2334.04,0.00,8.78,1846.49,0.00,392.07,395.99,0.00,32262.94,1092.61,267.87,1408.04,1878.81,0.00,795.24,1266.68,0.00,0.00,0.00,0.00,6709.25,2544.53,9253.77,139.26,1357.99,296.29,141.96,0.00,132.85,,153.74,,43738.80,,,,,,2.50,0.20,7350.68,1,6,637,19805,AA,American Airlines Inc.,AA,American Airlines Inc.,10052,P,3,3,2024,2
6986.13,,60.66,2232.74,0.00,,8701.68,,0.00,,0.00,1580.34,,323.27,,201.54,20086.34,205.49,,759.94,,,909.47,143.32,13.20,,,,2031.41,1718.12,3749.54,,2095.46,534.33,363.63,0.00,0.00,,0.00,0.00,26829.30,,,,,,1.90,0.29,2935.53,1,6,626,20007,5Y,Atlas Air Inc.,5Y,Atlas Air Inc.,16087,I,3,3,2024,3
7037.14,,481.44,732.14,,,12424.97,,-0.59,,,1967.61,,204.41,388.71,,23235.83,509.59,0.83,2938.17,667.75,,713.86,701.35,,,,,5531.55,2341.03,7872.58,462.12,1282.62,563.84,77.70,924.99,,,205.72,,34625.38,,,,,,5.90,0.68,4891.77,1,6,694,19977,UA,United Air Lines Inc.,UA,United Air Lines Inc.,10876,L,3,3,2024,3
7058.00,0.00,119.00,474.00,0.00,0.00,16499.00,0.00,602.00,8.00,59.00,1489.00,0.00,256.00,0.00,20.00,26584.00,367.00,147.00,452.00,1074.00,0.00,803.00,393.00,0.00,0.00,0.00,0.00,3236.00,1287.00,4523.00,44.00,1133.00,586.00,28.00,91.00,0.00,,93.00,0.00,33082.00,,,,,,3.44,0.27,6588.50,1,6,624,19790,DL,Delta Air Lines Inc.,DL,Delta Air Lines Inc.,10260,L,3,3,2024,3
7111.40,0.00,329.53,582.78,17.91,0.00,15458.99,0.00,103.57,0.42,9.17,1956.51,0.00,474.63,244.40,16.81,26306.11,709.94,0.00,385.33,242.47,0.00,69.00,2.51,0.00,0.00,0.00,0.00,1409.24,1253.62,2662.86,3.33,965.81,268.13,0.00,7.41,88.10,,0.00,,30301.73,,,,,,5.64,0.67,5532.92,1,6,721,20409,B6,JetBlue Airways,B6,JetBlue Airways,06673,D,3,3,2024,2
7142.74,93.21,0.00,489.61,0.00,0.00,13583.70,0.00,26.76,0.00,95.16,1090.21,0.00,582.63,0.00,13.26,23117.28,843.48,0.00,1948.12,193.50,0.00,262.65,35.69,0.00,0.00,0.00,0.00,3283.43,416.92,3700.34,0.00,1287.60,2591.41,557.98,0.00,0.00,,1578.18,,32832.79,,,,,,6.88,1.03,6137.97,1,6,614,20422,SY,Sun Country Airlines d/b/a MN Airlines,SY,Sun Country Airlines d/b/a MN Airlines,16795,L,3,3,2024,1
7185.00,,911.00,,,,11531.00,,,,,,,,903.00,1101.00,21631.00,0.00,0.00,0.00,87.00,,370.00,129.00,804.00,,0.00,,1390.00,7116.00,8506.00,,5327.00,1024.00,85.00,2.00,,,,,36575.00,,,,,,3.09,0.80,5210.44,2,6,626,20107,FX,Federal Express Corporation,FX,Federal Express Corporation,16196,A,3,3,2024,4
7206.64,180.54,239.14,1491.19,323.33,0.00,-1.43,0.00,2898.65,22.18,189.79,2535.46,0.00,637.86,0.00,0.00,15723.35,6113.23,0.00,3102.21,2814.50,0.00,2956.59,517.93,0.00,0.00,0.00,0.00,15504.45,0.00,15504.45,0.00,1151.75,1649.92,0.00,101.39,0.00,,0.00,0.00,34130.85,,,,,,5.21,1.10,9175.11,2,6,626,20453,ABX,ABX Air Inc,ABX,ABX Air Inc,80006,D,2,2,2024,2
7241.07,169.02,177.60,1532.28,303.46,0.00,-0.36,0.00,2575.20,8.00,172.01,2539.83,0.00,718.01,0.00,0.00,15436.12,3716.06,0.00,3101.09,2636.68,0.00,3085.85,479.09,0.00,0.00,0.00,0.00,13018.77,0.00,13018.77,0.00,845.57,1207.05,0.00,330.39,0.00,,0.00,0.00,30837.90,,,,,,5.48,1.08,9188.63,2,6,626,20453,ABX,ABX Air Inc,ABX,ABX Air Inc,80006,D,2,2,2024,1
7280.00,0.00,369.00,610.00,0.00,0.00,14119.00,0.00,922.00,3.00,90.00,2109.00,0.00,379.00,0.00,29.00,25910.00,450.00,151.00,1075.00,1639.00,0.00,1141.00,719.00,0.00,0.00,0.00,0.00,5175.00,1792.00,6967.00,50.00,1696.00,847.00,47.00,127.00,0.00,,171.00,0.00,35815.00,,,,,,4.71,0.54,5093.47,1,6,699,19790,DL,Delta Air Lines Inc.,DL,Delta Air Lines Inc.,10260,L,3,3,2024,1
7296.21,,50.54,3122.89,0.00,,1126.67,,0.00,,0.00,1542.32,,335.30,,395.10,13869.03,171.22,,52.14,,,757.78,119.41,11.00,,,,1111.55,1431.57,2543.12,,18.79,0.00,131.68,0.00,0.00,,0.00,0.00,16562.61,,,,,,3.94,0.28,9154.08,2,6,627,20007,5Y,Atlas Air Inc.,5Y,Atlas Air Inc.,06087,D,3,3,2024,3
7324.80,0.00,86.17,137.31,18.76,0.00,14422.89,0.00,4277.02,-0.38,141.69,1523.03,0.00,599.57,662.90,0.00,29193.75,1522.40,0.00,364.53,277.06,0.00,307.49,760.89,0.00,0.00,0.00,0.00,3232.37,0.00,3232.37,0.00,1235.20,112.23,24.52,0.00,0.00,,1014.96,,34813.02,,,,,,6.07,0.69,6193.86,1,6,699,20416,NK,Spirit Air Lines,NK,Spirit Air Lines,16831,L,3,3,2024,1
7347.17,0.00,540.92,462.78,0.00,0.00,16314.05,18.51,2326.45,0.00,9.38,2178.89,0.00,276.41,322.59,0.00,29797.12,1248.07,299.79,1624.15,2117.35,0.00,973.57,1069.10,0.00,0.00,0.00,0.00,7332.03,2975.87,10307.90,162.60,1459.88,349.45,297.78,0.00,107.70,,188.51,,42670.93,,,,,,2.50,0.24,7170.13,1,6,637,19805,AA,American Airlines Inc.,AA,American Airlines Inc.,10052,P,3,3,2024,4
7381.34,0.00,1659.05,39.23,0.00,0.00,29.05,0.00,116.05,0.00,102.61,2030.96,0.37,321.19,-2.79,0.00,11677.07,101.60,6.86,1283.44,8.03,0.00,897.77,0.00,0.00,0.00,0.00,0.00,2297.69,23.52,2321.21,0.00,0.00,0.00,101.16,58.58,0.00,,0.00,0.00,14158.01,,,,,,3.31,0.24,6587.84,2,6,339,19690,HA,Hawaiian Airlines Inc.,HA,Hawaiian Airlines Inc.,05375,D,3,3,2024,4
7418.71,136.75,1417.80,3067.30,111.35,0.00,10567.19,0.00,6006.62,50.88,256.02,844.28,0.00,614.95,0.00,0.00,30491.83,2849.60,14.36,2398.71,0.00,0.00,0.00,0.00,0.00,0.00,477.56,0.00,5740.23,1977.14,7717.37,0.00,0.00,0.00,0.00,0.00,591.96,,0.00,,38801.16,,,,,,2.65,0.65,4617.61,1,6,626,20377,X9,Omni Air International LLC,X9,Omni Air International LLC,16736,I,2,2,2024,1
7513.00,0.00,2.00,648.00,0.00,0.00,15715.00,6.00,-85.00,0.00,12.00,2220.00,0.00,410.00,657.00,99.00,27195.00,545.00,23.00,1523.00,42.00,0.00,174.00,111.00,0.00,0.00,0.00,0.00,2418.00,625.00,3043.00,61.00,2509.00,373.00,267.00,0.00,0.00,,0.00,,33447.00,,,,,,7.04,0.79,6013.00,1,6,612,19930,AS,Alaska Airlines Inc.,AS,Alaska Airlines Inc.,06031,D,3,3,2024,2
7521.73,144.11,1294.05,3868.24,106.98,0.00,18782.76,0.00,6298.36,79.60,348.71,915.87,0.00,584.68,0.00,0.00,39945.07,2911.14,15.02,3644.99,0.00,0.00,0.00,0.00,0.00,0.00,518.64,0.00,7089.78,1903.69,8993.48,0.00,0.00,0.00,0.00,0.00,643.36,,0.00,,49581.90,,,,,,3.35,0.80,2242.65,1,6,626,20377,X9,Omni Air International LLC,X9,Omni Air International LLC,16736,I,2,2,2024,2
7553.48,0.00,580.65,516.90,0.00,0.00,15307.97,24.38,2383.10,0.00,9.31,2143.35,0.00,214.49,313.66,0.00,29047.28,1255.85,298.79,1438.52,2390.15,0.00,802.41,1205.36,0.00,0.00,0.00,0.00,7391.07,2847.08,10238.15,155.24,1446.86,326.07,159.17,0.00,130.01,,163.28,,41666.04,,,,,,3.77,0.32,6214.44,1,6,887,19805,AA,American Airlines Inc.,AA,American Airlines Inc.,0A050,D,3,3,2024,3
7556.00,0.00,4.00,528.00,18.00,0.00,12382.00,5.00,4.00,0.00,15.00,2232.00,0.00,412.00,495.00,91.00,23743.00,1063.00,46.00,3444.00,-3.00,0.00,257.00,214.00,0.00,0.00,0.00,0.00,5021.00,1121.00,6142.00,74.00,2020.00,338.00,317.00,0.00,0.00,,0.00,,32636.00,,,,,,6.07,1.06,5119.00,1,6,612,19930,AS,Alaska Airlines Inc.,AS,Alaska Airlines Inc.,06031,D,3,3,2024,4
7560.47,22.42,0.00,1913.73,0.00,0.00,7.29,0.00,48.24,0.00,328.75,1147.05,0.00,511.76,0.00,16.03,11555.73,1634.32,0.00,1747.70,0.00,0.00,280.49,73.19,0.00,0.00,0.00,0.00,3735.69,761.33,4497.02,0.00,0.00,0.00,0.00,0.00,0.00,,0.00,,16052.75,,,,,,7.15,1.09,6185.37,2,6,614,20422,SY,Sun Country Airlines d/b/a MN Airlines,SY,Sun Country Airlines d/b/a MN Airlines,06795,D,3,3,2024,2
7578.65,,462.73,695.20,,,16684.63,,100.27,,,2097.31,,651.31,112.65,,28382.75,521.46,0.96,23480.80,124.37,,895.63,223.50,,,,,25246.71,2156.58,27403.29,231.30,422.06,2277.04,21.41,191.78,,,,,58929.62,,,,,,7.70,0.89,5624.63,1,6,612,19977,UA,United Air Lines Inc.,UA,United Air Lines Inc.,10876,L,3,3,2024,1
7591.66,163.97,600.38,6346.48,137.89,0.00,10862.58,0.00,6519.07,437.53,334.09,1454.64,0.00,328.23,0.00,0.00,34776.52,3326.36,17.17,1813.94,0.00,0.00,0.00,0.00,8.54,0.00,1177.35,0.00,6343.36,2046.16,8389.51,0.00,0.00,0.00,0.00,0.00,4701.19,,0.00,,47867.22,,,,,,2.24,0.71,3924.81,1,6,626,20377,X9,Omni Air International LLC,X9,Omni Air International LLC,16736,I,2,2,2024,4
7594.67,,146.59,4179.91,0.00,,6.77,,0.00,,0.00,2030.36,,723.42,,784.34,15466.08,541.72,,183.06,,,0.00,275.17,48.53,,,,1048.47,4337.88,5386.35,,61.10,0.00,298.29,0.00,0.00,,0.00,0.00,21211.81,,,,,,6.04,0.72,4497.60,2,6,614,20007,5Y,Atlas Air Inc.,5Y,Atlas Air Inc.,06087,D,3,3,2024,1
7681.00,0.00,1308.00,0.00,0.00,,16861.00,,0.00,0.00,0.00,0.00,,0.00,1113.00,1139.00,28102.00,0.00,0.00,10.00,73.00,,751.00,264.00,1023.00,,0.00,,2121.00,2988.00,5109.00,,5808.00,1115.00,92.00,12.00,,,,,40238.00,,,,,,3.75,0.87,6046.11,2,6,626,20107,FX,Federal Express Corporation,FX,Federal Express Corporation,16195,L,3,3,2024,1
7687.26,,99.17,3419.61,0.00,,212.70,,0.00,,0.00,1764.92,,685.78,,361.45,14230.89,366.49,,1396.30,,,1325.05,186.16,32.83,,,,3306.83,2934.72,6241.55,,41.33,0.00,331.70,0.00,0.00,,0.00,0.00,20845.47,,,,,,7.52,1.24,10106.83,2,6,626,20007,5Y,Atlas Air Inc.,5Y,Atlas Air Inc.,16087,I,3,3,2024,1
7734.84,0.00,0.00,326.24,8.20,,34560.27,35.35,1202.00,4.20,179.83,2058.29,0.00,392.29,219.26,7.77,46728.54,1654.28,0.00,3627.41,0.00,,1843.39,5132.06,0.00,,0.00,,12257.14,2013.04,14270.18,,2072.85,809.10,205.12,,,,31.96,,64117.74,,,,,,2.32,0.46,11994.47,2,8,819,19917,5X,United Parcel Service,5X,United Parcel Service,06910,D,3,3,2024,2
7779.00,0.00,178.00,707.00,0.00,0.00,11763.00,0.00,897.00,12.00,87.00,2220.00,0.00,381.00,0.00,30.00,24054.00,547.00,219.00,674.00,1600.00,0.00,1197.00,586.00,0.00,0.00,0.00,0.00,4823.00,1919.00,6742.00,65.00,1689.00,874.00,42.00,136.00,0.00,,139.00,0.00,33741.00,,,,,,5.13,0.43,4697.19,1,6,721,19790,DL,Delta Air Lines Inc.,DL,Delta Air Lines Inc.,10260,L,3,3,2024,3
7826.00,0.00,1230.00,0.00,0.00,,17381.00,,0.00,0.00,0.00,0.00,,0.00,1134.00,1613.00,29184.00,0.00,0.00,0.00,55.00,,796.00,317.00,1350.00,,0.00,,2518.00,3280.00,5798.00,,6017.00,1159.00,96.00,7.00,,,,,42261.00,,,,,,3.96,0.90,6484.51,2,6,626,20107,FX,Federal Express Corporation,FX,Federal Express Corporation,16195,L,3,3,2024,2
7936.48,0.00,374.51,594.45,5.99,0.00,16679.45,0.00,68.08,0.56,10.07,2427.57,0.00,666.32,254.38,35.72,29053.57,802.13,0.00,434.52,222.00,0.00,103.72,8.05,0.00,0.00,0.00,0.00,1570.42,1384.10,2954.52,3.06,1034.93,273.17,0.00,7.40,90.58,,0.00,,33417.23,,,,,,6.08,0.74,5735.71,1,6,721,20409,B6,JetBlue Airways,B6,JetBlue Airways,06673,D,3,3,2024,1
7950.69,0.00,619.70,535.85,0.00,0.00,23068.27,26.65,2848.69,0.00,10.57,2100.67,0.00,644.70,449.15,0.00,38254.93,1293.91,316.74,1663.62,2221.50,0.00,1020.05,1029.68,0.00,0.00,0.00,0.00,7545.50,3204.57,10750.07,166.83,1638.37,341.99,165.83,0.00,167.09,,168.43,,51653.56,,,,,,2.92,0.29,8277.57,1,6,637,19805,AA,American Airlines Inc.,AA,American Airlines Inc.,10050,L,3,3,2024,1
8019.00,0.00,5.00,565.00,19.00,0.00,13586.00,27.00,678.00,0.00,34.00,2369.00,0.00,437.00,607.00,94.00,26442.00,1198.00,52.00,1897.00,1981.00,0.00,290.00,242.00,0.00,0.00,0.00,0.00,5658.00,1264.00,6922.00,38.00,1843.00,709.00,183.00,0.00,35.00,,0.00,,36172.00,,,,,,6.46,0.70,5630.00,1,6,888,19930,AS,Alaska Airlines Inc.,AS,Alaska Airlines Inc.,16031,L,3,3,2024,4
8030.00,0.00,121.00,447.00,0.00,0.00,9292.00,20.00,697.00,0.00,62.00,1113.00,0.00,248.00,435.00,0.00,20465.00,823.00,19.00,972.00,815.00,0.00,538.00,51.00,0.00,0.00,0.00,0.00,3218.00,1224.00,4442.00,-8.00,564.00,1270.00,188.00,110.00,35.00,,66.00,0.00,27132.00,,,,,,4.78,0.57,4088.98,1,6,838,19393,WN,Southwest Airlines Co.,WN,Southwest Airlines Co.,11033,L,3,3,2024,4
8036.11,168.18,1102.37,7112.04,77.83,0.00,14185.35,0.00,6893.51,294.71,444.22,1371.89,0.00,522.85,0.00,0.00,40209.07,3508.28,18.44,2726.31,0.00,0.00,0.00,0.00,8.76,0.00,407.67,0.00,6669.46,2947.57,9617.03,0.00,0.00,0.00,0.00,0.00,2278.75,,0.00,,52104.85,,,,,,2.53,0.77,4411.10,1,6,626,20377,X9,Omni Air International LLC,X9,Omni Air International LLC,16736,I,2,2,2024,3
8051.63,0.00,616.60,529.77,0.00,0.00,16268.84,22.24,2732.92,0.00,10.20,2127.77,0.00,451.42,334.10,0.00,31145.49,1259.78,309.31,1653.71,2136.82,0.00,935.60,1501.16,0.00,0.00,0.00,0.00,7796.37,2944.07,10740.45,161.51,1577.60,342.72,164.58,0.00,155.14,,177.84,,44465.32,,,,,,3.15,0.27,6130.25,1,6,889,19805,AA,American Airlines Inc.,AA,American Airlines Inc.,10052,P,3,3,2024,2
8077.98,0.00,374.32,661.99,20.34,0.00,17523.47,0.00,117.94,0.47,-0.22,2222.44,0.00,539.14,277.62,19.09,29834.59,806.43,0.00,437.86,275.43,0.00,78.38,2.85,0.00,0.00,0.00,0.00,1600.94,1328.82,2929.76,3.79,1097.08,304.57,0.00,8.41,100.07,,0.00,,34278.27,,,,,,6.41,0.76,6271.82,1,6,721,20409,B6,JetBlue Airways,B6,JetBlue Airways,16673,L,3,3,2024,2
8085.63,0.00,630.07,545.03,0.00,0.00,12900.14,27.13,2896.33,0.00,10.75,2136.38,0.00,655.86,250.34,0.00,28137.66,1316.19,322.17,1692.34,2262.07,0.00,1037.01,1047.21,0.00,0.00,0.00,0.00,7676.98,3259.33,10936.30,169.72,1666.33,347.79,168.64,0.00,169.88,,171.30,,41767.62,,,,,,5.02,0.47,4630.08,1,6,721,19805,AA,American Airlines Inc.,AA,American Airlines Inc.,10050,L,3,3,2024,1
8095.39,0.00,594.99,506.33,0.00,0.00,13320.80,20.93,2565.38,0.00,10.32,2363.27,0.00,302.66,266.32,0.00,28046.39,1371.28,330.60,1774.02,2332.60,0.00,1093.33,1189.01,0.00,0.00,0.00,0.00,8090.84,3276.56,11367.40,179.51,1606.39,385.13,327.96,0.00,117.63,,206.69,,42237.10,,,,,,2.98,0.28,5847.82,1,6,889,19805,AA,American Airlines Inc.,AA,American Airlines Inc.,10050,L,3,3,2024,4
8101.00,0.00,173.00,487.00,0.00,0.00,16386.00,0.00,700.00,3.00,81.00,1703.00,0.00,283.00,0.00,28.00,27945.00,410.00,193.00,943.00,1106.00,0.00,863.00,239.00,0.00,0.00,0.00,0.00,3754.00,1544.00,5298.00,52.00,1316.00,704.00,29.00,110.00,0.00,,94.00,0.00,35548.00,,,,,,3.82,0.30,6945.85,1,6,339,19790,DL,Delta Air Lines Inc.,DL,Delta Air Lines Inc.,10260,L,3,3,2024,4
8189.50,,139.08,4029.59,0.00,,51.18,,0.00,,0.00,2167.24,,668.58,,897.32,16142.47,491.31,,149.30,,,1915.72,270.07,32.78,,,,2859.18,4028.34,6887.52,,31.99,0.00,341.35,0.00,0.00,,0.00,0.00,23403.33,,,,,,6.04,0.73,4497.61,2,6,614,20007,5Y,Atlas Air Inc.,5Y,Atlas Air Inc.,06087,D,3,3,2024,2
8219.00,0.00,256.00,538.00,0.00,0.00,20496.00,0.00,740.00,0.00,85.00,1721.00,0.00,286.00,0.00,21.00,32362.00,429.00,134.00,869.00,1388.00,0.00,920.00,439.00,0.00,0.00,0.00,0.00,4179.00,1570.00,5749.00,45.00,1373.00,705.00,34.00,106.00,0.00,,116.00,0.00,40490.00,,,,,,4.16,0.33,7810.44,1,6,624,19790,DL,Delta Air Lines Inc.,DL,Delta Air Lines Inc.,10260,L,3,3,2024,2
8242.05,0.00,0.00,316.09,4.79,,15294.29,22.12,1667.91,5.21,186.06,2341.56,0.00,802.94,308.29,-45.40,29145.91,1745.05,0.00,1778.79,0.00,,1124.25,2718.56,0.00,,0.00,,7366.65,2088.73,9455.38,,1408.48,232.81,74.87,,,,33.70,,40351.15,,,,,,3.45,0.68,5410.60,2,6,626,19917,5X,United Parcel Service,5X,United Parcel Service,16912,L,3,3,2024,1
8247.97,,71.61,2636.03,0.00,,1725.66,,0.00,,0.00,1865.78,,381.66,,237.94,15166.64,242.61,,897.20,,,1073.73,169.20,15.58,,,,2398.33,2028.45,4426.78,,26.62,0.00,429.31,0.00,0.00,,0.00,0.00,20049.35,,,,,,4.36,0.83,6143.54,2,6,626,20007,5Y,Atlas Air Inc.,5Y,Atlas Air Inc.,16087,I,3,3,2024,3
8272.12,0.00,76.44,158.37,29.27,0.00,15255.16,0.00,6365.75,0.00,160.95,1771.59,0.00,384.42,750.23,0.00,33224.30,1844.90,0.00,430.08,206.48,0.00,406.55,981.15,0.00,0.00,0.00,0.00,3869.15,0.00,3869.15,0.00,1320.21,123.60,29.65,0.00,0.00,,1271.39,,39838.31,,,,,,6.92,0.84,5419.48,1,6,722,20416,NK,Spirit Air Lines,NK,Spirit Air Lines,16831,L,3,3,2024,3
8282.51,16.10,0.00,2117.90,0.00,0.00,7.97,0.00,49.36,0.00,358.89,1346.06,0.00,427.83,0.00,3.41,12610.02,1779.23,0.00,2000.80,0.00,0.00,359.62,48.71,0.00,0.00,0.00,0.00,4188.35,659.60,4847.95,0.00,0.00,0.00,0.00,0.00,0.00,,0.00,,17457.97,,,,,,7.42,1.10,6528.84,2,6,614,20422,SY,Sun Country Airlines d/b/a MN Airlines,SY,Sun Country Airlines d/b/a MN Airlines,06795,D,3,3,2024,4
8293.96,0.00,0.00,349.83,8.79,,15858.87,37.91,1666.70,4.51,165.01,2207.07,0.00,420.65,311.33,8.33,29332.96,1773.86,0.00,1737.05,0.00,,1233.13,3651.19,0.00,,0.00,,8395.23,2158.56,10553.79,,1414.84,249.02,77.45,,,,34.27,,41662.33,,,,,,2.43,0.70,5588.97,2,6,626,19917,5X,United Parcel Service,5X,United Parcel Service,16912,L,3,3,2024,2
8295.97,0.00,82.55,164.19,20.54,0.00,17156.28,0.00,5492.12,1.39,156.92,1770.04,0.00,596.45,690.61,0.00,34427.06,1839.84,0.00,406.97,196.67,0.00,352.78,936.31,0.00,0.00,0.00,0.00,3732.57,0.00,3732.57,0.00,1372.53,121.38,29.84,0.00,0.00,,1255.12,,40938.50,,,,,,7.38,0.83,5814.76,1,6,722,20416,NK,Spirit Air Lines,NK,Spirit Air Lines,16831,L,3,3,2024,2
8313.00,0.00,5.00,586.00,20.00,0.00,14085.00,28.00,703.00,0.00,35.00,2456.00,0.00,453.00,629.00,98.00,27412.00,1242.00,53.00,1966.00,2054.00,0.00,300.00,251.00,0.00,0.00,0.00,0.00,5866.00,1310.00,7176.00,40.00,1910.00,735.00,190.00,0.00,36.00,,0.00,,37499.00,,,,,,6.70,0.72,5837.00,1,6,839,19930,AS,Alaska Airlines Inc.,AS,Alaska Airlines Inc.,16031,L,3,3,2024,4
8334.07,,654.92,836.87,,,18044.71,,22.50,,,2153.49,-0.34,196.42,5.60,,30248.24,497.09,0.64,1459.11,36.67,,2561.64,240.56,,,,,4795.71,2158.14,6953.85,851.07,2130.59,419.55,110.19,1070.12,,,,,41783.61,,,,,,4.69,0.43,7785.49,1,6,626,19977,UA,United Air Lines Inc.,UA,United Air Lines Inc.,10876,L,3,3,2024,4
8338.00,0.00,1.00,697.00,0.00,0.00,18898.00,6.00,2732.00,0.00,16.00,2464.00,0.00,455.00,810.00,80.00,34496.00,1092.00,48.00,1440.00,1699.00,0.00,262.00,173.00,0.00,0.00,0.00,0.00,4714.00,1181.00,5895.00,64.00,2801.00,826.00,278.00,0.00,-1.00,,0.00,,44359.00,,,,,,7.89,0.99,7747.00,1,6,634,19930,AS,Alaska Airlines Inc.,AS,Alaska Airlines Inc.,06031,D,3,3,2024,3
8369.50,0.00,643.30,573.33,0.00,0.00,22207.02,26.87,2648.75,0.00,10.34,2377.45,0.00,237.83,453.42,0.00,37547.80,1393.30,331.70,1599.94,2656.92,0.00,893.69,1336.54,0.00,0.00,0.00,0.00,8212.10,3164.93,11377.04,172.50,1606.77,362.30,176.74,0.00,144.35,,180.97,,51568.46,,,,,,9.16,1.43,9033.75,1,6,698,19805,AA,American Airlines Inc.,AA,American Airlines Inc.,10050,L,3,3,2024,3
8370.28,0.00,363.35,2048.15,1304.87,0.00,14521.10,52.30,0.00,3.77,514.08,369.87,0.00,509.24,0.00,5283.14,33340.14,2652.53,0.00,0.00,0.00,0.00,4448.80,4407.70,0.00,0.00,0.00,0.00,11509.03,0.00,11509.03,,0.00,0.00,0.00,0.00,2.22,,0.00,,44851.39,,,,,,6.08,0.54,4898.05,2,6,626,20151,M6,Amerijet International,M6,Amerijet International,16052,L,2,2,2024,2
8383.18,0.00,304.92,1988.72,1679.66,0.00,12790.03,34.21,0.00,3.10,483.60,386.58,0.00,435.74,0.00,5922.29,32412.02,2656.39,0.00,0.00,0.00,0.00,4062.45,4353.06,0.00,0.00,0.00,0.00,11071.90,0.00,11071.90,,0.00,0.00,0.00,0.00,1.44,,0.00,,43485.35,,,,,,6.05,0.51,4444.42,2,6,626,20151,M6,Amerijet International,M6,Amerijet International,16052,L,2,2,2024,3
8451.45,,148.38,3729.04,0.00,,12.58,,0.00,,0.00,2101.31,,522.09,,744.60,15709.45,502.66,,153.07,,,2224.70,350.57,32.29,,,,3263.29,4202.81,7466.09,,55.15,0.00,1383.29,0.00,0.00,,0.00,0.00,24613.98,,,,,,5.82,0.74,4461.41,2,6,614,20007,5Y,Atlas Air Inc.,5Y,Atlas Air Inc.,06087,D,3,3,2024,3
8499.31,,607.10,883.80,,,15833.74,,46.52,,,2207.91,-5.06,416.21,447.09,,28936.61,609.94,0.81,3566.10,1279.56,,1292.42,425.67,,,,,7174.50,2595.20,9769.69,635.57,1356.97,639.71,80.44,1184.41,,,360.74,,42964.14,,,,,,7.26,0.81,5779.05,1,6,694,19977,UA,United Air Lines Inc.,UA,United Air Lines Inc.,10876,L,3,3,2024,2
8564.09,0.00,0.00,304.05,9.75,,36014.74,34.13,1201.58,5.57,203.49,2102.79,0.00,242.47,228.61,-31.75,48879.49,1938.47,0.00,3305.16,0.00,,1640.39,4268.34,0.00,,0.00,,11152.36,2283.94,13436.30,,2076.16,810.39,204.68,,,,34.50,,65441.52,,,,,,4.02,0.46,13352.52,2,8,819,19917,5X,United Parcel Service,5X,United Parcel Service,06910,D,3,3,2024,3
8599.09,0.00,265.36,532.68,1.48,0.00,14310.71,0.00,82.86,0.34,-6.30,2215.86,0.00,337.34,302.86,41.50,26683.77,904.68,0.00,395.51,232.86,0.00,109.64,8.41,0.00,0.00,0.00,0.00,1651.10,1432.54,3083.63,4.13,1082.67,326.95,0.00,7.78,82.88,,0.00,,31271.82,,,,,,3.32,0.38,5962.80,1,6,721,20409,B6,JetBlue Airways,B6,JetBlue Airways,16673,L,3,3,2024,4
8635.43,8.47,0.00,2183.97,0.00,0.00,35.40,0.00,51.95,0.00,380.88,1309.88,0.00,398.58,0.00,12.02,13016.57,1743.37,0.00,1968.31,249.84,0.00,444.62,52.93,0.00,0.00,0.00,0.00,4459.06,580.79,5039.84,0.00,0.00,0.00,0.00,0.00,0.00,,0.00,,18056.41,,,,,,7.64,1.10,6703.57,2,6,614,20422,SY,Sun Country Airlines d/b/a MN Airlines,SY,Sun Country Airlines d/b/a MN Airlines,06795,D,3,3,2024,3
8669.14,0.00,0.00,332.47,5.03,,35248.27,23.27,1312.81,5.48,-84.07,2462.89,0.00,844.54,260.34,-47.75,49032.43,1835.48,0.00,4935.05,0.00,,1435.74,5252.38,0.00,,0.00,,13458.65,2196.97,15655.62,,2261.37,881.37,221.37,,,,35.45,,68087.61,,,,,,3.78,0.50,12299.46,2,8,819,19917,5X,United Parcel Service,5X,United Parcel Service,16913,P,3,3,2024,1
8694.59,,727.70,897.56,,,24727.20,,29.56,,,2397.94,,744.67,25.17,,38244.39,409.29,0.73,4058.37,26.67,,4998.83,283.03,,,,,9776.90,2393.30,12170.20,696.38,2728.03,386.57,112.18,1477.29,,,,,55815.03,,,,,,5.05,0.60,8705.42,1,6,626,19977,UA,United Air Lines Inc.,UA,United Air Lines Inc.,10876,L,3,3,2024,1
8765.62,0.00,643.88,548.23,0.00,0.00,19583.50,22.65,2777.49,0.00,11.17,2553.22,0.00,328.13,392.12,0.00,35626.01,1486.23,358.20,1920.62,2532.16,0.00,1188.18,1286.29,0.00,0.00,0.00,0.00,8771.68,3553.36,12325.03,194.40,1739.92,417.27,356.22,0.00,127.42,,223.75,,51010.03,,,,,,9.08,1.46,8595.87,1,6,698,19805,AA,American Airlines Inc.,AA,American Airlines Inc.,10050,L,3,3,2024,4
8809.20,0.00,491.15,1845.94,1666.30,0.00,12906.59,53.82,0.00,10.15,401.63,353.94,0.00,295.94,0.00,6536.95,33371.60,2925.23,0.00,0.00,0.00,0.00,4749.71,5092.60,0.00,0.00,0.00,0.00,12767.54,0.00,12767.54,,0.00,0.00,0.00,0.00,0.00,,0.00,,46139.14,,,,,,6.64,0.51,5055.90,2,6,626,20151,M6,Amerijet International,M6,Amerijet International,16052,L,2,2,2024,4
8884.86,0.00,0.00,374.75,9.41,,39698.71,40.61,1380.72,4.83,206.56,2364.31,0.00,450.61,251.87,8.93,53676.16,1900.24,0.00,4166.73,0.00,,2117.46,5895.10,0.00,,0.00,,14079.53,2312.34,16391.88,,2381.04,929.39,235.62,,,,36.71,,73650.80,,,,,,2.72,0.52,14142.58,2,8,819,19917,5X,United Parcel Service,5X,United Parcel Service,16913,P,3,3,2024,2
8887.00,0.00,1.00,706.00,0.00,0.00,16151.00,1.00,1157.00,0.00,10.00,1413.00,0.00,484.00,629.00,1067.00,30507.00,1108.00,44.00,1704.00,931.00,0.00,199.00,160.00,0.00,0.00,0.00,0.00,4145.00,1120.00,5265.00,58.00,2479.00,369.00,254.00,0.00,0.00,,0.00,,38933.00,,,,,,6.48,0.78,5557.00,1,6,612,19930,AS,Alaska Airlines Inc.,AS,Alaska Airlines Inc.,06031,D,3,3,2024,1
8928.00,0.00,2.00,769.00,0.00,0.00,21105.00,5.00,992.00,0.00,15.00,2638.00,0.00,487.00,971.00,117.00,36030.00,1317.00,55.00,2717.00,1064.00,0.00,420.00,267.00,0.00,0.00,0.00,0.00,5841.00,1510.00,7351.00,64.00,3029.00,844.00,280.00,0.00,-2.00,,0.00,,47595.00,,,,,,8.35,1.04,8024.00,1,6,634,19930,AS,Alaska Airlines Inc.,AS,Alaska Airlines Inc.,06031,D,3,3,2024,2
8993.37,0.00,0.00,338.80,8.08,,39102.93,11.36,1314.32,8.45,216.82,1826.52,0.00,138.61,220.29,13.26,52192.80,2112.26,0.00,5445.04,0.00,,1411.21,6702.58,0.00,,0.00,,15671.08,2262.06,17933.14,,2272.88,887.18,223.83,,,,35.02,,73544.85,,,,,,4.78,0.50,15595.42,2,8,819,19917,5X,United Parcel Service,5X,United Parcel Service,16913,P,3,3,2024,4
9012.91,0.00,286.57,1663.92,300.96,,356.44,0.00,1563.17,26.43,0.00,562.69,0.00,887.99,0.00,23.72,14684.81,2269.29,567.32,3340.61,-10.31,,543.31,135.83,0.00,0.00,0.00,0.00,6846.04,0.00,6846.04,0.00,1334.81,521.35,1286.61,0.00,451.09,,0.00,,25124.70,,,,,,8.18,1.56,5998.78,1,6,638,20378,YV,Mesa Airlines Inc.,YV,Mesa Airlines Inc.,06689,D,2,2,2024,1
9020.61,,803.61,954.74,,,22923.81,,931.03,,,2485.83,,771.97,175.43,,38067.03,625.14,1.13,678.37,97.88,,320.25,241.44,,,,,1964.21,2523.33,4487.54,32.34,2345.35,1045.83,38.67,85.95,,,,,46102.72,,,,,,10.31,1.23,7666.25,1,6,839,19977,UA,United Air Lines Inc.,UA,United Air Lines Inc.,10876,L,3,3,2024,1
9045.26,0.00,106.40,169.56,23.17,0.00,17810.57,0.00,5281.61,-0.47,174.97,1880.76,0.00,740.39,818.61,0.00,36050.84,1879.98,0.00,450.15,342.14,0.00,379.72,939.61,0.00,0.00,0.00,0.00,3991.60,0.00,3991.60,0.00,1525.33,138.58,30.28,0.00,0.00,,1253.35,,42989.98,,,,,,7.50,0.86,6249.98,1,6,721,20416,NK,Spirit Air Lines,NK,Spirit Air Lines,06830,D,3,3,2024,1
9047.16,,1325.22,1245.04,,,33112.39,,183.00,,,2471.54,,767.53,242.89,,48394.76,433.28,0.75,1874.34,27.49,,272.87,166.55,,,,,2775.28,1393.11,4168.39,72.93,3827.76,823.26,46.81,90.37,,,,,57424.27,,,,,,4.74,0.34,11999.08,1,6,637,19977,UA,United Air Lines Inc.,UA,United Air Lines Inc.,10874,A,3,3,2024,1
9072.21,0.00,0.00,341.77,8.15,,39445.73,11.46,1325.84,8.52,218.72,1842.53,0.00,139.82,222.22,13.38,52650.36,2130.77,0.00,5492.77,0.00,,1423.58,6761.33,0.00,,0.00,,15808.46,2281.90,18090.35,,2292.81,894.95,225.79,,,,35.32,,74189.58,,,,,,4.69,0.51,15336.29,2,8,819,19917,5X,United Parcel Service,5X,United Parcel Service,06910,D,3,3,2024,4
9155.85,,106.98,3592.98,0.00,,523.82,,0.00,,0.00,2138.87,,685.18,,332.57,16536.24,377.94,,1478.43,,,1473.65,207.75,25.22,,,,3562.98,3098.76,6661.74,,24.61,0.00,400.80,0.00,0.00,,0.00,0.00,23623.39,,,,,,8.13,1.26,10921.89,2,6,626,20007,5Y,Atlas Air Inc.,5Y,Atlas Air Inc.,16087,I,3,3,2024,2
9178.91,,846.64,1131.61,,,15371.63,,0.23,,,2374.99,-7.06,447.71,12.39,,29357.04,788.78,0.87,1057.78,1377.18,,441.52,410.80,,,,,4076.93,2257.47,6334.40,7.52,37.87,688.12,,23.36,,,,,36448.31,,,,,,7.85,0.91,5849.50,1,6,721,19977,UA,United Air Lines Inc.,UA,United Air Lines Inc.,0A875,D,3,3,2024,2
9250.13,0.00,681.33,579.26,0.00,0.00,16379.98,23.85,2931.93,0.00,11.78,2726.60,0.00,344.72,326.29,0.00,33255.86,1562.64,376.94,2030.69,2643.10,0.00,1230.73,1360.72,0.00,0.00,0.00,0.00,9204.82,3725.35,12930.17,204.95,1834.03,439.20,370.93,0.00,134.39,,236.55,,49406.07,,,,,,4.42,0.43,7193.27,1,6,887,19805,AA,American Airlines Inc.,AA,American Airlines Inc.,0A050,D,3,3,2024,4
9259.00,0.00,1179.00,0.00,0.00,,17720.00,,0.00,0.00,0.00,0.00,,0.00,1244.00,1726.00,31128.00,0.00,0.00,0.00,98.00,,993.00,288.00,1638.00,,0.00,,3017.00,3868.00,6885.00,,6841.00,1318.00,108.00,7.00,,,,,46287.00,,,,,,4.35,0.98,7196.05,2,6,626,20107,FX,Federal Express Corporation,FX,Federal Express Corporation,16195,L,3,3,2024,3
9305.60,,111.71,3361.18,0.00,,12.97,,0.00,,0.00,2257.25,,407.19,,261.98,15717.86,506.45,,191.59,,,2213.00,272.25,33.26,,,,3216.54,4286.11,7502.65,,56.34,0.00,3610.12,0.00,0.00,,0.00,0.00,26886.97,,,,,,5.79,0.74,4378.13,2,6,614,20007,5Y,Atlas Air Inc.,5Y,Atlas Air Inc.,06087,D,3,3,2024,4
9324.97,0.00,440.03,698.45,7.04,0.00,20008.42,0.00,80.31,0.66,2.59,2852.27,0.00,782.90,298.88,41.97,34538.47,942.46,0.00,510.54,260.84,0.00,121.86,9.46,0.00,0.00,0.00,0.00,1845.16,1523.38,3368.54,3.60,1216.00,320.96,0.00,8.69,106.42,,0.00,,39562.68,,,,,,7.14,0.87,6880.47,1,6,721,20409,B6,JetBlue Airways,B6,JetBlue Airways,16673,L,3,3,2024,1
9325.69,222.53,475.44,2507.48,446.01,0.00,22.87,0.00,3049.04,44.49,416.51,3236.38,0.00,696.92,0.00,0.00,20443.36,7324.86,0.00,3274.99,3713.65,0.00,3355.35,411.76,0.00,0.00,0.00,0.00,18080.61,0.00,18080.61,0.00,1364.65,1960.78,0.00,107.34,0.00,,0.00,0.00,41956.73,,,,,,6.78,1.45,12528.93,2,6,626,20453,ABX,ABX Air Inc,ABX,ABX Air Inc,80006,D,2,2,2024,3
9345.74,0.00,0.00,358.41,5.43,,37999.27,25.08,1415.27,5.91,-90.63,2655.11,0.00,910.46,280.66,-51.48,52859.24,1978.73,0.00,5320.22,0.00,,1547.80,5662.31,0.00,,0.00,,14509.05,2368.44,16877.49,,2437.86,950.16,238.64,,,,38.22,,73401.60,,,,,,4.00,0.53,12878.82,2,8,819,19917,5X,United Parcel Service,5X,United Parcel Service,06910,D,3,3,2024,1
9393.00,0.00,387.00,640.00,0.00,0.00,27780.00,0.00,967.00,3.00,95.00,2212.00,0.00,398.00,0.00,31.00,41906.00,472.00,159.00,1128.00,1719.00,0.00,1197.00,755.00,0.00,0.00,0.00,0.00,5430.00,1880.00,7310.00,52.00,1780.00,889.00,50.00,133.00,0.00,,180.00,0.00,52300.00,,,,,,4.94,0.43,10021.55,1,6,687,19790,DL,Delta Air Lines Inc.,DL,Delta Air Lines Inc.,01260,D,3,3,2024,1
9407.55,,742.99,1083.62,,,17238.47,,0.24,,,2440.33,-2118.87,460.03,14.70,,29269.04,805.71,0.90,16761.49,49.18,,3439.27,-320.22,,,,,20736.32,2829.35,23565.67,7.73,38.91,11.02,,24.01,,,,,52916.37,,,,,,8.05,1.08,6723.03,1,6,634,19977,UA,United Air Lines Inc.,UA,United Air Lines Inc.,0A875,D,3,3,2024,2
9431.31,,47.32,3031.59,0.00,,9239.43,,0.00,,0.00,2087.31,,306.47,,154.96,24298.39,214.52,,856.30,,,937.37,115.32,14.09,,,,2137.60,1815.49,3953.09,,2033.06,506.89,521.08,0.00,0.00,,0.00,0.00,31312.52,,,,,,2.14,0.31,3299.75,1,6,626,20007,5Y,Atlas Air Inc.,5Y,Atlas Air Inc.,16087,I,3,3,2024,4
9442.00,0.00,218.00,585.00,0.00,0.00,15798.00,29.00,816.00,0.00,82.00,1970.00,0.00,607.00,682.00,0.00,30229.00,1156.00,27.00,1332.00,1696.00,0.00,746.00,73.00,0.00,0.00,0.00,0.00,5030.00,1412.00,6442.00,42.00,739.00,1888.00,232.00,153.00,48.00,,106.00,0.00,39879.00,,,,,,6.63,0.80,5646.50,1,6,838,19393,WN,Southwest Airlines Co.,WN,Southwest Airlines Co.,11033,L,3,3,2024,1
9536.00,0.00,419.00,693.00,0.00,0.00,24851.00,0.00,1048.00,3.00,103.00,2396.00,0.00,431.00,0.00,33.00,39513.00,512.00,172.00,1222.00,1862.00,0.00,1296.00,817.00,0.00,0.00,0.00,0.00,5881.00,2036.00,7917.00,57.00,1927.00,962.00,54.00,144.00,0.00,,195.00,0.00,50769.00,,,,,,5.35,0.63,8964.88,1,6,626,19790,DL,Delta Air Lines Inc.,DL,Delta Air Lines Inc.,10260,L,3,3,2024,1
9683.84,0.00,3120.15,629.71,72.71,0.00,17949.61,3.05,593.11,0.00,43.31,3520.24,0.00,1243.50,1180.77,24.45,38064.44,4606.04,230.09,6166.63,10070.38,0.00,2237.53,23.52,0.00,0.00,0.00,0.00,23334.20,2334.89,25669.08,525.95,284.79,774.20,279.56,10.14,6.91,,87.46,0.00,65702.53,,,,,,6.24,1.71,6678.06,1,6,608,19690,HA,Hawaiian Airlines Inc.,HA,Hawaiian Airlines Inc.,05375,D,3,3,2024,1
9809.63,,49.22,3153.19,0.00,,5497.57,,0.00,,0.00,2171.04,,318.76,,161.18,21160.58,223.12,,890.65,,,974.97,119.94,14.65,,,,2223.34,1888.32,4111.66,,24.82,0.00,541.99,0.00,0.00,,0.00,0.00,25839.05,,,,,,1.27,0.23,1844.15,2,6,626,20007,5Y,Atlas Air Inc.,5Y,Atlas Air Inc.,06087,D,3,3,2024,4
9822.65,,49.28,3157.38,0.00,,5504.87,,0.00,,0.00,2173.92,,319.18,,161.39,21188.68,223.42,,891.83,,,976.27,120.10,14.67,,,,2226.30,1890.82,4117.12,,24.85,0.00,542.71,0.00,0.00,,0.00,0.00,25873.35,,,,,,3.25,0.60,4742.10,2,6,626,20007,5Y,Atlas Air Inc.,5Y,Atlas Air Inc.,16087,I,3,3,2024,4
9891.33,0.00,2680.17,516.30,0.00,0.00,16020.25,2.05,0.00,0.00,36.50,3622.92,-71.41,487.19,1086.26,12.11,34283.68,5451.01,303.14,5223.74,14375.37,0.00,1227.25,19.53,0.00,0.00,0.00,0.00,26600.04,2383.22,28983.26,673.30,237.07,683.21,278.51,12.23,0.23,,0.00,0.00,65151.47,,,,,,6.18,1.75,6603.71,1,6,608,19690,HA,Hawaiian Airlines Inc.,HA,Hawaiian Airlines Inc.,05375,D,3,3,2024,3
9913.36,0.00,771.82,667.97,0.00,0.00,21514.99,33.30,3552.27,0.00,13.18,2618.07,0.00,803.85,415.46,0.00,40304.25,1613.70,395.13,2075.38,2768.17,0.00,1273.41,1284.28,0.00,0.00,0.00,0.00,9410.07,3996.88,13406.95,207.93,2043.64,426.52,206.72,0.00,208.33,,209.96,,57014.30,,,,,,3.87,0.35,7724.39,1,6,889,19805,AA,American Airlines Inc.,AA,American Airlines Inc.,10050,L,3,3,2024,1
9957.76,,1119.72,1179.32,,,28256.06,,168.54,,,2557.83,-0.96,233.31,114.57,,43586.14,602.48,64.78,1115.43,4272.27,,790.54,608.42,,,,,7453.93,2555.98,10009.91,561.93,2820.44,1285.86,115.39,466.56,,,,,58846.22,,,,,,5.50,0.47,12060.89,1,6,627,19977,UA,United Air Lines Inc.,UA,United Air Lines Inc.,10876,L,3,3,2024,4
9985.59,,940.45,1209.80,,,18841.99,,409.09,,,2777.42,,288.53,563.55,,35016.42,397.54,,1011.78,26.17,,431.57,217.19,,,,,2084.25,1078.03,3162.29,52.39,3503.97,1132.41,2.68,54.10,,,,,42924.24,,,,,,4.16,0.31,7759.56,1,6,837,19977,UA,United Air Lines Inc.,UA,United Air Lines Inc.,10877,P,3,3,2024,3
10045.84,0.00,776.33,675.21,0.00,0.00,22596.05,34.08,3606.72,0.00,13.36,2643.72,0.00,813.26,426.70,0.00,41631.28,1636.40,401.65,2108.76,2774.95,0.00,1304.62,1304.39,0.00,0.00,0.00,0.00,9530.77,4057.50,13588.28,209.72,2076.50,433.07,209.12,0.00,211.38,,212.36,,58571.69,,,,,,4.92,0.46,8120.34,1,6,887,19805,AA,American Airlines Inc.,AA,American Airlines Inc.,0A050,D,3,3,2024,1
10063.24,,1407.40,1365.10,,,32798.61,,-215.50,,,2572.48,-0.72,234.64,306.51,,48531.75,603.89,0.77,-3116.93,43.81,,847.42,60.59,,,,,-1560.46,2084.56,524.10,102.55,4407.55,972.01,58.83,140.74,,,,,54737.53,,,,,,5.51,0.41,14150.39,1,6,637,19977,UA,United Air Lines Inc.,UA,United Air Lines Inc.,10874,A,3,3,2024,4
10070.92,0.00,2905.99,510.86,54.60,0.00,17240.68,2.18,202.82,0.00,43.31,3410.20,797.82,0.00,1146.65,11.72,36397.76,5364.93,357.01,6356.31,10893.69,0.00,1817.24,117.53,0.00,0.00,0.00,0.00,24906.71,1952.67,26859.38,556.14,232.93,602.91,262.52,9.26,1.28,,0.00,0.00,64922.17,,,,,,6.24,1.73,6660.83,1,6,608,19690,HA,Hawaiian Airlines Inc.,HA,Hawaiian Airlines Inc.,05375,D,3,3,2024,2
10101.99,,1001.89,1234.91,,,20407.64,,12.34,,,2610.36,-8.36,492.08,605.48,,36458.32,404.79,,1121.31,-8.38,,406.20,-160.33,,,,,1763.60,1095.50,2859.10,48.72,3506.25,1135.27,2.61,54.63,,,,,44064.90,,,,,,4.28,0.31,7746.71,1,6,837,19977,UA,United Air Lines Inc.,UA,United Air Lines Inc.,10877,P,3,3,2024,2
10188.00,0.00,157.00,588.00,0.00,0.00,13506.00,29.00,755.00,0.00,76.00,1069.00,0.00,215.00,609.00,0.00,27192.00,1142.00,24.00,1279.00,1290.00,0.00,769.00,-4.00,0.00,0.00,0.00,0.00,4500.00,1520.00,6020.00,14.00,917.00,1704.00,235.00,152.00,46.00,,83.00,0.00,36363.00,,,,,,6.38,0.75,5610.64,1,6,838,19393,WN,Southwest Airlines Co.,WN,Southwest Airlines Co.,11033,L,3,3,2024,3
10208.58,0.00,0.00,362.43,11.63,,42930.36,40.68,1432.31,6.64,242.56,2506.57,0.00,289.02,272.50,-37.85,58265.42,2310.70,0.00,3939.82,0.00,,1955.39,5087.95,0.00,,0.00,,13293.86,2722.50,16016.36,,2474.83,966.00,243.99,,,,41.13,,78007.73,,,,,,4.88,0.55,16324.59,2,8,819,19917,5X,United Parcel Service,5X,United Parcel Service,16913,P,3,3,2024,3
10216.52,0.00,750.96,639.04,0.00,0.00,22575.62,26.41,3237.58,0.00,13.02,2983.78,0.00,381.91,451.67,0.00,41276.50,1730.39,417.19,2239.04,2942.74,0.00,1378.90,1500.63,0.00,0.00,0.00,0.00,10208.87,4134.25,14343.13,226.54,2027.22,486.00,413.71,0.00,148.45,,260.87,,59182.41,,,,,,4.05,0.40,9909.93,1,6,627,19805,AA,American Airlines Inc.,AA,American Airlines Inc.,10052,P,3,3,2024,4
10295.32,0.00,91.76,162.85,26.47,0.00,14709.60,0.00,8046.17,0.24,182.29,1730.22,0.00,320.85,669.52,0.00,36235.28,2137.11,0.00,597.53,219.54,0.00,477.09,1061.42,0.00,0.00,0.00,0.00,4492.68,0.00,4492.68,0.00,1217.54,145.07,36.52,0.00,0.00,,1467.50,,43594.57,,,,,,7.40,1.04,5697.41,1,6,722,20416,NK,Spirit Air Lines,NK,Spirit Air Lines,16831,L,3,3,2024,4
10302.20,0.00,1884.64,492.85,3.90,0.00,14413.72,1.62,0.00,0.00,25.87,5083.01,0.09,414.60,702.87,14.93,33340.29,5211.04,293.33,5357.80,8631.39,0.00,1777.00,92.73,0.00,0.00,0.00,0.00,21363.30,2264.27,23627.56,726.81,237.07,683.21,272.67,16.71,0.23,,0.00,0.00,58904.54,,,,,,6.10,1.75,6372.82,1,6,608,19690,HA,Hawaiian Airlines Inc.,HA,Hawaiian Airlines Inc.,05375,D,3,3,2024,4
10316.00,0.00,307.00,867.00,0.00,0.00,14365.00,0.00,1246.00,6.00,145.00,3030.00,0.00,503.00,0.00,51.00,30836.00,730.00,343.00,1677.00,1967.00,0.00,1536.00,426.00,0.00,0.00,0.00,0.00,6679.00,2747.00,9426.00,92.00,2341.00,1253.00,52.00,195.00,0.00,,167.00,0.00,44362.00,,,,,,6.80,0.59,6089.14,1,6,721,19790,DL,Delta Air Lines Inc.,DL,Delta Air Lines Inc.,10260,L,3,3,2024,4
10410.58,0.00,122.46,195.15,26.67,0.00,20498.96,0.00,6078.84,-0.54,201.38,2164.65,0.00,852.15,942.17,0.00,41492.48,2163.75,0.00,518.10,393.79,0.00,437.03,1081.43,0.00,0.00,0.00,0.00,4594.11,0.00,4594.11,0.00,1755.56,159.50,34.85,0.00,0.00,,1442.54,,49479.03,,,,,,8.63,0.99,7425.61,1,6,698,20416,NK,Spirit Air Lines,NK,Spirit Air Lines,06830,D,3,3,2024,1
10423.29,0.00,1154.74,1432.23,0.00,0.00,0.00,0.00,20066.84,0.00,225.01,850.47,0.00,1010.10,0.00,1228.88,36391.55,3900.53,0.00,6052.19,56.24,0.00,1841.90,37.40,0.00,0.00,0.00,0.00,11888.25,4369.63,16257.88,0.00,0.00,61.67,67.38,0.00,0.00,,0.00,0.00,52778.48,,,,,,11.27,6.10,7315.04,1,6,530,20500,G7,GoJet Airlines LLC d/b/a United Express,G7,GoJet Airlines LLC d/b/a United Express,07041,D,2,2,2024,1
10458.68,,743.90,1008.15,,,16437.96,,4.18,,,2705.99,-0.38,246.82,144.84,,31750.13,922.15,1.21,4974.51,1853.19,,1685.49,1127.29,,,,,10563.83,3354.34,13918.17,731.66,2173.92,874.43,108.79,2469.88,,,75.69,,52102.67,,,,,,8.72,1.13,6807.56,1,6,694,19977,UA,United Air Lines Inc.,UA,United Air Lines Inc.,10876,L,3,3,2024,4
10486.84,0.00,0.00,395.06,9.42,,20920.41,13.25,2022.18,9.85,230.95,2129.84,0.00,161.62,475.22,15.47,36870.09,2463.02,0.00,2191.21,0.00,,1302.75,3230.74,0.00,,0.00,,9187.72,2637.71,11825.43,,1846.02,340.86,102.29,,,,40.83,,51025.52,,,,,,5.20,0.89,8322.26,2,6,626,19917,5X,United Parcel Service,5X,United Parcel Service,16913,P,3,3,2024,4
10535.65,0.00,809.30,696.35,0.00,0.00,16481.61,28.05,3525.32,0.00,13.29,2800.44,0.00,594.79,335.96,0.00,35820.76,1655.32,405.26,2116.04,2866.36,0.00,1192.95,1891.74,0.00,0.00,0.00,0.00,10127.67,3851.35,13979.02,210.78,2054.28,448.97,214.94,0.00,200.58,,233.10,,53162.43,,,,,,6.72,0.65,6297.38,1,6,721,19805,AA,American Airlines Inc.,AA,American Airlines Inc.,10050,L,3,3,2024,2
10539.12,,1012.53,1185.24,,,18629.32,,69.17,,,2714.94,-0.52,247.64,334.69,,34732.13,496.66,,1707.58,27.72,,983.40,52.54,,,,,3267.91,1825.17,5093.09,60.24,3859.01,1252.27,3.06,59.32,,,,,45059.11,,,,,,4.40,0.35,8059.38,1,6,837,19977,UA,United Air Lines Inc.,UA,United Air Lines Inc.,10877,P,3,3,2024,4
10669.46,0.00,835.67,719.28,0.00,0.00,36282.43,35.36,3824.06,0.00,14.19,2823.54,0.00,864.33,720.35,0.00,56788.66,1733.53,424.06,2226.24,2977.64,0.00,1363.75,1379.82,0.00,0.00,0.00,0.00,10105.04,4293.98,14399.02,224.00,2194.62,458.54,222.76,0.00,224.45,,226.19,,74738.24,,,,,,4.94,0.52,13006.29,1,6,627,19805,AA,American Airlines Inc.,AA,American Airlines Inc.,0A050,D,3,3,2024,1
10680.89,0.00,125.64,200.22,27.36,0.00,21031.20,0.00,6236.67,-0.56,206.61,2220.86,0.00,874.28,966.63,0.00,42569.80,2219.93,0.00,531.55,404.01,0.00,448.38,1109.51,0.00,0.00,0.00,0.00,4713.39,0.00,4713.39,0.00,1801.15,163.64,35.75,0.00,0.00,,1479.99,,50763.71,,,,,,8.85,1.01,6579.73,1,6,722,20416,NK,Spirit Air Lines,NK,Spirit Air Lines,16831,L,3,3,2024,1
10754.00,0.00,1691.00,,0.00,,23079.00,,,,,,,,1581.00,2716.00,39821.00,,,0.00,74.00,,732.00,86.00,1816.00,,,,2708.00,2295.00,5003.00,,8096.00,1559.00,129.00,9.00,,,,,54617.00,,,,,,5.32,1.23,9017.69,2,6,626,20107,FX,Federal Express Corporation,FX,Federal Express Corporation,16197,P,3,3,2024,2
10793.00,0.00,1141.00,2886.00,364.00,,26014.00,,0.00,27.00,37.00,0.00,,675.00,1025.00,2784.00,45746.00,7842.00,871.00,391.00,241.00,,453.00,360.00,2404.00,,2244.00,,14806.00,11702.00,26508.00,,1305.00,1736.00,438.00,26.00,,,,,75759.00,,,,,,4.16,0.75,10837.81,2,7,740,20107,FX,Federal Express Corporation,FX,Federal Express Corporation,16197,P,3,3,2024,3
10951.12,0.00,807.04,690.72,0.00,0.00,13826.61,27.46,3467.51,0.00,13.98,3265.34,0.00,411.90,272.73,0.00,33734.41,1859.27,446.45,2425.19,3146.99,0.00,1439.73,1592.33,0.00,0.00,0.00,0.00,10909.96,4428.46,15338.41,242.22,2175.77,520.49,442.32,0.00,160.71,,281.32,,52895.64,,,,,,6.59,0.62,6078.40,1,6,721,19805,AA,American Airlines Inc.,AA,American Airlines Inc.,10050,L,3,3,2024,4
10983.54,,904.96,1228.26,,,25187.91,,1618.04,,,3062.34,,318.13,193.92,,43497.10,798.30,1.29,663.05,163.25,,100.92,441.89,,,,,2168.70,3373.32,5542.03,91.45,1844.20,949.61,89.09,247.08,,,,,52260.55,,,,,,12.36,1.03,9476.36,1,6,839,19977,UA,United Air Lines Inc.,UA,United Air Lines Inc.,10876,L,3,3,2024,3
10985.81,,858.81,1268.81,,,18450.29,,0.20,,,3065.60,-327.10,318.47,26.19,,34647.07,942.80,1.30,7542.84,164.18,,808.88,439.58,,,,,9899.58,2544.18,12443.77,10.52,68.81,15.37,,35.33,,,,,47220.87,,,,,,9.25,1.09,7875.59,1,6,634,19977,UA,United Air Lines Inc.,UA,United Air Lines Inc.,0A875,D,3,3,2024,3
10995.00,0.00,1872.00,,0.00,,22911.00,,,,,,,,1622.00,2120.00,39520.00,,,14.00,103.00,,714.00,28.00,1435.00,,,,2294.00,1912.00,4206.00,,8142.00,1563.00,129.00,17.00,,,,,53577.00,,,,,,5.26,1.25,8828.56,2,6,626,20107,FX,Federal Express Corporation,FX,Federal Express Corporation,16197,P,3,3,2024,1
11020.12,,886.04,1184.75,,,16899.34,,,,,2846.44,-0.46,259.63,7875.76,,40971.62,1118.95,1.27,9160.14,234.74,,559.67,84.73,,,,,11159.49,2741.13,13900.63,10.49,101.48,19.27,,33.65,,,,,55037.14,,,,,,9.20,1.10,7543.64,1,6,634,19977,UA,United Air Lines Inc.,UA,United Air Lines Inc.,0A875,D,3,3,2024,4
11034.86,0.00,2396.33,1424.23,74.03,0.00,28.41,23.93,2248.80,0.29,51.57,1816.85,0.00,1084.42,0.00,2.13,20185.84,2935.83,0.00,8013.30,550.84,0.00,2343.11,40.26,0.00,0.00,0.00,831.69,14715.02,4364.77,19079.79,0.00,2305.53,2416.38,327.74,73.22,0.00,,0.00,,44388.50,,,,,,11.06,3.28,5624.93,1,6,629,20046,ZW,Air Wisconsin Airlines Corp,ZW,Air Wisconsin Airlines Corp,06024,D,2,2,2024,1
11059.07,0.00,1761.42,1398.92,232.62,0.00,37.69,41.92,2070.78,0.75,51.15,1555.51,0.00,1050.44,0.00,7.52,19267.78,2574.45,0.00,9845.23,562.52,0.00,3283.28,46.21,0.00,0.00,0.00,995.63,17307.32,4514.96,21822.27,0.00,2293.10,2416.38,353.13,73.26,0.00,,0.00,,46225.92,,,,,,12.42,3.28,6320.31,1,6,629,20046,ZW,Air Wisconsin Airlines Corp,ZW,Air Wisconsin Airlines Corp,06024,D,2,2,2024,2
11060.54,0.00,1080.35,1487.70,0.00,0.00,0.00,0.00,15694.15,0.00,238.06,724.63,0.00,919.66,0.00,1143.58,32348.67,3718.67,0.00,5741.19,0.00,0.00,1222.72,60.88,0.00,0.00,0.00,0.00,10743.46,4600.13,15343.59,0.00,0.00,61.67,65.66,0.00,0.00,,0.00,0.00,47819.58,,,,,,12.75,6.10,8290.17,1,6,530,20500,G7,GoJet Airlines LLC d/b/a United Express,G7,GoJet Airlines LLC d/b/a United Express,07041,D,2,2,2024,2
11096.42,0.00,813.92,693.23,0.00,0.00,18669.42,28.76,3515.72,0.00,14.14,3210.02,0.00,416.08,375.34,0.00,38833.06,1884.34,454.08,2427.58,3222.06,0.00,1519.38,1627.47,0.00,0.00,0.00,0.00,11134.90,4512.00,15646.90,246.24,2203.55,528.88,453.78,0.00,161.25,,282.89,,58356.56,,,,,,5.04,0.49,8191.36,1,6,887,19805,AA,American Airlines Inc.,AA,American Airlines Inc.,10050,L,3,3,2024,4
11107.97,0.00,814.50,691.13,0.00,0.00,25005.93,29.23,3521.40,0.00,14.14,3191.61,0.00,414.38,506.03,0.00,45296.34,1881.09,454.45,2418.04,3215.66,0.00,1531.16,1639.73,0.00,0.00,0.00,0.00,11140.12,4506.73,15646.86,246.74,2203.33,529.14,452.51,0.00,160.51,,282.46,,64817.89,,,,,,3.91,0.37,10963.76,1,6,637,19805,AA,American Airlines Inc.,AA,American Airlines Inc.,10050,L,3,3,2024,4
11126.22,0.00,398.59,794.19,10.95,0.00,21828.04,0.00,105.18,0.51,-13.08,3243.24,0.00,398.58,428.46,608.46,38929.34,1201.01,0.00,561.63,337.02,0.00,128.25,11.52,0.00,0.00,0.00,0.00,2239.43,1739.24,3978.66,5.06,1457.43,419.50,0.00,10.47,129.18,,0.00,,44929.65,,,,,,8.23,0.74,8405.10,1,6,699,20409,B6,JetBlue Airways,B6,JetBlue Airways,16673,L,3,3,2024,3
11134.00,0.00,257.00,725.00,0.00,0.00,27805.00,0.00,1042.00,5.00,121.00,2534.00,0.00,421.00,0.00,42.00,44086.00,611.00,287.00,1402.00,1645.00,0.00,1284.00,356.00,0.00,0.00,0.00,0.00,5585.00,2297.00,7882.00,77.00,1957.00,1048.00,43.00,163.00,0.00,,140.00,0.00,55396.00,,,,,,5.69,0.45,11786.41,1,6,687,19790,DL,Delta Air Lines Inc.,DL,Delta Air Lines Inc.,01260,D,3,3,2024,4
11191.00,0.00,1.00,892.00,0.00,0.00,22129.00,-1.00,-6.00,0.00,13.00,1691.00,0.00,610.00,961.00,1342.00,38825.00,1124.00,45.00,1992.00,680.00,0.00,202.00,162.00,0.00,0.00,0.00,0.00,4204.00,1136.00,5340.00,62.00,2990.00,833.00,266.00,0.00,-3.00,,0.00,,48312.00,,,,,,8.15,1.03,7794.00,1,6,634,19930,AS,Alaska Airlines Inc.,AS,Alaska Airlines Inc.,06031,D,3,3,2024,1
11213.57,0.00,1943.69,1342.18,167.78,0.00,75.83,52.90,2363.16,0.86,47.82,2151.15,0.00,519.88,3.60,2.99,19885.41,2709.78,0.00,9133.20,672.95,0.00,3857.51,54.85,0.00,0.00,0.00,757.59,17185.88,4627.01,21812.89,0.00,2497.19,2781.40,369.56,73.44,0.00,,0.00,,47419.88,,,,,,10.00,3.10,5106.21,1,6,629,20046,ZW,Air Wisconsin Airlines Corp,ZW,Air Wisconsin Airlines Corp,06024,D,2,2,2024,4
11219.76,0.00,0.00,473.23,11.89,,21453.27,51.28,2254.65,6.10,223.22,2985.65,0.00,569.03,421.16,11.27,39680.50,2399.61,0.00,2349.82,0.00,,1668.13,4939.19,0.00,,0.00,,11356.75,2920.02,14276.76,,1913.94,336.86,104.78,,,,46.36,,56359.20,,,,,,3.20,0.94,7635.55,2,6,626,19917,5X,United Parcel Service,5X,United Parcel Service,16913,P,3,3,2024,2
11250.77,,858.63,1220.57,,,21141.03,,487.31,,,3140.72,,326.28,223.68,,38648.97,816.25,1.33,3002.17,1082.58,,-410.53,385.62,,,,,4877.42,2896.86,7774.28,170.35,1538.85,1488.28,11.64,171.78,,,69.76,,49873.92,,,,,,9.43,1.06,8033.44,1,6,614,19977,UA,United Air Lines Inc.,UA,United Air Lines Inc.,10876,L,3,3,2024,3
11326.72,,56.57,4292.87,0.00,,631.58,,0.00,,0.00,2344.84,,393.09,,397.14,19442.80,256.45,,97.02,,,1120.58,137.86,16.84,,,,1628.74,2170.32,3799.06,,28.53,0.00,269.69,0.00,0.00,,0.00,0.00,23540.08,,,,,,3.80,0.26,8545.00,2,6,627,20007,5Y,Atlas Air Inc.,5Y,Atlas Air Inc.,06087,D,3,3,2024,4
11327.32,,1328.35,1361.39,,,37895.44,,181.46,,,3108.21,,965.24,443.29,,56610.69,540.00,8.85,4137.66,4760.55,,653.00,626.88,,,,,10726.92,2315.94,13042.86,579.59,3846.68,1787.56,150.14,670.45,,,,,76687.97,,,,,,5.99,0.54,13321.68,1,6,627,19977,UA,United Air Lines Inc.,UA,United Air Lines Inc.,10876,L,3,3,2024,1
11334.71,0.00,0.00,402.41,12.91,,21301.95,45.17,2251.49,7.37,252.31,2783.08,0.00,320.91,473.15,-42.03,39143.43,2565.60,0.00,2438.07,0.00,,1630.28,264.11,0.00,,0.00,,6898.04,3022.83,9920.87,,2025.63,370.51,108.48,,,,45.66,,51614.58,,,,,,5.02,0.99,8190.96,2,6,626,19917,5X,United Parcel Service,5X,United Parcel Service,16913,P,3,3,2024,3
11336.50,0.00,869.73,748.35,0.00,0.00,30016.46,30.90,3805.08,0.00,14.30,3001.79,0.00,637.27,615.72,0.00,51076.09,1777.12,435.99,2300.88,3043.92,0.00,1300.65,2076.60,0.00,0.00,0.00,0.00,10935.15,4141.38,15076.53,226.67,2211.25,481.98,231.03,0.00,216.58,,250.02,,69770.15,,,,,,12.10,1.77,11417.05,1,6,698,19805,AA,American Airlines Inc.,AA,American Airlines Inc.,10050,L,3,3,2024,2
11374.12,0.00,1756.76,1524.03,145.54,0.00,37.70,36.45,2199.43,0.05,53.54,1408.41,0.00,1041.65,1.51,2.31,19581.50,2827.40,0.00,9910.58,702.13,0.00,4202.66,63.57,0.00,0.00,0.00,900.78,18607.11,4625.86,23232.97,0.00,2268.24,2416.38,369.51,73.31,0.00,,0.00,,47941.92,,,,,,12.34,3.31,6407.07,1,6,629,20046,ZW,Air Wisconsin Airlines Corp,ZW,Air Wisconsin Airlines Corp,06024,D,2,2,2024,3
11394.11,,936.50,1235.27,,,20621.19,,0.37,,,3143.17,799.82,976.10,9.78,,39116.32,983.86,1.43,3046.93,123.84,,1742.87,302.51,,,,,6201.44,2908.63,9110.07,3.77,30.37,10.95,,3.71,,,369.34,,48644.52,,,,,,9.05,1.08,7527.22,1,6,634,19977,UA,United Air Lines Inc.,UA,United Air Lines Inc.,0A875,D,3,3,2024,1
11480.82,0.00,884.45,776.78,0.00,0.00,16642.43,36.68,3696.72,0.00,14.32,3453.90,0.00,323.85,325.62,0.00,37635.56,1908.64,457.38,2232.28,3645.13,0.00,1270.34,1821.09,0.00,0.00,0.00,0.00,11334.86,4361.15,15696.01,239.57,2229.11,505.14,246.76,0.00,199.08,,250.39,,57001.62,,,,,,7.24,0.66,6839.42,1,6,721,19805,AA,American Airlines Inc.,AA,American Airlines Inc.,10050,L,3,3,2024,3
11522.00,0.00,414.00,685.00,0.00,0.00,27001.00,0.00,1034.00,3.00,101.00,2366.00,0.00,426.00,0.00,33.00,43585.00,505.00,170.00,1206.00,1838.00,0.00,1280.00,807.00,0.00,0.00,0.00,0.00,5806.00,2011.00,7817.00,56.00,1903.00,950.00,53.00,143.00,0.00,,192.00,0.00,54699.00,,,,,,5.28,0.51,9740.49,1,6,624,19790,DL,Delta Air Lines Inc.,DL,Delta Air Lines Inc.,10260,L,3,3,2024,1
11555.69,0.00,0.00,443.17,6.71,,21443.22,31.02,2338.48,7.31,260.87,3282.96,0.00,1125.75,432.24,-63.65,40863.74,2446.63,0.00,2493.93,0.00,,1576.24,3811.53,0.00,,0.00,,10328.34,2928.49,13256.83,,1974.75,326.41,104.97,,,,47.25,,56573.95,,,,,,4.73,0.95,7370.10,2,6,626,19917,5X,United Parcel Service,5X,United Parcel Service,16913,P,3,3,2024,1
11713.00,0.00,1492.00,,0.00,,22735.00,,,,,,,,1606.00,2554.00,40100.00,,,0.00,123.00,,999.00,119.00,2039.00,,,,3280.00,2592.00,5872.00,,8519.00,1641.00,135.00,9.00,,,,,56276.00,,,,,,5.42,1.26,9354.93,2,6,626,20107,FX,Federal Express Corporation,FX,Federal Express Corporation,16197,P,3,3,2024,3
11787.30,0.00,422.27,841.38,11.60,0.00,8813.46,0.00,111.16,0.54,14.39,3435.95,0.00,422.26,399.90,1040.33,27300.53,1272.37,0.00,594.44,357.04,0.00,135.87,12.20,0.00,0.00,0.00,0.00,2371.93,1840.53,4212.46,5.36,1544.03,444.43,0.00,11.09,136.86,,0.00,,33654.76,,,,,,8.72,1.00,3393.71,1,6,721,20409,B6,JetBlue Airways,B6,JetBlue Airways,10875,A,3,3,2024,3
11802.00,0.00,2.00,938.00,0.00,0.00,22153.00,50.00,986.00,0.00,45.00,2085.00,0.00,643.00,856.00,1449.00,41010.00,1917.00,77.00,2278.00,2281.00,0.00,345.00,276.00,0.00,0.00,0.00,0.00,7173.00,1938.00,9111.00,49.00,2843.00,1003.00,231.00,0.00,48.00,,0.00,,54295.00,,,,,,8.80,1.00,7719.00,1,6,614,19930,AS,Alaska Airlines Inc.,AS,Alaska Airlines Inc.,16031,L,3,3,2024,1
11925.62,277.66,392.19,3260.14,386.14,0.00,124.03,0.00,3475.39,27.23,480.81,3619.70,0.00,624.26,0.00,0.00,24593.16,11194.04,0.00,2690.38,3911.29,0.00,4152.54,746.05,0.00,0.00,0.00,0.00,22694.30,0.00,22694.30,0.00,1681.65,1956.80,0.00,279.08,0.00,,0.00,0.00,51204.98,,,,,,10.05,1.99,16325.69,2,6,626,20453,ABX,ABX Air Inc,ABX,ABX Air Inc,80006,D,2,2,2024,4
11977.08,0.00,119.19,237.04,29.66,0.00,24768.89,0.00,7929.09,2.01,226.54,2555.45,0.00,861.10,997.05,0.00,49703.10,2656.22,0.00,587.56,283.93,0.00,509.32,1351.77,0.00,0.00,0.00,0.00,5388.79,0.00,5388.79,0.00,1981.55,175.23,43.08,0.00,0.00,,1812.05,,59103.80,,,,,,10.65,1.19,9128.05,1,6,721,20416,NK,Spirit Air Lines,NK,Spirit Air Lines,06830,D,3,3,2024,2
11986.00,0.00,179.00,684.00,0.00,0.00,19032.00,37.00,955.00,0.00,95.00,2081.00,0.00,331.00,852.00,0.00,36232.00,1336.00,28.00,1745.00,1349.00,0.00,1015.00,123.00,0.00,0.00,0.00,0.00,5596.00,1917.00,7513.00,129.00,853.00,2124.00,276.00,222.00,57.00,,109.00,0.00,47515.00,,,,,,8.28,0.93,7192.96,1,6,838,19393,WN,Southwest Airlines Co.,WN,Southwest Airlines Co.,11033,L,3,3,2024,2
12031.00,0.00,281.00,1118.00,0.00,0.00,25774.00,0.00,1418.00,18.00,138.00,3511.00,0.00,603.00,0.00,48.00,44940.00,865.00,346.00,1066.00,2531.00,0.00,1893.00,927.00,0.00,0.00,0.00,0.00,7628.00,3035.00,10663.00,103.00,2671.00,1382.00,66.00,215.00,0.00,,220.00,0.00,60260.00,,,,,,8.12,1.12,10292.41,1,6,622,19790,DL,Delta Air Lines Inc.,DL,Delta Air Lines Inc.,10260,L,3,3,2024,3
12032.35,,1046.69,1349.96,,,28636.01,,943.72,,,3116.43,-8.73,587.48,181.13,,47885.03,866.86,1.15,703.72,61.77,,1440.91,-397.08,,,,,2677.32,3468.79,6146.11,83.10,2191.66,1071.82,77.81,211.10,,,,,57666.62,,,,,,13.45,1.15,10097.46,1,6,839,19977,UA,United Air Lines Inc.,UA,United Air Lines Inc.,10876,L,3,3,2024,2
12117.00,0.00,3447.82,1804.22,0.00,0.00,0.00,0.00,16341.27,0.00,251.95,920.55,0.00,1047.94,0.00,1527.42,37458.17,4213.13,0.00,6775.54,3.98,0.00,1849.12,59.32,0.00,0.00,0.00,0.00,12901.09,5043.32,17944.41,0.00,0.00,0.00,61.70,0.00,0.00,,0.00,0.00,55464.27,,,,,,14.40,6.07,9430.89,1,6,530,20500,G7,GoJet Airlines LLC d/b/a United Express,G7,GoJet Airlines LLC d/b/a United Express,07041,D,2,2,2024,3
12140.81,,951.25,1217.09,,,20397.67,,532.23,,,3137.26,-32.98,286.16,440.80,,39070.29,1070.84,1.40,5130.40,408.02,,178.10,150.69,,,,,6939.44,3163.27,10102.71,191.96,1868.68,1691.29,13.25,195.28,,,86.05,,53219.49,,,,,,10.14,1.20,8328.95,1,6,614,19977,UA,United Air Lines Inc.,UA,United Air Lines Inc.,10876,L,3,3,2024,4
12312.00,0.00,2.00,978.00,0.00,0.00,23110.00,52.00,1029.00,0.00,47.00,2175.00,0.00,671.00,893.00,1512.00,42781.00,2000.00,80.00,2377.00,2379.00,0.00,360.00,288.00,0.00,0.00,0.00,0.00,7483.00,2022.00,9504.00,51.00,2966.00,1047.00,241.00,0.00,50.00,,0.00,,56639.00,,,,,,9.18,1.05,8052.00,1,6,888,19930,AS,Alaska Airlines Inc.,AS,Alaska Airlines Inc.,16031,L,3,3,2024,1
12486.66,0.00,685.04,2046.37,0.00,,36.84,0.00,0.00,0.00,98.91,502.97,0.00,1268.95,0.00,958.62,18084.37,5241.61,0.00,3156.16,5310.57,,9037.67,0.00,0.00,0.00,0.00,0.00,22746.00,4115.89,26861.90,0.00,0.00,0.00,286.69,0.00,31.20,,0.00,,45264.16,,,,,,18.65,4.63,8844.64,1,6,675,20445,C5,CommuteAir LLC dba CommuteAir,C5,CommuteAir LLC dba CommuteAir,06944,D,2,2,2024,2
12580.00,0.00,1595.00,0.00,0.00,,19737.00,,0.00,0.00,0.00,0.00,,0.00,1557.00,1781.00,37250.00,0.00,0.00,0.00,153.00,,716.00,294.00,1413.00,,0.00,,2576.00,4354.00,6930.00,,9364.00,1801.00,149.00,3.00,,,,,55497.00,,,,,,5.43,1.40,8854.42,2,6,626,20107,FX,Federal Express Corporation,FX,Federal Express Corporation,16195,L,3,3,2024,4
12587.00,0.00,195.00,727.00,0.00,0.00,16685.00,36.00,933.00,0.00,94.00,1320.00,0.00,265.00,753.00,0.00,33595.00,1410.00,29.00,1581.00,1593.00,0.00,951.00,-5.00,0.00,0.00,0.00,0.00,5559.00,1878.00,7437.00,16.00,1133.00,2105.00,290.00,259.00,56.00,,141.00,0.00,45032.00,,,,,,7.89,0.93,6931.36,1,6,612,19393,WN,Southwest Airlines Co.,WN,Southwest Airlines Co.,11033,L,3,3,2024,3
12700.95,0.00,718.02,1727.16,0.00,,48.71,0.00,0.00,0.00,99.17,544.41,0.00,914.01,0.00,995.11,17747.54,5530.01,0.00,2712.60,4922.23,,7334.77,0.00,0.00,0.00,0.00,0.00,20499.61,3948.95,24448.56,0.00,0.00,0.00,285.85,0.00,28.64,,0.00,,42510.59,,,,,,17.22,4.61,8165.22,1,6,675,20445,C5,CommuteAir LLC dba CommuteAir,C5,CommuteAir LLC dba CommuteAir,06944,D,2,2,2024,1
12768.34,0.00,0.00,481.00,11.47,,25471.84,16.13,2462.13,11.99,281.19,2593.20,0.00,196.79,578.60,18.83,44891.53,2998.88,0.00,2667.93,0.00,,1586.17,3933.62,0.00,,0.00,,11186.60,3211.57,14398.17,,2247.64,415.01,124.55,,,,49.71,,62126.60,,,,,,6.47,1.09,10869.88,2,6,626,19917,5X,United Parcel Service,5X,United Parcel Service,16911,A,3,3,2024,4
12782.00,0.00,191.00,730.00,0.00,0.00,20296.00,39.00,1019.00,0.00,101.00,2219.00,0.00,352.00,909.00,0.00,38638.00,1425.00,30.00,1861.00,1440.00,0.00,1083.00,131.00,0.00,0.00,0.00,0.00,5970.00,2044.00,8014.00,137.00,909.00,2265.00,294.00,349.00,61.00,,172.00,0.00,50839.00,,,,,,8.83,0.99,7670.78,1,6,612,19393,WN,Southwest Airlines Co.,WN,Southwest Airlines Co.,11033,L,3,3,2024,2
12798.81,0.00,394.96,792.84,2.20,0.00,8595.90,0.00,122.96,0.50,15.27,3298.07,0.00,502.09,450.77,61.77,27036.13,1346.52,0.00,588.08,346.58,0.00,163.19,12.52,0.00,0.00,0.00,0.00,2456.88,2115.84,4572.72,6.15,1611.43,486.63,0.00,11.58,123.36,,0.00,,33848.00,,,,,,8.72,1.00,3581.63,1,6,721,20409,B6,JetBlue Airways,B6,JetBlue Airways,10875,A,3,3,2024,4
12839.13,0.00,14.68,1966.27,0.00,0.00,4091.78,0.00,-11677.49,47.63,36.51,1189.92,0.00,1038.29,254.72,235.50,10036.95,2819.57,0.00,7635.66,2062.68,0.00,3750.30,395.02,0.00,0.00,0.00,0.00,16663.22,2352.81,19016.04,0.00,590.83,323.70,0.00,0.00,60.51,,0.00,,30028.02,,,,,,11.55,4.00,8282.42,1,6,638,20304,OO,SkyWest Airlines Inc.,OO,SkyWest Airlines Inc.,06700,D,3,3,2024,1
13051.28,,113.32,4171.15,0.00,,2730.62,,0.00,,0.00,2952.34,,603.92,,376.51,23999.13,383.89,,1419.70,,,1699.04,267.74,24.66,,,,3795.03,3209.75,7004.77,,42.12,0.00,679.33,0.00,0.00,,0.00,0.00,31725.36,,,,,,1.96,0.37,2760.14,2,6,626,20007,5Y,Atlas Air Inc.,5Y,Atlas Air Inc.,06087,D,3,3,2024,3
13055.48,0.00,616.07,977.87,9.85,0.00,10259.43,0.00,112.00,0.92,16.57,3993.34,0.00,1096.10,418.45,58.76,30614.82,1319.50,0.00,714.79,365.19,0.00,170.62,13.24,0.00,0.00,0.00,0.00,2583.33,2131.07,4714.40,5.04,1702.46,449.36,0.00,12.17,149.00,,0.00,,37647.25,,,,,,10.00,1.21,3528.00,1,6,721,20409,B6,JetBlue Airways,B6,JetBlue Airways,10875,A,3,3,2024,1
13057.00,0.00,1505.00,3917.00,543.00,,30344.00,,0.00,24.00,46.00,0.00,,640.00,1182.00,2700.00,53958.00,10197.00,1133.00,394.00,234.00,,334.00,262.00,2888.00,,3108.00,,18550.00,16973.00,35523.00,,1635.00,2150.00,552.00,55.00,,,,,93873.00,,,,,,5.16,0.73,13173.47,2,7,740,20107,FX,Federal Express Corporation,FX,Federal Express Corporation,16197,P,3,3,2024,4
13079.89,0.00,2230.00,795.31,159.00,0.00,41561.81,1.70,9185.80,0.00,146.54,3683.61,646.01,0.00,603.19,6.61,72099.48,421.01,21.07,4425.50,6002.80,0.00,449.58,21.67,0.00,0.00,0.00,0.00,11341.62,2601.54,13943.16,265.83,2542.78,1295.58,141.74,50.25,198.57,,0.00,0.00,90537.39,,,,,,8.74,0.55,17096.64,1,6,696,19690,HA,Hawaiian Airlines Inc.,HA,Hawaiian Airlines Inc.,15375,P,3,3,2024,2
13154.56,0.00,1459.43,1057.49,159.96,0.00,40286.48,1.66,9723.93,0.00,127.97,3189.92,359.54,326.41,1116.27,3.64,70967.24,458.64,18.59,4985.88,6290.66,0.00,1186.57,-13.26,0.00,0.00,0.00,0.00,12927.07,3128.55,16055.61,337.92,2641.00,1342.34,167.45,46.68,167.91,,0.00,0.00,91726.16,,,,,,9.06,0.57,17693.64,1,6,696,19690,HA,Hawaiian Airlines Inc.,HA,Hawaiian Airlines Inc.,15375,P,3,3,2024,3
13176.13,0.00,1024.82,887.83,0.00,0.00,35573.75,44.37,4720.75,0.00,17.51,3478.73,0.00,1068.72,685.10,0.00,60677.72,2145.65,525.43,2760.16,3681.58,0.00,1693.53,1707.46,0.00,0.00,0.00,0.00,12513.80,5314.12,17827.91,276.36,2717.27,566.99,274.70,0.00,276.83,,279.03,,82896.81,,,,,,13.85,2.08,12775.12,1,6,698,19805,AA,American Airlines Inc.,AA,American Airlines Inc.,10050,L,3,3,2024,1
13226.56,0.00,1013.80,872.14,0.00,0.00,28816.83,36.57,4453.41,0.00,16.70,3494.06,0.00,741.53,595.62,0.00,53267.21,2070.34,508.56,2703.85,3520.51,0.00,1530.80,2454.43,0.00,0.00,0.00,0.00,12788.51,4830.69,17619.20,264.49,2581.95,561.70,269.50,0.00,253.45,,291.25,,75108.74,,,,,,6.57,0.57,10925.26,1,6,887,19805,AA,American Airlines Inc.,AA,American Airlines Inc.,0A050,D,3,3,2024,2
13252.00,0.00,307.00,820.00,0.00,0.00,22173.00,41.00,1145.00,0.00,115.00,2765.00,0.00,852.00,956.00,0.00,42426.00,1623.00,37.00,1868.00,2380.00,0.00,1046.00,103.00,0.00,0.00,0.00,0.00,7057.00,1982.00,9039.00,59.00,1036.00,2650.00,326.00,308.00,68.00,,213.00,0.00,56125.00,,,,,,9.31,1.13,7924.72,1,6,612,19393,WN,Southwest Airlines Co.,WN,Southwest Airlines Co.,11033,L,3,3,2024,1
13312.78,0.00,0.00,501.51,11.96,,58696.80,16.82,6524.84,12.51,510.66,2703.78,0.00,205.18,77.89,19.63,82594.36,3126.75,0.00,1236.74,0.00,,1693.42,8578.57,0.00,,0.00,,14635.49,3348.51,17984.00,,3493.25,1560.76,259.53,,,,51.83,,105943.72,,,,,,6.93,0.65,22814.44,2,8,821,19917,5X,United Parcel Service,5X,United Parcel Service,06910,D,3,3,2024,4
13375.43,1.88,828.65,2344.10,0.00,,121.41,0.00,0.00,0.00,88.09,612.63,0.00,1642.16,0.00,914.39,19928.72,5465.88,0.00,841.46,5617.11,,9374.23,0.00,0.00,0.00,0.00,0.00,21298.68,3922.76,25221.44,0.00,0.00,0.00,285.53,0.00,31.72,,0.00,,45467.40,,,,,,28.55,5.06,9388.07,1,6,675,20445,C5,CommuteAir LLC dba CommuteAir,C5,CommuteAir LLC dba CommuteAir,06944,D,2,2,2024,3
13461.33,,319.79,5455.81,,,0.10,,2237.05,,384.46,2701.76,,941.22,,,25501.51,2424.26,0.00,1728.88,2266.13,,771.49,278.19,,,,,7468.95,2848.01,10316.95,,0.00,521.70,1225.51,85.44,0.00,1832.64,,,37651.10,,,,,,6.36,0.46,16129.94,2,6,683,20370,KAQ,Kalitta Air LLC,KAQ,Kalitta Air LLC,16683,I,3,3,2024,2
13546.45,0.00,0.00,519.51,7.87,,55043.05,36.36,5709.94,8.57,674.67,3848.53,0.00,1319.69,105.11,-74.61,80745.13,2868.13,0.00,1241.28,0.00,,1417.42,7861.20,0.00,,0.00,,13388.02,3433.00,16821.02,,3188.94,1454.44,230.65,,,,55.39,,102495.57,,,,,,5.81,0.59,18821.10,2,8,821,19917,5X,United Parcel Service,5X,United Parcel Service,06910,D,3,3,2024,1
13610.00,0.00,1366.00,4688.00,324.00,,32196.00,,0.00,41.00,43.00,774.00,,1654.00,1152.00,3336.00,59184.00,9786.00,1087.00,356.00,337.00,,521.00,217.00,2880.00,,2757.00,,17941.00,14952.00,32893.00,,2444.00,2618.00,468.00,-23.00,,,,,97584.00,,,,,,4.63,0.71,11943.40,2,7,740,20107,FX,Federal Express Corporation,FX,Federal Express Corporation,16197,P,3,3,2024,1
13610.49,,1953.77,1960.34,,,50502.44,,278.86,,,3487.05,-16.30,657.34,398.60,,72832.59,680.78,0.86,1840.86,-9.43,,538.52,-301.53,,,,,2750.05,1809.34,4559.39,128.39,5793.42,1256.60,73.56,169.87,,,,,84813.82,,,,,,7.63,0.52,19041.14,1,6,637,19977,UA,United Air Lines Inc.,UA,United Air Lines Inc.,10874,A,3,3,2024,2
13635.56,,1228.30,1675.04,,,21252.88,,-1.14,,,3795.81,,394.33,28.89,,42009.67,1173.59,1.60,1447.51,1289.13,,375.34,1264.45,,,,,5551.62,3086.80,8638.43,13.03,85.20,1087.72,,43.74,,,,,51877.78,,,,,,11.53,1.47,8816.56,1,6,721,19977,UA,United Air Lines Inc.,UA,United Air Lines Inc.,0A875,D,3,3,2024,3
13665.30,0.00,127.20,1781.81,0.00,0.00,3247.99,0.00,-5195.94,43.15,36.51,1362.29,0.00,990.40,243.32,266.19,16568.22,2669.85,0.00,5863.56,2717.40,0.00,3822.32,426.78,0.00,0.00,0.00,0.00,15499.91,2424.64,17924.55,0.00,607.03,337.47,0.00,0.00,56.40,,0.00,,35493.65,,,,,,14.13,4.00,9913.90,1,6,638,20304,OO,SkyWest Airlines Inc.,OO,SkyWest Airlines Inc.,06700,D,3,3,2024,2
13689.47,0.00,1062.55,921.26,0.00,0.00,31846.61,46.14,4910.62,0.00,18.21,3609.65,0.00,1108.92,610.40,0.00,57823.81,2228.58,546.31,2868.59,3800.29,0.00,1767.48,1775.15,0.00,0.00,0.00,0.00,12986.40,5523.12,18509.52,286.45,2825.18,589.51,285.25,0.00,287.92,,289.68,,80897.32,,,,,,6.42,0.60,11435.61,1,6,887,19805,AA,American Airlines Inc.,AA,American Airlines Inc.,10050,L,3,3,2024,1
13750.00,0.00,1743.00,,0.00,,22884.00,,,,,,,,1741.00,2290.00,42408.00,,,0.00,165.00,,559.00,101.00,1525.00,,,,2350.00,2150.00,4500.00,,10106.00,1943.00,161.00,4.00,,,,,59122.00,,,,,,5.86,1.55,10043.10,2,6,626,20107,FX,Federal Express Corporation,FX,Federal Express Corporation,16197,P,3,3,2024,4
13786.61,0.00,2094.20,1314.67,264.51,0.00,38084.30,1.34,9089.04,0.00,89.50,3492.15,745.65,381.08,1009.38,13.67,70366.09,525.27,28.89,4199.80,6607.76,0.00,298.43,75.84,0.00,0.00,0.00,0.00,11735.99,2895.27,14631.26,370.60,2698.18,1371.40,192.66,49.40,171.54,,0.00,0.00,89851.14,,,,,,9.11,0.57,17935.30,1,6,696,19690,HA,Hawaiian Airlines Inc.,HA,Hawaiian Airlines Inc.,15375,P,3,3,2024,4
13955.53,,1114.09,1513.38,,,27512.54,,505.77,,,3619.49,-18.62,682.31,305.32,,49189.81,1003.32,1.33,2861.70,767.87,,388.60,-401.08,,,,,4621.74,3367.59,7989.32,236.87,1768.68,1797.00,20.22,222.29,,,141.55,,61365.74,,,,,,11.94,1.29,9807.02,1,6,614,19977,UA,United Air Lines Inc.,UA,United Air Lines Inc.,10876,L,3,3,2024,2
13957.00,0.00,712.00,1178.00,0.00,0.00,24115.00,1.00,1780.00,5.00,175.00,4071.00,0.00,732.00,0.00,57.00,46783.00,869.00,292.00,2076.00,3163.00,0.00,2203.00,1389.00,0.00,0.00,0.00,0.00,9992.00,3460.00,13452.00,96.00,3275.00,1635.00,91.00,245.00,0.00,,331.00,0.00,65908.00,,,,,,9.09,1.25,8699.51,1,6,614,19790,DL,Delta Air Lines Inc.,DL,Delta Air Lines Inc.,10260,L,3,3,2024,1
14025.69,3657.65,367.75,0.00,0.00,0.00,60708.80,32.57,22734.13,0.00,1982.19,1328.84,0.00,677.56,0.00,6807.10,112322.28,3290.52,822.63,0.00,0.00,0.00,7924.16,1981.04,0.00,0.00,0.00,0.00,14018.35,0.00,14018.35,0.00,0.00,0.00,1897.35,0.00,0.00,,0.00,,128237.97,,,,,,6.08,0.73,19150.45,2,8,819,20405,N8,National Air Cargo Group Inc d/ba National Airlines,N8,National Air Cargo Group Inc d/ba National Airlines,11049,I,2,2,2024,2
14043.17,0.00,0.00,498.57,15.99,,59748.10,55.96,6389.43,9.13,522.54,3448.10,0.00,397.59,97.13,-52.07,85173.65,3178.65,0.00,1113.22,0.00,,1804.39,8615.93,0.00,,0.00,,14712.19,3745.14,18457.33,,3305.85,1501.99,258.08,,,,56.57,,108753.47,,,,,,6.63,0.62,22141.39,2,8,821,19917,5X,United Parcel Service,5X,United Parcel Service,06910,D,3,3,2024,3
14051.45,,442.34,5266.59,,,28.90,,2234.81,,375.73,2386.82,,1056.08,,,25842.71,2212.39,0.00,1433.30,1418.69,,691.77,193.39,,,,,5949.53,2711.91,8661.44,,0.00,521.18,1167.27,40.57,0.00,1729.02,,,36233.16,,,,,,5.49,0.46,13328.17,2,6,683,20370,KAQ,Kalitta Air LLC,KAQ,Kalitta Air LLC,16683,I,3,3,2024,1
14127.68,0.00,0.00,595.88,14.97,,27013.49,64.57,2839.01,7.68,281.08,3759.46,0.00,716.52,530.32,14.19,49964.83,3021.54,0.00,2958.84,0.00,,2100.47,6219.33,0.00,,0.00,,14300.17,3676.82,17976.99,,2409.99,424.17,131.93,,,,58.38,,70966.29,,,,,,4.12,1.19,10340.02,2,6,626,19917,5X,United Parcel Service,5X,United Parcel Service,16911,A,3,3,2024,2
14144.00,0.00,432.00,1218.00,0.00,0.00,27863.00,1.00,1751.00,8.00,203.00,4259.00,0.00,707.00,0.00,71.00,50657.00,1026.00,482.00,2357.00,2764.00,0.00,2159.00,598.00,0.00,0.00,0.00,0.00,9386.00,3861.00,13247.00,129.00,3290.00,1761.00,73.00,275.00,0.00,,235.00,0.00,69667.00,,,,,,9.56,1.41,11811.00,1,6,622,19790,DL,Delta Air Lines Inc.,DL,Delta Air Lines Inc.,10260,L,3,3,2024,4
14152.90,0.00,0.00,502.47,16.12,,26598.33,56.40,2811.29,9.20,315.05,3475.04,0.00,400.70,590.79,-52.48,48875.81,3203.49,0.00,3044.25,0.00,,2035.62,329.77,0.00,,0.00,,8613.13,3774.41,12387.54,,2529.27,462.63,135.45,,,,57.02,,64447.71,,,,,,6.47,1.23,10959.13,2,6,626,19917,5X,United Parcel Service,5X,United Parcel Service,16911,A,3,3,2024,3
14187.16,0.00,2348.59,1069.43,311.62,0.00,50311.15,2.59,9738.97,0.00,159.19,4643.92,0.00,1496.32,1327.39,17.78,85614.11,932.03,25.11,5582.12,6783.73,0.00,1158.87,-72.33,0.00,0.00,0.00,0.00,14409.53,3767.05,18176.58,291.85,2768.42,1407.39,153.04,57.37,285.40,,0.00,0.00,108754.15,,,,,,10.01,0.60,19071.46,1,6,696,19690,HA,Hawaiian Airlines Inc.,HA,Hawaiian Airlines Inc.,15375,P,3,3,2024,1
14214.80,0.00,128.46,2162.20,0.00,0.00,2859.76,0.00,7.55,48.21,36.51,1493.59,0.00,928.27,243.32,234.07,22356.73,2880.99,0.00,6406.19,2244.46,0.00,3530.39,466.14,0.00,0.00,0.00,0.00,15528.16,2437.40,17965.56,0.00,607.03,337.47,0.00,0.00,45.37,,0.00,,41312.15,,,,,,15.54,4.05,11035.50,1,6,638,20304,OO,SkyWest Airlines Inc.,OO,SkyWest Airlines Inc.,06700,D,3,3,2024,3
14235.31,0.00,2943.92,1986.67,0.00,0.00,0.00,0.00,18169.46,0.00,266.20,797.49,0.00,925.95,0.00,1091.64,40416.64,4106.38,0.00,9583.71,0.00,0.00,1428.82,36.72,0.00,0.00,0.00,0.00,15155.63,5363.76,20519.39,0.00,0.00,0.00,58.54,0.00,0.00,,0.00,0.00,60994.57,,,,,,17.89,5.75,11456.73,1,6,530,20500,G7,GoJet Airlines LLC d/b/a United Express,G7,GoJet Airlines LLC d/b/a United Express,07041,D,2,2,2024,4
14385.00,0.00,618.00,1300.00,0.00,0.00,25718.00,1.00,1788.00,1.00,206.00,4158.00,0.00,691.00,0.00,50.00,48916.00,1037.00,324.00,2100.00,3354.00,0.00,2224.00,1062.00,0.00,0.00,0.00,0.00,10101.00,3795.00,13896.00,108.00,3319.00,1705.00,82.00,255.00,0.00,,279.00,0.00,68560.00,,,,,,10.04,1.32,9800.62,1,6,614,19790,DL,Delta Air Lines Inc.,DL,Delta Air Lines Inc.,10260,L,3,3,2024,2
14519.29,0.00,0.00,612.40,15.38,,61346.46,66.36,6077.06,7.89,453.72,3863.67,0.00,736.38,77.92,14.59,87791.12,3105.29,0.00,1229.43,0.00,,1732.92,8774.85,0.00,,0.00,,14842.50,3778.75,18621.24,,3233.85,1473.34,248.64,,,,60.00,,111428.19,,,,,,4.37,0.60,21442.83,2,8,821,19917,5X,United Parcel Service,5X,United Parcel Service,06910,D,3,3,2024,2
14664.72,,361.73,6090.18,,,0.22,,2237.05,,376.10,2208.96,,825.17,,,26764.12,2739.82,0.00,1880.67,1614.41,,901.67,161.52,,,,,7298.09,3263.06,10561.15,,0.00,521.70,1271.52,124.45,0.00,1917.66,,,39242.93,,,,,,6.71,0.46,17617.96,2,6,683,20370,KAQ,Kalitta Air LLC,KAQ,Kalitta Air LLC,16683,I,3,3,2024,3
14684.05,0.00,664.07,1994.83,0.00,,22.35,0.00,0.00,0.00,96.51,952.40,0.00,1630.52,0.00,1113.42,21158.14,5972.68,0.00,1367.79,5617.54,,8552.63,0.00,0.00,0.00,0.00,0.00,21510.63,3868.54,25379.17,0.00,0.00,0.00,307.30,0.00,31.40,,0.00,,46876.01,,,,,,19.85,5.06,9591.99,1,6,675,20445,C5,CommuteAir LLC dba CommuteAir,C5,CommuteAir LLC dba CommuteAir,06944,D,2,2,2024,4
14838.17,0.00,1087.40,924.85,0.00,0.00,23953.61,38.77,4702.15,0.00,18.90,4264.41,0.00,555.67,483.83,0.00,50867.75,2518.86,607.59,3236.66,4314.79,0.00,2048.34,2181.66,0.00,0.00,0.00,0.00,14907.89,6037.63,20945.52,329.52,2945.86,707.52,607.83,0.00,215.07,,377.63,,76996.69,,,,,,5.50,0.52,10504.66,1,6,889,19805,AA,American Airlines Inc.,AA,American Airlines Inc.,10052,P,3,3,2024,4
14867.89,0.00,3901.51,905.53,0.00,0.00,31827.51,3.77,2990.69,0.00,266.30,4678.07,1017.21,0.00,2155.82,14.30,62628.60,1714.04,70.72,3674.97,6738.44,0.00,1754.57,54.42,0.00,0.00,0.00,0.00,14007.16,4334.89,18342.05,205.58,6454.47,918.12,84.54,78.83,0.00,,2186.25,0.00,90898.45,,,,,,13.80,1.63,12594.67,1,6,721,19690,HA,Hawaiian Airlines Inc.,HA,Hawaiian Airlines Inc.,05375,D,3,3,2024,2
14885.72,0.00,1019.57,9.24,9.41,0.00,28928.52,0.00,25465.09,0.00,60.44,2373.84,0.00,557.47,1435.52,36.54,74781.36,2717.94,0.00,2536.65,1636.85,0.00,733.37,0.00,0.00,0.00,0.00,0.00,7624.82,5383.67,13008.48,0.00,0.00,0.00,384.22,0.00,1712.84,,0.00,,89886.91,,,,,,12.83,1.66,13601.62,1,6,699,20436,F9,Frontier Airlines Inc.,F9,Frontier Airlines Inc.,06460,D,3,3,2024,4
14930.00,0.00,224.00,830.00,0.00,0.00,17276.00,37.00,1296.00,0.00,115.00,2070.00,0.00,461.00,807.00,0.00,38046.00,1531.00,35.00,1808.00,1515.00,0.00,999.00,96.00,0.00,0.00,0.00,0.00,5984.00,2277.00,8261.00,-16.00,1049.00,2361.00,350.00,242.00,64.00,,145.00,0.00,50502.00,,,,,,8.89,1.06,7602.57,1,6,612,19393,WN,Southwest Airlines Co.,WN,Southwest Airlines Co.,11033,L,3,3,2024,4
14993.05,0.00,1882.09,944.28,0.00,0.00,32357.11,3.55,2896.49,0.00,224.57,4919.35,0.00,513.33,2188.05,10.72,60932.58,1741.86,53.45,2979.30,8230.79,0.00,972.15,32.68,0.00,0.00,0.00,0.00,14010.23,5697.14,19707.38,298.35,6458.13,902.91,84.50,79.92,0.00,,2187.51,0.00,90651.29,,,,,,15.15,1.67,13860.24,1,6,721,19690,HA,Hawaiian Airlines Inc.,HA,Hawaiian Airlines Inc.,05375,D,3,3,2024,3
15076.00,0.00,1478.00,5017.00,444.00,,37195.00,,0.00,58.00,49.00,0.00,,1533.00,1352.00,14834.00,77036.00,11239.00,1249.00,512.00,413.00,,830.00,147.00,3428.00,,2805.00,,20623.00,17477.00,38100.00,,2516.00,2834.00,563.00,-22.00,,,,,121027.00,,,,,,5.58,0.81,14260.19,2,7,740,20107,FX,Federal Express Corporation,FX,Federal Express Corporation,16197,P,3,3,2024,2
15077.74,,408.28,6258.42,,,98.59,,4036.31,,567.92,2461.56,,728.50,,,29637.30,3194.81,0.00,2016.57,3029.63,,1472.02,695.08,,,,,10408.11,3437.84,13845.95,,0.00,521.70,1369.04,129.88,0.00,2020.62,,,45503.87,,,,,,7.20,0.46,18698.59,2,6,683,20370,KAQ,Kalitta Air LLC,KAQ,Kalitta Air LLC,16683,I,3,3,2024,4
15191.39,0.00,0.00,539.34,17.30,,64633.32,60.54,6911.86,9.87,565.27,3730.03,0.00,430.10,105.07,-56.33,92137.75,3438.55,0.00,1204.24,0.00,,1951.93,9320.40,0.00,,0.00,,15915.11,4051.36,19966.47,,3576.15,1624.80,279.18,,,,61.20,,117645.55,,,,,,7.33,0.67,26323.18,2,8,821,19917,5X,United Parcel Service,5X,United Parcel Service,16911,A,3,3,2024,3
15215.00,0.00,350.00,1393.00,1.00,0.00,24984.00,1.00,1766.00,23.00,172.00,4373.00,0.00,751.00,0.00,60.00,49089.00,1078.00,431.00,1327.00,3152.00,0.00,2358.00,1155.00,0.00,0.00,0.00,0.00,9501.00,3780.00,13281.00,129.00,3327.00,1721.00,82.00,268.00,0.00,,273.00,0.00,68170.00,,,,,,10.11,1.32,9976.83,1,6,614,19790,DL,Delta Air Lines Inc.,DL,Delta Air Lines Inc.,10260,L,3,3,2024,3
15368.52,0.00,3731.30,850.26,0.00,0.00,29719.98,5.27,3155.58,0.00,265.90,5396.05,0.00,1773.99,2115.27,30.03,62412.13,1633.55,57.77,3797.78,6252.19,0.00,916.08,7.07,0.00,0.00,0.00,0.00,12664.43,4489.81,17154.24,215.87,6444.70,924.59,82.15,78.88,0.00,,2182.95,0.00,89495.50,,,,,,12.04,1.61,10952.38,1,6,721,19690,HA,Hawaiian Airlines Inc.,HA,Hawaiian Airlines Inc.,05375,D,3,3,2024,1
15469.63,0.00,268.79,1830.43,0.00,0.00,1104.93,0.00,6.76,48.09,37.81,1614.57,0.00,1005.11,212.19,232.27,21830.56,3039.78,0.00,4881.15,2310.20,0.00,4061.31,478.63,0.00,0.00,0.00,0.00,14771.07,2253.12,17024.19,0.00,607.03,303.54,0.00,0.00,30.78,,0.00,,39796.09,,,,,,15.97,4.05,11052.86,1,6,638,20304,OO,SkyWest Airlines Inc.,OO,SkyWest Airlines Inc.,06700,D,3,3,2024,4
15476.51,,2117.33,2232.37,,,54480.86,,381.05,,,4267.28,,443.31,615.97,,80014.66,772.01,1.20,4193.61,65.45,,439.91,423.33,,,,,5895.51,2567.53,8463.03,149.68,6441.80,1419.59,84.36,198.75,,,,,96771.86,,,,,,8.53,0.59,21852.83,1,6,637,19977,UA,United Air Lines Inc.,UA,United Air Lines Inc.,10874,A,3,3,2024,3
15488.55,,1189.40,1567.36,,,28948.17,,428.27,,,4276.15,,1327.94,343.74,,53569.57,547.53,0.98,5045.16,30461.10,,1847.80,234.24,,,,,38136.81,2573.86,40710.66,732.36,3390.64,1717.79,326.82,1503.58,,,,,101951.42,,,,,,6.15,0.56,9993.42,1,6,887,19977,UA,United Air Lines Inc.,UA,United Air Lines Inc.,10874,A,3,3,2024,1
15515.98,,1277.19,1589.59,,,29287.87,,552.90,,,4280.15,87.80,1329.19,323.61,,54244.28,1073.42,1.95,2964.11,1472.41,,-343.37,500.32,,,,,5668.85,3942.94,9611.79,297.24,1748.01,1882.28,35.03,267.56,,,311.77,,68397.96,,,,,,12.52,1.43,10071.55,1,6,614,19977,UA,United Air Lines Inc.,UA,United Air Lines Inc.,10876,L,3,3,2024,1
15534.39,0.00,0.00,595.75,9.02,,28826.27,41.70,3143.64,9.82,350.68,4413.30,0.00,1513.35,581.06,-85.56,54933.42,3289.02,0.00,3352.61,0.00,,2118.96,5123.87,0.00,,0.00,,13884.46,3936.79,17821.25,,2654.66,438.80,141.11,,,,63.52,,76052.76,,,,,,6.52,1.28,10620.13,2,6,626,19917,5X,United Parcel Service,5X,United Parcel Service,16911,A,3,3,2024,1
15618.59,0.00,1146.77,980.09,0.00,0.00,25895.94,39.82,4945.99,0.00,19.93,4562.55,0.00,588.06,517.29,0.00,54315.03,2657.34,638.83,3435.75,4537.14,0.00,2114.49,2277.02,0.00,0.00,0.00,0.00,15660.57,6354.93,22015.50,346.17,3104.33,744.35,639.15,0.00,228.24,,399.40,,81792.18,,,,,,10.39,1.27,11369.85,1,6,699,19805,AA,American Airlines Inc.,AA,American Airlines Inc.,10050,L,3,3,2024,4
15646.21,,1594.46,1792.59,,,30749.29,,19.40,,,4303.32,,1336.38,928.99,,56370.64,593.64,,1004.99,22.31,,635.67,235.92,,,,,2492.53,2357.32,4849.85,67.74,5486.56,1761.02,4.07,70.39,,,,,68610.27,,,,,,6.18,0.49,11254.91,1,6,837,19977,UA,United Air Lines Inc.,UA,United Air Lines Inc.,10877,P,3,3,2024,1
15697.17,4597.28,448.74,0.00,0.00,0.00,50134.33,0.00,23158.14,0.00,975.34,667.86,0.00,554.35,0.00,5106.23,101339.46,4131.12,1032.78,0.00,0.00,0.00,4961.58,1240.40,0.00,0.00,0.00,0.00,11365.87,0.00,11365.87,0.00,0.00,0.00,2381.73,0.00,0.00,,0.00,,115087.06,,,,,,5.04,0.74,15347.40,2,8,819,20405,N8,National Air Cargo Group Inc d/ba National Airlines,N8,National Air Cargo Group Inc d/ba National Airlines,11049,I,2,2,2024,3
15854.47,0.00,0.00,597.26,14.25,,69903.22,20.03,7770.56,14.89,608.15,3219.98,0.00,244.35,92.76,23.38,98363.31,3723.71,0.00,1472.86,0.00,,2016.73,10216.40,0.00,,0.00,,17429.70,3987.81,21417.51,,4160.18,1858.74,309.08,,,,61.73,,126170.55,,,,,,8.53,0.77,29898.76,2,8,821,19917,5X,United Parcel Service,5X,United Parcel Service,16911,A,3,3,2024,4
15994.00,0.00,373.00,1483.00,1.00,0.00,27835.00,1.00,1881.00,24.00,183.00,4656.00,0.00,800.00,0.00,64.00,53295.00,1147.00,458.00,1413.00,3356.00,0.00,2510.00,1229.00,0.00,0.00,0.00,0.00,10113.00,4025.00,14138.00,137.00,3542.00,1833.00,88.00,285.00,0.00,,291.00,0.00,73609.00,,,,,,10.77,1.29,11115.18,1,6,888,19790,DL,Delta Air Lines Inc.,DL,Delta Air Lines Inc.,10260,L,3,3,2024,3
16025.56,0.00,1231.86,1097.07,0.00,0.00,31735.54,51.64,5059.88,0.00,19.76,4546.95,0.00,455.18,650.69,0.00,60874.13,2665.42,634.25,3054.89,5075.61,0.00,1704.47,2557.94,0.00,0.00,0.00,0.00,15692.57,6045.89,21738.45,329.59,3071.39,692.26,337.86,0.00,275.97,,346.41,,87666.07,,,,,,11.18,1.29,12886.52,1,6,699,19805,AA,American Airlines Inc.,AA,American Airlines Inc.,10050,L,3,3,2024,3
16058.72,0.00,1243.35,1078.91,0.00,0.00,33425.98,54.15,5769.94,0.00,21.38,4227.53,0.00,1298.50,638.18,0.00,63816.63,2612.99,641.41,3365.94,4418.94,0.00,2085.47,2084.05,0.00,0.00,0.00,0.00,15208.81,6481.56,21690.37,334.97,3317.00,692.18,334.39,0.00,338.27,,339.48,,90863.29,,,,,,6.17,0.56,12001.48,1,6,889,19805,AA,American Airlines Inc.,AA,American Airlines Inc.,10052,P,3,3,2024,1
16140.12,5024.97,663.78,0.00,0.00,0.00,62604.79,96.62,21663.18,0.00,1531.74,2079.69,0.00,815.48,0.00,1324.05,111944.43,3515.93,878.98,0.00,0.00,0.00,11175.49,2793.87,0.00,0.00,0.00,0.00,18364.27,0.00,18364.27,0.00,0.00,0.00,1739.03,0.00,0.00,,0.00,,132047.73,,,,,,5.98,0.73,18203.72,2,8,819,20405,N8,National Air Cargo Group Inc d/ba National Airlines,N8,National Air Cargo Group Inc d/ba National Airlines,11049,I,2,2,2024,1
16219.78,0.00,0.00,684.12,17.19,,68531.29,74.14,6788.80,8.81,506.86,4316.18,0.00,822.62,87.04,16.29,98073.12,3468.98,0.00,1373.42,0.00,,1935.88,9802.56,0.00,,0.00,,16580.84,4221.31,20802.14,,3612.60,1645.90,277.76,,,,67.02,,124478.54,,,,,,5.01,0.67,26443.77,2,8,821,19917,5X,United Parcel Service,5X,United Parcel Service,16911,A,3,3,2024,2
16245.40,0.00,2055.93,1011.31,0.00,0.00,33032.88,2.81,4045.72,0.00,159.29,5710.54,2.89,528.61,2276.05,20.37,65091.79,1674.89,73.44,1741.79,8666.62,0.00,655.80,76.11,0.00,0.00,0.00,0.00,12888.65,5743.51,18632.16,302.70,6463.70,903.69,87.95,80.69,0.00,,2034.23,0.00,93596.91,,,,,,15.90,1.61,14488.75,1,6,721,19690,HA,Hawaiian Airlines Inc.,HA,Hawaiian Airlines Inc.,05375,D,3,3,2024,4
16314.00,0.00,489.00,1379.00,0.00,0.00,33671.00,1.00,1983.00,9.00,230.00,4822.00,0.00,800.00,0.00,80.00,59778.00,1162.00,545.00,2668.00,3130.00,0.00,2444.00,677.00,0.00,0.00,0.00,0.00,10626.00,4371.00,14997.00,146.00,3725.00,1993.00,82.00,311.00,0.00,,266.00,0.00,81298.00,,,,,,10.82,1.44,14273.35,1,6,623,19790,DL,Delta Air Lines Inc.,DL,Delta Air Lines Inc.,01260,D,3,3,2024,4
16458.00,0.00,707.00,1487.00,0.00,0.00,40102.00,1.00,2046.00,1.00,236.00,4758.00,0.00,791.00,0.00,57.00,66644.00,1186.00,370.00,2403.00,3838.00,0.00,2545.00,1215.00,0.00,0.00,0.00,0.00,11557.00,4342.00,15899.00,124.00,3797.00,1950.00,94.00,292.00,0.00,,320.00,0.00,89120.00,,,,,,11.49,1.44,15282.02,1,6,623,19790,DL,Delta Air Lines Inc.,DL,Delta Air Lines Inc.,01260,D,3,3,2024,2
16558.78,,1212.60,1619.93,,,29234.97,,444.02,,,4574.07,7.34,1420.46,746.56,,55818.74,1142.86,2.09,4911.10,1904.72,,1935.13,1192.64,,,,,11088.54,4618.66,15707.20,1367.54,2532.34,1290.32,201.22,2656.70,,,129.15,,79703.20,,,,,,13.16,1.60,10152.98,1,6,694,19977,UA,United Air Lines Inc.,UA,United Air Lines Inc.,10876,L,3,3,2024,1
16565.66,0.00,1073.27,2.06,12.51,0.00,35407.49,0.00,22209.13,0.00,67.15,2550.76,0.00,1409.62,1329.34,33.00,80659.99,2449.56,0.00,1842.55,824.31,0.00,661.25,0.00,0.00,0.00,0.00,0.00,5777.67,5139.66,10917.33,0.00,0.00,0.00,374.87,0.00,1525.29,,0.00,,93477.48,,,,,,13.06,1.49,13433.80,1,6,699,20436,F9,Frontier Airlines Inc.,F9,Frontier Airlines Inc.,06460,D,3,3,2024,1
16652.76,469.85,769.73,327.84,18.47,0.00,34019.19,0.00,1181.15,0.00,403.37,1901.79,0.00,1341.36,0.00,734.85,57820.36,4852.95,0.00,45.80,331.59,0.00,3088.22,546.34,0.00,0.00,0.00,0.00,8864.90,2912.91,11777.81,0.00,4578.77,2783.01,1341.57,0.00,0.00,,1377.25,,79678.78,,,,,,12.72,3.09,11245.53,1,6,698,20368,G4,Allegiant Air,G4,Allegiant Air,06035,D,3,3,2024,1
16744.22,,229.42,7742.91,0.00,,54930.33,,13770.94,,0.00,3910.30,,1489.22,,605.50,99422.84,847.82,,3230.11,,,3065.28,430.65,75.95,,,,7649.80,6788.97,14438.77,,1789.38,3187.43,1193.97,0.00,0.00,,0.00,0.00,120032.39,,,,,,12.15,1.22,37904.58,2,8,819,20007,5Y,Atlas Air Inc.,5Y,Atlas Air Inc.,06087,D,3,3,2024,1
16776.94,,196.03,6583.69,0.00,,959.83,,0.00,,0.00,3919.21,,1255.50,,609.40,30300.59,692.52,,2709.04,,,2700.28,380.67,46.20,,,,6528.72,5678.09,12206.80,,45.09,0.00,734.42,0.00,0.00,,0.00,0.00,43286.90,,,,,,4.00,0.62,5379.44,2,6,626,20007,5Y,Atlas Air Inc.,5Y,Atlas Air Inc.,06087,D,3,3,2024,2
16780.00,0.00,637.00,1054.00,0.00,0.00,37769.00,1.00,1593.00,5.00,156.00,3642.00,0.00,655.00,0.00,51.00,62343.00,778.00,261.00,1857.00,2830.00,0.00,1971.00,1242.00,0.00,0.00,0.00,0.00,8939.00,3095.00,12034.00,86.00,2930.00,1463.00,82.00,220.00,0.00,,296.00,0.00,79454.00,,,,,,8.13,0.93,13624.85,1,6,626,19790,DL,Delta Air Lines Inc.,DL,Delta Air Lines Inc.,10261,A,3,3,2024,1
16801.00,0.00,504.00,1421.00,0.00,0.00,25290.00,1.00,2043.00,9.00,237.00,4969.00,0.00,825.00,0.00,83.00,52183.00,1197.00,562.00,2749.00,3225.00,0.00,2518.00,698.00,0.00,0.00,0.00,0.00,10949.00,4504.00,15453.00,151.00,3838.00,2054.00,85.00,321.00,0.00,,274.00,0.00,74359.00,,,,,,11.15,1.44,10720.50,1,6,614,19790,DL,Delta Air Lines Inc.,DL,Delta Air Lines Inc.,10260,L,3,3,2024,4
16856.33,0.00,322.09,1119.64,14.97,,431.99,0.00,1842.85,229.66,0.00,793.54,0.00,1256.92,0.00,0.20,22868.19,6058.86,1514.71,11469.70,4995.44,,825.09,206.27,0.00,0.00,0.00,0.00,25070.07,0.00,25070.07,0.00,4367.73,82.97,253.76,0.00,137.22,,0.00,,52779.94,,,,,,25.66,3.99,14139.34,1,6,673,20378,YV,Mesa Airlines Inc.,YV,Mesa Airlines Inc.,06689,D,2,2,2024,3
16859.18,0.00,333.35,1782.47,18.85,,52.02,0.00,2160.08,249.82,0.00,696.32,0.00,990.96,0.00,0.00,23143.03,5195.70,1298.93,11936.70,10479.51,,570.01,142.50,0.00,0.00,0.00,0.00,29623.35,0.00,29623.35,0.00,4692.94,83.00,318.58,0.00,140.89,,0.00,,58001.79,,,,,,25.84,4.00,12994.41,1,6,673,20378,YV,Mesa Airlines Inc.,YV,Mesa Airlines Inc.,06689,D,2,2,2024,4
16868.24,,84.24,6393.13,0.00,,940.58,,0.00,,0.00,3492.03,,585.41,,591.43,28955.07,381.91,,144.48,,,1668.82,205.30,25.08,,,,2425.59,3232.14,5657.73,,42.48,0.00,401.63,0.00,0.00,,0.00,0.00,35056.92,,,,,,9.77,0.66,21972.19,2,6,627,20007,5Y,Atlas Air Inc.,5Y,Atlas Air Inc.,16087,I,3,3,2024,4
16894.91,0.00,1129.02,69.85,11.68,0.00,37042.96,0.00,26058.16,0.00,68.44,2579.63,0.00,787.66,1376.82,20.02,86039.14,2975.39,0.00,2497.87,179.11,0.00,1042.81,0.00,0.00,0.00,0.00,0.00,6695.17,5810.18,12505.34,0.00,0.00,0.00,494.28,0.00,1777.91,,0.00,,100816.67,,,,,,14.63,1.79,15688.23,1,6,699,20436,F9,Frontier Airlines Inc.,F9,Frontier Airlines Inc.,06460,D,3,3,2024,3
16904.34,,248.32,7793.52,0.00,,60062.80,,11985.08,,0.00,3880.60,,1250.43,,612.08,102737.16,877.24,,3431.59,,,3420.50,482.21,58.53,,,,8270.06,7192.55,15462.61,,1632.19,2968.39,1020.49,0.00,0.00,,0.00,0.00,123820.85,,,,,,10.55,1.05,32917.13,2,8,819,20007,5Y,Atlas Air Inc.,5Y,Atlas Air Inc.,06087,D,3,3,2024,2
16955.58,0.00,213.15,2756.88,23.11,,436.60,0.00,2388.12,243.72,0.00,978.80,0.00,1520.21,0.00,25.21,25541.38,5578.83,1394.71,6094.69,5230.75,,780.89,195.22,0.00,0.00,0.00,0.00,19275.08,0.00,19275.08,0.00,4179.20,80.83,173.51,0.00,120.90,,0.00,,49370.90,,,,,,22.03,3.56,13939.88,1,6,673,20378,YV,Mesa Airlines Inc.,YV,Mesa Airlines Inc.,06689,D,2,2,2024,1
16976.18,,1508.65,1794.91,,,30658.40,,2204.46,,,4678.32,,1452.84,314.68,,59588.42,1176.40,2.13,237.80,184.22,,492.60,450.10,,,,,2543.25,4289.28,6832.53,7.44,3246.19,897.30,1.59,8.04,,,,,70581.51,,,,,,15.03,1.35,10461.86,1,6,838,19977,UA,United Air Lines Inc.,UA,United Air Lines Inc.,10876,L,3,3,2024,1
17067.00,0.00,863.00,1427.00,0.00,0.00,39880.00,1.00,2156.00,6.00,211.00,4931.00,0.00,887.00,0.00,69.00,67498.00,1053.00,354.00,2514.00,3831.00,0.00,2668.00,1682.00,0.00,0.00,0.00,0.00,12102.00,4191.00,16293.00,116.00,3967.00,1980.00,111.00,297.00,0.00,,401.00,0.00,90663.00,,,,,,11.01,1.44,14386.33,1,6,623,19790,DL,Delta Air Lines Inc.,DL,Delta Air Lines Inc.,01260,D,3,3,2024,1
17078.97,,134.58,6957.17,0.00,,9464.12,,0.00,,0.00,4004.27,,1491.47,,891.16,40021.74,497.34,,168.06,,,0.00,252.62,44.55,,,,962.57,3982.48,4945.06,,56.09,0.00,265.84,0.00,0.00,,0.00,0.00,45288.73,,,,,,7.12,0.61,15917.72,2,6,627,20007,5Y,Atlas Air Inc.,5Y,Atlas Air Inc.,16087,I,3,3,2024,1
17122.54,0.00,1314.49,1130.64,0.00,0.00,43869.25,45.88,5747.40,0.00,21.62,4546.86,0.00,965.50,895.34,0.00,75659.51,2688.21,658.43,3453.77,4637.58,0.00,1948.21,3096.04,0.00,0.00,0.00,0.00,16482.24,6260.07,22742.31,342.80,3342.44,729.66,349.53,0.00,326.82,,378.82,,103871.89,,,,,,7.14,0.62,16708.83,1,6,627,19805,AA,American Airlines Inc.,AA,American Airlines Inc.,10050,L,3,3,2024,2
17238.00,334.71,746.91,0.00,91.48,,36846.07,0.00,21672.68,0.00,1030.80,1486.05,0.00,1313.39,0.00,-170.64,80589.44,515.30,515.30,515.30,515.30,,1932.07,1932.07,0.00,0.00,0.00,0.00,5925.32,3099.38,9024.70,0.00,713.13,0.00,365.68,0.00,0.00,,0.00,,90692.95,,,,,,16.11,1.94,10449.64,1,6,724,22080,MX,Breeze Aviation Group DBA  Breeze,MX,Breeze Aviation Group DBA  Breeze,01268,D,2,2,2024,1
17333.00,0.00,752.00,1581.00,0.00,0.00,39974.00,1.00,2175.00,1.00,251.00,5059.00,0.00,841.00,0.00,61.00,68029.00,1261.00,394.00,2554.00,4080.00,0.00,2706.00,1292.00,0.00,0.00,0.00,0.00,12287.00,4617.00,16904.00,132.00,4038.00,2074.00,100.00,310.00,0.00,,340.00,0.00,91927.00,,,,,,12.22,1.75,15233.22,1,6,622,19790,DL,Delta Air Lines Inc.,DL,Delta Air Lines Inc.,10260,L,3,3,2024,2
17381.13,0.00,1335.87,1149.65,0.00,0.00,36315.97,45.92,5803.02,0.00,21.91,4625.64,0.00,982.64,737.88,0.00,68399.61,2733.08,668.70,3476.29,4751.24,0.00,1958.23,3097.81,0.00,0.00,0.00,0.00,16685.34,6354.09,23039.43,347.65,3386.79,741.00,354.56,0.00,330.26,,384.79,,96984.10,,,,,,8.20,0.69,13898.35,1,6,887,19805,AA,American Airlines Inc.,AA,American Airlines Inc.,10052,P,3,3,2024,2
17457.15,,1727.45,2094.91,,,45735.60,,0.45,,,4511.13,-14.41,850.39,351.90,,72714.57,1252.61,26.27,5393.92,12572.53,,2367.06,-252.75,,,,,21359.64,4295.80,25655.43,2642.40,2344.33,1605.42,284.00,785.30,,,73.47,,106104.92,,,,,,14.91,1.34,16986.43,1,6,622,19977,UA,United Air Lines Inc.,UA,United Air Lines Inc.,10874,A,3,3,2024,2
17513.92,0.00,0.00,671.67,10.17,,71164.02,47.01,7382.27,11.08,872.26,4975.68,0.00,1706.20,135.90,-96.46,104393.70,3708.14,0.00,1604.82,0.00,,1832.55,10163.58,0.00,,0.00,,17309.09,4438.45,21747.54,,4122.92,1880.42,298.20,,,,71.62,,132514.40,,,,,,7.76,0.76,26853.96,2,8,821,19917,5X,United Parcel Service,5X,United Parcel Service,16911,A,3,3,2024,1
17636.60,,1611.06,2012.01,,,25727.04,,7.02,,,4546.73,-0.83,414.72,15.26,,51969.60,1794.51,2.03,1891.83,3115.07,,1141.16,1798.21,,,,,9742.81,4709.79,14452.60,16.76,162.10,1469.26,,53.76,,,,,68124.08,,,,,,14.87,2.15,11000.07,1,6,721,19977,UA,United Air Lines Inc.,UA,United Air Lines Inc.,0A875,D,3,3,2024,4
17641.29,,259.14,8133.29,0.00,,80100.97,,2093.27,,0.00,4049.78,,1304.94,,638.76,114221.45,915.48,,3581.19,,,3569.62,503.23,61.08,,,,8630.60,7506.11,16136.71,,3207.42,4460.63,2052.83,0.00,0.00,,0.00,0.00,140079.04,,,,,,7.09,0.85,22232.73,2,8,821,20007,5Y,Atlas Air Inc.,5Y,Atlas Air Inc.,16087,I,3,3,2024,2
17819.11,,229.89,7926.68,0.00,,493.04,,0.00,,0.00,4091.08,,1589.64,,837.84,32987.26,849.53,,3236.64,,,3071.47,431.52,76.10,,,,7665.25,6802.69,14467.94,,95.81,0.00,768.89,0.00,0.00,,0.00,0.00,48319.90,,,,,,4.61,0.76,6194.51,2,6,626,20007,5Y,Atlas Air Inc.,5Y,Atlas Air Inc.,06087,D,3,3,2024,1
17829.00,0.00,413.00,1644.00,1.00,0.00,40397.00,1.00,2086.00,27.00,203.00,5164.00,0.00,887.00,0.00,70.00,68722.00,1273.00,508.00,1568.00,3722.00,0.00,2784.00,1364.00,0.00,0.00,0.00,0.00,11219.00,4464.00,15683.00,152.00,3929.00,2033.00,97.00,316.00,0.00,,323.00,0.00,91255.00,,,,,,11.94,1.44,16131.76,1,6,623,19790,DL,Delta Air Lines Inc.,DL,Delta Air Lines Inc.,01260,D,3,3,2024,3
17857.86,0.00,551.08,1106.23,3.08,0.00,27361.77,0.00,171.56,0.70,21.30,4601.72,0.00,700.55,628.94,86.18,53090.96,1878.76,0.00,820.53,483.58,0.00,227.69,17.47,0.00,0.00,0.00,0.00,3428.02,3048.92,6476.95,8.58,2248.39,678.98,0.00,16.16,172.12,,0.00,,62692.14,,,,,,16.91,1.94,11400.74,1,6,721,20409,B6,JetBlue Airways,B6,JetBlue Airways,06673,D,3,3,2024,4
17886.92,0.00,0.00,754.44,18.95,,94090.84,81.76,0.00,9.72,359.50,4759.82,0.00,907.17,2042.06,17.97,120929.14,3825.54,0.00,15063.00,0.00,,5426.90,15727.41,0.00,,0.00,,40042.85,4655.19,44698.04,,16117.13,5593.22,4158.55,,,,73.91,,191569.98,,,,,,4.90,2.70,31505.59,2,7,740,19917,5X,United Parcel Service,5X,United Parcel Service,06910,D,3,3,2024,2
17961.51,5269.33,848.26,0.00,0.00,0.00,66052.18,0.00,25304.20,0.00,1642.82,1522.65,0.00,762.66,0.00,14216.61,133580.20,4344.82,1086.20,0.00,0.00,0.00,6776.34,1694.09,0.00,0.00,0.00,0.00,13901.45,0.00,13901.45,0.00,0.00,0.00,3197.08,0.00,0.00,,0.00,,150678.74,,,,,,7.23,0.76,22374.18,2,8,819,20405,N8,National Air Cargo Group Inc d/ba National Airlines,N8,National Air Cargo Group Inc d/ba National Airlines,11049,I,2,2,2024,4
17969.41,0.00,832.67,1472.60,45.25,0.00,12810.27,0.00,261.71,1.05,23.17,4943.81,0.00,1199.32,617.56,42.47,40219.29,1793.90,0.00,973.68,612.68,0.00,174.35,6.33,0.00,0.00,0.00,0.00,3560.94,2954.01,6514.95,8.42,2440.44,677.52,0.00,18.71,222.61,,0.00,,50101.94,,,,,,14.26,1.69,4584.92,1,6,721,20409,B6,JetBlue Airways,B6,JetBlue Airways,10875,A,3,3,2024,2
17992.76,0.00,1209.62,10.45,8.17,0.00,41293.68,0.00,21846.52,0.00,71.78,2762.46,0.00,1193.27,1666.00,36.94,88091.64,2783.13,0.00,2023.27,-78.79,0.00,726.90,0.00,0.00,0.00,0.00,0.00,5454.52,5232.56,10687.08,0.00,0.00,0.00,486.81,0.00,1793.98,,0.00,,101059.50,,,,,,15.43,1.71,16201.43,1,6,699,20436,F9,Frontier Airlines Inc.,F9,Frontier Airlines Inc.,06460,D,3,3,2024,2
18009.00,0.00,166.42,344.77,63.73,0.00,33211.57,0.00,13858.70,0.01,350.39,3856.88,0.00,836.90,1633.30,0.00,72331.68,4016.48,0.00,936.31,449.52,0.00,885.08,2136.03,0.00,0.00,0.00,0.00,8423.41,0.00,8423.41,0.00,2874.20,269.09,64.56,0.00,0.00,,2767.91,,86730.85,,,,,,15.06,1.82,13284.26,1,6,721,20416,NK,Spirit Air Lines,NK,Spirit Air Lines,06830,D,3,3,2024,3
18020.00,0.00,0.00,735.00,0.00,0.00,0.00,0.00,0.00,0.00,0.00,4024.00,0.00,1238.00,0.00,57.00,24074.00,6230.00,249.00,4613.00,7930.00,0.00,1139.00,912.00,0.00,0.00,0.00,0.00,21074.00,2673.00,23747.00,60.00,8328.00,4193.00,349.00,0.00,0.00,,0.00,,60751.00,,,,,,24.38,3.73,14454.00,1,6,673,19687,QX,Horizon Air,QX,Horizon Air,06580,D,2,2,2024,1
18026.74,563.25,944.81,321.03,14.08,0.00,36144.11,0.00,1443.36,0.02,500.57,2384.07,0.00,1311.35,0.00,695.62,62348.99,5640.09,0.00,58.81,416.81,0.00,4257.80,293.50,0.00,0.00,0.00,0.00,10667.00,3583.82,14250.82,0.00,4660.47,3784.88,1616.89,0.00,0.00,,1558.43,,88220.48,,,,,,14.45,3.13,13451.48,1,6,698,20368,G4,Allegiant Air,G4,Allegiant Air,06035,D,3,3,2024,3
18099.26,,247.99,8369.51,0.00,,78193.29,,2327.35,,0.00,4226.74,,1609.74,,687.68,113761.55,916.43,,3491.51,,,3313.33,465.50,82.09,,,,8268.86,9151.81,17420.68,,3479.10,4784.46,2829.57,0.00,0.00,,0.00,0.00,142275.36,,,,,,6.56,0.78,20573.57,2,8,821,20007,5Y,Atlas Air Inc.,5Y,Atlas Air Inc.,16087,I,3,3,2024,1
18123.43,0.00,1395.34,1230.38,0.00,0.00,42746.59,57.86,5818.11,0.00,22.57,5380.68,0.00,512.29,843.84,0.00,76131.08,3015.42,721.62,3514.43,5760.98,0.00,1992.12,2880.24,0.00,0.00,0.00,0.00,17884.80,6885.41,24770.21,377.46,3512.22,795.11,388.19,0.00,314.09,,394.49,,106682.84,,,,,,7.47,0.63,17535.33,1,6,627,19805,AA,American Airlines Inc.,AA,American Airlines Inc.,10050,L,3,3,2024,3
18188.75,0.00,254.04,8032.81,1126.82,0.00,1031.90,0.97,3441.35,367.43,69.71,3069.92,0.00,1299.20,0.00,211.95,37094.84,9784.71,0.00,22342.29,2413.50,0.00,3324.40,0.00,1590.93,0.00,1429.38,0.00,40885.21,10308.70,51193.90,0.00,730.44,0.00,3003.84,0.00,0.00,,0.00,,92023.02,,,,,,18.68,3.53,31400.06,2,6,626,19874,8C,Air Transport International,8C,Air Transport International,06029,D,2,2,2024,3
18275.00,0.00,0.00,858.00,0.00,0.00,0.00,0.00,0.00,0.00,0.00,4081.00,0.00,1255.00,0.00,49.00,24517.00,6214.00,259.00,4953.00,8929.00,0.00,1148.00,731.00,0.00,0.00,0.00,0.00,22234.00,2627.00,24861.00,36.00,8746.00,4358.00,372.00,0.00,0.00,,0.00,,62891.00,,,,,,28.44,3.92,17046.00,1,6,673,19687,QX,Horizon Air,QX,Horizon Air,06580,D,2,2,2024,2
18276.00,0.00,594.00,983.00,0.00,0.00,42902.00,1.00,1485.00,4.00,146.00,3396.00,0.00,611.00,0.00,47.00,68445.00,725.00,244.00,1732.00,2639.00,0.00,1838.00,1159.00,0.00,0.00,0.00,0.00,8337.00,2886.00,11223.00,80.00,2732.00,1364.00,76.00,205.00,0.00,,276.00,0.00,84401.00,,,,,,7.62,0.59,15476.56,1,6,359,19790,DL,Delta Air Lines Inc.,DL,Delta Air Lines Inc.,10261,A,3,3,2024,1
18288.29,563.34,995.43,317.40,4.77,0.00,41981.61,0.00,1419.19,0.00,532.38,2431.88,0.00,1433.38,0.00,1100.12,69067.79,5958.21,0.00,113.08,225.92,0.00,4767.44,263.45,0.00,0.00,0.00,0.00,11328.10,3277.03,14605.14,0.00,5797.88,3441.29,1698.31,0.00,0.00,,1699.93,,96310.33,,,,,,16.44,3.09,14847.08,1,6,698,20368,G4,Allegiant Air,G4,Allegiant Air,06035,D,3,3,2024,2
18409.46,,2093.49,2350.77,,,43198.76,,,,,4727.40,-1.08,431.20,1482.29,,72692.29,1878.36,35.33,8624.33,3271.56,,3506.75,545.52,,,,,17861.85,4934.13,22795.98,487.92,4800.57,1287.25,105.20,244.36,,,-0.28,,102413.28,,,,,,15.41,1.93,18590.87,1,6,623,19977,UA,United Air Lines Inc.,UA,United Air Lines Inc.,0A875,D,3,3,2024,4
18465.02,0.00,101.47,8939.12,1626.22,0.00,1121.97,0.41,1619.10,376.79,80.26,3138.82,0.00,1663.05,0.00,295.77,37427.99,8277.72,0.00,19633.16,1224.63,0.00,2833.95,0.00,1923.00,0.00,1791.04,0.00,35683.49,10352.39,46035.88,0.00,794.01,0.00,2772.64,0.00,0.00,,0.00,,87030.51,,,,,,21.77,3.39,34251.53,2,6,626,19874,8C,Air Transport International,8C,Air Transport International,06029,D,2,2,2024,1
18566.21,0.00,19.33,1399.01,2.53,0.00,22549.52,0.00,3808.63,0.66,42.90,4796.14,0.00,823.15,707.73,72.81,52788.60,1548.33,0.00,6829.63,4212.55,0.00,1683.42,131.51,0.00,0.00,0.00,0.00,14405.44,2753.87,17159.30,596.98,2016.65,2641.09,1304.20,260.92,220.68,,0.00,,76988.41,,,,,,10.10,1.99,9395.63,1,6,678,20409,B6,JetBlue Airways,B6,JetBlue Airways,06673,D,3,3,2024,4
18656.40,0.00,21.49,1702.03,13.44,0.00,43397.76,0.00,5128.80,0.77,44.88,5169.74,0.00,965.14,774.93,1531.79,77407.16,1473.75,0.00,8711.10,1569.54,0.00,1862.31,172.32,0.00,0.00,0.00,0.00,13789.02,2497.28,16286.30,706.22,1974.81,2807.50,1360.37,269.21,240.20,,0.00,,101051.76,,,,,,10.10,1.99,16710.73,1,6,678,20409,B6,JetBlue Airways,B6,JetBlue Airways,06673,D,3,3,2024,3
18659.08,0.00,880.49,1397.59,14.08,0.00,40036.45,0.00,160.92,1.31,-1.67,5707.34,0.00,1566.56,681.92,83.98,69188.04,1885.85,0.00,1021.59,521.93,0.00,243.85,18.92,0.00,0.00,0.00,0.00,3692.14,3049.18,6741.31,7.20,2433.18,642.23,0.00,17.39,212.95,,0.00,,79242.31,,,,,,14.29,1.29,13767.69,1,6,699,20409,B6,JetBlue Airways,B6,JetBlue Airways,16673,L,3,3,2024,1
18746.14,0.00,266.22,8985.83,1566.35,0.00,1597.02,0.45,2487.81,384.48,19.85,2995.64,0.00,1585.88,0.00,177.96,38813.62,8351.09,0.00,21706.20,2953.10,0.00,2788.12,0.00,1669.90,0.00,1036.54,0.00,38504.94,11119.05,49623.98,0.00,853.37,0.00,2945.25,0.00,0.00,,0.00,,92236.22,,,,,,20.42,3.40,33253.46,2,6,626,19874,8C,Air Transport International,8C,Air Transport International,06029,D,2,2,2024,2
18883.93,0.00,3319.65,2390.50,0.00,0.00,0.00,0.00,8847.15,0.00,0.00,1178.29,0.00,1934.47,0.00,0.00,36553.98,3562.52,110.18,3350.27,0.00,0.00,815.71,277.02,0.00,0.00,0.00,5499.21,13614.91,4627.88,18242.79,336.86,0.00,0.00,1.01,0.00,0.00,,0.00,,55134.64,,,,,,18.53,7.72,12286.99,1,6,677,20398,MQ,Envoy Air,MQ,Envoy Air,06820,D,3,3,2024,1
18893.48,,2118.49,2585.99,,,48958.71,,67.55,,,5235.87,,543.93,2846.41,,81250.42,1632.18,42.25,10564.52,1129.03,,3340.40,1160.74,,,,,17869.12,4602.32,22471.44,490.91,4750.12,1281.50,68.71,259.86,,,-0.85,,110572.10,,,,,,15.98,1.93,19924.54,1,6,623,19977,UA,United Air Lines Inc.,UA,United Air Lines Inc.,0A875,D,3,3,2024,3
18943.91,0.00,3233.92,3101.00,0.00,0.00,0.00,0.00,10690.06,0.00,0.00,1477.45,0.00,1730.46,0.00,0.00,39176.80,4082.12,126.25,4128.20,107.78,0.00,1172.96,418.60,0.00,0.00,0.00,7351.51,17387.42,5030.33,22417.75,391.60,0.00,0.00,1.00,0.00,0.00,,0.00,,61987.15,,,,,,23.05,9.43,15721.20,1,6,677,20398,MQ,Envoy Air,MQ,Envoy Air,06820,D,3,3,2024,2
18957.34,0.00,585.01,1174.34,3.26,0.00,31549.05,0.00,182.68,0.74,-14.33,4885.04,0.00,743.68,662.56,91.49,58820.85,1994.43,0.00,871.94,513.35,0.00,241.71,18.54,0.00,0.00,0.00,0.00,3639.98,3158.44,6798.41,9.11,2386.82,720.79,0.00,17.16,182.72,,0.00,,68935.86,,,,,,8.23,0.74,13145.44,1,6,699,20409,B6,JetBlue Airways,B6,JetBlue Airways,16673,L,3,3,2024,4
19008.11,365.10,761.47,0.00,15.13,,43478.35,0.00,24181.72,0.00,926.98,1934.95,0.00,1513.21,0.00,-1369.26,90815.77,572.32,572.32,572.32,572.32,,2101.71,2101.71,0.00,0.00,0.00,0.00,6492.69,3059.56,9552.25,0.00,1179.77,0.00,414.95,0.00,0.00,,0.00,,101962.74,,,,,,19.54,2.15,14063.21,1,6,724,22080,MX,Breeze Aviation Group DBA  Breeze,MX,Breeze Aviation Group DBA  Breeze,01268,D,2,2,2024,2
19029.09,591.96,993.80,278.94,5.45,0.00,35852.25,0.00,1522.88,0.00,350.55,2702.26,0.00,435.25,0.00,717.26,62479.69,6024.34,0.00,135.42,206.30,0.00,5700.76,132.55,0.00,0.00,0.00,0.00,12199.37,3970.41,16169.78,0.00,5707.88,3694.05,1679.67,0.00,0.00,,0.00,,89731.08,,,,,,15.92,3.13,14352.47,1,6,698,20368,G4,Allegiant Air,G4,Allegiant Air,06035,D,3,3,2024,4
19093.64,0.00,245.00,2229.80,27.73,,29.93,0.00,2517.14,222.51,0.00,1199.03,0.00,1679.36,0.00,0.30,27244.44,5779.38,1444.85,4920.97,6813.19,,753.55,188.39,0.00,0.00,0.00,0.00,19900.32,0.00,19900.32,0.00,4436.22,82.80,209.37,0.00,129.04,,0.00,,52002.19,,,,,,24.73,3.98,14550.18,1,6,673,20378,YV,Mesa Airlines Inc.,YV,Mesa Airlines Inc.,06689,D,2,2,2024,2
19197.91,0.00,243.26,7700.52,799.94,0.00,1260.78,0.00,4047.61,384.70,76.90,3463.82,0.00,876.58,0.00,241.70,38293.72,10118.76,0.00,22208.06,2455.06,0.00,3668.03,0.00,1764.22,0.00,1503.94,0.00,41718.06,9877.95,51596.01,0.00,774.94,0.00,3087.75,0.00,0.00,,0.00,,93752.43,,,,,,20.86,3.78,34447.13,2,6,626,19874,8C,Air Transport International,8C,Air Transport International,06029,D,2,2,2024,4
19251.42,339.36,756.72,0.00,48.42,,43478.35,0.00,27448.56,0.00,1069.82,2351.06,0.00,1212.51,0.00,-2260.65,93695.56,649.91,649.91,649.91,649.91,,3096.15,3096.15,0.00,0.00,0.00,0.00,8791.93,4047.82,12839.75,0.00,1171.57,0.00,426.54,0.00,0.00,,0.00,,108133.43,,,,,,19.54,2.15,14063.21,1,6,724,22080,MX,Breeze Aviation Group DBA  Breeze,MX,Breeze Aviation Group DBA  Breeze,01268,D,2,2,2024,3
19285.24,,2289.26,2693.60,,,54753.36,,0.48,,,4964.67,-19.10,935.89,2937.16,,87840.56,1665.72,28.91,7587.92,1615.50,,3884.70,-324.32,,,,,14458.43,4741.11,19199.54,495.31,4711.76,1277.66,62.79,269.28,,,-0.85,,113856.04,,,,,,16.61,1.91,20617.40,1,6,623,19977,UA,United Air Lines Inc.,UA,United Air Lines Inc.,0A875,D,3,3,2024,2
19528.07,0.00,29.87,2095.51,46.10,0.00,39802.17,0.00,5871.83,1.43,51.64,2443.07,0.00,1534.83,1038.89,138.43,72581.85,1827.87,0.00,12192.89,1535.26,0.00,1555.44,156.87,0.00,0.00,0.00,0.00,17268.33,3437.30,20705.63,715.24,2735.12,5249.02,1388.74,292.22,315.85,,0.00,,103983.67,,,,,,14.53,2.50,14245.59,1,6,678,20409,B6,JetBlue Airways,B6,JetBlue Airways,06673,D,3,3,2024,2
19546.00,0.00,1710.00,6600.00,449.00,,47510.00,,6.00,56.00,,1719.00,,1336.00,1827.00,4625.00,85384.00,38.00,4.00,25.00,6428.00,,2373.00,1413.00,2514.00,,122.00,,12917.00,8655.00,21572.00,,9039.00,4224.00,369.00,69.00,,,,,120657.00,,,,,,9.57,0.86,21700.46,2,6,683,20107,FX,Federal Express Corporation,FX,Federal Express Corporation,06200,D,3,3,2024,3
19620.00,0.00,0.00,853.00,0.00,0.00,0.00,0.00,0.00,0.00,0.00,4381.00,0.00,1348.00,0.00,70.00,26271.00,6316.00,275.00,3490.00,9032.00,0.00,867.00,571.00,0.00,0.00,0.00,0.00,20551.00,2558.00,23109.00,51.00,9009.00,4463.00,383.00,0.00,0.00,,0.00,,63286.00,,,,,,29.72,4.05,18250.00,1,6,673,19687,QX,Horizon Air,QX,Horizon Air,06580,D,2,2,2024,3
19661.39,,2333.23,2544.60,,,52796.13,,0.64,,,5393.93,,1675.07,2674.45,,87079.43,1708.44,41.56,3933.57,1916.32,,3081.72,931.23,,,,,11612.85,5358.15,16971.00,452.66,4699.08,1270.28,58.63,228.86,,,-0.85,,110759.09,,,,,,15.61,1.90,18842.28,1,6,623,19977,UA,United Air Lines Inc.,UA,United Air Lines Inc.,0A875,D,3,3,2024,1
19748.41,0.00,1515.86,1303.82,0.00,0.00,41452.49,53.04,6631.77,0.00,24.94,5242.14,0.00,1113.08,846.21,0.00,77931.77,3099.73,759.39,3988.00,5341.37,0.00,2250.16,3578.42,0.00,0.00,0.00,0.00,19017.06,7219.81,26236.87,395.37,3855.42,841.38,403.11,0.00,377.10,,436.79,,110477.82,,,,,,13.94,1.56,15785.84,1,6,699,19805,AA,American Airlines Inc.,AA,American Airlines Inc.,10050,L,3,3,2024,2
19787.20,0.00,0.00,758.85,11.49,,54585.38,53.11,0.00,12.51,406.16,5621.52,0.00,1927.66,1825.63,-108.99,84880.53,4189.45,0.00,16124.90,0.00,,4743.50,17263.04,0.00,,0.00,,42320.88,5014.56,47335.44,,19197.02,8522.99,4158.92,,,,80.91,,164175.80,,,,,,7.76,2.97,18464.67,2,7,740,19917,5X,United Parcel Service,5X,United Parcel Service,06910,D,3,3,2024,1
19808.95,,274.20,8834.16,0.00,,76483.52,,1986.32,,0.00,3896.38,,888.02,,584.79,112756.34,928.93,,3435.35,,,4111.27,647.86,59.67,,,,9183.08,7781.55,16964.63,,3216.25,4392.48,1989.69,0.00,0.00,,0.00,0.00,139319.40,,,,,,8.50,0.90,26741.80,2,8,821,20007,5Y,Atlas Air Inc.,5Y,Atlas Air Inc.,16087,I,3,3,2024,3
19889.05,,1811.31,2162.57,,,50358.52,,0.43,,,5479.24,,1701.56,77.72,,81480.38,929.32,1.67,2241.30,10361.13,,1158.88,378.84,,,,,15071.14,3330.59,18401.73,847.79,5207.52,2299.75,228.44,350.15,,,,,108815.76,,,,,,10.49,0.92,18013.76,1,6,624,19977,UA,United Air Lines Inc.,UA,United Air Lines Inc.,10874,A,3,3,2024,1
19914.00,0.00,1949.00,7185.00,509.00,,42415.00,,18.00,49.00,,1477.00,,1070.00,1627.00,2056.00,78269.00,33.00,4.00,47.00,4331.00,,3124.00,1716.00,2294.00,,143.00,,11692.00,9212.00,20904.00,,8743.00,4108.00,359.00,67.00,,,,,112450.00,,,,,,9.38,0.86,21011.96,2,6,683,20107,FX,Federal Express Corporation,FX,Federal Express Corporation,06200,D,3,3,2024,4
19931.21,,275.89,8888.68,0.00,,57491.77,,11959.42,,0.00,3920.43,,893.50,,588.40,103949.30,934.66,,3456.55,,,4136.65,651.86,60.04,,,,9239.76,7814.78,17054.53,,1969.07,3042.68,1907.76,0.00,0.00,,0.00,0.00,127923.34,,,,,,12.19,1.06,38846.92,2,8,819,20007,5Y,Atlas Air Inc.,5Y,Atlas Air Inc.,06087,D,3,3,2024,3
19951.61,,175.22,9533.64,0.00,,6958.92,,0.00,,0.00,4661.59,,1446.76,,1212.47,43940.22,619.01,,188.10,,,2413.63,340.26,41.30,,,,3602.31,5075.33,8677.64,,40.30,0.00,350.45,0.00,0.00,,0.00,0.00,53008.61,,,,,,7.69,0.67,17201.41,2,6,627,20007,5Y,Atlas Air Inc.,5Y,Atlas Air Inc.,16087,I,3,3,2024,2
20020.19,0.00,1552.84,1347.21,0.00,0.00,53815.10,67.57,7181.42,0.00,26.62,5277.65,0.00,1621.89,1022.10,0.00,91932.59,3259.88,799.22,4196.78,5557.79,0.00,2586.41,2596.61,0.00,0.00,0.00,0.00,18996.68,8078.99,27075.66,418.87,4132.77,862.24,417.10,0.00,421.03,,423.59,,125683.85,,,,,,8.25,0.87,19333.76,1,6,627,19805,AA,American Airlines Inc.,AA,American Airlines Inc.,10050,L,3,3,2024,1
20072.71,0.00,930.13,1644.97,50.54,0.00,43543.49,0.00,293.08,1.17,-0.67,5522.48,0.00,1339.70,949.34,47.44,74394.38,2003.87,0.00,1088.04,684.40,0.00,194.75,7.07,0.00,0.00,0.00,0.00,3978.13,3301.95,7280.08,9.41,2726.10,756.82,0.00,20.90,248.66,,0.00,,85436.35,,,,,,15.93,1.39,15584.64,1,6,699,20409,B6,JetBlue Airways,B6,JetBlue Airways,16673,L,3,3,2024,2
20387.00,0.00,2105.00,6049.00,454.00,,53754.00,,297.00,95.00,,2095.00,,2709.00,1791.00,3997.00,93733.00,42.00,5.00,25.00,6539.00,,848.00,673.00,2496.00,,149.00,,10777.00,8058.00,18835.00,,9445.00,4435.00,397.00,74.00,,,,,126919.00,,,,,,9.11,0.93,20448.88,2,6,683,20107,FX,Federal Express Corporation,FX,Federal Express Corporation,06200,D,3,3,2024,1
20524.04,,142.17,8784.61,0.00,,3169.28,,0.00,,0.00,4338.50,,943.20,,1111.40,39013.19,481.63,,146.66,,,2131.62,335.90,30.94,,,,3126.76,4026.97,7153.73,,52.85,0.00,370.41,0.00,0.00,,0.00,0.00,46590.18,,,,,,8.76,0.63,20374.58,2,6,627,20007,5Y,Atlas Air Inc.,5Y,Atlas Air Inc.,16087,I,3,3,2024,3
20564.32,396.65,792.15,0.00,56.86,,46541.49,0.00,32386.28,0.00,1142.50,2395.38,0.00,1090.15,0.00,-828.37,104537.41,689.07,689.07,689.07,689.07,,3103.71,3103.71,0.00,0.00,0.00,0.00,8963.69,6715.96,15679.65,0.00,1491.28,0.00,455.55,0.00,1250.54,,0.00,,123414.42,,,,,,24.79,2.94,17429.09,1,6,724,22080,MX,Breeze Aviation Group DBA  Breeze,MX,Breeze Aviation Group DBA  Breeze,01268,D,2,2,2024,4
20577.40,0.00,1483.36,3009.90,0.00,0.00,0.00,0.00,11543.14,0.00,0.00,1441.08,0.00,1553.21,0.00,0.00,39608.09,4234.15,130.95,4256.75,0.00,0.00,961.86,435.29,0.00,0.00,0.00,5377.66,15396.66,5398.58,20795.24,420.42,0.00,0.00,0.73,0.00,0.00,,0.00,,60824.48,,,,,,24.64,10.33,17097.36,1,6,677,20398,MQ,Envoy Air,MQ,Envoy Air,06820,D,3,3,2024,3
20637.51,402.25,0.00,1808.86,0.00,0.00,56719.84,0.00,115.72,0.00,289.15,3143.82,0.00,1719.66,0.00,57.32,84894.12,4087.97,0.00,6871.65,813.00,0.00,1043.48,152.55,0.00,0.00,0.00,0.00,12968.65,1614.76,14583.41,0.00,2166.22,6102.96,2328.33,0.00,0.00,,4151.33,,114226.36,,,,,,19.83,2.86,17655.47,1,6,614,20422,SY,Sun Country Airlines d/b/a MN Airlines,SY,Sun Country Airlines d/b/a MN Airlines,06795,D,3,3,2024,1
20726.66,,1700.67,2313.83,,,34568.76,,3193.93,,,5779.23,,600.38,351.11,,69234.56,1506.29,2.44,636.51,308.09,,78.26,828.69,,,,,3360.27,5893.69,9253.96,28.10,4046.77,1122.65,6.84,77.94,,,,,83770.83,,,,,,18.60,1.59,13363.97,1,6,838,19977,UA,United Air Lines Inc.,UA,United Air Lines Inc.,10876,L,3,3,2024,3
20750.66,0.00,889.10,3655.67,0.00,0.00,10509.64,0.00,1700.16,101.76,35.01,2282.58,0.00,1707.95,152.24,504.72,42289.47,3351.67,0.00,13702.86,2374.88,0.00,7616.28,328.65,0.00,0.00,0.00,0.00,27374.35,5028.16,32402.51,0.00,617.78,2465.02,2601.60,0.00,368.64,,0.00,,80745.00,,,,,,21.62,11.97,11096.21,1,6,629,20304,OO,SkyWest Airlines Inc.,OO,SkyWest Airlines Inc.,06700,D,3,3,2024,1
20856.00,0.00,0.00,848.00,0.00,0.00,0.00,0.00,0.00,0.00,0.00,4657.00,0.00,1433.00,0.00,71.00,27865.00,6591.00,284.00,5286.00,10978.00,0.00,1445.00,1205.00,0.00,0.00,0.00,0.00,25788.00,2714.00,28502.00,60.00,9000.00,4463.00,402.00,0.00,0.00,,0.00,,70293.00,,,,,,27.49,4.05,16559.00,1,6,673,19687,QX,Horizon Air,QX,Horizon Air,06580,D,2,2,2024,4
20925.46,0.00,1422.75,3377.62,0.00,0.00,0.00,0.00,11935.79,0.00,0.00,1378.93,0.00,1531.82,0.00,0.00,40572.37,3806.48,117.73,4356.08,260.33,0.00,1264.44,427.41,0.00,0.00,0.00,4838.57,15071.03,6006.08,21077.11,425.67,0.00,0.00,-0.28,0.00,0.00,,0.00,,62074.86,,,,,,23.87,10.65,16133.35,1,6,677,20398,MQ,Envoy Air,MQ,Envoy Air,06820,D,3,3,2024,4
21204.92,0.00,0.00,752.83,24.15,,58745.06,84.50,0.00,13.78,398.53,5206.57,0.00,600.35,1857.87,-78.63,88809.93,4799.70,0.00,13212.44,0.00,,6487.37,14950.11,0.00,,0.00,,39449.62,5655.10,45104.72,,10703.15,4421.88,4064.05,,,,85.42,,153189.15,,,,,,9.15,2.62,22305.81,2,7,740,19917,5X,United Parcel Service,5X,United Parcel Service,06910,D,3,3,2024,3
21343.93,0.00,4742.13,3247.92,0.00,0.00,0.00,69.10,10072.27,198.89,19.83,2003.26,0.00,2963.40,0.00,0.03,44660.75,6117.93,0.00,4950.99,13509.29,0.00,2068.40,0.00,0.00,0.00,0.00,0.00,26646.62,12023.19,38669.81,704.97,0.00,0.00,1424.24,0.00,0.00,,0.00,,85459.77,,,,,,23.41,5.34,12080.45,1,6,675,20427,PT,Piedmont Airlines,PT,Piedmont Airlines,06918,D,2,2,2024,1
21435.00,0.00,935.00,1964.00,0.00,0.00,40389.00,1.00,2703.00,2.00,312.00,6286.00,0.00,1044.00,0.00,76.00,75147.00,1567.00,489.00,3174.00,5070.00,0.00,3362.00,1605.00,0.00,0.00,0.00,0.00,15267.00,5737.00,21004.00,163.00,5017.00,2577.00,124.00,386.00,0.00,,422.00,0.00,104840.00,,,,,,15.18,1.76,15391.26,1,6,888,19790,DL,Delta Air Lines Inc.,DL,Delta Air Lines Inc.,10260,L,3,3,2024,2
21471.92,,210.64,8932.04,0.00,,60471.61,,11842.77,,0.00,3957.97,,628.80,,319.00,107834.75,954.96,,3811.92,,,4172.82,513.35,62.71,,,,9515.75,8081.86,17597.61,,2050.86,2824.52,1868.33,0.00,0.00,,0.00,0.00,132176.05,,,,,,12.04,1.01,37822.90,2,8,819,20007,5Y,Atlas Air Inc.,5Y,Atlas Air Inc.,06087,D,3,3,2024,4
21494.03,0.00,1581.57,1354.93,0.00,0.00,38349.62,53.93,6804.46,0.00,27.45,6368.23,0.00,810.61,760.18,0.00,77605.01,3657.12,877.66,4755.70,6215.35,0.00,2855.40,3120.21,0.00,0.00,0.00,0.00,21481.43,8724.59,30206.02,475.65,4273.32,1023.08,874.80,0.00,315.59,,551.63,,115325.09,,,,,,9.69,0.93,16851.00,1,6,887,19805,AA,American Airlines Inc.,AA,American Airlines Inc.,10052,P,3,3,2024,4
21977.88,0.00,1714.05,1481.95,0.00,0.00,49598.28,73.68,7870.56,0.00,29.21,5809.39,0.00,1783.15,963.60,0.00,91301.74,3577.43,875.40,4598.74,6157.38,0.00,2814.98,2845.73,0.00,0.00,0.00,0.00,20869.66,8857.78,29727.44,461.59,4527.96,945.12,458.49,0.00,461.66,,465.72,,128349.72,,,,,,10.21,0.95,17802.68,1,6,887,19805,AA,American Airlines Inc.,AA,American Airlines Inc.,10052,P,3,3,2024,1
22210.66,,1953.88,2339.63,,,43582.45,,2153.11,,,5729.73,-1.01,522.62,919.82,,79410.89,1962.71,2.56,2035.64,470.93,,1628.53,187.70,,,,,6288.05,6473.49,12761.54,195.17,4002.96,2006.73,186.18,953.33,,,,,99516.80,,,,,,24.23,2.17,17805.29,1,6,839,19977,UA,United Air Lines Inc.,UA,United Air Lines Inc.,10876,L,3,3,2024,4
22364.00,0.00,836.00,1383.00,0.00,0.00,57469.00,1.00,2089.00,6.00,205.00,4778.00,0.00,860.00,0.00,66.00,90057.00,1020.00,343.00,2436.00,3712.00,0.00,2585.00,1630.00,0.00,0.00,0.00,0.00,11726.00,4060.00,15786.00,113.00,3843.00,1919.00,107.00,288.00,0.00,,388.00,0.00,112501.00,,,,,,10.67,0.92,20731.72,1,6,696,19790,DL,Delta Air Lines Inc.,DL,Delta Air Lines Inc.,10261,A,3,3,2024,1
22588.90,,1933.43,2351.05,,,41654.92,,944.80,,,5829.73,-0.99,531.74,607.89,,76441.46,1995.20,2.60,7792.95,2032.83,,3469.46,265.54,,,,,15558.58,7198.97,22757.55,262.86,5362.17,2153.38,182.43,523.66,,,,,107683.52,,,,,,19.53,2.15,17190.67,1,6,888,19977,UA,United Air Lines Inc.,UA,United Air Lines Inc.,10876,L,3,3,2024,4
22596.00,0.00,856.00,1416.00,0.00,0.00,55872.00,1.00,2140.00,6.00,210.00,4894.00,0.00,880.00,0.00,68.00,88939.00,1045.00,351.00,2495.00,3803.00,0.00,2648.00,1670.00,0.00,0.00,0.00,0.00,12012.00,4159.00,16171.00,115.00,3937.00,1966.00,110.00,295.00,0.00,,398.00,0.00,111931.00,,,,,,10.93,1.04,20155.37,1,6,624,19790,DL,Delta Air Lines Inc.,DL,Delta Air Lines Inc.,10261,A,3,3,2024,1
22615.67,,1678.42,2410.59,,,43858.42,,719.99,,,5871.86,-14.00,1106.90,530.16,,78778.00,832.81,1.08,10612.75,35749.42,,4312.25,-316.77,,,,,51191.54,5591.78,56783.32,1318.00,5732.20,3015.61,566.90,2735.28,,,,,148929.31,,,,,,9.64,0.94,15547.58,1,6,887,19977,UA,United Air Lines Inc.,UA,United Air Lines Inc.,10874,A,3,3,2024,2
22625.90,0.00,1743.17,1530.48,0.00,0.00,45002.33,72.05,7306.84,0.00,28.28,6836.47,0.00,638.19,879.50,0.00,86663.19,3763.97,902.70,4413.90,7197.40,0.00,2516.77,3588.83,0.00,0.00,0.00,0.00,22383.58,8613.80,30997.37,473.31,4402.11,998.20,487.48,0.00,392.95,,493.83,,124908.44,,,,,,10.49,0.90,18512.80,1,6,887,19805,AA,American Airlines Inc.,AA,American Airlines Inc.,10052,P,3,3,2024,3
22856.74,0.00,818.83,1631.52,22.50,0.00,16855.50,0.00,215.55,1.05,27.91,6662.64,0.00,818.80,775.44,1272.79,51959.23,2467.24,0.00,1152.69,692.34,0.00,263.47,23.66,0.00,0.00,0.00,0.00,4599.40,3668.10,8267.50,10.40,2994.02,861.79,0.00,21.51,265.38,,0.00,,64379.83,,,,,,16.91,1.94,6490.37,1,6,721,20409,B6,JetBlue Airways,B6,JetBlue Airways,06673,D,3,3,2024,3
22869.15,0.00,269.02,428.70,58.58,0.00,45030.51,0.00,13353.51,-1.19,442.38,4755.14,0.00,1871.94,2069.69,0.00,91147.42,4753.16,0.00,1138.12,865.04,0.00,960.04,2375.61,0.00,0.00,0.00,0.00,10091.97,0.00,10091.97,0.00,3856.49,350.38,76.55,0.00,0.00,,3168.85,,108691.64,,,,,,18.95,2.17,19355.25,1,6,699,20416,NK,Spirit Air Lines,NK,Spirit Air Lines,06830,D,3,3,2024,1
22884.00,0.00,693.00,1954.00,0.00,0.00,36404.00,1.00,2810.00,13.00,326.00,6834.00,0.00,1134.00,0.00,114.00,73167.00,1646.00,773.00,3781.00,4435.00,0.00,3464.00,960.00,0.00,0.00,0.00,0.00,15059.00,6195.00,21254.00,207.00,5279.00,2825.00,117.00,441.00,0.00,,377.00,0.00,103667.00,,,,,,15.34,1.95,15431.61,1,6,888,19790,DL,Delta Air Lines Inc.,DL,Delta Air Lines Inc.,10260,L,3,3,2024,4
22921.00,0.00,481.00,1913.00,1.00,0.00,59911.00,1.00,2427.00,31.00,236.00,6008.00,0.00,1032.00,0.00,82.00,95044.00,1481.00,592.00,1824.00,4331.00,0.00,3239.00,1587.00,0.00,0.00,0.00,0.00,13054.00,5194.00,18248.00,177.00,4571.00,2365.00,113.00,368.00,0.00,,376.00,0.00,121262.00,,,,,,13.89,1.05,23924.05,1,6,626,19790,DL,Delta Air Lines Inc.,DL,Delta Air Lines Inc.,01260,D,3,3,2024,3
22961.69,,1673.42,2268.01,,,37965.24,,651.95,,,5939.10,-0.86,541.72,430.73,,72430.99,1021.95,1.32,7296.75,47360.83,,1930.07,262.62,,,,,57873.54,2881.14,60754.68,1169.11,5287.20,2739.83,541.94,2718.93,,,,,145642.68,,,,,,9.55,0.86,15444.77,1,6,887,19977,UA,United Air Lines Inc.,UA,United Air Lines Inc.,10874,A,3,3,2024,4
22979.11,0.00,0.00,865.66,20.65,,66265.40,29.03,0.00,21.59,330.06,4666.97,0.00,354.16,2119.72,33.89,97686.23,5397.06,0.00,16486.84,0.00,,5892.92,14475.89,0.00,,0.00,,42252.72,5779.84,48032.56,,7427.33,5547.75,4090.12,,,,89.47,,162873.46,,,,,,11.05,2.67,26194.83,2,7,740,19917,5X,United Parcel Service,5X,United Parcel Service,06910,D,3,3,2024,4
23016.62,0.00,2811.38,3609.46,0.00,0.00,0.00,0.00,10148.98,0.00,22.15,2060.75,0.00,2446.15,0.00,362.89,44478.38,5093.77,0.00,10285.06,9885.71,0.00,-19.68,0.00,0.00,0.00,0.00,0.00,25244.86,195.01,25439.87,1298.65,0.00,0.00,1154.18,0.00,379.03,,0.00,,72750.10,,,,,,20.16,5.92,12665.20,1,6,631,20397,OH,PSA Airlines Inc.,OH,PSA Airlines Inc.,07028,D,2,2,2024,1
23104.08,,1980.95,2577.01,,,42863.45,,2828.11,,,5985.48,-16.53,1128.32,492.68,,80943.54,1663.90,2.20,631.88,118.64,,956.56,-785.70,,,,,2587.48,6147.88,8735.36,32.20,4405.97,1220.10,5.00,69.58,,,,,95411.75,,,,,,21.85,1.77,15272.06,1,6,838,19977,UA,United Air Lines Inc.,UA,United Air Lines Inc.,10876,L,3,3,2024,2
23194.24,0.00,1502.73,2.89,17.52,0.00,49575.45,0.00,31095.89,0.00,94.02,3571.43,0.00,1973.67,1861.26,46.20,112935.28,3429.73,0.00,2579.83,1154.15,0.00,925.84,0.00,0.00,0.00,0.00,0.00,8089.55,7196.24,15285.79,0.00,0.00,0.00,524.87,0.00,2135.62,,0.00,,130881.56,,,,,,17.40,1.95,15096.95,1,6,721,20436,F9,Frontier Airlines Inc.,F9,Frontier Airlines Inc.,06460,D,3,3,2024,1
23258.51,,2176.05,2783.19,,,56646.60,,-24.64,,,6470.02,,672.14,571.78,,92553.64,1661.70,52.21,7730.78,15378.34,,2934.16,1354.02,,,,,29111.21,5287.81,34399.02,3265.85,2982.95,1981.39,354.29,990.84,,,96.14,,136624.12,,,,,,19.47,1.77,22303.83,1,6,622,19977,UA,United Air Lines Inc.,UA,United Air Lines Inc.,10874,A,3,3,2024,3
23269.00,0.00,2162.00,7088.00,482.00,,60042.00,,15.00,115.00,,3067.00,,2594.00,2088.00,7915.00,108837.00,51.00,6.00,52.00,5526.00,,540.00,573.00,2530.00,,204.00,,9482.00,7100.00,16582.00,,10620.00,4970.00,444.00,83.00,,,,,141536.00,,,,,,10.72,1.04,24191.77,2,6,683,20107,FX,Federal Express Corporation,FX,Federal Express Corporation,06200,D,3,3,2024,2
23269.14,,1964.21,2778.10,,,52434.19,,-24.70,,,6485.04,,673.70,2461.97,,90041.65,1998.24,52.33,8998.90,15415.65,,4810.88,1474.14,,,,,32750.15,5910.65,38660.79,3273.44,2989.88,1986.00,355.11,993.14,,,96.36,,138396.36,,,,,,19.64,1.78,21601.20,1,6,622,19977,UA,United Air Lines Inc.,UA,United Air Lines Inc.,0A875,D,3,3,2024,3
23279.39,0.00,231.66,460.73,57.65,0.00,48142.35,0.00,15411.47,3.91,440.32,4966.93,0.00,1673.69,1937.93,0.00,96606.02,5162.79,0.00,1142.01,551.87,0.00,989.94,2627.39,0.00,0.00,0.00,0.00,10474.00,0.00,10474.00,0.00,3851.46,340.59,83.72,0.00,0.00,,3522.01,,114877.80,,,,,,20.70,2.32,20811.81,1,6,699,20416,NK,Spirit Air Lines,NK,Spirit Air Lines,06830,D,3,3,2024,2
23292.29,0.00,1862.58,1884.18,285.01,0.00,71780.41,2.95,17325.61,0.00,228.01,5683.63,640.61,581.58,1988.90,6.48,125562.25,1706.53,34.50,9296.78,11208.38,0.00,2617.44,-23.63,0.00,0.00,0.00,0.00,24839.99,6574.41,31414.40,602.09,4705.60,2391.71,316.61,137.14,299.17,,0.00,0.00,165428.98,,,,,,16.15,1.64,29800.64,1,6,696,19690,HA,Hawaiian Airlines Inc.,HA,Hawaiian Airlines Inc.,05375,D,3,3,2024,3
23306.51,,228.64,9695.20,0.00,,83130.94,,2052.09,,0.00,4296.14,,682.52,,346.26,123738.29,1036.55,,4137.61,,,4529.35,557.21,68.06,,,,10328.78,8772.38,19101.16,,3328.43,4509.59,2800.28,0.00,0.00,,0.00,0.00,153477.76,,,,,,11.64,1.10,36633.73,2,8,821,20007,5Y,Atlas Air Inc.,5Y,Atlas Air Inc.,16087,I,3,3,2024,4
23399.34,,2928.67,2977.95,,,55353.47,,203.74,,,5997.12,-1.51,547.01,688.76,,92094.55,1396.47,,5111.77,81.65,,2841.15,154.75,,,,,9585.79,4559.77,14145.56,177.41,11365.72,3688.25,9.01,174.71,,,,,121655.20,,,,,,12.85,1.02,23880.88,1,6,837,19977,UA,United Air Lines Inc.,UA,United Air Lines Inc.,10874,A,3,3,2024,4
23453.86,0.00,3882.63,1767.95,515.16,0.00,83173.11,4.27,16100.21,0.00,263.17,7677.20,0.00,2473.68,2194.41,29.40,141535.04,1540.82,41.52,9228.22,11214.68,0.00,1915.83,-119.57,0.00,0.00,0.00,0.00,23821.48,6227.58,30049.07,482.48,4576.69,2326.66,253.00,94.84,471.81,,0.00,0.00,179789.58,,,,,,16.54,1.56,30812.11,1,6,696,19690,HA,Hawaiian Airlines Inc.,HA,Hawaiian Airlines Inc.,05375,D,3,3,2024,1
23520.49,0.00,3158.77,2264.90,455.69,0.00,65611.62,2.31,15658.60,0.00,154.18,6016.28,1284.60,656.53,1738.95,23.56,120546.49,1921.15,54.14,7387.88,11383.85,0.00,1066.51,138.60,0.00,0.00,0.00,0.00,21952.13,6072.92,28025.05,638.47,4648.43,2362.65,388.67,216.24,295.54,,0.00,0.00,157121.53,,,,,,15.69,1.64,28441.62,1,6,696,19690,HA,Hawaiian Airlines Inc.,HA,Hawaiian Airlines Inc.,05375,D,3,3,2024,4
23565.39,,1987.19,2436.82,,,35818.02,,2225.33,,,6083.08,-1.02,554.85,690.10,,73359.75,2080.94,2.71,634.20,499.97,,1424.91,180.77,,,,,4823.51,6809.97,11633.48,31.97,4776.30,1329.88,7.28,84.06,,,,,91222.73,,,,,,21.74,1.89,14826.70,1,6,838,19977,UA,United Air Lines Inc.,UA,United Air Lines Inc.,10876,L,3,3,2024,4
23633.00,0.00,473.00,1335.00,0.00,0.00,51272.00,1.00,1919.00,9.00,223.00,4667.00,0.00,775.00,0.00,78.00,84385.00,1124.00,528.00,2582.00,3029.00,0.00,2365.00,655.00,0.00,0.00,0.00,0.00,10283.00,4231.00,14514.00,142.00,3605.00,1930.00,80.00,301.00,0.00,,257.00,0.00,105214.00,,,,,,10.48,0.84,21734.45,1,6,359,19790,DL,Delta Air Lines Inc.,DL,Delta Air Lines Inc.,10261,A,3,3,2024,4
23857.00,0.00,617.00,1298.00,0.00,0.00,47956.00,1.00,1786.00,1.00,206.00,4153.00,0.00,690.00,0.00,50.00,80615.00,1035.00,323.00,2097.00,3350.00,0.00,2221.00,1061.00,0.00,0.00,0.00,0.00,10087.00,3790.00,13877.00,108.00,3315.00,1702.00,82.00,255.00,0.00,,279.00,0.00,100233.00,,,,,,10.03,0.69,18274.92,1,6,339,19790,DL,Delta Air Lines Inc.,DL,Delta Air Lines Inc.,10262,P,3,3,2024,2
23980.17,0.00,859.07,1711.71,284.48,0.00,45654.15,0.00,2361.26,2.13,19.25,6990.11,0.00,859.04,1489.51,2789.98,87000.86,2588.51,0.00,10138.02,7393.54,0.00,1669.47,85.33,0.00,0.00,0.00,0.00,21874.86,3985.42,25860.28,218.15,8326.47,3112.51,489.01,220.98,1244.32,,0.00,,126472.56,,,,,,17.74,2.09,17579.57,1,6,694,20409,B6,JetBlue Airways,B6,JetBlue Airways,16673,L,3,3,2024,3
24002.00,0.00,1242.00,2054.00,0.00,0.00,53916.00,1.00,3104.00,9.00,304.00,7098.00,0.00,1277.00,0.00,99.00,93106.00,1515.00,509.00,3619.00,5515.00,0.00,3840.00,2421.00,0.00,0.00,0.00,0.00,17419.00,6032.00,23451.00,167.00,5710.00,2851.00,159.00,428.00,0.00,,577.00,0.00,126449.00,,,,,,15.85,2.41,19449.97,1,6,622,19790,DL,Delta Air Lines Inc.,DL,Delta Air Lines Inc.,10260,L,3,3,2024,1
24021.00,0.00,509.00,1435.00,0.00,0.00,52771.00,1.00,2064.00,9.00,240.00,5019.00,0.00,833.00,0.00,84.00,86986.00,1209.00,568.00,2777.00,3258.00,0.00,2544.00,705.00,0.00,0.00,0.00,0.00,11061.00,4549.00,15610.00,152.00,3877.00,2075.00,86.00,324.00,0.00,,277.00,0.00,109387.00,,,,,,11.27,0.97,22369.78,1,6,696,19790,DL,Delta Air Lines Inc.,DL,Delta Air Lines Inc.,10261,A,3,3,2024,4
24275.53,222.12,0.00,1611.86,0.00,0.00,47057.60,0.00,133.83,0.00,342.56,3901.24,0.00,1232.78,0.00,9.24,78786.76,4822.32,0.00,8340.92,943.88,0.00,880.69,296.39,0.00,0.00,0.00,-87.76,15196.44,2155.66,17352.10,0.00,2617.38,6927.00,3537.47,0.00,0.00,,4309.22,,113529.92,,,,,,21.51,3.64,19114.06,1,6,614,20422,SY,Sun Country Airlines d/b/a MN Airlines,SY,Sun Country Airlines d/b/a MN Airlines,06795,D,3,3,2024,4
24395.65,0.00,714.73,3703.59,0.00,0.00,10991.44,0.00,2080.42,46.98,34.91,2766.05,0.00,1784.77,145.43,371.70,47035.65,3301.33,0.00,8622.47,-27.33,0.00,9748.33,1424.21,0.00,0.00,0.00,0.00,23069.00,3508.20,26577.21,0.00,144.72,2220.41,2512.08,0.00,252.65,,0.00,,78742.72,,,,,,27.93,11.65,13584.17,1,6,629,20304,OO,SkyWest Airlines Inc.,OO,SkyWest Airlines Inc.,06700,D,3,3,2024,2
24461.00,0.00,758.00,1253.00,0.00,0.00,47869.00,1.00,1893.00,5.00,186.00,4329.00,0.00,779.00,0.00,60.00,81594.00,924.00,310.00,2207.00,3363.00,0.00,2342.00,1477.00,0.00,0.00,0.00,0.00,10623.00,3679.00,14302.00,102.00,3482.00,1738.00,97.00,261.00,0.00,,352.00,0.00,101928.00,,,,,,9.66,0.76,17268.51,1,6,339,19790,DL,Delta Air Lines Inc.,DL,Delta Air Lines Inc.,10262,P,3,3,2024,1
24567.69,,3241.29,3181.65,,,64406.01,,40.44,,,6726.37,,2088.85,1095.23,,105347.52,1169.05,,2236.79,46.50,,1284.57,491.67,,,,,5228.58,4221.25,9449.83,141.18,11434.48,3670.13,8.48,146.69,,,,,130198.31,,,,,,12.90,1.02,23009.51,1,6,837,19977,UA,United Air Lines Inc.,UA,United Air Lines Inc.,10874,A,3,3,2024,1
24653.10,0.00,227.82,471.97,87.24,0.00,45464.38,0.00,18971.62,0.01,479.66,5279.81,0.00,1145.66,2235.88,0.00,99017.16,5498.29,0.00,1281.74,615.36,0.00,1211.62,2924.07,0.00,0.00,0.00,0.00,11531.07,0.00,11531.07,0.00,3934.58,368.36,88.38,0.00,0.00,,3789.08,,118728.64,,,,,,20.61,2.50,21596.94,1,6,699,20416,NK,Spirit Air Lines,NK,Spirit Air Lines,06830,D,3,3,2024,3
24692.36,0.00,3784.65,1496.90,299.26,0.00,78225.64,3.20,17289.06,0.00,275.82,6933.12,1215.89,0.00,1135.30,12.44,135363.64,1819.96,46.73,9267.88,11298.18,0.00,1224.21,57.28,0.00,0.00,0.00,0.00,23714.24,6092.82,29807.06,500.34,4785.90,2438.47,289.05,156.91,373.73,,0.00,0.00,173715.10,,,,,,16.45,1.64,30209.56,1,6,696,19690,HA,Hawaiian Airlines Inc.,HA,Hawaiian Airlines Inc.,05375,D,3,3,2024,2
24746.58,0.00,2663.54,4695.06,0.00,0.00,0.00,0.00,10588.68,0.00,22.12,1743.56,0.00,1901.73,0.00,338.34,46699.61,5156.91,0.00,11212.74,7769.86,0.00,1474.11,0.00,0.00,0.00,0.00,0.00,25613.62,263.77,25877.39,1322.59,0.00,0.00,1108.46,0.00,500.08,,0.00,,75508.13,,,,,,20.13,5.91,14456.89,1,6,631,20397,OH,PSA Airlines Inc.,OH,PSA Airlines Inc.,07028,D,2,2,2024,2
24781.47,0.00,1937.57,1671.94,0.00,0.00,53434.71,82.71,8871.66,0.00,32.93,6557.34,0.00,2010.88,1048.25,0.00,100429.46,4031.84,985.96,5179.52,6956.29,0.00,3164.48,3206.32,0.00,0.00,0.00,0.00,23524.42,9981.01,33505.42,521.02,5100.86,1065.07,517.26,0.00,520.53,,525.42,,142185.04,,,,,,17.32,1.95,19168.71,1,6,699,19805,AA,American Airlines Inc.,AA,American Airlines Inc.,10050,L,3,3,2024,1
24790.77,77.70,0.00,1880.72,0.00,0.00,59668.62,0.00,147.60,0.00,375.44,3719.21,0.00,1651.74,0.00,49.05,92360.85,4863.66,0.00,6224.92,975.08,0.00,1178.32,346.57,0.00,0.00,0.00,0.00,13588.55,2195.17,15783.72,0.00,2584.10,7437.34,2873.30,0.00,0.00,,4645.32,,125684.62,,,,,,23.18,3.79,20732.20,1,6,614,20422,SY,Sun Country Airlines d/b/a MN Airlines,SY,Sun Country Airlines d/b/a MN Airlines,06795,D,3,3,2024,2
24942.00,0.00,1021.00,2147.00,0.00,0.00,74052.00,1.00,2954.00,2.00,341.00,6869.00,0.00,1141.00,0.00,83.00,113553.00,1713.00,535.00,3468.00,5540.00,0.00,3674.00,1754.00,0.00,0.00,0.00,0.00,16684.00,6269.00,22953.00,179.00,5482.00,2816.00,135.00,422.00,0.00,,462.00,0.00,146002.00,,,,,,16.59,1.42,28219.46,1,6,626,19790,DL,Delta Air Lines Inc.,DL,Delta Air Lines Inc.,01260,D,3,3,2024,2
25066.13,75.36,0.00,2016.22,0.00,0.00,53034.26,0.00,145.60,0.00,378.25,3748.94,0.00,1138.33,0.00,33.69,85636.77,4909.33,0.00,8028.62,40.54,0.00,1214.24,315.93,0.00,0.00,0.00,0.00,14508.66,1938.42,16447.08,0.00,2609.66,7311.94,3129.41,0.00,0.00,,4933.53,,120068.38,,,,,,21.87,3.89,19895.33,1,6,614,20422,SY,Sun Country Airlines d/b/a MN Airlines,SY,Sun Country Airlines d/b/a MN Airlines,06795,D,3,3,2024,3
25110.30,,2177.65,2673.28,,,55099.19,,,,,6479.16,-1.12,590.98,286.21,,92415.65,1476.92,1.93,2268.60,3272.41,,1456.06,172.10,,,,,8648.01,3937.75,12585.76,1403.67,6722.08,3060.99,350.01,653.42,,,2.43,,117194.01,,,,,,13.89,1.18,23711.97,1,6,624,19977,UA,United Air Lines Inc.,UA,United Air Lines Inc.,10874,A,3,3,2024,4
25169.00,,1774.54,2679.34,,,45258.44,,768.86,,,7034.38,,730.77,676.01,,84091.34,929.98,1.49,12690.34,49858.62,,1604.81,1948.74,,,,,67033.97,3013.31,70047.28,1376.49,6161.43,3224.11,617.02,3056.90,,,,,168574.56,,,,,,10.57,1.02,17290.43,1,6,887,19977,UA,United Air Lines Inc.,UA,United Air Lines Inc.,10874,A,3,3,2024,3
25182.85,0.00,224.46,398.33,64.74,0.00,35980.39,0.00,19681.33,0.58,445.89,4232.19,0.00,784.81,1637.68,0.00,88633.25,5227.48,0.00,1461.58,537.00,0.00,1166.98,2596.28,0.00,0.00,0.00,0.00,10989.32,0.00,10989.32,0.00,2978.15,354.84,89.32,0.00,0.00,,3589.56,,106634.45,,,,,,18.11,2.54,18540.19,1,6,699,20416,NK,Spirit Air Lines,NK,Spirit Air Lines,06830,D,3,3,2024,4
25294.00,0.00,576.00,1625.00,0.00,0.00,50628.00,1.00,2336.00,11.00,271.00,5682.00,0.00,943.00,0.00,95.00,87462.00,1369.00,643.00,3144.00,3688.00,0.00,2880.00,798.00,0.00,0.00,0.00,0.00,12522.00,5150.00,17672.00,172.00,4389.00,2349.00,97.00,367.00,0.00,,313.00,0.00,112821.00,,,,,,12.76,1.21,21461.34,1,6,626,19790,DL,Delta Air Lines Inc.,DL,Delta Air Lines Inc.,10261,A,3,3,2024,4
25316.87,,2255.74,2904.31,,,66853.84,,0.43,,,6554.53,-18.82,1235.59,169.30,,105271.78,1231.24,1.61,4054.15,6764.91,,2534.04,-468.63,,,,,14117.31,4258.04,18375.35,1255.83,6809.16,3029.29,311.70,537.66,,,,,135590.77,,,,,,14.35,1.19,24547.54,1,6,624,19977,UA,United Air Lines Inc.,UA,United Air Lines Inc.,10874,A,3,3,2024,2
25391.00,0.00,784.00,1649.00,0.00,0.00,66521.00,1.00,2269.00,1.00,262.00,5277.00,0.00,877.00,0.00,63.00,103095.00,1316.00,411.00,2664.00,4256.00,0.00,2822.00,1348.00,0.00,0.00,0.00,0.00,12817.00,4816.00,17633.00,137.00,4212.00,2163.00,104.00,324.00,0.00,,355.00,0.00,128023.00,,,,,,12.75,0.98,25349.61,1,6,696,19790,DL,Delta Air Lines Inc.,DL,Delta Air Lines Inc.,10261,A,3,3,2024,2
25882.60,0.00,2019.98,1747.51,0.00,0.00,52597.03,87.01,9255.31,0.00,34.36,6847.66,0.00,2103.68,1023.17,0.00,101598.30,4216.69,1030.86,5418.88,7306.50,0.00,3302.27,3350.40,0.00,0.00,0.00,0.00,24625.61,10432.55,35058.16,544.93,5331.30,1112.45,540.09,0.00,542.84,,548.82,,145276.88,,,,,,10.03,0.91,18885.23,1,6,889,19805,AA,American Airlines Inc.,AA,American Airlines Inc.,10049,A,3,3,2024,1
25944.08,,2179.50,2965.51,,,63826.66,,0.31,,,7231.14,,751.21,237.52,,103135.93,1257.89,2.04,4105.99,6028.74,,627.01,779.69,,,,,12801.35,3733.35,16534.69,1377.41,7081.84,3042.43,342.92,596.76,,,,,132111.98,,,,,,14.49,1.25,25177.00,1,6,624,19977,UA,United Air Lines Inc.,UA,United Air Lines Inc.,10874,A,3,3,2024,3
26074.87,0.00,1919.41,1636.27,0.00,0.00,55352.50,66.65,8261.10,0.00,33.25,7690.26,0.00,976.02,1100.94,0.00,103111.27,4416.98,1063.55,5738.15,7488.23,0.00,3473.80,3817.97,0.00,0.00,0.00,0.00,25998.68,10535.52,36534.20,577.55,5175.17,1239.37,1052.16,0.00,380.19,,667.48,,148737.37,,,,,,10.34,1.02,24312.55,1,6,627,19805,AA,American Airlines Inc.,AA,American Airlines Inc.,10050,L,3,3,2024,4
26113.00,0.00,467.00,1317.00,0.00,0.00,44366.00,1.00,1894.00,9.00,220.00,4605.00,0.00,764.00,0.00,77.00,79833.00,1110.00,521.00,2548.00,2989.00,0.00,2334.00,647.00,0.00,0.00,0.00,0.00,10149.00,4174.00,14323.00,140.00,3557.00,1904.00,79.00,297.00,0.00,,254.00,0.00,100387.00,,,,,,10.34,0.80,18806.88,1,6,339,19790,DL,Delta Air Lines Inc.,DL,Delta Air Lines Inc.,10262,P,3,3,2024,4
26120.28,0.00,1290.02,4139.78,0.00,0.00,11797.52,0.00,16.15,103.16,34.31,2897.15,0.00,1667.48,145.43,503.53,48714.82,3418.41,0.00,14911.43,2852.17,0.00,5539.19,650.43,0.00,0.00,0.00,0.00,27371.64,5220.79,32592.42,0.00,325.55,2152.42,2431.94,0.00,218.22,,0.00,,86435.37,,,,,,29.06,11.50,14248.26,1,6,629,20304,OO,SkyWest Airlines Inc.,OO,SkyWest Airlines Inc.,06700,D,3,3,2024,3
26374.74,0.00,42.09,1834.43,14.68,0.00,44268.06,0.00,317.95,1.75,133.59,12320.79,0.00,2193.57,888.14,178.98,88568.77,2128.89,0.00,5265.20,8184.50,0.00,1262.41,86.50,0.00,0.00,0.00,0.00,16927.50,3647.43,20574.93,104.14,8436.59,2771.86,320.52,96.06,2235.77,,0.00,,123108.65,,,,,,16.13,2.21,15222.85,1,6,724,20409,B6,JetBlue Airways,B6,JetBlue Airways,06673,D,3,3,2024,1
26679.90,0.00,757.83,3610.35,0.00,0.00,12417.09,0.00,15.88,113.67,34.62,3077.60,0.00,1617.64,126.82,544.91,48996.31,3613.42,0.00,13566.51,6465.04,0.00,8152.67,847.93,0.00,0.00,0.00,0.00,32645.57,5632.58,38278.15,0.00,415.97,2152.42,2424.25,0.00,124.15,,0.00,,92391.24,,,,,,28.96,11.22,15720.78,1,6,629,20304,OO,SkyWest Airlines Inc.,OO,SkyWest Airlines Inc.,06700,D,3,3,2024,4
26745.92,0.00,238.39,423.05,68.76,0.00,38213.66,0.00,20902.93,0.62,473.57,4494.88,0.00,833.52,1739.33,0.00,94134.63,5551.94,0.00,1552.30,570.33,0.00,1239.41,2757.43,0.00,0.00,0.00,0.00,11671.41,0.00,11671.41,0.00,3163.00,376.86,94.87,0.00,0.00,,3812.36,,113253.14,,,,,,19.24,2.70,16984.79,1,6,721,20416,NK,Spirit Air Lines,NK,Spirit Air Lines,06830,D,3,3,2024,4
26777.81,,5008.94,4930.67,,,115179.49,,662.41,,,7307.05,-5.16,759.10,3555.52,,164175.81,2351.31,255.28,12933.41,18544.73,,3028.64,2930.82,,,,,40044.17,7024.23,47068.40,2327.13,11505.96,5158.97,474.85,1814.08,,,,,232525.20,,,,,,22.13,2.26,47179.11,1,6,627,19977,UA,United Air Lines Inc.,UA,United Air Lines Inc.,0A875,D,3,3,2024,3
26870.70,0.00,2787.86,4686.42,0.00,0.00,0.00,0.00,11567.62,0.00,24.19,1960.80,0.00,1776.73,0.00,400.21,50074.54,5059.26,0.00,12432.26,13602.17,0.00,2015.36,0.00,0.00,0.00,0.00,0.00,33109.04,189.47,33298.50,1390.62,0.00,0.00,1024.06,0.00,550.96,,0.00,,86338.68,,,,,,25.99,6.68,17116.79,1,6,631,20397,OH,PSA Airlines Inc.,OH,PSA Airlines Inc.,07028,D,2,2,2024,3
27035.48,,4990.74,4614.25,,,107213.35,,677.64,,,6856.07,-4.30,625.36,4431.05,,156439.64,2791.32,260.46,8291.47,17179.14,,3808.90,2105.49,,,,,34436.79,7969.67,42406.45,2259.31,11339.95,5169.99,463.92,1875.86,,,,,219955.11,,,,,,22.33,2.42,46011.20,1,6,627,19977,UA,United Air Lines Inc.,UA,United Air Lines Inc.,0A875,D,3,3,2024,4
27133.37,0.00,0.00,1022.16,24.38,,119632.51,34.28,13298.56,25.49,1040.80,5510.69,0.00,418.18,158.75,40.02,168339.16,6372.76,0.00,2520.66,0.00,,3451.44,17484.37,0.00,,0.00,,29829.23,6824.74,36653.97,,7119.74,3181.05,528.96,,,,105.64,,215928.52,,,,,,14.36,1.32,47699.31,2,8,821,19917,5X,United Parcel Service,5X,United Parcel Service,16913,P,3,3,2024,4
27256.74,,1008.38,12848.19,,,107089.74,,2321.10,,680.87,4543.41,,2074.85,,,157823.28,26282.18,4469.65,11301.46,14317.85,,7567.95,11426.28,,,,,75365.37,11740.77,87106.13,,3924.82,7256.27,2699.44,1673.93,0.00,15554.46,,,260483.86,,,,,,18.38,2.02,60915.57,2,8,819,20370,KAQ,Kalitta Air LLC,KAQ,Kalitta Air LLC,16683,I,3,3,2024,1
27299.90,0.00,0.00,1046.96,15.85,,37244.33,73.27,1887.41,17.26,397.81,7755.87,0.00,2659.54,1464.45,-150.36,79712.29,5780.08,0.00,12236.44,0.00,,5324.12,37642.60,0.00,,0.00,,60983.24,6918.45,67901.69,,4625.38,975.93,305.78,,,,111.63,,153632.71,,,,,,10.93,5.72,12403.58,2,6,622,19917,5X,United Parcel Service,5X,United Parcel Service,06910,D,3,3,2024,1
27357.53,0.00,3826.47,3400.27,0.00,0.00,0.00,95.33,12394.94,192.69,19.83,2754.84,0.00,1250.48,0.00,0.78,51293.13,6217.29,0.00,8579.95,14859.81,0.00,2969.27,0.00,0.00,0.00,0.00,0.00,32626.32,11771.87,44398.18,737.75,0.00,0.00,1376.94,0.00,0.00,,0.00,,97805.99,,,,,,28.89,6.01,15087.76,1,6,675,20427,PT,Piedmont Airlines,PT,Piedmont Airlines,06918,D,2,2,2024,4
27362.10,,2945.72,3212.20,,,69417.51,,15.24,,,7519.10,212.41,2335.03,516.81,,113536.10,1288.05,2.29,3848.14,83.63,,1725.45,524.93,,,,,7472.47,5010.38,12482.85,120.07,11637.21,2634.35,28.33,331.24,,,,,140770.16,,,,,,14.39,1.08,25013.88,1,6,889,19977,UA,United Air Lines Inc.,UA,United Air Lines Inc.,10874,A,3,3,2024,1
27503.90,0.00,0.00,1054.79,15.97,,111756.11,73.82,11593.13,17.39,1369.80,7813.82,0.00,2679.42,213.42,-151.49,163940.08,5823.27,0.00,2520.22,0.00,,2877.83,15960.91,0.00,,0.00,,27182.23,6970.15,34152.38,,6474.63,2953.01,468.30,,,,112.46,,208100.88,,,,,,11.98,1.20,39342.44,2,8,821,19917,5X,United Parcel Service,5X,United Parcel Service,16913,P,3,3,2024,1
27707.60,0.00,0.00,983.70,31.55,,37705.52,110.42,1977.51,18.01,418.71,6803.21,0.00,784.45,1559.05,-102.74,77996.97,6271.57,0.00,13838.56,0.00,,5909.93,41236.06,0.00,,0.00,,67256.12,7389.28,74645.40,,4882.62,1027.21,331.74,,,,111.62,,158995.57,,,,,,12.06,6.09,14196.18,2,6,622,19917,5X,United Parcel Service,5X,United Parcel Service,06910,D,3,3,2024,3
27843.21,0.00,2178.04,1878.85,0.00,0.00,47258.34,92.87,9966.26,0.00,37.00,7369.30,0.00,2259.63,927.49,0.00,99810.98,4529.83,1107.55,5818.46,7822.16,0.00,3552.65,3601.91,0.00,0.00,0.00,0.00,26432.54,11212.86,37645.40,585.60,5730.03,1196.49,581.24,0.00,584.78,,590.41,,146724.93,,,,,,20.42,2.22,16952.91,1,6,838,19805,AA,American Airlines Inc.,AA,American Airlines Inc.,10050,L,3,3,2024,1
27871.80,,1033.91,15075.72,,,114580.37,,2367.67,,715.74,5103.89,,1940.74,,,168689.83,27220.07,4472.99,13698.83,24419.43,,6674.28,8194.13,,,,,84679.72,12024.33,96704.06,,3988.58,7446.67,2689.01,1644.15,0.00,15768.41,,,281162.30,,,,,,21.15,1.95,72515.89,2,8,819,20370,KAQ,Kalitta Air LLC,KAQ,Kalitta Air LLC,16683,I,3,3,2024,2
27960.29,,2457.33,3373.72,,,70124.98,,0.71,,,7240.59,-20.50,1364.92,2697.94,,115199.97,2402.51,42.17,9297.74,20184.41,,6032.74,-274.05,,,,,37685.53,7410.51,45096.03,4241.69,3762.51,2576.82,455.89,1260.55,,,117.94,,172711.40,,,,,,23.93,2.15,26093.15,1,6,622,19977,UA,United Air Lines Inc.,UA,United Air Lines Inc.,0A875,D,3,3,2024,2
27968.91,,1095.12,14274.76,,,114639.42,,2227.96,,802.60,4291.71,,1239.46,,,166539.95,29101.89,4495.46,15919.21,22321.45,,4734.70,8978.32,,,,,85551.02,12407.85,97958.87,,3746.17,6931.06,2394.47,1543.32,0.00,14615.02,,,279113.84,,,,,,20.88,1.84,72178.33,2,8,819,20370,KAQ,Kalitta Air LLC,KAQ,Kalitta Air LLC,16683,I,3,3,2024,4
27988.08,0.00,0.00,1180.49,29.65,,37150.96,127.93,1925.31,15.20,360.15,7447.80,0.00,1419.48,1472.31,28.12,79145.47,5985.91,0.00,11773.66,0.00,,5688.75,40747.29,0.00,,0.00,,64195.61,7284.09,71479.70,,4735.16,998.14,314.77,,,,115.65,,156788.89,,,,,,7.85,5.85,12660.71,2,6,622,19917,5X,United Parcel Service,5X,United Parcel Service,06910,D,3,3,2024,2
28108.61,0.00,44.86,2992.35,19.70,0.00,50886.58,0.00,7309.18,2.09,58.72,1776.94,0.00,2341.14,1159.06,232.65,94931.87,2447.18,0.00,19001.26,10096.38,0.00,2151.82,209.97,0.00,0.00,0.00,0.00,33906.62,4241.76,38148.38,709.19,4061.69,5401.11,1450.05,290.77,374.92,,0.00,,145367.98,,,,,,18.54,3.18,17498.82,1,6,678,20409,B6,JetBlue Airways,B6,JetBlue Airways,06673,D,3,3,2024,1
28162.00,0.00,794.00,1669.00,0.00,0.00,70588.00,1.00,2297.00,1.00,265.00,5341.00,0.00,887.00,0.00,64.00,110069.00,1332.00,416.00,2697.00,4308.00,0.00,2857.00,1364.00,0.00,0.00,0.00,0.00,12974.00,4875.00,17849.00,139.00,4263.00,2189.00,105.00,328.00,0.00,,359.00,0.00,135301.00,,,,,,12.90,0.97,26899.64,1,6,359,19790,DL,Delta Air Lines Inc.,DL,Delta Air Lines Inc.,10261,A,3,3,2024,2
28171.48,0.00,4037.70,3317.46,0.00,0.00,0.00,117.82,10875.94,201.32,19.83,1873.61,0.00,1827.89,0.00,0.00,50443.05,6197.16,0.00,8463.45,14838.16,0.00,3209.40,0.00,0.00,0.00,0.00,0.00,32708.17,11632.74,44340.92,732.26,0.00,0.00,1571.14,0.00,0.00,,0.00,,97087.36,,,,,,26.54,5.67,14195.78,1,6,675,20427,PT,Piedmont Airlines,PT,Piedmont Airlines,06918,D,2,2,2024,3
28321.00,0.00,462.00,1839.00,1.00,0.00,67739.00,1.00,2333.00,30.00,227.00,5776.00,0.00,992.00,0.00,79.00,107800.00,1423.00,569.00,1753.00,4164.00,0.00,3114.00,1525.00,0.00,0.00,0.00,0.00,12548.00,4993.00,17541.00,170.00,4395.00,2274.00,109.00,353.00,0.00,,361.00,0.00,133003.00,,,,,,13.36,0.97,27049.90,1,6,696,19790,DL,Delta Air Lines Inc.,DL,Delta Air Lines Inc.,10261,A,3,3,2024,3
28321.18,,5431.05,5232.84,,,130959.56,,574.58,,,7188.36,-47.14,1355.07,3759.57,,182775.07,2484.91,129.08,13540.62,11291.61,,3437.93,1358.39,,,,,32242.54,7385.04,39627.58,2456.14,13183.48,5964.26,544.34,2178.93,,,,,246729.80,,,,,,23.66,2.24,49446.66,1,6,627,19977,UA,United Air Lines Inc.,UA,United Air Lines Inc.,0A875,D,3,3,2024,2
28549.50,,2956.11,3302.61,,,64491.74,,3.99,,,7344.91,-1.52,669.95,546.91,,107864.19,1689.98,2.18,4535.15,125.07,,2128.44,211.98,,,,,8692.81,4500.97,13193.77,161.98,12056.28,2728.82,61.93,417.55,,,,,136484.52,,,,,,15.75,1.13,26978.55,1,6,889,19977,UA,United Air Lines Inc.,UA,United Air Lines Inc.,10874,A,3,3,2024,4
28588.15,0.00,0.00,1205.80,30.29,,58856.78,130.67,487.23,15.53,954.30,7607.48,0.00,1449.91,1969.72,28.72,101324.58,6114.25,0.00,16213.80,0.00,,6138.89,40009.57,0.00,,0.00,,68476.50,7440.26,75916.77,,18570.41,1958.96,643.68,,,,118.13,,198532.53,,,,,,7.83,4.72,20259.13,2,6,691,19917,5X,United Parcel Service,5X,United Parcel Service,06910,D,3,3,2024,2
28589.00,0.00,1437.00,2376.00,0.00,0.00,36043.00,2.00,3589.00,10.00,352.00,8209.00,0.00,1477.00,0.00,114.00,82198.00,1753.00,589.00,4185.00,6378.00,0.00,4442.00,2800.00,0.00,0.00,0.00,0.00,20147.00,6976.00,27123.00,194.00,6603.00,3297.00,184.00,495.00,0.00,,667.00,0.00,120761.00,,,,,,18.33,2.13,13002.42,1,6,724,19790,DL,Delta Air Lines Inc.,DL,Delta Air Lines Inc.,01260,D,3,3,2024,1
28695.00,0.00,1442.00,2385.00,0.00,0.00,85484.00,2.00,3604.00,10.00,353.00,8242.00,0.00,1483.00,0.00,115.00,131815.00,1760.00,591.00,4202.00,6404.00,0.00,4459.00,2812.00,0.00,0.00,0.00,0.00,20228.00,7005.00,27233.00,194.00,6630.00,3310.00,185.00,497.00,0.00,,670.00,0.00,170534.00,,,,,,18.40,2.15,30837.79,1,6,626,19790,DL,Delta Air Lines Inc.,DL,Delta Air Lines Inc.,01260,D,3,3,2024,1
28767.18,0.00,2245.04,1939.79,0.00,0.00,76522.93,96.29,10302.59,0.00,38.23,7605.60,0.00,2333.62,1488.05,0.00,131339.32,4681.43,1145.45,6016.96,8057.25,0.00,3682.86,3724.10,0.00,0.00,0.00,0.00,27308.04,11591.69,38899.73,604.20,5925.24,1236.95,600.20,0.00,604.38,,609.65,,179819.65,,,,,,27.39,4.01,27464.10,1,6,694,19805,AA,American Airlines Inc.,AA,American Airlines Inc.,0A050,D,3,3,2024,1
29063.43,0.00,0.00,1114.60,16.88,,59413.07,78.01,486.23,18.38,1073.01,8256.88,0.00,2831.35,2119.20,-160.08,104310.96,6153.46,0.00,17621.68,0.00,,5680.97,41694.07,0.00,,0.00,,71150.18,7365.38,78515.56,,18483.61,1949.81,640.88,,,,118.84,,204019.65,,,,,,11.46,4.70,20040.86,2,6,691,19917,5X,United Parcel Service,5X,United Parcel Service,06910,D,3,3,2024,1
29555.20,0.00,0.00,1049.29,33.66,,125745.62,117.78,13447.18,19.21,1099.74,7256.86,0.00,836.76,204.42,-109.59,179256.13,6689.78,0.00,2342.87,0.00,,3797.52,18133.06,0.00,,0.00,,30963.22,7882.01,38845.23,,6957.48,3161.08,543.16,,,,119.06,,228882.14,,,,,,14.12,1.30,47793.46,2,8,821,19917,5X,United Parcel Service,5X,United Parcel Service,16913,P,3,3,2024,3
29604.00,0.00,402.00,1598.00,1.00,0.00,53832.00,1.00,2027.00,26.00,197.00,5017.00,0.00,862.00,0.00,68.00,93635.00,1237.00,494.00,1523.00,3617.00,0.00,2705.00,1325.00,0.00,0.00,0.00,0.00,10901.00,4337.00,15238.00,148.00,3817.00,1975.00,95.00,307.00,0.00,,314.00,0.00,115529.00,,,,,,11.60,0.87,21496.42,1,6,339,19790,DL,Delta Air Lines Inc.,DL,Delta Air Lines Inc.,10262,P,3,3,2024,3
29668.00,0.00,1243.00,2613.00,0.00,0.00,38247.00,1.00,3595.00,2.00,415.00,8360.00,0.00,1389.00,0.00,101.00,85634.00,2084.00,651.00,4222.00,6743.00,0.00,4472.00,2135.00,0.00,0.00,0.00,0.00,20307.00,7630.00,27937.00,217.00,6673.00,3427.00,165.00,513.00,0.00,,562.00,0.00,125128.00,,,,,,20.19,2.31,14574.89,1,6,724,19790,DL,Delta Air Lines Inc.,DL,Delta Air Lines Inc.,01260,D,3,3,2024,2
29769.78,,1183.06,16227.58,,,116513.18,,2372.57,,695.97,4462.86,,1399.32,,,172624.32,29096.26,4470.33,17816.44,21427.06,,6201.01,13740.43,,,,,92751.53,13184.82,105936.35,,3989.32,7407.98,2620.06,1656.63,0.00,15673.99,,,294234.66,,,,,,21.87,1.96,77472.73,2,8,819,20370,KAQ,Kalitta Air LLC,KAQ,Kalitta Air LLC,16683,I,3,3,2024,3
29943.22,0.00,2298.75,1977.72,0.00,0.00,77037.75,80.50,10038.85,0.00,37.79,7946.77,0.00,1687.46,1576.23,0.00,132625.03,4700.02,1151.62,6042.51,8100.54,0.00,3410.16,5423.43,0.00,0.00,0.00,0.00,28828.28,10944.02,39772.31,599.07,5841.13,1275.02,610.78,0.00,571.16,,661.78,,181956.27,,,,,,28.24,4.00,29356.80,1,6,694,19805,AA,American Airlines Inc.,AA,American Airlines Inc.,0A050,D,3,3,2024,2
30093.46,,5663.43,5101.91,,,134541.90,,715.34,,,8168.80,,2536.79,3655.11,,190476.74,2649.01,34.87,19983.63,18767.24,,2823.63,2108.35,,,,,46366.71,8748.54,55115.25,2284.86,15164.40,7046.92,591.89,2643.04,,,,,273323.09,,,,,,23.69,2.35,48501.28,1,6,627,19977,UA,United Air Lines Inc.,UA,United Air Lines Inc.,0A875,D,3,3,2024,1
30103.26,0.00,2311.32,1988.71,0.00,0.00,49531.48,80.84,10085.38,0.00,37.98,7990.63,0.00,1696.85,1012.52,0.00,104838.97,4725.82,1157.85,6069.58,8150.94,0.00,3425.12,5445.03,0.00,0.00,0.00,0.00,28974.34,11002.03,39976.37,602.16,5870.77,1281.79,613.94,0.00,573.89,,665.29,,154423.18,,,,,,22.36,2.37,18890.28,1,6,838,19805,AA,American Airlines Inc.,AA,American Airlines Inc.,10050,L,3,3,2024,2
30554.42,0.00,2351.78,2077.51,0.00,0.00,46247.61,97.51,9795.12,0.00,38.03,9016.13,0.00,864.47,919.69,0.00,101962.28,5085.57,1216.28,5917.58,9717.52,0.00,3348.24,4860.03,0.00,0.00,0.00,0.00,30145.22,11608.63,41753.85,635.79,5916.09,1338.70,653.40,0.00,529.39,,664.47,,153453.96,,,,,,22.40,2.53,18944.17,1,6,838,19805,AA,American Airlines Inc.,AA,American Airlines Inc.,10050,L,3,3,2024,3
30623.47,,1664.13,3061.61,,,47126.25,,432.54,,,7981.11,-13.88,1504.52,1841.43,,94221.18,2608.92,2.94,99987.92,-445.10,,5566.23,-953.66,,,,,106767.25,9360.38,116127.63,978.55,1841.44,9834.08,73.32,848.98,,,,,223925.17,,,,,,24.72,2.83,17738.84,1,6,612,19977,UA,United Air Lines Inc.,UA,United Air Lines Inc.,0A875,D,3,3,2024,2
30740.91,0.00,2367.87,2081.66,0.00,0.00,72117.39,98.07,9901.03,0.00,38.36,9229.80,0.00,867.62,1417.57,0.00,128860.28,5112.97,1225.16,5980.14,9770.30,0.00,3401.99,4878.65,0.00,0.00,0.00,0.00,30369.21,11687.47,42056.67,641.72,5970.15,1352.84,660.69,0.00,533.28,,670.27,,180745.91,,,,,,28.19,4.20,29615.07,1,6,694,19805,AA,American Airlines Inc.,AA,American Airlines Inc.,0A050,D,3,3,2024,3
30852.11,0.00,2272.60,1946.02,0.00,0.00,63205.45,77.31,9767.99,0.00,39.40,9184.53,0.00,1161.69,1248.79,0.00,119755.88,5242.29,1258.41,6832.26,8884.35,0.00,4067.65,4482.20,0.00,0.00,0.00,0.00,30767.15,12492.06,43259.21,682.47,6131.34,1467.05,1249.32,0.00,452.96,,792.42,,173790.64,,,,,,27.48,4.15,27781.67,1,6,694,19805,AA,American Airlines Inc.,AA,American Airlines Inc.,0A050,D,3,3,2024,4
30878.05,0.00,2420.78,2086.90,0.00,0.00,68264.33,102.98,11035.19,0.00,40.99,8184.70,0.00,2510.27,1344.59,0.00,126868.77,5026.16,1227.34,6451.56,8746.57,0.00,3918.17,3991.60,0.00,0.00,0.00,0.00,29361.40,12430.87,41792.27,651.34,6349.67,1325.77,644.98,0.00,647.57,,655.38,,178935.74,,,,,,14.62,1.36,24493.96,1,6,887,19805,AA,American Airlines Inc.,AA,American Airlines Inc.,10049,A,3,3,2024,1
31020.00,0.00,696.00,2771.00,1.00,0.00,36936.00,1.00,3515.00,46.00,342.00,8701.00,0.00,1494.00,0.00,119.00,85642.00,2144.00,857.00,2641.00,6272.00,0.00,4691.00,2298.00,0.00,0.00,0.00,0.00,18903.00,7521.00,26424.00,256.00,6619.00,3425.00,164.00,532.00,0.00,,544.00,0.00,123606.00,,,,,,20.12,2.34,14749.41,1,6,724,19790,DL,Delta Air Lines Inc.,DL,Delta Air Lines Inc.,01260,D,3,3,2024,3
31063.33,0.00,2088.33,18.04,14.10,0.00,71290.84,0.00,37716.59,0.00,123.92,4769.22,0.00,2060.11,2876.24,63.77,152084.48,4804.90,0.00,3493.05,-136.02,0.00,1254.95,0.00,0.00,0.00,0.00,0.00,9416.88,9033.67,18450.54,0.00,0.00,0.00,840.45,0.00,3097.19,,0.00,,174472.65,,,,,,25.31,2.67,22298.93,1,6,721,20436,F9,Frontier Airlines Inc.,F9,Frontier Airlines Inc.,06460,D,3,3,2024,2
31132.23,,2592.17,3536.07,,,80430.56,,322.49,,,8069.12,-22.49,1521.11,1116.65,,128697.89,1234.47,72.45,13939.58,6336.23,,1691.11,765.99,,,,,24039.83,4436.05,28475.87,1378.54,7399.40,3347.52,305.52,1222.95,,,,,170827.70,,,,,,13.39,1.05,31181.07,1,6,627,19977,UA,United Air Lines Inc.,UA,United Air Lines Inc.,10877,P,3,3,2024,2
31193.11,0.00,2294.43,1960.21,0.00,0.00,41438.38,79.22,9879.11,0.00,39.80,9191.14,0.00,1172.05,823.68,0.00,98071.13,5297.04,1273.63,6875.41,9003.07,0.00,4168.73,4550.27,0.00,0.00,0.00,0.00,31168.15,12643.59,43811.73,690.83,6196.53,1484.28,1266.50,0.00,456.06,,798.93,,152775.99,,,,,,21.84,2.48,18202.75,1,6,838,19805,AA,American Airlines Inc.,AA,American Airlines Inc.,10050,L,3,3,2024,4
31225.89,0.00,0.00,1317.05,33.09,,131934.63,142.73,13069.62,16.96,975.79,8309.40,0.00,1583.69,167.57,31.37,188807.78,6678.39,0.00,2644.07,0.00,,3726.91,18871.62,0.00,,0.00,,31920.99,8126.75,40047.74,,6954.88,3168.64,534.73,,,,129.03,,239642.79,,,,,,9.54,1.28,47336.87,2,8,821,19917,5X,United Parcel Service,5X,United Parcel Service,16913,P,3,3,2024,2
31432.88,0.00,2318.91,1990.11,0.00,0.00,52796.25,77.70,9948.80,0.00,40.17,9456.68,0.00,1185.87,1035.93,0.00,110283.27,5343.51,1280.65,6993.90,9027.52,0.00,4085.04,4548.33,0.00,0.00,0.00,0.00,31278.95,12710.79,43989.73,694.46,6249.11,1493.51,1268.85,0.00,463.40,,809.64,,165251.98,,,,,,11.99,1.14,23222.79,1,6,889,19805,AA,American Airlines Inc.,AA,American Airlines Inc.,10049,A,3,3,2024,4
31700.93,0.00,2474.66,2140.13,0.00,0.00,89016.43,106.46,11337.73,0.00,42.09,8387.11,0.00,2575.98,1734.32,0.00,149515.83,5163.62,1262.41,6635.47,8941.74,0.00,4045.19,4103.31,0.00,0.00,0.00,0.00,30151.75,12776.40,42928.14,667.29,6529.14,1362.52,661.53,0.00,665.02,,672.18,,203001.64,,,,,,11.90,1.19,31957.73,1,6,637,19805,AA,American Airlines Inc.,AA,American Airlines Inc.,10049,A,3,3,2024,1
31704.83,,3348.38,3917.98,,,83205.97,,17.27,,,8182.45,-29.10,1542.47,1351.24,,133241.49,1555.23,2.01,3883.18,-22.14,,1991.66,-596.34,,,,,6813.60,4581.66,11395.26,161.50,13354.42,3015.53,34.74,450.01,,,,,161652.96,,,,,,17.91,1.23,30808.41,1,6,889,19977,UA,United Air Lines Inc.,UA,United Air Lines Inc.,10874,A,3,3,2024,2
32007.33,,4104.19,4333.29,,,87511.19,,51.83,,,8224.67,-34.24,1550.43,1378.50,,139127.19,1588.48,,4915.32,-35.19,,1573.79,-673.53,,,,,7368.87,4731.92,12100.79,204.69,14729.91,4769.31,10.94,229.49,,,,,171172.33,,,,,,17.99,1.31,32626.67,1,6,837,19977,UA,United Air Lines Inc.,UA,United Air Lines Inc.,10874,A,3,3,2024,2
32011.12,,1707.59,2916.22,,,42048.30,,900.12,,,8307.37,-0.88,757.73,1988.80,,90636.36,3237.37,3.70,109728.78,4550.15,,4946.36,471.71,,,,,122938.06,9712.95,132651.01,862.47,2266.67,10092.52,59.50,874.03,,,,,237442.55,,,,,,26.68,3.10,18498.81,1,6,612,19977,UA,United Air Lines Inc.,UA,United Air Lines Inc.,0A875,D,3,3,2024,4
32037.96,,1823.83,3006.30,,,46905.27,,424.13,,,8871.67,,2755.06,1794.28,,97618.49,2754.23,4.05,103558.60,526.28,,4041.23,919.38,,,,,111803.77,8531.66,120335.43,978.39,1785.30,9631.95,90.55,811.22,,,,,231251.32,,,,,,23.93,2.75,16861.81,1,6,612,19977,UA,United Air Lines Inc.,UA,United Air Lines Inc.,0A875,D,3,3,2024,1
32125.73,,2675.90,3608.46,,,67566.82,,1768.94,,,8955.38,,930.33,664.80,,118296.38,2335.56,3.78,10649.96,4710.25,,4643.91,1440.33,,,,,23783.80,9913.04,33696.84,390.79,7430.52,3105.19,261.73,780.94,,,,,163962.39,,,,,,28.57,3.12,25985.30,1,6,888,19977,UA,United Air Lines Inc.,UA,United Air Lines Inc.,10876,L,3,3,2024,3
32189.42,0.00,2228.53,4122.05,0.00,0.00,0.00,0.00,12039.71,0.00,26.05,2392.88,0.00,1545.15,0.00,422.28,54966.08,5296.05,0.00,11539.77,26019.82,0.00,2081.57,0.00,0.00,0.00,0.00,0.00,44937.21,44.21,44981.42,1493.96,0.00,0.00,902.45,0.00,593.43,,0.00,,102937.34,,,,,,29.15,6.87,18715.53,1,6,631,20397,OH,PSA Airlines Inc.,OH,PSA Airlines Inc.,07028,D,2,2,2024,4
32200.24,,3924.84,4346.86,,,82484.62,,1748.96,,,8905.69,,925.17,1238.75,,135775.12,1593.51,,4285.51,111.89,,1768.64,928.56,,,,,8688.10,5224.98,13913.08,223.97,14980.42,4841.35,11.45,231.29,,,,,169976.68,,,,,,17.80,1.34,33089.95,1,6,837,19977,UA,United Air Lines Inc.,UA,United Air Lines Inc.,10874,A,3,3,2024,3
32207.97,0.00,49.26,2387.59,64.35,0.00,55554.29,0.00,784.25,1.86,139.92,14325.00,0.00,2300.35,1278.76,184.23,109277.82,2551.27,0.00,5667.85,10202.77,0.00,1719.37,65.08,0.00,0.00,0.00,0.00,20206.34,4339.86,24546.20,121.87,9698.24,3362.15,367.81,109.77,2469.13,,0.00,,149952.98,,,,,,20.28,2.57,19883.42,1,6,724,20409,B6,JetBlue Airways,B6,JetBlue Airways,06673,D,3,3,2024,2
32334.00,0.00,940.00,2652.00,0.00,0.00,35204.00,1.00,3813.00,18.00,443.00,9273.00,0.00,1539.00,0.00,155.00,86372.00,2234.00,1049.00,5131.00,6019.00,0.00,4700.00,1302.00,0.00,0.00,0.00,0.00,20435.00,8406.00,28841.00,281.00,7163.00,3834.00,158.00,598.00,0.00,,511.00,0.00,127758.00,,,,,,20.82,2.49,14923.00,1,6,724,19790,DL,Delta Air Lines Inc.,DL,Delta Air Lines Inc.,01260,D,3,3,2024,4
32694.52,,3289.34,4043.74,,,80398.17,,-58.05,,,9081.84,-72.72,943.47,1296.23,,131616.53,1599.55,2.56,3070.38,139.29,,706.17,912.15,,,,,6430.10,4650.52,11080.62,173.95,13176.47,2971.16,43.32,457.55,,,,,159519.61,,,,,,18.16,1.23,31802.45,1,6,889,19977,UA,United Air Lines Inc.,UA,United Air Lines Inc.,10874,A,3,3,2024,3
32797.75,,2616.93,3716.68,,,78449.87,,414.70,,,9149.23,-2.70,950.47,1075.41,,129168.34,1292.45,159.82,19101.65,11608.90,,1612.58,1842.12,,,,,35617.52,4577.69,40195.20,1456.92,7203.37,3229.80,297.28,1135.72,,,,,182686.63,,,,,,13.87,1.07,32460.17,1,6,627,19977,UA,United Air Lines Inc.,UA,United Air Lines Inc.,10877,P,3,3,2024,3
32923.00,0.00,944.00,2664.00,0.00,0.00,82704.00,1.00,3830.00,18.00,444.00,9314.00,0.00,1546.00,0.00,155.00,134543.00,2244.00,1054.00,5154.00,6046.00,0.00,4721.00,1308.00,0.00,0.00,0.00,0.00,20527.00,8443.00,28970.00,283.00,7195.00,3851.00,159.00,601.00,0.00,,513.00,0.00,176115.00,,,,,,20.91,2.11,35058.46,1,6,626,19790,DL,Delta Air Lines Inc.,DL,Delta Air Lines Inc.,01260,D,3,3,2024,4
32954.00,0.00,2883.00,11128.00,757.00,,91321.00,,11.00,94.00,,2898.00,,2253.00,3400.00,11689.00,159388.00,65.00,7.00,43.00,10787.00,,2562.00,940.00,4219.00,,205.00,,18828.00,85510.00,104338.00,,15169.00,7088.00,619.00,116.00,,,,,286718.00,,,,,,16.06,1.42,38841.80,2,6,683,20107,FX,Federal Express Corporation,FX,Federal Express Corporation,16196,A,3,3,2024,3
33087.00,0.00,3813.00,9926.00,1375.00,,67454.00,,0.00,62.00,117.00,0.00,,1621.00,2825.00,6838.00,127118.00,25744.00,2860.00,994.00,590.00,,564.00,382.00,7292.00,,7847.00,,46273.00,36457.00,82730.00,,4128.00,5428.00,1394.00,138.00,,,,,220936.00,,,,,,13.03,1.95,31259.27,2,7,740,20107,FX,Federal Express Corporation,FX,Federal Express Corporation,06200,D,3,3,2024,4
33098.35,0.00,4972.89,3584.82,0.00,0.00,0.00,131.32,10224.95,190.38,19.83,2387.51,0.00,2448.68,0.00,0.45,57059.17,5816.00,0.00,9314.81,14464.40,0.00,2531.02,0.00,0.00,0.00,0.00,0.00,32126.23,11342.48,43468.72,715.11,0.00,0.00,1596.07,0.00,0.00,,0.00,,102839.05,,,,,,26.18,5.40,13853.39,1,6,675,20427,PT,Piedmont Airlines,PT,Piedmont Airlines,06918,D,2,2,2024,2
33600.00,0.00,3122.00,10235.00,695.00,,92835.00,,21.00,166.00,,4428.00,,3746.00,3184.00,11515.00,163547.00,74.00,8.00,74.00,7949.00,,937.00,986.00,3639.00,,293.00,,13960.00,60924.00,74884.00,,15276.00,7150.00,639.00,120.00,,,,,261616.00,,,,,,15.42,1.47,36939.61,2,6,683,20107,FX,Federal Express Corporation,FX,Federal Express Corporation,16196,A,3,3,2024,2
33617.00,0.00,526.00,2091.00,1.00,0.00,80472.00,1.00,2653.00,34.00,258.00,6567.00,0.00,1128.00,0.00,90.00,127438.00,1618.00,647.00,1993.00,4733.00,0.00,3541.00,1734.00,0.00,0.00,0.00,0.00,14266.00,5677.00,19943.00,193.00,4996.00,2585.00,124.00,402.00,0.00,,411.00,0.00,156092.00,,,,,,15.22,1.11,32134.66,1,6,359,19790,DL,Delta Air Lines Inc.,DL,Delta Air Lines Inc.,10261,A,3,3,2024,3
33864.00,0.00,1396.00,2935.00,0.00,0.00,40903.00,1.00,4039.00,2.00,466.00,9392.00,0.00,1561.00,0.00,113.00,94672.00,2342.00,731.00,4743.00,7576.00,0.00,5024.00,2399.00,0.00,0.00,0.00,0.00,22815.00,8572.00,31387.00,244.00,7496.00,3850.00,185.00,576.00,0.00,,631.00,0.00,139041.00,,,,,,22.69,4.03,15587.02,1,6,723,19790,DL,Delta Air Lines Inc.,DL,Delta Air Lines Inc.,01260,D,3,3,2024,2
34071.00,0.00,744.00,2100.00,0.00,0.00,72707.00,1.00,3019.00,14.00,350.00,7342.00,0.00,1219.00,0.00,122.00,121689.00,1769.00,831.00,4063.00,4766.00,0.00,3721.00,1031.00,0.00,0.00,0.00,0.00,16181.00,6656.00,22837.00,223.00,5672.00,3036.00,125.00,474.00,0.00,,405.00,0.00,154461.00,,,,,,16.48,1.47,30820.64,1,6,624,19790,DL,Delta Air Lines Inc.,DL,Delta Air Lines Inc.,10261,A,3,3,2024,4
35105.42,,1813.62,3467.37,,,49365.13,,360.64,,,9848.97,,1023.16,2068.14,,103052.44,2995.20,4.16,79465.13,-586.16,,2486.70,1568.16,,,,,85933.20,8934.33,94867.53,891.72,2071.00,10274.31,56.20,859.94,,,,,212073.12,,,,,,28.53,3.05,20396.48,1,6,612,19977,UA,United Air Lines Inc.,UA,United Air Lines Inc.,0A875,D,3,3,2024,3
35224.00,0.00,3454.00,11722.00,1038.00,,78782.00,,0.00,137.00,115.00,0.00,,3583.00,2987.00,33976.00,171018.00,26351.00,2928.00,1201.00,969.00,,2178.00,580.00,8038.00,,6575.00,,48820.00,36556.00,85376.00,,5899.00,6644.00,1321.00,-52.00,,,,,270206.00,,,,,,13.09,2.05,31421.20,2,7,740,20107,FX,Federal Express Corporation,FX,Federal Express Corporation,06200,D,3,3,2024,2
35233.13,0.00,2598.72,2231.96,0.00,0.00,63829.13,86.87,11150.20,0.00,45.04,10599.83,0.00,1330.95,1251.65,0.00,128357.48,5994.44,1435.92,7844.50,10134.84,0.00,4581.95,5091.34,0.00,0.00,0.00,0.00,35082.99,14261.83,49344.82,778.36,7006.75,1674.65,1425.02,0.00,519.94,,907.76,,190014.78,,,,,,16.16,1.55,28077.76,1,6,887,19805,AA,American Airlines Inc.,AA,American Airlines Inc.,10049,A,3,3,2024,4
35284.61,0.00,0.00,1252.70,40.18,,71871.40,140.61,484.70,22.93,1074.54,8663.63,0.00,998.97,2346.35,-130.83,122049.80,7986.62,0.00,16440.94,0.00,,6375.25,39210.80,0.00,,0.00,,70013.61,9409.98,79423.59,,18509.92,1952.58,644.58,,,,142.14,,222722.61,,,,,,15.34,4.76,27195.14,2,6,691,19917,5X,United Parcel Service,5X,United Parcel Service,06910,D,3,3,2024,3
35330.00,0.00,1009.00,2845.00,0.00,0.00,35791.00,1.00,4091.00,19.00,475.00,9949.00,0.00,1651.00,0.00,166.00,91327.00,2397.00,1125.00,5505.00,6457.00,0.00,5042.00,1397.00,0.00,0.00,0.00,0.00,21923.00,9018.00,30941.00,302.00,7685.00,4113.00,170.00,642.00,0.00,,548.00,0.00,135728.00,,,,,,22.33,4.04,15172.03,1,6,723,19790,DL,Delta Air Lines Inc.,DL,Delta Air Lines Inc.,01260,D,3,3,2024,4
35365.00,0.00,3651.00,10492.00,787.00,,97573.00,,516.00,165.00,,3633.00,,4699.00,3265.00,7627.00,167773.00,73.00,8.00,43.00,11278.00,,1171.00,867.00,4305.00,,257.00,,18002.00,67490.00,85492.00,,16290.00,7649.00,684.00,128.00,,,,,278016.00,,,,,,15.72,1.57,37049.82,2,6,683,20107,FX,Federal Express Corporation,FX,Federal Express Corporation,16196,A,3,3,2024,1
35390.07,0.00,2611.29,2240.99,0.00,0.00,78317.92,87.44,11201.37,0.00,45.23,10656.05,0.00,1334.93,1534.49,0.00,143419.76,6015.20,1441.64,7876.02,10157.86,0.00,4593.31,5121.07,0.00,0.00,0.00,0.00,35205.10,14305.92,49511.02,781.83,7035.51,1681.29,1427.54,0.00,521.77,,911.71,,205290.43,,,,,,12.60,1.18,34453.69,1,6,637,19805,AA,American Airlines Inc.,AA,American Airlines Inc.,10049,A,3,3,2024,4
35509.00,0.00,778.00,3097.00,1.00,0.00,39191.00,1.00,3928.00,51.00,382.00,9723.00,0.00,1670.00,0.00,133.00,94464.00,2396.00,958.00,2952.00,7009.00,0.00,5243.00,2568.00,0.00,0.00,0.00,0.00,21126.00,8406.00,29532.00,286.00,7398.00,3828.00,183.00,595.00,0.00,,608.00,0.00,136894.00,,,,,,22.48,4.00,15649.89,1,6,723,19790,DL,Delta Air Lines Inc.,DL,Delta Air Lines Inc.,01260,D,3,3,2024,3
35592.61,0.00,2378.51,147.15,24.60,0.00,78038.64,0.00,54896.90,0.00,144.19,5434.53,0.00,1659.36,2900.55,42.18,181259.22,6268.27,0.00,5262.27,377.32,0.00,2196.89,0.00,0.00,0.00,0.00,0.00,14104.76,12240.33,26345.09,0.00,0.00,0.00,1041.31,0.00,3745.54,,0.00,,212391.15,,,,,,29.09,3.31,26241.92,1,6,721,20436,F9,Frontier Airlines Inc.,F9,Frontier Airlines Inc.,06460,D,3,3,2024,3
35874.65,0.00,0.00,1351.46,32.23,,51334.66,45.32,2075.63,33.70,418.89,7286.01,0.00,552.90,2013.61,52.91,101071.98,8425.81,0.00,17940.46,0.00,,6974.44,-88.06,0.00,,0.00,,33252.65,9023.40,42276.05,,5129.23,1079.09,371.07,,,,139.68,,150067.09,,,,,,17.31,6.40,20056.16,2,6,622,19917,5X,United Parcel Service,5X,United Parcel Service,06910,D,3,3,2024,4
35914.84,,3173.50,4033.57,,,74590.62,,3.22,,,9263.72,-1.63,844.97,3073.27,,130896.07,3650.85,69.24,13622.43,26128.12,,9622.72,1939.72,,,,,55033.07,10173.88,65206.95,5174.94,4633.51,3055.44,571.28,1678.81,,,1.30,,211218.31,,,,,,29.89,2.95,32328.73,1,6,622,19977,UA,United Air Lines Inc.,UA,United Air Lines Inc.,0A875,D,3,3,2024,4
36034.00,0.00,3527.00,13000.00,921.00,,89300.00,,32.00,89.00,,2672.00,,1935.00,3354.00,10538.00,161402.00,59.00,7.00,84.00,7800.00,,2740.00,183.00,4132.00,,258.00,,15263.00,78133.00,93396.00,,15746.00,7398.00,647.00,120.00,,,,,278709.00,,,,,,16.90,1.53,40485.64,2,6,683,20107,FX,Federal Express Corporation,FX,Federal Express Corporation,16196,A,3,3,2024,4
36893.00,0.00,1158.00,2433.00,0.00,0.00,93017.00,1.00,3348.00,2.00,386.00,7786.00,0.00,1294.00,0.00,94.00,146412.00,1941.00,606.00,3931.00,6280.00,0.00,4165.00,1988.00,0.00,0.00,0.00,0.00,18911.00,7106.00,26017.00,202.00,6214.00,3191.00,153.00,478.00,0.00,,523.00,0.00,183190.00,,,,,,18.81,1.48,35446.52,1,6,624,19790,DL,Delta Air Lines Inc.,DL,Delta Air Lines Inc.,10261,A,3,3,2024,2
37500.19,0.00,2889.04,2536.71,0.00,0.00,59067.55,119.69,12087.15,0.00,46.81,11302.66,0.00,1057.70,1154.90,0.00,127762.39,6235.34,1494.65,7299.63,11912.68,0.00,4157.20,5947.79,0.00,0.00,0.00,0.00,37047.30,14254.69,51301.99,783.16,7286.21,1651.50,806.72,0.00,650.58,,818.11,,191060.67,,,,,,28.18,3.20,24285.72,1,6,838,19805,AA,American Airlines Inc.,AA,American Airlines Inc.,0A050,D,3,3,2024,3
37970.00,0.00,4015.00,10155.00,1281.00,,79930.00,,0.00,95.00,129.00,0.00,,2374.00,3364.00,10273.00,149586.00,27390.00,3043.00,1367.00,841.00,,781.00,450.00,8398.00,,7836.00,,50106.00,33575.00,83681.00,,4559.00,6063.00,1531.00,91.00,,,,,245511.00,,,,,,14.54,2.83,35001.40,2,7,740,20107,FX,Federal Express Corporation,FX,Federal Express Corporation,06200,D,3,3,2024,3
37978.00,0.00,1866.00,3086.00,0.00,0.00,44487.00,2.00,4663.00,13.00,457.00,10664.00,0.00,1919.00,0.00,148.00,105283.00,2277.00,765.00,5437.00,8286.00,0.00,5770.00,3638.00,0.00,0.00,0.00,0.00,26173.00,9062.00,35235.00,252.00,8578.00,4283.00,239.00,643.00,0.00,,866.00,0.00,155379.00,,,,,,23.81,4.05,16048.29,1,6,723,19790,DL,Delta Air Lines Inc.,DL,Delta Air Lines Inc.,01260,D,3,3,2024,1
38002.00,0.00,3376.00,6341.00,-93.00,,42673.00,,2037.00,47.00,287.00,0.00,,2556.00,2214.00,7393.00,104833.00,3103.00,345.00,670.00,1351.00,,6669.00,1912.00,21677.00,,10184.00,,45911.00,30764.00,76675.00,,9002.00,10769.00,1213.00,915.00,,,,,203407.00,,,,,,10.78,5.62,19046.03,2,6,691,20107,FX,Federal Express Corporation,FX,Federal Express Corporation,06200,D,3,3,2024,3
38157.00,0.00,4101.00,6265.00,-65.00,,48295.00,,1929.00,143.00,297.00,0.00,,4206.00,2167.00,49314.00,154809.00,4158.00,462.00,788.00,1363.00,,6905.00,2795.00,18910.00,,13051.00,,48432.00,36266.00,84698.00,,9596.00,11186.00,1192.00,936.00,,,,,262417.00,,,,,,11.21,5.34,19566.16,2,6,691,20107,FX,Federal Express Corporation,FX,Federal Express Corporation,06200,D,3,3,2024,2
38167.08,0.00,2928.72,2520.02,0.00,0.00,64179.08,103.69,12803.27,0.00,48.15,10111.81,0.00,2146.84,1317.39,0.00,134326.04,5985.11,1467.93,7734.18,10268.23,0.00,4370.36,6970.82,0.00,0.00,0.00,0.00,36796.63,13944.11,50740.73,763.18,7443.87,1623.16,777.91,0.00,728.74,,842.08,,197245.71,,,,,,28.91,3.07,24419.99,1,6,838,19805,AA,American Airlines Inc.,AA,American Airlines Inc.,0A050,D,3,3,2024,2
38187.80,,3360.84,4304.82,,,85837.32,,209.62,,,9888.87,-28.04,1864.15,727.58,,144352.96,2752.01,3.64,11087.63,3162.72,,5904.20,-1153.71,,,,,21756.50,10918.83,32675.34,474.95,8363.46,3537.71,359.80,988.71,,,,,190752.92,,,,,,34.52,3.59,30494.51,1,6,888,19977,UA,United Air Lines Inc.,UA,United Air Lines Inc.,10876,L,3,3,2024,2
38226.14,0.00,2983.80,2577.89,0.00,0.00,67633.77,127.93,13688.83,0.00,50.80,10107.54,0.00,3101.27,1314.53,0.00,139812.48,6220.85,1521.98,7995.11,10712.28,0.00,4891.90,4948.33,0.00,0.00,0.00,0.00,36290.43,15402.58,51693.01,803.03,7872.99,1643.56,797.59,0.00,803.03,,810.16,,204235.85,,,,,,28.96,3.15,24275.30,1,6,838,19805,AA,American Airlines Inc.,AA,American Airlines Inc.,0A050,D,3,3,2024,1
38292.32,0.00,2622.76,23.77,24.21,0.00,74416.30,0.00,65506.91,0.00,155.49,6106.52,0.00,1434.05,3692.77,94.00,192369.10,6991.70,0.00,6525.32,4210.67,0.00,1886.54,0.00,0.00,0.00,0.00,0.00,19614.23,13849.05,33463.28,0.00,0.00,0.00,988.39,0.00,4406.15,,0.00,,231226.91,,,,,,31.22,3.80,27718.69,1,6,721,20436,F9,Frontier Airlines Inc.,F9,Frontier Airlines Inc.,06460,D,3,3,2024,4
38674.00,0.00,3886.00,6165.00,126.00,,30118.00,,195.00,34.00,288.00,0.00,,2029.00,1698.00,6434.00,89647.00,2631.00,292.00,583.00,1310.00,,5715.00,2315.00,13994.00,,8615.00,,35455.00,27934.00,63389.00,,8917.00,10637.00,1223.00,1114.00,,,,,174927.00,,,,,,8.53,5.45,14912.05,2,6,691,20107,FX,Federal Express Corporation,FX,Federal Express Corporation,06200,D,3,3,2024,4
39349.47,0.00,0.00,1482.36,35.36,,83902.88,49.71,481.94,36.96,985.45,7991.73,0.00,606.46,2750.21,58.04,137730.55,9241.94,0.00,10502.44,0.00,,7925.17,48028.71,0.00,,0.00,,75698.26,9897.41,85595.67,,18420.02,1943.10,651.02,,,,153.21,,244493.57,,,,,,19.09,4.73,32824.49,2,6,691,19917,5X,United Parcel Service,5X,United Parcel Service,06910,D,3,3,2024,4
39940.36,0.00,46.01,2728.37,30.36,0.00,60572.87,0.00,682.02,1.64,148.68,13694.19,0.00,1573.47,1563.39,3169.00,124150.34,3329.69,0.00,6031.97,11507.58,0.00,2364.57,107.82,0.00,0.00,0.00,0.00,23341.63,5154.79,28496.41,172.37,11412.02,4552.18,450.98,126.00,2926.61,,0.00,,172286.90,,,,,,22.82,3.16,23324.17,1,6,724,20409,B6,JetBlue Airways,B6,JetBlue Airways,06673,D,3,3,2024,3
40073.97,0.00,41.72,2505.03,5.84,0.00,51923.96,0.00,522.01,1.44,173.31,12727.06,0.00,1693.62,1476.76,165.04,111309.76,3565.29,0.00,6483.68,13890.32,0.00,2987.87,117.13,0.00,0.00,0.00,0.00,27044.29,6095.76,33140.05,201.31,12132.62,5057.38,486.48,131.50,3025.32,,0.00,,165484.42,,,,,,22.82,3.16,21634.98,1,6,724,20409,B6,JetBlue Airways,B6,JetBlue Airways,06673,D,3,3,2024,4
40125.00,0.00,4013.00,7706.00,83.00,,54575.00,,1745.00,159.00,310.00,0.00,,5240.00,2454.00,7196.00,123606.00,3619.00,402.00,782.00,766.00,,8519.00,2709.00,18779.00,,13728.00,,49304.00,36864.00,86168.00,,10087.00,11695.00,1114.00,657.00,,,,,233327.00,,,,,,12.29,5.40,21150.97,2,6,691,20107,FX,Federal Express Corporation,FX,Federal Express Corporation,06200,D,3,3,2024,1
40760.00,0.00,684.00,2721.00,1.00,0.00,94630.00,1.00,3451.00,45.00,336.00,8543.00,0.00,1467.00,0.00,117.00,152756.00,2105.00,841.00,2593.00,6158.00,0.00,4606.00,2256.00,0.00,0.00,0.00,0.00,18559.00,7385.00,25944.00,251.00,6500.00,3363.00,161.00,523.00,0.00,,534.00,0.00,190032.00,,,,,,19.75,1.55,37788.48,1,6,624,19790,DL,Delta Air Lines Inc.,DL,Delta Air Lines Inc.,10261,A,3,3,2024,3
41138.00,0.00,4129.00,14170.00,979.00,,88290.00,,0.00,124.00,129.00,2338.00,,4998.00,3214.00,9220.00,168729.00,29651.00,3295.00,1078.00,1022.00,,1760.00,838.00,8726.00,,8354.00,,54724.00,40917.00,95641.00,,7405.00,7931.00,1419.00,-70.00,,,,,281055.00,,,,,,14.01,2.29,33205.48,2,7,740,20107,FX,Federal Express Corporation,FX,Federal Express Corporation,06200,D,3,3,2024,1
41398.48,,2745.63,3965.04,,,93811.04,,141.10,,,11447.51,,3554.98,892.15,,157955.93,1919.66,3.48,19736.33,127.29,,5927.99,908.69,,,,,28623.44,7788.03,36411.46,3324.42,13023.32,1845.46,535.53,7052.41,,,,,220148.54,,,,,,21.93,2.62,33450.19,1,6,626,19977,UA,United Air Lines Inc.,UA,United Air Lines Inc.,10874,A,3,3,2024,1
41487.20,0.00,3055.48,2612.15,0.00,0.00,56798.75,104.70,13138.42,0.00,52.95,12313.57,0.00,1558.68,1125.17,0.00,132247.05,7041.01,1692.07,9167.41,11931.87,0.00,5487.44,6044.53,0.00,0.00,0.00,0.00,41364.33,16782.70,58147.02,918.12,8240.80,1972.33,1677.28,0.00,607.60,,1064.36,,204874.57,,,,,,29.76,3.38,24958.69,1,6,838,19805,AA,American Airlines Inc.,AA,American Airlines Inc.,0A050,D,3,3,2024,4
41982.82,0.00,1945.41,3440.51,565.76,0.00,91072.82,0.00,5472.59,3.47,70.02,11550.46,0.00,2802.03,2722.94,397.53,162026.37,4191.18,0.00,19466.66,9916.01,0.00,2708.58,125.72,0.00,0.00,0.00,0.00,36408.14,7451.75,43859.88,356.89,15366.76,5338.01,902.65,403.56,2430.96,,0.00,,230685.07,,,,,,33.31,3.78,32595.85,1,6,694,20409,B6,JetBlue Airways,B6,JetBlue Airways,16673,L,3,3,2024,2
42437.45,0.00,1018.10,5576.17,0.00,0.00,5994.86,0.00,3144.54,99.09,59.77,3804.33,0.00,3107.33,508.59,608.57,66358.79,6359.51,0.00,31581.61,14461.68,0.00,14901.84,1002.11,0.00,0.00,0.00,0.00,68306.76,5598.69,73905.44,0.00,10087.76,4898.99,0.00,0.00,5506.64,,0.00,,160757.62,,,,,,41.32,11.98,26117.67,1,6,631,20304,OO,SkyWest Airlines Inc.,OO,SkyWest Airlines Inc.,06700,D,3,3,2024,2
42482.00,0.00,1544.00,2553.00,0.00,0.00,97554.00,2.00,3858.00,11.00,378.00,8822.00,0.00,1587.00,0.00,123.00,158914.00,1883.00,633.00,4498.00,6855.00,0.00,4773.00,3010.00,0.00,0.00,0.00,0.00,21652.00,7497.00,29149.00,208.00,7096.00,3543.00,198.00,532.00,0.00,,717.00,0.00,200357.00,,,,,,19.69,1.55,35192.14,1,6,339,19790,DL,Delta Air Lines Inc.,DL,Delta Air Lines Inc.,10261,A,3,3,2024,1
42661.52,0.00,6.91,6217.11,0.00,0.00,4868.89,0.00,8748.14,108.95,59.68,3950.75,0.00,3463.00,538.51,538.36,71161.82,6657.80,0.00,13789.75,11731.81,0.00,8013.85,1008.23,0.00,0.00,0.00,0.00,41201.44,5405.60,46607.04,0.00,9597.34,3844.35,0.00,0.00,5018.84,,0.00,,136229.37,,,,,,41.28,11.90,22855.82,1,6,631,20304,OO,SkyWest Airlines Inc.,OO,SkyWest Airlines Inc.,06700,D,3,3,2024,1
42948.93,,3960.06,4612.79,,,94031.29,,234.66,,,11829.98,,3673.75,809.87,,162101.33,2978.76,5.40,7755.41,2401.71,,6636.92,1400.02,,,,,21178.22,12167.44,33345.66,590.91,9026.82,3890.63,556.33,1247.71,,,,,210759.39,,,,,,36.60,4.06,31959.26,1,6,888,19977,UA,United Air Lines Inc.,UA,United Air Lines Inc.,10876,L,3,3,2024,1
43377.00,0.00,10.00,3838.00,0.00,0.00,100475.00,687.00,4478.00,0.00,140.00,12817.00,0.00,2365.00,3995.00,587.00,172770.00,13054.00,545.00,21790.00,15681.00,0.00,4163.00,2651.00,0.00,0.00,0.00,0.00,57884.00,14967.00,72851.00,311.00,14761.00,2160.00,1352.00,0.00,128.00,,0.00,,264333.00,,,,,,41.89,4.84,37701.00,1,6,614,19930,AS,Alaska Airlines Inc.,AS,Alaska Airlines Inc.,06031,D,3,3,2024,2
43625.39,,4010.98,4973.45,,,102425.34,,1.42,,,12016.78,,3731.76,4162.98,,174948.10,3777.90,92.59,8534.64,33465.05,,5694.34,2149.94,,,,,53714.47,12025.83,65740.29,5551.49,5796.44,4060.14,671.85,1696.30,,,180.28,,258644.89,,,,,,34.64,3.29,36843.85,1,6,622,19977,UA,United Air Lines Inc.,UA,United Air Lines Inc.,0A875,D,3,3,2024,1
43729.74,,4531.75,5567.62,,,130400.43,,813.01,,,12139.70,,1261.14,2259.85,,200703.24,1752.61,2.56,9482.86,139.64,,1522.05,903.23,,,,,13802.96,5852.10,19655.06,319.36,13744.40,3028.87,179.98,424.05,,,,,238054.95,,,,,,19.47,1.36,53011.65,1,6,637,19977,UA,United Air Lines Inc.,UA,United Air Lines Inc.,10877,P,3,3,2024,3
43918.36,,4766.07,5614.23,,,138837.36,,679.44,,,11328.21,-39.76,2135.48,2396.13,,209635.50,1770.94,2.09,4264.14,-22.98,,1998.41,-734.67,,,,,7277.93,5381.88,12659.81,312.83,14115.60,3061.68,179.22,413.88,,,,,240378.52,,,,,,19.88,1.36,53750.02,1,6,637,19977,UA,United Air Lines Inc.,UA,United Air Lines Inc.,10877,P,3,3,2024,2
44709.41,0.00,3437.29,3059.12,0.00,0.00,84180.08,143.15,14199.30,0.00,55.34,12801.67,0.00,1269.68,1713.95,0.00,165568.98,7445.65,1774.53,8578.94,14212.50,0.00,4806.41,7135.76,0.00,0.00,0.00,0.00,43953.79,16939.92,60893.71,924.05,8603.75,1941.71,947.11,0.00,772.26,,967.92,,240619.49,,,,,,34.10,4.38,34286.47,1,6,614,19805,AA,American Airlines Inc.,AA,American Airlines Inc.,10050,L,3,3,2024,3
44803.20,,613.88,20718.03,0.00,,146979.39,,36847.48,,0.00,10462.95,,3984.78,,1620.16,266029.85,2268.55,,8642.94,,,8201.88,1152.30,203.21,,,,20468.88,18165.53,38634.41,,4787.91,8528.74,3194.76,0.00,0.00,,0.00,0.00,321175.68,,,,,,19.82,1.99,61844.31,2,8,819,20007,5Y,Atlas Air Inc.,5Y,Atlas Air Inc.,16087,I,3,3,2024,1
44814.71,0.00,1174.08,5352.89,0.00,0.00,1753.62,0.00,17.46,124.21,63.83,4273.17,0.00,2636.73,485.90,597.90,61294.51,6452.06,0.00,32713.53,13051.45,0.00,13626.47,1425.22,0.00,0.00,0.00,0.00,67268.71,5836.72,73105.43,0.00,6680.56,4615.26,0.00,0.00,5472.32,,0.00,,151168.07,,,,,,44.29,11.10,27911.31,1,6,631,20304,OO,SkyWest Airlines Inc.,OO,SkyWest Airlines Inc.,06700,D,3,3,2024,4
44970.53,0.00,3454.33,2973.30,0.00,0.00,86352.06,120.41,15023.56,0.00,56.67,11942.10,0.00,2536.38,1765.67,0.00,169195.01,7062.89,1730.19,9041.13,12209.17,0.00,5101.12,8099.87,0.00,0.00,0.00,0.00,43244.36,16431.54,59675.91,898.81,8760.09,1914.15,916.42,0.00,855.49,,993.40,,243209.27,,,,,,17.62,1.51,33008.21,1,6,889,19805,AA,American Airlines Inc.,AA,American Airlines Inc.,10049,A,3,3,2024,2
45011.29,0.00,5497.93,6757.70,0.00,0.00,0.00,0.00,20239.19,0.00,43.31,4030.01,0.00,4783.69,0.00,709.67,87072.79,9961.37,0.00,15566.86,17480.71,0.00,-512.36,0.00,0.00,0.00,0.00,0.00,42496.58,381.36,42877.93,1448.00,0.00,0.00,876.62,0.00,741.23,,0.00,,133016.57,,,,,,39.43,6.83,26523.14,1,6,638,20397,OH,PSA Airlines Inc.,OH,PSA Airlines Inc.,07028,D,2,2,2024,1
45527.48,0.00,-36.60,6208.00,0.00,0.00,5061.36,0.00,17.32,110.62,59.15,3803.41,0.00,2871.66,508.98,538.42,64669.81,6252.86,0.00,21565.05,12028.34,0.00,12140.03,1122.16,0.00,0.00,0.00,0.00,53108.43,5537.08,58645.51,0.00,9790.34,4751.09,0.00,0.00,5522.36,,0.00,,143379.11,,,,,,41.20,11.85,26524.62,1,6,631,20304,OO,SkyWest Airlines Inc.,OO,SkyWest Airlines Inc.,06700,D,3,3,2024,3
45616.46,0.00,2152.56,3416.73,591.05,0.00,97878.40,0.00,5987.62,7.03,76.38,13952.92,0.00,3829.82,2519.68,513.50,176542.14,4610.39,0.00,17403.94,3518.31,0.00,2241.21,189.80,0.00,0.00,0.00,0.00,27963.65,7882.83,35846.47,346.03,16339.45,4456.13,888.51,418.85,2787.59,,0.00,,237625.18,,,,,,34.92,3.90,33658.32,1,6,694,20409,B6,JetBlue Airways,B6,JetBlue Airways,16673,L,3,3,2024,1
45714.10,0.00,3511.22,3021.28,0.00,0.00,97393.73,121.98,15297.98,0.00,57.66,12146.80,0.00,2579.78,1986.90,0.00,181831.43,7181.03,1758.43,9189.31,12423.13,0.00,5181.95,8222.41,0.00,0.00,0.00,0.00,43956.26,16709.71,60665.97,914.47,8913.09,1947.56,932.48,0.00,870.50,,1011.06,,257086.55,,,,,,21.80,1.86,37199.07,1,6,887,19805,AA,American Airlines Inc.,AA,American Airlines Inc.,10049,A,3,3,2024,2
45826.87,,4849.80,5415.82,,,121708.22,,-740.46,,,11785.13,-2.49,1074.95,1608.58,,191526.42,2170.59,2.63,-9086.09,150.51,,3486.07,208.19,,,,,-3068.10,6540.66,3472.56,352.35,15144.00,3339.75,202.15,483.57,,,,,214520.81,,,,,,20.24,1.49,52735.64,1,6,637,19977,UA,United Air Lines Inc.,UA,United Air Lines Inc.,10877,P,3,3,2024,4
45859.00,0.00,1862.00,3914.00,0.00,0.00,76943.00,2.00,5386.00,3.00,622.00,12524.00,0.00,2081.00,0.00,151.00,149347.00,3123.00,975.00,6324.00,10101.00,0.00,6699.00,3198.00,0.00,0.00,0.00,0.00,30420.00,11430.00,41850.00,326.00,9996.00,5134.00,247.00,769.00,0.00,,842.00,0.00,208511.00,,,,,,30.25,4.74,29321.15,1,6,698,19790,DL,Delta Air Lines Inc.,DL,Delta Air Lines Inc.,01260,D,3,3,2024,2
46014.79,0.00,4774.07,7797.84,0.00,0.00,0.00,0.00,21533.55,0.00,41.42,3357.78,0.00,3042.56,0.00,685.34,87247.37,8663.73,0.00,17636.95,37213.90,0.00,2367.68,0.00,0.00,0.00,0.00,0.00,65882.27,324.46,66206.72,2088.23,0.00,0.00,840.36,0.00,943.49,,0.00,,157326.17,,,,,,44.51,7.30,31285.39,1,6,638,20397,OH,PSA Airlines Inc.,OH,PSA Airlines Inc.,07028,D,2,2,2024,3
46487.00,0.00,1419.00,2984.00,0.00,0.00,110189.00,1.00,4106.00,2.00,474.00,9548.00,0.00,1586.00,0.00,115.00,176911.00,2381.00,743.00,4821.00,7701.00,0.00,5107.00,2438.00,0.00,0.00,0.00,0.00,23191.00,8714.00,31905.00,248.00,7620.00,3914.00,188.00,586.00,0.00,,642.00,0.00,222014.00,,,,,,23.06,1.60,41990.43,1,6,339,19790,DL,Delta Air Lines Inc.,DL,Delta Air Lines Inc.,10261,A,3,3,2024,2
46788.00,0.00,1532.00,3220.00,0.00,0.00,111472.00,2.00,4430.00,3.00,511.00,10302.00,0.00,1712.00,0.00,124.00,180096.00,2569.00,802.00,5202.00,8310.00,0.00,5511.00,2631.00,0.00,0.00,0.00,0.00,25025.00,9403.00,34428.00,268.00,8223.00,4223.00,203.00,632.00,0.00,,692.00,0.00,228765.00,,,,,,24.88,2.06,42479.27,1,6,626,19790,DL,Delta Air Lines Inc.,DL,Delta Air Lines Inc.,10261,A,3,3,2024,2
46865.00,0.00,999.00,2817.00,0.00,0.00,94882.00,1.00,4050.00,19.00,470.00,9850.00,0.00,1635.00,0.00,164.00,161752.00,2373.00,1114.00,5451.00,6393.00,0.00,4993.00,1383.00,0.00,0.00,0.00,0.00,21707.00,8929.00,30636.00,299.00,7609.00,4073.00,168.00,635.00,0.00,,543.00,0.00,205715.00,,,,,,22.11,1.71,40220.78,1,6,339,19790,DL,Delta Air Lines Inc.,DL,Delta Air Lines Inc.,10261,A,3,3,2024,4
46938.25,0.00,3614.53,3182.99,0.00,0.00,84553.43,149.93,15079.76,0.00,58.48,13992.94,0.00,1325.86,1668.88,0.00,170565.06,7807.05,1869.03,9107.62,14911.89,0.00,5168.57,7454.78,0.00,0.00,0.00,0.00,46318.93,17828.27,64147.20,977.99,9100.49,2060.78,1006.34,0.00,813.51,,1022.30,,249693.66,,,,,,18.12,1.59,34686.88,1,6,889,19805,AA,American Airlines Inc.,AA,American Airlines Inc.,10049,A,3,3,2024,3
47370.05,0.00,3637.88,3129.61,0.00,0.00,125781.45,126.36,15873.79,0.00,59.78,12587.75,0.00,2673.29,2564.36,0.00,213804.32,7440.69,1821.85,9529.54,12867.50,0.00,5373.12,8526.64,0.00,0.00,0.00,0.00,45559.34,17318.45,62877.79,948.09,9241.77,2018.91,966.79,0.00,902.87,,1048.24,,291808.77,,,,,,17.72,1.43,47990.14,1,6,637,19805,AA,American Airlines Inc.,AA,American Airlines Inc.,10049,A,3,3,2024,2
47391.00,0.00,1345.00,3793.00,0.00,0.00,66589.00,2.00,5454.00,25.00,633.00,13264.00,0.00,2202.00,0.00,221.00,140919.00,3196.00,1500.00,7340.00,8609.00,0.00,6723.00,1863.00,0.00,0.00,0.00,0.00,29231.00,12024.00,41255.00,402.00,10247.00,5484.00,227.00,856.00,0.00,,731.00,0.00,200121.00,,,,,,29.78,4.69,28227.23,1,6,698,19790,DL,Delta Air Lines Inc.,DL,Delta Air Lines Inc.,01260,D,3,3,2024,4
47500.00,0.00,1139.00,2395.00,0.00,0.00,101267.00,1.00,3295.00,2.00,380.00,7662.00,0.00,1273.00,0.00,92.00,165006.00,1910.00,596.00,3869.00,6180.00,0.00,4099.00,1957.00,0.00,0.00,0.00,0.00,18611.00,6993.00,25604.00,199.00,6116.00,3141.00,151.00,470.00,0.00,,515.00,0.00,201202.00,,,,,,18.51,1.39,38590.43,1,6,359,19790,DL,Delta Air Lines Inc.,DL,Delta Air Lines Inc.,10262,P,3,3,2024,2
47510.00,0.00,1028.00,4090.00,2.00,0.00,72685.00,1.00,5188.00,67.00,505.00,12843.00,0.00,2206.00,0.00,175.00,146300.00,3165.00,1265.00,3899.00,9258.00,0.00,6925.00,3391.00,0.00,0.00,0.00,0.00,27903.00,11102.00,39005.00,378.00,9771.00,5056.00,242.00,786.00,0.00,,803.00,0.00,202341.00,,,,,,29.70,4.67,29024.95,1,6,698,19790,DL,Delta Air Lines Inc.,DL,Delta Air Lines Inc.,01260,D,3,3,2024,3
47885.00,0.00,2771.00,10617.00,355.00,,25773.00,,57.00,38.00,569.00,23216.00,,2030.00,1011.00,6014.00,120336.00,0.00,0.00,1313.00,,,7417.00,2270.00,13276.00,,1085.00,,25361.00,16994.00,42355.00,,24024.00,20936.00,1236.00,960.00,,,,,209847.00,,,,,,11.38,8.35,11734.97,2,6,622,20107,FX,Federal Express Corporation,FX,Federal Express Corporation,06200,D,3,3,2024,3
47966.04,,4162.61,5131.91,,,120903.49,,578.95,,,13222.73,,4106.27,1774.25,,197846.24,1805.78,28.22,19850.19,15188.97,,2015.53,1689.23,,,,,40577.92,6462.96,47040.88,1849.24,12273.21,5703.38,479.04,2139.12,,,,,267331.11,,,,,,19.20,1.58,44709.69,1,6,627,19977,UA,United Air Lines Inc.,UA,United Air Lines Inc.,10877,P,3,3,2024,1
48420.00,0.00,6.00,4116.00,2.00,0.00,102244.00,859.00,6247.00,0.00,148.00,14311.00,0.00,2639.00,4610.00,712.00,184317.00,11675.00,509.00,17803.00,15777.00,0.00,2805.00,1848.00,0.00,0.00,0.00,0.00,50417.00,12631.00,63047.00,342.00,14700.00,2366.00,1471.00,0.00,165.00,,0.00,,266408.00,,,,,,45.63,5.23,41546.00,1,6,614,19930,AS,Alaska Airlines Inc.,AS,Alaska Airlines Inc.,06031,D,3,3,2024,3
48565.65,0.00,3740.76,3289.50,0.00,0.00,95970.24,154.59,15665.71,0.00,60.66,14599.25,0.00,1370.96,1879.96,0.00,185297.29,8081.85,1937.22,9464.51,15456.30,0.00,5388.42,7709.08,0.00,0.00,0.00,0.00,48037.37,18490.41,66527.79,1015.19,9442.12,2140.21,1044.94,0.00,843.27,,1059.18,,267369.99,,,,,,22.74,1.94,39466.59,1,6,887,19805,AA,American Airlines Inc.,AA,American Airlines Inc.,10049,A,3,3,2024,3
48604.00,0.00,2524.00,4173.00,0.00,0.00,89079.00,3.00,6306.00,18.00,618.00,14421.00,0.00,2595.00,0.00,201.00,168542.00,3079.00,1034.00,7352.00,11205.00,0.00,7803.00,4920.00,0.00,0.00,0.00,0.00,35393.00,12256.00,47649.00,340.00,11600.00,5792.00,323.00,870.00,0.00,,1172.00,0.00,236288.00,,,,,,32.19,4.21,32134.94,1,6,888,19790,DL,Delta Air Lines Inc.,DL,Delta Air Lines Inc.,10260,L,3,3,2024,1
48621.28,0.00,5233.23,8541.76,0.00,0.00,0.00,0.00,21349.14,0.00,43.47,3425.68,0.00,3736.46,0.00,664.77,91615.79,10132.14,0.00,17698.97,53883.83,0.00,1552.04,0.00,0.00,0.00,0.00,0.00,83266.97,518.25,83785.22,1737.67,0.00,0.00,866.66,0.00,982.54,,0.00,,178987.87,,,,,,39.55,6.85,30406.42,1,6,638,20397,OH,PSA Airlines Inc.,OH,PSA Airlines Inc.,07028,D,2,2,2024,2
48787.00,0.00,2341.00,3872.00,0.00,0.00,79307.00,3.00,5850.00,17.00,573.00,13380.00,0.00,2407.00,0.00,186.00,156723.00,2856.00,960.00,6821.00,10396.00,0.00,7239.00,4564.00,0.00,0.00,0.00,0.00,32836.00,11370.00,44206.00,316.00,10762.00,5373.00,300.00,807.00,0.00,,1087.00,0.00,219574.00,,,,,,29.87,4.83,28609.55,1,6,698,19790,DL,Delta Air Lines Inc.,DL,Delta Air Lines Inc.,01260,D,3,3,2024,1
49067.02,0.00,3397.00,5799.15,0.00,0.00,0.00,0.00,21584.69,0.00,39.71,3647.51,0.00,2355.31,0.00,643.70,86534.09,8072.88,0.00,15902.17,21024.92,0.00,1916.83,0.00,0.00,0.00,0.00,0.00,46916.80,67.39,46984.19,2103.76,0.00,0.00,786.70,0.00,904.57,,0.00,,137313.32,,,,,,44.44,7.33,30434.14,1,6,638,20397,OH,PSA Airlines Inc.,OH,PSA Airlines Inc.,07028,D,2,2,2024,4
49130.00,0.00,793.00,3157.00,1.00,0.00,106337.00,1.00,4004.00,52.00,390.00,9912.00,0.00,1702.00,0.00,135.00,175614.00,2443.00,976.00,3009.00,7145.00,0.00,5344.00,2617.00,0.00,0.00,0.00,0.00,21534.00,8569.00,30103.00,292.00,7541.00,3902.00,187.00,607.00,0.00,,620.00,0.00,218866.00,,,,,,22.92,1.71,42463.32,1,6,339,19790,DL,Delta Air Lines Inc.,DL,Delta Air Lines Inc.,10261,A,3,3,2024,3
49789.20,,5534.85,5967.52,,,152380.88,,759.37,,,13674.78,,4246.65,2651.15,,235004.40,1899.41,3.12,7558.86,114.09,,1647.22,691.13,,,,,11913.83,6986.40,18900.23,302.65,15883.98,3416.25,194.22,374.99,,,,,274076.72,,,,,,21.01,1.51,55762.87,1,6,637,19977,UA,United Air Lines Inc.,UA,United Air Lines Inc.,10877,P,3,3,2024,1
50092.08,,4133.18,5264.10,,,111456.85,,639.22,,,12934.68,-3.56,1179.80,1059.15,,186755.50,2347.89,245.69,22873.85,16203.33,,2865.85,1923.90,,,,,46460.51,7561.90,54022.41,2131.22,10697.00,4876.86,437.62,1769.50,,,,,260690.10,,,,,,21.11,1.63,48411.38,1,6,627,19977,UA,United Air Lines Inc.,UA,United Air Lines Inc.,10877,P,3,3,2024,4
50572.32,0.00,3463.85,31.40,31.97,0.00,98280.95,0.00,86514.39,0.00,205.35,8064.83,0.00,1893.94,4877.01,124.15,254060.16,9233.87,0.00,8617.93,5561.00,0.00,2491.54,0.00,0.00,0.00,0.00,0.00,25904.34,18290.32,44194.66,0.00,0.00,0.00,1305.35,0.00,5819.16,,0.00,,305379.33,,,,,,54.74,7.55,43382.92,1,6,722,20436,F9,Frontier Airlines Inc.,F9,Frontier Airlines Inc.,06460,D,3,3,2024,4
50852.00,0.00,1886.00,3119.00,0.00,0.00,135379.00,2.00,4713.00,13.00,462.00,10779.00,0.00,1939.00,0.00,150.00,209294.00,2301.00,773.00,5495.00,8375.00,0.00,5832.00,3677.00,0.00,0.00,0.00,0.00,26453.00,9160.00,35613.00,254.00,8671.00,4329.00,242.00,650.00,0.00,,876.00,0.00,259929.00,,,,,,24.06,2.07,48837.40,1,6,687,19790,DL,Delta Air Lines Inc.,DL,Delta Air Lines Inc.,10261,A,3,3,2024,1
51394.89,0.00,1586.01,3183.72,596.95,0.00,85532.02,0.00,4787.57,2.38,66.01,13243.73,0.00,2016.18,2777.86,254.87,165442.18,5407.07,0.00,19199.25,23698.63,0.00,3282.10,167.99,0.00,0.00,0.00,0.00,51755.04,8687.20,60442.24,492.07,17135.88,7151.80,1019.49,468.32,2193.10,,0.00,,254345.08,,,,,,17.74,2.09,35638.34,1,6,694,20409,B6,JetBlue Airways,B6,JetBlue Airways,16673,L,3,3,2024,4
51514.00,0.00,9.00,3950.00,1.00,0.00,88306.00,-7.00,11245.00,0.00,417.00,13255.00,0.00,2808.00,3679.00,6626.00,181803.00,2147.00,86.00,4273.00,833.00,0.00,386.00,309.00,0.00,0.00,0.00,0.00,8033.00,2170.00,10203.00,91.00,12987.00,6938.00,751.00,0.00,817.00,,0.00,,213589.00,,,,,,40.24,5.39,31587.00,1,6,839,19930,AS,Alaska Airlines Inc.,AS,Alaska Airlines Inc.,06031,D,3,3,2024,1
51521.00,0.00,2444.00,11163.00,104.00,,31342.00,,82.00,-16.00,595.00,36181.00,,3654.00,1089.00,69732.00,207891.00,0.00,0.00,818.00,,,10210.00,3706.00,12820.00,,1696.00,,29250.00,21902.00,51152.00,,22372.00,20893.00,1238.00,966.00,,,,,304512.00,,,,,,12.60,7.22,12829.59,2,6,622,20107,FX,Federal Express Corporation,FX,Federal Express Corporation,06200,D,3,3,2024,2
51526.34,0.00,3443.30,213.02,35.61,0.00,112974.17,0.00,79472.57,0.00,208.74,7867.41,0.00,2402.21,4199.03,61.06,262403.46,9074.39,0.00,7618.03,546.24,0.00,3180.37,0.00,0.00,0.00,0.00,0.00,20419.03,17719.96,38138.99,0.00,0.00,0.00,1507.46,0.00,5422.30,,0.00,,307472.21,,,,,,56.32,7.40,45755.44,1,6,722,20436,F9,Frontier Airlines Inc.,F9,Frontier Airlines Inc.,06460,D,3,3,2024,3
51934.00,0.00,2671.00,11625.00,196.00,,23945.00,,41.00,32.00,564.00,24437.00,,1579.00,944.00,5361.00,123329.00,0.00,0.00,2025.00,,,5394.00,1704.00,10632.00,,2733.00,,22488.00,17718.00,40206.00,,23700.00,20668.00,1227.00,949.00,,,,,210079.00,,,,,,11.89,7.39,11569.02,2,6,622,20107,FX,Federal Express Corporation,FX,Federal Express Corporation,06200,D,3,3,2024,4
51948.63,,5936.37,6277.21,,,167279.30,,832.56,,,14261.16,,4428.75,2250.50,,253214.47,2455.74,40.58,19468.18,21842.43,,2831.97,2372.22,,,,,49011.11,9103.15,58114.26,2659.29,17649.43,8201.72,688.88,3076.16,,,,,343604.20,,,,,,27.31,2.27,60468.73,1,6,627,19977,UA,United Air Lines Inc.,UA,United Air Lines Inc.,10874,A,3,3,2024,1
51971.61,,763.44,23960.83,0.00,,184660.34,,36847.59,,0.00,11930.74,,3844.38,,1881.81,315860.74,2697.02,,10550.27,,,10516.17,1482.53,179.94,,,,25425.92,22113.17,47539.09,,5018.11,9126.18,3137.44,0.00,0.00,,0.00,0.00,380681.56,,,,,,21.41,2.14,66831.75,2,8,819,20007,5Y,Atlas Air Inc.,5Y,Atlas Air Inc.,16087,I,3,3,2024,2
52062.00,0.00,3077.00,12621.00,204.00,,35316.00,,83.00,130.00,609.00,40381.00,,4511.00,1188.00,4428.00,154610.00,0.00,0.00,862.00,,,8443.00,3659.00,13505.00,,5311.00,,31780.00,23762.00,55542.00,,29391.00,20753.00,1202.00,945.00,,,,,262443.00,,,,,,13.74,8.03,13849.25,2,6,622,20107,FX,Federal Express Corporation,FX,Federal Express Corporation,06200,D,3,3,2024,1
52064.68,0.00,4007.31,3540.74,0.00,0.00,129128.37,166.06,16695.46,0.00,64.81,15360.61,0.00,1473.25,2569.60,0.00,225070.88,8667.21,2072.95,10087.14,16565.06,0.00,5707.76,8282.51,0.00,0.00,0.00,0.00,51382.63,19788.31,71170.94,1083.69,10083.10,2281.70,1113.56,0.00,902.28,,1132.24,,312838.38,,,,,,19.13,1.49,52896.28,1,6,637,19805,AA,American Airlines Inc.,AA,American Airlines Inc.,10049,A,3,3,2024,3
52535.60,,3518.41,5396.77,,,124258.11,,163.36,,,13659.01,-246.32,2574.85,776.68,,202636.48,2529.41,3.35,9151.83,-36.14,,6915.31,-1114.43,,,,,17449.33,8740.85,26190.19,4765.81,15149.48,2471.92,696.34,8240.40,,,,,260150.62,,,,,,29.94,3.04,45963.98,1,6,626,19977,UA,United Air Lines Inc.,UA,United Air Lines Inc.,10874,A,3,3,2024,2
52673.00,0.00,678.00,2699.00,1.00,0.00,103941.00,1.00,3423.00,44.00,333.00,8475.00,0.00,1455.00,0.00,116.00,173839.00,2089.00,835.00,2573.00,6109.00,0.00,4569.00,2238.00,0.00,0.00,0.00,0.00,18413.00,7326.00,25739.00,249.00,6448.00,3336.00,160.00,519.00,0.00,,530.00,0.00,210820.00,,,,,,19.59,1.44,41506.51,1,6,359,19790,DL,Delta Air Lines Inc.,DL,Delta Air Lines Inc.,10262,P,3,3,2024,3
52797.15,0.00,470.59,835.12,135.73,0.00,75434.76,0.00,41262.92,1.22,934.84,8873.01,0.00,1645.39,3433.48,0.00,185824.20,10959.68,0.00,3064.28,1125.84,0.00,2446.63,5443.25,0.00,0.00,0.00,0.00,23039.67,0.00,23039.67,0.00,6243.85,743.94,187.27,0.00,0.00,,7525.71,,223564.63,,,,,,37.97,5.33,34554.99,1,6,694,20416,NK,Spirit Air Lines,NK,Spirit Air Lines,06830,D,3,3,2024,4
53443.00,0.00,6.00,4390.00,1.00,0.00,103335.00,936.00,6168.00,0.00,108.00,7606.00,0.00,2913.00,3745.00,6567.00,189218.00,11299.00,451.00,9987.00,16885.00,0.00,2032.00,1627.00,0.00,0.00,0.00,0.00,42281.00,11423.00,53704.00,278.00,13593.00,1663.00,1190.00,0.00,98.00,,0.00,,259745.00,,,,,,39.88,4.36,35336.00,1,6,614,19930,AS,Alaska Airlines Inc.,AS,Alaska Airlines Inc.,06031,D,3,3,2024,1
53528.00,0.00,1528.00,2527.00,0.00,0.00,110387.00,2.00,3818.00,11.00,374.00,8733.00,0.00,1571.00,0.00,121.00,182600.00,1864.00,626.00,4452.00,6785.00,0.00,4725.00,2979.00,0.00,0.00,0.00,0.00,21431.00,7421.00,28852.00,206.00,7024.00,3507.00,196.00,527.00,0.00,,709.00,0.00,223621.00,,,,,,19.49,1.54,39821.60,1,6,359,19790,DL,Delta Air Lines Inc.,DL,Delta Air Lines Inc.,10262,P,3,3,2024,1
53646.27,,5863.62,6375.93,,,157990.21,,908.50,,,13787.61,-5.05,1257.60,1104.74,,240929.43,3188.09,349.19,6671.31,23029.07,,4026.64,2624.47,,,,,39888.76,10117.06,50005.82,3029.00,15203.17,6931.26,621.96,2514.91,,,,,319235.55,,,,,,29.56,2.29,67498.28,1,6,627,19977,UA,United Air Lines Inc.,UA,United Air Lines Inc.,10874,A,3,3,2024,4
53860.55,1675.49,2812.88,789.53,15.42,0.00,101477.40,0.00,4310.42,0.00,992.22,7648.56,0.00,1231.96,0.00,2030.14,176844.58,17051.50,0.00,383.30,583.91,0.00,16135.62,375.18,0.00,0.00,0.00,0.00,34529.51,11237.98,45767.48,0.00,16155.77,10455.75,4754.19,0.00,0.00,,6148.09,,260125.87,,,,,,43.80,8.09,40623.70,1,6,694,20368,G4,Allegiant Air,G4,Allegiant Air,06035,D,3,3,2024,4
54457.74,0.00,3996.78,3406.81,0.00,0.00,86870.67,140.47,17252.24,0.00,69.43,15817.24,0.00,2043.32,1742.86,0.00,185797.55,9248.90,2227.50,11934.44,15796.01,0.00,7418.53,7976.10,0.00,0.00,0.00,0.00,54601.49,22131.84,76733.33,1207.95,10815.67,2594.77,2224.21,0.00,792.55,,1389.81,,281555.84,,,,,,39.50,5.25,38123.45,1,6,614,19805,AA,American Airlines Inc.,AA,American Airlines Inc.,10050,L,3,3,2024,4
55549.00,0.00,34.00,3917.00,132.00,0.00,93852.00,687.00,6374.00,0.00,143.00,16412.00,0.00,3030.00,4455.00,672.00,185257.00,13043.00,561.00,18654.00,23562.00,0.00,3155.00,2632.00,0.00,0.00,0.00,0.00,61607.00,13759.00,75366.00,368.00,14594.00,2303.00,1560.00,0.00,234.00,,0.00,,279682.00,,,,,,44.77,4.99,39975.00,1,6,614,19930,AS,Alaska Airlines Inc.,AS,Alaska Airlines Inc.,06031,D,3,3,2024,4
55793.59,1718.64,3036.83,968.31,14.56,0.00,128076.73,0.00,4329.63,0.00,1624.18,7419.12,0.00,4372.94,0.00,3356.22,210710.74,18177.19,0.00,344.99,689.24,0.00,14544.41,803.74,0.00,0.00,0.00,0.00,34559.57,9997.51,44557.08,0.00,17688.08,10498.62,5181.16,0.00,0.00,,5186.11,,293821.79,,,,,,48.11,8.31,45295.20,1,6,694,20368,G4,Allegiant Air,G4,Allegiant Air,06035,D,3,3,2024,2
55839.89,0.00,3754.01,32.43,25.34,0.00,128153.45,0.00,67799.89,0.00,222.76,8573.21,0.00,3703.28,5170.38,114.64,273389.27,8637.35,0.00,6279.16,-244.51,0.00,2255.92,0.00,0.00,0.00,0.00,0.00,16927.92,16239.05,33166.97,0.00,0.00,0.00,1510.80,0.00,5567.54,,0.00,,313634.57,,,,,,60.37,7.13,48720.81,1,6,722,20436,F9,Frontier Airlines Inc.,F9,Frontier Airlines Inc.,06460,D,3,3,2024,2
55905.64,1746.78,2930.09,995.60,43.67,0.00,112092.38,0.00,4476.23,0.05,1552.41,7393.61,0.00,4066.83,0.00,2157.30,193360.60,17491.39,0.00,182.39,1292.65,0.00,13204.54,910.21,0.00,0.00,0.00,0.00,33081.17,11114.35,44195.53,0.00,14453.33,11737.91,5014.40,0.00,0.00,,4833.11,,273594.87,,,,,,43.15,8.29,41716.57,1,6,694,20368,G4,Allegiant Air,G4,Allegiant Air,06035,D,3,3,2024,3
56337.00,0.00,1216.00,3431.00,0.00,0.00,131889.00,1.00,4933.00,23.00,572.00,11996.00,0.00,1991.00,0.00,200.00,212589.00,2890.00,1357.00,6638.00,7786.00,0.00,6080.00,1685.00,0.00,0.00,0.00,0.00,26436.00,10874.00,37310.00,364.00,9267.00,4960.00,205.00,774.00,0.00,,661.00,0.00,266130.00,,,,,,26.93,2.10,55907.96,1,6,687,19790,DL,Delta Air Lines Inc.,DL,Delta Air Lines Inc.,10261,A,3,3,2024,4
56569.35,,3613.05,5518.01,,,82957.42,,22.62,,,14653.74,-1.86,1336.60,3724.10,,168393.03,5735.23,6.53,27327.91,10039.62,,9101.95,6087.34,,,,,58298.58,15059.43,73358.02,3962.14,11772.45,4735.32,589.12,13375.14,,,409.87,,276595.08,,,,,,47.43,6.14,35865.27,1,6,694,19977,UA,United Air Lines Inc.,UA,United Air Lines Inc.,0A875,D,3,3,2024,4
56889.53,0.00,4365.52,3756.08,0.00,0.00,114351.66,154.32,19087.87,0.00,71.79,15075.97,0.00,3200.82,2345.57,0.00,219299.12,8922.13,2187.93,11523.29,15315.68,0.00,6510.15,10379.84,0.00,0.00,0.00,0.00,54839.02,20786.36,75625.38,1137.76,11097.21,2420.02,1159.77,0.00,1086.29,,1255.61,,313081.14,,,,,,43.71,5.39,43516.00,1,6,614,19805,AA,American Airlines Inc.,AA,American Airlines Inc.,10050,L,3,3,2024,2
57181.29,0.00,7207.36,7624.22,5191.57,0.00,0.00,178.09,3435.13,57.60,1009.39,7163.82,0.00,4877.85,1157.20,124.78,95208.29,21510.46,0.00,32056.62,1323.31,0.00,6624.66,215.49,0.00,0.00,0.00,0.00,61730.53,0.00,61730.53,902.47,0.00,0.00,0.00,729.76,0.00,,0.00,0.00,158571.05,,,,,,61.83,10.81,42962.46,1,6,638,20363,9E,Endeavor Air Inc.,9E,Endeavor Air Inc.,07024,D,2,2,2024,2
57315.22,0.00,8114.73,8879.02,5268.99,0.00,0.00,142.57,3103.48,88.82,801.17,7266.73,0.00,4172.70,-1962.06,37.00,93228.36,22440.99,0.00,26578.74,1551.20,0.00,6180.35,397.92,0.00,0.00,0.00,0.00,57149.19,0.00,57149.19,903.85,0.00,0.00,0.00,725.15,0.00,,0.00,0.00,152006.54,,,,,,59.41,12.07,41260.05,1,6,638,20363,9E,Endeavor Air Inc.,9E,Endeavor Air Inc.,07024,D,2,2,2024,3
57363.52,,3781.58,5448.56,,,115146.08,,155.18,,,14855.22,-1.95,1354.98,760.02,,198863.19,3347.18,4.42,10699.34,252.96,,5270.30,544.13,,,,,20118.33,9279.88,29398.20,5870.87,14697.31,2894.16,760.12,7381.90,,,,,259865.75,,,,,,31.89,2.94,49210.20,1,6,626,19977,UA,United Air Lines Inc.,UA,United Air Lines Inc.,10874,A,3,3,2024,4
57910.00,0.00,5978.00,17181.00,1288.00,,153656.00,,2097.00,270.00,,5950.00,,7695.00,5287.00,8067.00,265379.00,120.00,13.00,72.00,18618.00,,4436.00,3953.00,7107.00,,425.00,,34744.00,28955.00,63699.00,,26892.00,12627.00,1129.00,212.00,,,,,369938.00,,,,,,25.95,2.63,61838.92,2,6,683,20107,FX,Federal Express Corporation,FX,Federal Express Corporation,16197,P,3,3,2024,1
58077.00,0.00,2799.00,4629.00,0.00,0.00,101171.00,3.00,6994.00,20.00,686.00,15996.00,0.00,2878.00,0.00,222.00,193475.00,3415.00,1147.00,8155.00,12429.00,0.00,8655.00,5457.00,0.00,0.00,0.00,0.00,39258.00,13594.00,52852.00,377.00,12867.00,6424.00,359.00,965.00,0.00,,1299.00,0.00,268618.00,,,,,,35.71,5.38,36496.75,1,6,694,19790,DL,Delta Air Lines Inc.,DL,Delta Air Lines Inc.,01260,D,3,3,2024,1
58113.00,0.00,5399.00,17703.00,1203.00,,153531.00,,1240.00,287.00,,7658.00,,6478.00,5334.00,13715.00,270661.00,129.00,14.00,129.00,13832.00,,4693.00,4801.00,6331.00,,511.00,,30440.00,25797.00,56237.00,,26581.00,12441.00,1112.00,209.00,,,,,367241.00,,,,,,26.84,2.59,64458.47,2,6,683,20107,FX,Federal Express Corporation,FX,Federal Express Corporation,16197,P,3,3,2024,2
58491.78,,809.66,26085.48,0.00,,168720.18,,35097.10,,0.00,11505.22,,2622.15,,1726.77,305058.33,2742.93,,10143.89,,,12139.76,1913.00,176.19,,,,27115.76,22933.91,50049.67,,5778.59,8929.31,5598.66,0.00,0.00,,0.00,0.00,375414.56,,,,,,27.12,2.35,86465.73,2,8,819,20007,5Y,Atlas Air Inc.,5Y,Atlas Air Inc.,16087,I,3,3,2024,3
58575.52,0.00,8386.69,7590.50,5201.39,0.00,0.00,129.89,3003.67,34.60,942.85,6736.21,0.00,3413.40,596.83,93.35,94704.90,23269.78,0.00,22804.00,1507.60,0.00,7026.64,-8.62,0.00,0.00,0.00,0.00,54599.37,0.00,54599.37,977.40,0.00,0.00,0.00,727.55,0.00,,0.00,0.00,151009.18,,,,,,60.48,12.34,41218.45,1,6,638,20363,9E,Endeavor Air Inc.,9E,Endeavor Air Inc.,07024,D,2,2,2024,4
58855.85,0.00,4594.79,3969.59,0.00,0.00,174818.24,196.98,21073.70,0.00,78.21,15564.06,0.00,4775.63,3405.63,0.00,287332.66,9578.56,2343.24,12309.88,16504.40,0.00,7528.78,7618.43,0.00,0.00,0.00,0.00,55883.28,23714.57,79597.86,1236.69,12121.22,2530.39,1228.08,0.00,1236.26,,1247.47,,386530.62,,,,,,65.70,9.87,62739.29,1,6,698,19805,AA,American Airlines Inc.,AA,American Airlines Inc.,0A050,D,3,3,2024,1
59272.35,0.00,547.74,1134.73,209.75,0.00,109307.97,0.00,45612.63,0.03,1153.23,12694.01,0.00,2754.47,5375.63,0.00,238062.53,13219.28,0.00,3081.63,1479.47,0.00,2913.04,7030.22,0.00,0.00,0.00,0.00,27723.65,0.00,27723.65,0.00,9459.74,885.64,212.48,0.00,0.00,,9109.92,,285453.95,,,,,,49.55,6.00,46043.00,1,6,694,20416,NK,Spirit Air Lines,NK,Spirit Air Lines,06830,D,3,3,2024,3
59548.00,0.00,592.57,1178.53,147.46,0.00,123146.74,0.00,39422.09,10.00,1126.33,12705.26,0.00,4281.25,4957.17,0.00,247115.40,13206.27,0.00,2921.23,1411.66,0.00,2532.24,6720.78,0.00,0.00,0.00,0.00,26792.17,0.00,26792.17,0.00,9851.92,871.23,214.16,0.00,0.00,,9009.19,,293854.08,,,,,,52.94,5.93,48260.64,1,6,694,20416,NK,Spirit Air Lines,NK,Spirit Air Lines,06830,D,3,3,2024,2
59830.36,0.00,0.00,2294.52,34.74,,111023.74,160.59,12107.65,37.83,1350.65,16997.73,0.00,5828.64,2237.92,-329.54,211574.84,12667.60,0.00,12912.50,0.00,,8161.11,19734.47,0.00,,0.00,,53475.67,15162.46,68638.13,,10224.38,1690.02,543.50,,,,244.65,,292915.51,,,,,,24.79,4.92,37063.96,2,6,626,19917,5X,United Parcel Service,5X,United Parcel Service,06910,D,3,3,2024,1
60231.51,0.00,7546.31,8035.89,4795.93,0.00,0.00,129.42,3531.73,366.76,950.99,7699.56,0.00,5869.36,-2469.58,99.20,96787.08,21375.16,0.00,25997.60,1577.12,0.00,6050.97,256.13,0.00,0.00,0.00,0.00,55256.90,0.00,55256.90,903.78,0.00,0.00,0.00,684.00,0.00,,0.00,0.00,153631.79,,,,,,60.76,10.79,40999.82,1,6,638,20363,9E,Endeavor Air Inc.,9E,Endeavor Air Inc.,07024,D,2,2,2024,1
60586.18,0.00,712.70,1135.73,155.20,0.00,119297.24,0.00,35376.84,-3.16,1171.97,12597.57,0.00,4959.24,5483.12,0.00,241472.63,12592.33,0.00,3015.17,2291.70,0.00,2543.39,6293.59,0.00,0.00,0.00,0.00,26736.19,0.00,26736.19,0.00,10216.81,928.25,202.79,0.00,0.00,,8395.08,,287951.74,,,,,,50.21,5.74,46116.17,1,6,694,20416,NK,Spirit Air Lines,NK,Spirit Air Lines,06830,D,3,3,2024,1
60910.00,0.00,1326.00,5278.00,2.00,0.00,100373.00,2.00,6695.00,87.00,652.00,16572.00,0.00,2846.00,0.00,226.00,194969.00,4084.00,1632.00,5031.00,11946.00,0.00,8935.00,4376.00,0.00,0.00,0.00,0.00,36004.00,14326.00,50330.00,488.00,12608.00,6524.00,312.00,1014.00,0.00,,1036.00,0.00,267281.00,,,,,,38.32,4.96,40081.73,1,6,694,19790,DL,Delta Air Lines Inc.,DL,Delta Air Lines Inc.,01260,D,3,3,2024,3
61166.73,0.00,4695.29,4040.29,0.00,0.00,179317.35,165.17,20495.04,0.00,77.15,16221.22,0.00,3444.38,3675.00,0.00,293297.63,9597.61,2352.70,12358.60,16514.67,0.00,6978.81,11111.44,0.00,0.00,0.00,0.00,58913.83,22349.69,81263.52,1223.09,11926.57,2602.62,1246.86,0.00,1166.55,,1350.48,,394077.32,,,,,,68.91,10.08,68319.55,1,6,698,19805,AA,American Airlines Inc.,AA,American Airlines Inc.,0A050,D,3,3,2024,2
61192.00,0.00,5354.00,20663.00,1405.00,,162212.00,,1296.00,175.00,,5381.00,,4183.00,6047.00,12172.00,280080.00,121.00,13.00,80.00,20206.00,,9439.00,6436.00,7903.00,,384.00,,44582.00,35237.00,79819.00,,28413.00,13277.00,1160.00,217.00,,,,,402966.00,,,,,,30.08,2.70,73142.33,2,6,683,20107,FX,Federal Express Corporation,FX,Federal Express Corporation,16197,P,3,3,2024,3
61203.00,0.00,2490.00,5234.00,1.00,0.00,110110.00,2.00,7203.00,4.00,831.00,16750.00,0.00,2783.00,0.00,202.00,206813.00,4176.00,1304.00,8458.00,13510.00,0.00,8960.00,4278.00,0.00,0.00,0.00,0.00,40686.00,15287.00,55973.00,436.00,13369.00,6866.00,330.00,1028.00,0.00,,1126.00,0.00,285941.00,,,,,,40.46,5.37,41960.35,1,6,694,19790,DL,Delta Air Lines Inc.,DL,Delta Air Lines Inc.,01260,D,3,3,2024,2
61320.44,,3954.38,6322.53,,,135259.02,,109.48,,,17159.11,,1782.58,901.61,,226809.14,2941.42,4.83,9345.15,263.17,,4911.93,1931.91,,,,,19398.41,9764.94,29163.35,5396.87,15327.88,2697.32,739.34,8045.20,,,,,288179.09,,,,,,34.32,3.09,53707.96,1,6,626,19977,UA,United Air Lines Inc.,UA,United Air Lines Inc.,10874,A,3,3,2024,3
61565.00,0.00,1758.00,4957.00,0.00,0.00,93385.00,2.00,7128.00,33.00,827.00,17335.00,0.00,2877.00,0.00,289.00,190156.00,4177.00,1961.00,9592.00,11251.00,0.00,8786.00,2434.00,0.00,0.00,0.00,0.00,38201.00,15714.00,53915.00,526.00,13391.00,7167.00,296.00,1118.00,0.00,,956.00,0.00,267525.00,,,,,,38.91,4.96,39586.04,1,6,694,19790,DL,Delta Air Lines Inc.,DL,Delta Air Lines Inc.,01260,D,3,3,2024,4
61712.31,0.00,4753.07,4181.03,0.00,0.00,167351.88,196.85,19868.01,0.00,76.99,18493.35,0.00,1742.27,3289.27,0.00,281665.02,10265.59,2459.33,12000.74,19617.66,0.00,6823.15,9796.65,0.00,0.00,0.00,0.00,60963.11,23463.53,84426.64,1287.92,11981.96,2714.74,1325.68,0.00,1070.49,,1345.19,,385817.64,,,,,,68.19,10.81,68733.01,1,6,698,19805,AA,American Airlines Inc.,AA,American Airlines Inc.,0A050,D,3,3,2024,3
61939.24,0.00,0.00,2612.49,65.63,,118433.85,283.11,12446.91,33.65,1232.31,16482.41,0.00,3141.38,2325.04,62.22,219058.23,13247.16,0.00,12972.28,0.00,,9209.00,27267.07,0.00,,0.00,,62695.50,16120.11,78815.61,,10566.00,1859.65,578.41,,,,255.94,,311133.84,,,,,,17.89,5.21,41065.27,2,6,626,19917,5X,United Parcel Service,5X,United Parcel Service,06910,D,3,3,2024,2
62200.81,0.00,4029.94,7.74,46.98,0.00,132948.23,0.00,83390.93,0.00,252.13,9577.61,0.00,5292.86,4991.40,123.89,302862.51,9197.63,0.00,6918.42,3095.13,0.00,2482.86,0.00,0.00,0.00,0.00,0.00,21694.04,19298.41,40992.45,0.00,0.00,0.00,1407.56,0.00,5727.16,,0.00,,350989.69,,,,,,61.38,7.46,47837.87,1,6,722,20436,F9,Frontier Airlines Inc.,F9,Frontier Airlines Inc.,06460,D,3,3,2024,1
62545.92,0.00,10677.22,10238.37,0.00,0.00,0.00,0.00,35294.71,0.00,0.00,4878.02,0.00,5713.36,0.00,0.00,129347.60,13477.67,416.84,13629.83,355.84,0.00,3872.68,1382.06,0.00,0.00,0.00,24272.03,57406.94,16608.32,74015.27,1292.94,0.00,0.00,3.30,0.00,0.00,,0.00,,204659.10,,,,,,76.11,31.12,51905.70,1,6,673,20398,MQ,Envoy Air,MQ,Envoy Air,06820,D,3,3,2024,2
62683.12,0.00,2904.63,5136.91,157.84,0.00,136262.65,0.00,912.92,3.66,80.82,17245.60,0.00,4183.62,2964.59,148.15,232684.50,6257.70,0.00,3396.50,2137.24,0.00,608.17,22.08,0.00,0.00,0.00,0.00,12421.70,10515.60,22937.30,29.37,8513.06,2363.40,0.00,65.28,776.52,,0.00,,267369.41,,,,,,49.74,4.34,48769.74,1,6,699,20409,B6,JetBlue Airways,B6,JetBlue Airways,06673,D,3,3,2024,2
62712.33,0.00,4619.26,3951.84,0.00,0.00,148532.77,157.75,19857.97,0.00,80.06,18642.44,0.00,2358.29,2937.10,0.00,263849.81,10648.29,2557.71,13871.71,18043.18,0.00,8280.04,9125.50,0.00,0.00,0.00,0.00,62526.43,25376.66,87903.08,1387.54,12459.41,2981.55,2536.65,0.00,919.47,,1609.77,,373647.29,,,,,,67.24,10.78,65281.05,1,6,698,19805,AA,American Airlines Inc.,AA,American Airlines Inc.,0A050,D,3,3,2024,4
62738.00,0.00,1048.00,2957.00,0.00,0.00,113485.00,1.00,4252.00,20.00,493.00,10340.00,0.00,1716.00,0.00,172.00,197222.00,2491.00,1170.00,5722.00,6712.00,0.00,5241.00,1452.00,0.00,0.00,0.00,0.00,22788.00,9374.00,32162.00,314.00,7988.00,4275.00,177.00,667.00,0.00,,570.00,0.00,243375.00,,,,,,23.21,1.87,48106.35,1,6,359,19790,DL,Delta Air Lines Inc.,DL,Delta Air Lines Inc.,10262,P,3,3,2024,4
63473.00,0.00,2639.00,5547.00,1.00,0.00,109759.00,3.00,7633.00,5.00,881.00,17749.00,0.00,2949.00,0.00,214.00,210853.00,4425.00,1382.00,8963.00,14316.00,0.00,9494.00,4533.00,0.00,0.00,0.00,0.00,43113.00,16199.00,59312.00,462.00,14166.00,7275.00,350.00,1089.00,0.00,,1193.00,0.00,294700.00,,,,,,42.87,5.62,41826.77,1,6,614,19790,DL,Delta Air Lines Inc.,DL,Delta Air Lines Inc.,01260,D,3,3,2024,2
64381.46,,631.59,26781.85,0.00,,181318.19,,35509.38,,0.00,11867.59,,1885.39,,956.49,323331.93,2863.34,,11429.66,,,12511.79,1539.23,188.02,,,,28532.04,24232.66,52764.70,,6149.29,8469.04,5602.00,0.00,0.00,,0.00,0.00,396316.96,,,,,,30.95,2.60,97258.89,2,8,819,20007,5Y,Atlas Air Inc.,5Y,Atlas Air Inc.,16087,I,3,3,2024,4
64497.77,0.00,4385.30,10410.72,0.00,0.00,0.00,0.00,36789.24,0.00,0.00,4250.24,0.00,4721.47,0.00,0.00,125054.74,11732.56,362.86,13426.58,802.42,0.00,3897.32,1317.40,0.00,0.00,0.00,14913.74,46452.88,18512.33,64965.21,1312.02,0.00,0.00,-0.87,0.00,0.00,,0.00,,191331.10,,,,,,73.58,32.83,49727.24,1,6,673,20398,MQ,Envoy Air,MQ,Envoy Air,06820,D,3,3,2024,4
64517.19,0.00,3044.45,4832.42,48.68,0.00,135590.48,0.00,553.46,4.53,81.86,19734.17,0.00,5416.67,2357.86,290.37,236472.14,6520.66,0.00,3532.32,1804.68,0.00,843.14,65.43,0.00,0.00,0.00,0.00,12766.24,10774.39,23540.63,24.89,8413.17,2220.63,0.00,60.14,736.32,,0.00,,271467.92,,,,,,49.39,4.45,46626.71,1,6,699,20409,B6,JetBlue Airways,B6,JetBlue Airways,06673,D,3,3,2024,1
64579.00,0.00,2935.00,4854.00,0.00,0.00,92951.00,3.00,7334.00,21.00,719.00,16773.00,0.00,3018.00,0.00,233.00,193420.00,3581.00,1203.00,8551.00,13032.00,0.00,9075.00,5722.00,0.00,0.00,0.00,0.00,41164.00,14254.00,55418.00,396.00,13492.00,6736.00,376.00,1011.00,0.00,,1363.00,0.00,272212.00,,,,,,37.44,7.20,33531.42,1,6,608,19790,DL,Delta Air Lines Inc.,DL,Delta Air Lines Inc.,01260,D,3,3,2024,1
64714.00,0.00,3213.00,5313.00,0.00,0.00,108761.00,4.00,8027.00,23.00,787.00,18358.00,0.00,3303.00,0.00,255.00,212758.00,3919.00,1317.00,9359.00,14264.00,0.00,9933.00,6263.00,0.00,0.00,0.00,0.00,45055.00,15601.00,60656.00,433.00,14767.00,7373.00,412.00,1107.00,0.00,,1491.00,0.00,298997.00,,,,,,40.98,5.68,39234.82,1,6,614,19790,DL,Delta Air Lines Inc.,DL,Delta Air Lines Inc.,01260,D,3,3,2024,1
64827.37,0.00,0.00,2301.55,73.82,,121833.64,258.34,12877.11,42.14,1443.07,15917.44,0.00,1835.39,2706.13,-240.37,223875.62,14673.58,0.00,13944.19,0.00,,9324.15,1510.51,0.00,,0.00,,39452.44,17288.67,56741.11,,11585.33,2119.06,620.43,,,,261.16,,295202.70,,,,,,28.95,5.64,45675.96,2,6,626,19917,5X,United Parcel Service,5X,United Parcel Service,06910,D,3,3,2024,3
65007.00,0.00,6362.00,23453.00,1662.00,,155050.00,,1224.00,160.00,,4820.00,,3491.00,5780.00,9213.00,276222.00,107.00,12.00,154.00,14210.00,,9971.00,5349.00,7527.00,,471.00,,37801.00,34587.00,72388.00,,28685.00,13478.00,1178.00,219.00,,,,,392170.00,,,,,,30.79,2.83,73756.84,2,6,683,20107,FX,Federal Express Corporation,FX,Federal Express Corporation,16197,P,3,3,2024,4
65146.49,0.00,4696.20,9529.12,0.00,0.00,0.00,0.00,36544.72,0.00,0.00,4562.36,0.00,4917.33,0.00,0.00,125396.22,13405.01,414.59,13476.53,0.00,0.00,3045.19,1378.08,0.00,0.00,0.00,17025.26,48744.66,17091.50,65836.16,1331.02,0.00,0.00,2.30,0.00,0.00,,0.00,,192565.70,,,,,,78.00,32.70,54128.95,1,6,673,20398,MQ,Envoy Air,MQ,Envoy Air,06820,D,3,3,2024,3
65165.00,0.00,1132.00,4505.00,2.00,0.00,141107.00,2.00,5715.00,74.00,556.00,14147.00,0.00,2430.00,0.00,193.00,235028.00,3486.00,1393.00,4295.00,10198.00,0.00,7628.00,3736.00,0.00,0.00,0.00,0.00,30736.00,12230.00,42966.00,416.00,10763.00,5569.00,267.00,866.00,0.00,,885.00,0.00,296760.00,,,,,,32.71,2.48,56347.99,1,6,626,19790,DL,Delta Air Lines Inc.,DL,Delta Air Lines Inc.,10261,A,3,3,2024,3
65399.29,0.00,5103.76,4414.46,0.00,0.00,171223.12,219.69,23392.91,0.00,86.84,17299.88,0.00,5313.55,3329.33,0.00,295782.84,10652.46,2604.66,13689.99,18433.96,0.00,8349.90,8465.93,0.00,0.00,0.00,0.00,62196.90,26359.37,88556.27,1376.26,13471.05,2811.15,1364.63,0.00,1372.08,,1386.57,,406120.85,,,,,,27.18,2.87,61473.33,1,6,627,19805,AA,American Airlines Inc.,AA,American Airlines Inc.,10049,A,3,3,2024,1
65651.00,0.00,2511.00,5278.00,1.00,0.00,97992.00,2.00,7263.00,4.00,838.00,16890.00,0.00,2806.00,0.00,203.00,199439.00,4211.00,1315.00,8529.00,13623.00,0.00,9034.00,4313.00,0.00,0.00,0.00,0.00,41025.00,15414.00,56439.00,439.00,13480.00,6923.00,333.00,1036.00,0.00,,1135.00,0.00,279224.00,,,,,,40.79,7.20,37342.59,1,6,608,19790,DL,Delta Air Lines Inc.,DL,Delta Air Lines Inc.,01260,D,3,3,2024,2
65899.00,0.00,1743.00,4915.00,0.00,0.00,83041.00,2.00,7068.00,32.00,820.00,17188.00,0.00,2853.00,0.00,287.00,183848.00,4141.00,1944.00,9511.00,11156.00,0.00,8712.00,2414.00,0.00,0.00,0.00,0.00,37878.00,15581.00,53459.00,521.00,13278.00,7106.00,294.00,1109.00,0.00,,947.00,0.00,260562.00,,,,,,38.59,7.20,35201.16,1,6,608,19790,DL,Delta Air Lines Inc.,DL,Delta Air Lines Inc.,01260,D,3,3,2024,4
66067.00,0.00,1922.00,5420.00,0.00,0.00,96491.00,2.00,7793.00,36.00,904.00,18952.00,0.00,3146.00,0.00,316.00,201049.00,4566.00,2144.00,10487.00,12301.00,0.00,9606.00,2661.00,0.00,0.00,0.00,0.00,41765.00,17180.00,58945.00,575.00,14641.00,7836.00,324.00,1223.00,0.00,,1045.00,0.00,285638.00,,,,,,42.55,5.49,40902.56,1,6,614,19790,DL,Delta Air Lines Inc.,DL,Delta Air Lines Inc.,01260,D,3,3,2024,4
66605.68,1879.25,3078.68,1311.25,73.86,0.00,136065.78,0.00,4724.21,0.00,1613.36,7606.55,0.00,5365.01,0.00,2939.17,231262.80,19410.24,0.00,183.19,1326.27,0.00,12351.89,2185.17,0.00,0.00,0.00,0.00,35456.75,11650.68,47107.43,0.00,18313.62,11131.14,5365.86,0.00,0.00,,5508.57,,318689.42,,,,,,48.97,8.36,44978.51,1,6,694,20368,G4,Allegiant Air,G4,Allegiant Air,06035,D,3,3,2024,1
66737.74,,5852.59,7445.88,,,97841.95,,6889.55,,,18394.96,,5712.48,3832.56,,212707.69,5768.17,8.39,5297.24,724.77,,3851.54,1794.10,,,,,17444.22,16710.27,34154.49,239.33,17355.37,7739.08,286.18,636.05,,,,,273118.18,,,,,,49.84,5.96,34876.95,1,6,839,19977,UA,United Air Lines Inc.,UA,United Air Lines Inc.,0A875,D,3,3,2024,1
66805.00,0.00,2088.00,4389.00,0.00,0.00,184730.00,2.00,6040.00,4.00,697.00,14046.00,0.00,2334.00,0.00,169.00,281304.00,3502.00,1093.00,7092.00,11329.00,0.00,7513.00,3587.00,0.00,0.00,0.00,0.00,34116.00,12819.00,46935.00,365.00,11210.00,5757.00,277.00,862.00,0.00,,944.00,0.00,347654.00,,,,,,33.93,2.47,70396.38,1,6,687,19790,DL,Delta Air Lines Inc.,DL,Delta Air Lines Inc.,10261,A,3,3,2024,2
66817.80,,5444.17,7522.02,,,132833.34,,27.42,,,17324.32,-47.30,3265.80,2598.17,,235785.74,2645.29,3.19,5862.54,-35.15,,3346.03,-946.96,,,,,10874.95,8155.13,19030.08,256.46,21206.03,4788.49,55.17,714.59,,,,,281836.56,,,,,,28.49,1.96,51157.59,1,6,889,19977,UA,United Air Lines Inc.,UA,United Air Lines Inc.,10877,P,3,3,2024,2
66864.81,0.00,595.98,1057.63,171.90,0.00,95534.15,0.00,52257.32,1.55,1183.92,11237.20,0.00,2083.79,4348.32,0.00,235336.56,13879.86,0.00,3880.75,1425.82,0.00,3098.53,6893.58,0.00,0.00,0.00,0.00,29178.53,0.00,29178.53,0.00,7907.51,942.16,237.16,0.00,0.00,,9530.91,,283132.84,,,,,,48.09,6.75,37118.28,1,6,722,20416,NK,Spirit Air Lines,NK,Spirit Air Lines,06830,D,3,3,2024,4
66958.97,,4408.43,6626.21,,,114155.18,,1797.48,,,18516.85,26.70,5750.34,4610.04,,222850.19,5765.08,8.45,20531.36,7711.17,,7932.65,4769.74,,,,,46718.43,17689.19,64407.62,5536.11,10251.44,5223.50,814.57,10754.89,,,522.84,,320361.16,,,,,,53.46,6.50,40719.05,1,6,694,19977,UA,United Air Lines Inc.,UA,United Air Lines Inc.,0A875,D,3,3,2024,1
67139.11,0.00,668.11,1328.77,166.25,0.00,138845.33,0.00,44447.57,11.28,1269.92,14324.91,0.00,4827.02,5589.11,0.00,278617.37,14889.79,0.00,3293.63,1591.62,0.00,2855.04,7577.53,0.00,0.00,0.00,0.00,30207.61,0.00,30207.61,0.00,11107.83,982.29,241.46,0.00,0.00,,10157.67,,331314.24,,,,,,59.69,6.69,46880.49,1,6,722,20416,NK,Spirit Air Lines,NK,Spirit Air Lines,06830,D,3,3,2024,2
67265.00,0.00,16.00,5792.00,1.00,0.00,133725.00,36.00,11638.00,0.00,507.00,19876.00,0.00,3667.00,5970.00,886.00,249379.00,1580.00,66.00,6538.00,-2002.00,0.00,504.00,321.00,0.00,0.00,0.00,0.00,7006.00,1812.00,8818.00,104.00,12146.00,7322.00,786.00,0.00,814.00,,0.00,,279369.00,,,,,,63.30,5.53,50959.00,1,6,839,19930,AS,Alaska Airlines Inc.,AS,Alaska Airlines Inc.,06031,D,3,3,2024,2
67292.02,0.00,5243.41,4535.57,0.00,0.00,138026.25,225.78,24107.00,0.00,89.44,17778.67,0.00,5457.67,2677.63,0.00,265433.43,10953.23,2681.23,14083.77,18815.38,0.00,8632.88,8715.51,0.00,0.00,0.00,0.00,63881.99,27125.97,91007.96,1412.19,13868.16,2894.57,1403.48,0.00,1413.94,,1425.55,,378859.29,,,,,,51.37,6.48,49544.28,1,6,614,19805,AA,American Airlines Inc.,AA,American Airlines Inc.,10050,L,3,3,2024,1
67315.21,0.00,622.06,1288.71,238.21,0.00,124140.32,0.00,51801.95,0.03,1309.71,14416.50,0.00,3128.23,6105.07,0.00,270366.00,15013.05,0.00,3499.78,1680.23,0.00,3308.32,7984.17,0.00,0.00,0.00,0.00,31485.56,0.00,31485.56,0.00,10743.36,1005.81,241.31,0.00,0.00,,10346.08,,324188.12,,,,,,56.27,6.82,44188.10,1,6,722,20416,NK,Spirit Air Lines,NK,Spirit Air Lines,06830,D,3,3,2024,3
67400.00,0.00,1496.00,5952.00,2.00,0.00,106797.00,2.00,7550.00,98.00,735.00,18689.00,0.00,3210.00,0.00,255.00,212186.00,4606.00,1840.00,5673.00,13472.00,0.00,10077.00,4935.00,0.00,0.00,0.00,0.00,40603.00,16156.00,56759.00,550.00,14219.00,7358.00,352.00,1144.00,0.00,,1169.00,0.00,293737.00,,,,,,43.21,5.62,42646.97,1,6,614,19790,DL,Delta Air Lines Inc.,DL,Delta Air Lines Inc.,01260,D,3,3,2024,3
67426.87,0.00,4969.71,4264.40,0.00,0.00,139231.12,167.24,21341.19,0.00,86.17,20188.48,0.00,2545.22,2741.12,0.00,262961.51,11470.39,2749.49,14981.24,19422.41,0.00,8826.99,9759.71,0.00,0.00,0.00,0.00,67210.22,27312.57,94522.79,1490.40,13407.24,3206.09,2731.61,0.00,993.28,,1735.01,,381047.93,,,,,,26.86,2.63,61221.54,1,6,627,19805,AA,American Airlines Inc.,AA,American Airlines Inc.,10049,A,3,3,2024,4
67754.12,0.00,797.02,1270.10,173.56,0.00,133411.28,0.00,39562.26,-3.54,1310.63,14087.99,0.00,5545.97,6131.83,0.00,270041.22,14082.13,0.00,3371.89,2562.83,0.00,2844.30,7038.18,0.00,0.00,0.00,0.00,29899.34,0.00,29899.34,0.00,11425.56,1038.07,226.78,0.00,0.00,,9388.30,,322019.27,,,,,,56.15,6.42,41900.99,1,6,722,20416,NK,Spirit Air Lines,NK,Spirit Air Lines,06830,D,3,3,2024,1
67936.11,,3709.93,6284.53,,,109663.81,,7317.18,,,18818.82,22.47,5844.11,4044.25,,223641.22,5837.74,8.59,25180.17,6167.53,,8046.83,4820.63,,,,,50061.48,17663.29,67724.76,923.36,13018.83,15392.94,1821.76,7014.24,,,595.70,,330132.80,,,,,,54.35,6.92,39213.45,1,6,698,19977,UA,United Air Lines Inc.,UA,United Air Lines Inc.,0A875,D,3,3,2024,1
67973.83,0.00,1824.34,12255.13,0.00,0.00,231.81,0.00,841.32,0.00,0.00,14714.97,0.00,6231.04,0.00,884.63,104957.06,22255.71,0.00,17930.77,28846.55,0.00,19504.76,0.00,0.00,0.00,0.00,0.00,88537.78,10046.38,98584.16,0.00,19787.52,1095.36,900.61,0.00,25.04,,291.53,,225641.28,,,,,,92.27,15.65,59293.58,1,6,673,20452,YX,Republic Airline,YX,Republic Airline,06003,D,3,3,2024,1
68339.42,,5470.84,7087.23,,,116121.28,,7.20,,,17654.05,-2.81,1610.27,1716.04,,218003.51,3193.69,3.94,7992.10,225.46,,3894.34,382.15,,,,,15691.68,9353.32,25045.00,291.99,21733.62,4919.19,111.63,752.72,,,,,270857.66,,,,,,28.45,2.04,50026.31,1,6,889,19977,UA,United Air Lines Inc.,UA,United Air Lines Inc.,10877,P,3,3,2024,4
68509.53,,5312.71,7673.49,,,125863.41,,-91.66,,,19120.08,-117.46,1986.30,2489.63,,230746.01,2695.18,4.04,4901.64,219.94,,1142.64,1440.27,,,,,10403.70,8260.28,18663.98,274.66,20805.40,4691.41,68.41,722.47,,,,,275972.34,,,,,,28.67,1.94,51709.83,1,6,889,19977,UA,United Air Lines Inc.,UA,United Air Lines Inc.,10877,P,3,3,2024,3
68645.14,0.00,2118.34,4252.30,11.82,0.00,105177.88,0.00,659.46,2.68,81.88,17688.87,0.00,2692.90,2399.13,331.28,204061.68,7221.91,0.00,3154.10,1858.85,0.00,875.24,67.14,0.00,0.00,0.00,0.00,13177.23,11563.17,24740.40,32.99,8642.75,2609.99,0.00,62.12,661.64,,0.00,,240811.57,,,,,,56.61,5.06,43824.12,1,6,699,20409,B6,JetBlue Airways,B6,JetBlue Airways,06673,D,3,3,2024,4
68660.66,,4345.63,7284.14,,,113482.32,,-5.75,,,19217.76,,1996.44,5411.60,,220392.80,5875.50,8.12,29006.27,6526.71,,8020.11,6704.02,,,,,56140.72,16768.85,72909.58,4513.53,12527.35,5507.01,758.91,9034.37,,,2009.32,,327652.85,,,,,,58.06,6.68,46192.46,1,6,694,19977,UA,United Air Lines Inc.,UA,United Air Lines Inc.,0A875,D,3,3,2024,3
68897.57,0.00,1685.91,13398.83,0.00,0.00,119.88,0.00,833.84,0.00,0.00,12856.35,0.00,5460.30,0.00,499.22,103751.91,19015.59,0.00,17525.92,29206.12,0.00,19039.59,0.00,0.00,0.00,0.00,0.00,84787.22,10390.91,95178.13,0.00,18929.68,996.69,834.46,0.00,24.59,,288.94,,220004.40,,,,,,97.00,15.65,64663.87,1,6,673,20452,YX,Republic Airline,YX,Republic Airline,06003,D,3,3,2024,2
69743.23,,3738.73,6941.20,,,118965.17,,7002.40,,,18179.08,-31.18,3426.93,4787.42,,232752.96,5943.93,6.69,21806.78,10541.45,,10396.14,3485.18,,,,,52180.17,17488.30,69668.47,1088.00,13749.83,15510.68,1741.10,6473.05,,,592.75,,341576.85,,,,,,59.91,6.83,44274.24,1,6,698,19977,UA,United Air Lines Inc.,UA,United Air Lines Inc.,0A875,D,3,3,2024,2
69998.00,0.00,3337.00,5518.00,0.00,0.00,144855.00,4.00,8337.00,24.00,817.00,19067.00,0.00,3430.00,0.00,265.00,255652.00,4071.00,1368.00,9721.00,14815.00,0.00,10316.00,6504.00,0.00,0.00,0.00,0.00,46795.00,16203.00,62998.00,450.00,15337.00,7657.00,428.00,1150.00,0.00,,1549.00,0.00,345221.00,,,,,,42.56,6.44,52255.53,1,6,622,19790,DL,Delta Air Lines Inc.,DL,Delta Air Lines Inc.,01260,D,3,3,2024,1
70262.90,,5905.36,7416.25,,,136731.89,,29.45,,,19377.27,425.81,6017.54,2603.13,,248769.58,2637.77,4.42,7162.99,161.64,,3367.15,1014.58,,,,,14348.55,9537.22,23885.77,232.07,22492.47,5091.69,54.76,640.23,,,,,301166.56,,,,,,27.99,2.09,50405.31,1,6,889,19977,UA,United Air Lines Inc.,UA,United Air Lines Inc.,10877,P,3,3,2024,1
70403.50,0.00,0.00,2652.22,63.26,,140449.43,88.94,13575.95,66.13,1550.47,14298.69,0.00,1085.06,3190.36,103.84,247527.84,16535.54,0.00,14710.73,0.00,,8746.01,21689.62,0.00,,0.00,,61681.90,17708.30,79390.19,,12393.26,2288.33,686.74,,,,274.11,,342560.47,,,,,,35.10,6.00,54465.79,2,6,626,19917,5X,United Parcel Service,5X,United Parcel Service,06910,D,3,3,2024,4
70561.66,,7875.06,8948.73,,,239553.72,,969.30,,,18189.74,-68.35,3428.94,3136.18,,352594.98,3473.39,217.75,17388.87,19044.51,,4897.44,2203.64,,,,,47225.61,11906.89,59132.50,4143.42,22240.06,10061.49,918.28,3675.77,,,,,452766.51,,,,,,39.78,3.16,88834.64,1,6,627,19977,UA,United Air Lines Inc.,UA,United Air Lines Inc.,10874,A,3,3,2024,2
70822.00,0.00,1173.00,4667.00,2.00,0.00,179377.00,2.00,5919.00,77.00,576.00,14653.00,0.00,2516.00,0.00,200.00,279984.00,3611.00,1443.00,4448.00,10563.00,0.00,7901.00,3869.00,0.00,0.00,0.00,0.00,31835.00,12667.00,44502.00,431.00,11148.00,5769.00,276.00,897.00,0.00,,916.00,0.00,343923.00,,,,,,33.88,2.50,71630.10,1,6,687,19790,DL,Delta Air Lines Inc.,DL,Delta Air Lines Inc.,10261,A,3,3,2024,3
71198.00,0.00,1440.00,5728.00,2.00,0.00,96976.00,2.00,7266.00,94.00,707.00,17988.00,0.00,3089.00,0.00,245.00,204735.00,4433.00,1771.00,5461.00,12966.00,0.00,9698.00,4750.00,0.00,0.00,0.00,0.00,39079.00,15550.00,54629.00,529.00,13685.00,7081.00,339.00,1101.00,0.00,,1125.00,0.00,283224.00,,,,,,41.59,7.20,38725.17,1,6,608,19790,DL,Delta Air Lines Inc.,DL,Delta Air Lines Inc.,01260,D,3,3,2024,3
71240.00,0.00,1994.00,5624.00,0.00,0.00,128811.00,2.00,8086.00,37.00,938.00,19665.00,0.00,3264.00,0.00,328.00,239989.00,4738.00,2224.00,10881.00,12764.00,0.00,9967.00,2761.00,0.00,0.00,0.00,0.00,43335.00,17826.00,61161.00,597.00,15191.00,8130.00,336.00,1269.00,0.00,,1084.00,0.00,327757.00,,,,,,44.15,6.56,54603.03,1,6,622,19790,DL,Delta Air Lines Inc.,DL,Delta Air Lines Inc.,01260,D,3,3,2024,4
71261.56,,3748.22,6459.96,,,98513.13,,7299.15,,,18495.85,-1.93,1687.05,4128.19,,211591.16,7209.51,8.25,20526.41,12671.93,,12016.24,7608.93,,,,,60041.27,18869.27,78910.54,1264.48,14891.37,17498.67,1433.26,12339.78,,,615.42,,338544.68,,,,,,59.68,7.17,42819.60,1,6,698,19977,UA,United Air Lines Inc.,UA,United Air Lines Inc.,0A875,D,3,3,2024,4
71326.17,,3646.06,7020.80,,,110127.02,,6999.97,,,20013.05,,2079.06,4799.75,,226011.89,6086.54,8.45,16345.69,6796.81,,8430.42,6927.32,,,,,44595.21,17091.95,61687.17,1219.47,14143.41,16369.16,1428.22,5943.26,,,594.26,,327396.83,,,,,,60.31,6.92,45142.34,1,6,698,19977,UA,United Air Lines Inc.,UA,United Air Lines Inc.,0A875,D,3,3,2024,3
72724.30,0.00,12784.37,9206.10,0.00,0.00,0.00,0.00,34071.45,0.00,0.00,4537.75,0.00,7449.88,0.00,0.00,140773.85,13719.70,424.32,12902.28,0.00,0.00,3141.39,1066.85,0.00,0.00,0.00,21178.13,52432.67,17822.52,70255.19,1297.27,0.00,0.00,3.90,0.00,0.00,,0.00,,212330.21,,,,,,71.38,29.72,47318.68,1,6,673,20398,MQ,Envoy Air,MQ,Envoy Air,06820,D,3,3,2024,1
73030.00,0.00,2917.00,6131.00,1.00,0.00,155568.00,3.00,8436.00,5.00,974.00,19618.00,0.00,3259.00,0.00,236.00,270178.00,4891.00,1527.00,9906.00,15823.00,0.00,10493.00,5010.00,0.00,0.00,0.00,0.00,47650.00,17904.00,65554.00,510.00,15658.00,8041.00,387.00,1204.00,0.00,,1318.00,0.00,362850.00,,,,,,47.38,6.72,59283.48,1,6,622,19790,DL,Delta Air Lines Inc.,DL,Delta Air Lines Inc.,01260,D,3,3,2024,2
73998.83,,4916.79,7949.01,,,133216.99,,405.67,,,19241.29,-41.01,3627.17,5637.51,,248952.24,6324.02,7.09,31256.88,11157.39,,10582.11,3700.98,,,,,63028.47,18406.81,81435.28,5541.98,11832.38,5574.85,701.44,10327.75,,,3145.55,,367511.47,,,,,,63.51,7.08,49787.08,1,6,694,19977,UA,United Air Lines Inc.,UA,United Air Lines Inc.,0A875,D,3,3,2024,2
74190.13,0.00,1701.94,14420.44,0.00,0.00,173.32,0.00,840.50,0.00,0.00,13827.07,0.00,4865.82,0.00,593.77,110613.00,19600.80,0.00,19668.75,34057.77,0.00,18852.70,0.00,0.00,0.00,0.00,0.00,92180.02,11139.85,103319.87,0.00,19464.17,961.13,833.28,0.00,56.35,,291.25,,235539.04,,,,,,98.37,16.10,67314.72,1,6,673,20452,YX,Republic Airline,YX,Republic Airline,06003,D,3,3,2024,3
74551.01,,7926.50,9463.22,,,238792.38,,1250.08,,,20684.53,-8.17,2148.82,3312.20,,358120.57,3658.91,481.75,18190.70,34993.78,,4866.38,5418.95,,,,,67610.47,12817.94,80428.40,4391.71,21713.77,9735.89,896.13,3423.49,,,,,478709.96,,,,,,41.36,3.20,94587.72,1,6,627,19977,UA,United Air Lines Inc.,UA,United Air Lines Inc.,10874,A,3,3,2024,3
74721.00,0.00,10.00,6248.00,4.00,0.00,138055.00,38.00,11661.00,0.00,528.00,21780.00,0.00,4073.00,6423.00,1084.00,264624.00,3010.00,131.00,8613.00,45.00,0.00,723.00,476.00,0.00,0.00,0.00,0.00,13000.00,3257.00,16256.00,113.00,13366.00,7949.00,975.00,0.00,821.00,,0.00,,304103.00,,,,,,69.48,6.09,56917.00,1,6,839,19930,AS,Alaska Airlines Inc.,AS,Alaska Airlines Inc.,06031,D,3,3,2024,3
75054.00,0.00,3963.00,6553.00,0.00,0.00,123977.00,5.00,9902.00,28.00,971.00,22646.00,0.00,4074.00,0.00,315.00,247488.00,4835.00,1624.00,11545.00,17596.00,0.00,12252.00,7725.00,0.00,0.00,0.00,0.00,55577.00,19245.00,74822.00,534.00,18216.00,9095.00,508.00,1365.00,0.00,,1840.00,0.00,353868.00,,,,,,50.55,4.51,44724.18,1,6,721,19790,DL,Delta Air Lines Inc.,DL,Delta Air Lines Inc.,01260,D,3,3,2024,1
75299.05,0.00,1784.81,14066.06,0.00,0.00,453.92,0.00,839.69,0.00,0.00,14048.19,0.00,3882.10,0.00,361.65,110735.47,20939.01,0.00,19791.03,28214.42,0.00,20335.55,0.00,0.00,0.00,0.00,0.00,89280.01,11085.03,100365.04,0.00,19995.37,966.50,826.35,0.00,50.02,,290.97,,233229.71,,,,,,108.14,16.38,71624.53,1,6,673,20452,YX,Republic Airline,YX,Republic Airline,06003,D,3,3,2024,4
75969.00,0.00,47.00,5324.00,183.00,0.00,114822.00,32.00,11295.00,0.00,472.00,22445.00,0.00,4144.00,5281.00,920.00,240934.00,2595.00,112.00,7080.00,1320.00,0.00,628.00,524.00,0.00,0.00,0.00,0.00,12259.00,2738.00,14996.00,107.00,12938.00,7968.00,1018.00,0.00,805.00,,0.00,,278766.00,,,,,,61.24,5.90,49046.00,1,6,839,19930,AS,Alaska Airlines Inc.,AS,Alaska Airlines Inc.,06031,D,3,3,2024,4
76286.00,0.00,49.00,5412.00,186.00,0.00,144342.00,32.00,-624.00,0.00,284.00,22538.00,0.00,4162.00,6051.00,923.00,259641.00,14227.00,612.00,22454.00,23596.00,0.00,3442.00,2871.00,0.00,0.00,0.00,0.00,67201.00,15008.00,82210.00,472.00,19022.00,8345.00,1995.00,0.00,-35.00,,0.00,,371650.00,,,,,,61.46,6.57,57238.00,1,6,888,19930,AS,Alaska Airlines Inc.,AS,Alaska Airlines Inc.,06031,D,3,3,2024,4
76534.31,0.00,2741.79,5463.03,75.32,0.00,148572.14,0.00,721.74,3.51,93.44,22309.41,0.00,2741.70,2947.27,4261.83,266465.47,8261.40,0.00,3859.69,2318.26,0.00,882.23,79.22,0.00,0.00,0.00,0.00,15400.79,12172.55,27573.34,34.83,10025.30,2885.65,0.00,72.01,888.60,,0.00,,307945.19,,,,,,56.61,5.06,57209.14,1,6,699,20409,B6,JetBlue Airways,B6,JetBlue Airways,06673,D,3,3,2024,3
77103.00,0.00,18.00,6636.00,1.00,0.00,179096.00,45.00,-290.00,0.00,316.00,22783.00,0.00,4204.00,7586.00,1015.00,298513.00,14227.00,594.00,15368.00,25468.00,0.00,4537.00,2889.00,0.00,0.00,0.00,0.00,63083.00,16311.00,79394.00,416.00,19687.00,8625.00,1814.00,0.00,-20.00,,0.00,,408430.00,,,,,,72.46,6.77,67498.00,1,6,888,19930,AS,Alaska Airlines Inc.,AS,Alaska Airlines Inc.,06031,D,3,3,2024,2
78744.00,0.00,10.00,6644.00,4.00,0.00,174693.00,44.00,-258.00,0.00,317.00,23273.00,0.00,4292.00,7363.00,1238.00,296365.00,16348.00,713.00,21033.00,25988.00,0.00,3928.00,2587.00,0.00,0.00,0.00,0.00,70597.00,17686.00,88284.00,453.00,19964.00,8718.00,1951.00,0.00,-16.00,,0.00,,415719.00,,,,,,74.11,6.93,70108.00,1,6,888,19930,AS,Alaska Airlines Inc.,AS,Alaska Airlines Inc.,06031,D,3,3,2024,3
79424.00,0.00,10070.00,,0.00,,115487.00,,,,,,,,9763.00,11575.00,226319.00,,,0.00,959.00,,3980.00,1326.00,8872.00,,,,15137.00,11926.00,27063.00,,58789.00,11305.00,934.00,21.00,,,,,324431.00,,,,,,34.08,9.20,54890.18,2,6,626,20107,FX,Federal Express Corporation,FX,Federal Express Corporation,06200,D,3,3,2024,4
81107.25,,6990.86,9003.13,,,101621.78,,7864.44,,,20928.39,-3.60,1908.93,5678.63,,235099.79,8242.45,9.33,8036.90,1725.90,,9953.48,770.26,,,,,28738.31,20066.38,48804.69,712.88,14621.21,7329.78,680.04,3482.14,,,,,310730.51,,,,,,61.61,5.50,44242.80,1,6,839,19977,UA,United Air Lines Inc.,UA,United Air Lines Inc.,0A875,D,3,3,2024,4
82333.00,0.00,1779.00,7077.00,3.00,0.00,163079.00,3.00,8977.00,116.00,874.00,22223.00,0.00,3816.00,0.00,303.00,290583.00,5477.00,2188.00,6746.00,16019.00,0.00,11982.00,5868.00,0.00,0.00,0.00,0.00,48280.00,19211.00,67491.00,654.00,16908.00,8749.00,419.00,1360.00,0.00,,1389.00,0.00,387553.00,,,,,,51.38,7.12,65122.05,1,6,622,19790,DL,Delta Air Lines Inc.,DL,Delta Air Lines Inc.,01260,D,3,3,2024,3
82738.00,0.00,3670.00,7715.00,1.00,0.00,140924.00,4.00,10616.00,6.00,1225.00,24687.00,0.00,4102.00,0.00,297.00,275985.00,6155.00,1922.00,12466.00,19911.00,0.00,13205.00,6305.00,0.00,0.00,0.00,0.00,59964.00,22530.00,82494.00,642.00,19703.00,10119.00,487.00,1515.00,0.00,,1659.00,0.00,392604.00,,,,,,59.63,5.07,53702.91,1,6,721,19790,DL,Delta Air Lines Inc.,DL,Delta Air Lines Inc.,01260,D,3,3,2024,2
83780.00,0.00,10.00,6659.00,1.00,0.00,162355.00,-37.00,-1189.00,0.00,259.00,12959.00,0.00,4567.00,6138.00,10049.00,285550.00,18417.00,735.00,22451.00,21351.00,0.00,3312.00,2652.00,0.00,0.00,0.00,0.00,68919.00,18620.00,87539.00,373.00,17987.00,8007.00,1601.00,0.00,-50.00,,0.00,,401007.00,,,,,,61.03,6.14,56425.00,1,6,888,19930,AS,Alaska Airlines Inc.,AS,Alaska Airlines Inc.,06031,D,3,3,2024,1
85435.00,0.00,14547.00,,0.00,,172528.00,,,,,,,,12240.00,13970.00,298720.00,,,114.00,805.00,,6873.00,1503.00,11259.00,,,,20554.00,15368.00,35922.00,,63896.00,12269.00,1015.00,132.00,,,,,411954.00,,,,,,41.27,9.91,65100.85,2,6,626,20107,FX,Federal Express Corporation,FX,Federal Express Corporation,06200,D,3,3,2024,1
85595.00,0.00,13456.00,,0.00,,169494.00,,,,,,,,12222.00,19636.00,300403.00,,,0.00,594.00,,6412.00,1250.00,14515.00,,,,22771.00,17051.00,39822.00,,64713.00,12463.00,1028.00,75.00,,,,,418504.00,,,,,,42.55,9.97,67925.67,2,6,626,20107,FX,Federal Express Corporation,FX,Federal Express Corporation,06200,D,3,3,2024,2
87678.32,,7618.25,10525.65,,,135785.10,,6876.90,,,22709.48,-63.55,4280.95,5968.01,,281379.12,7521.95,8.36,5684.76,457.65,,13222.78,-2835.75,,,,,24059.75,20600.43,44660.17,605.54,15970.69,7810.36,567.04,1538.28,,,,,352531.19,,,,,,71.38,6.07,51385.13,1,6,839,19977,UA,United Air Lines Inc.,UA,United Air Lines Inc.,0A875,D,3,3,2024,2
87777.00,0.00,11182.00,,0.00,,147709.00,,,,,,,,11592.00,17307.00,275567.00,,,0.00,922.00,,7887.00,1273.00,15338.00,,,,25420.00,17034.00,42454.00,,64070.00,12340.00,1012.00,69.00,,,,,395512.00,,,,,,40.77,9.62,65300.07,2,6,626,20107,FX,Federal Express Corporation,FX,Federal Express Corporation,06200,D,3,3,2024,3
89400.95,0.00,4142.68,7326.45,1204.77,0.00,194342.75,0.00,11651.20,7.39,238.85,24596.31,0.00,5966.83,5798.41,846.52,345523.12,8924.96,0.00,41452.26,21115.79,0.00,5767.82,267.72,0.00,0.00,0.00,0.00,77528.54,15877.97,93406.51,759.98,32722.97,11367.12,1922.16,859.36,5176.65,,0.00,,491737.85,,,,,,70.94,8.05,69557.18,1,6,694,20409,B6,JetBlue Airways,B6,JetBlue Airways,06673,D,3,3,2024,2
90901.00,0.00,2158.00,8588.00,3.00,0.00,142939.00,3.00,10894.00,141.00,1061.00,26968.00,0.00,4631.00,0.00,368.00,288655.00,6646.00,2656.00,8187.00,19439.00,0.00,14540.00,7121.00,0.00,0.00,0.00,0.00,58589.00,23313.00,81902.00,793.00,20518.00,10617.00,508.00,1650.00,0.00,,1686.00,0.00,406329.00,,,,,,62.35,5.18,57079.68,1,6,721,19790,DL,Delta Air Lines Inc.,DL,Delta Air Lines Inc.,01260,D,3,3,2024,3
91441.06,0.00,7021.82,6042.88,0.00,0.00,228097.18,245.56,30596.89,0.00,115.29,24271.57,0.00,5154.47,4665.49,0.00,397652.20,14356.21,3517.55,18422.07,24772.38,0.00,10396.62,16525.13,0.00,0.00,0.00,0.00,87989.96,33413.89,121403.85,1828.28,17822.88,3892.26,1864.01,0.00,1741.73,,2019.99,,548225.19,,,,,,37.99,3.30,87048.70,1,6,627,19805,AA,American Airlines Inc.,AA,American Airlines Inc.,10049,A,3,3,2024,2
91680.94,0.00,4326.26,6867.02,1187.91,0.00,192678.32,0.00,12031.21,14.12,237.60,28042.88,0.00,7697.25,5064.12,1032.05,350859.68,9266.06,0.00,34978.82,7071.17,0.00,4504.44,381.46,0.00,0.00,0.00,0.00,56201.95,15945.45,72147.40,695.45,32839.38,8956.03,1785.74,841.81,5602.57,,0.00,,473728.06,,,,,,70.19,7.84,66258.02,1,6,694,20409,B6,JetBlue Airways,B6,JetBlue Airways,06673,D,3,3,2024,1
92133.04,,7469.83,9929.06,,,132627.89,,11978.09,,,25420.06,,7894.10,4991.06,,292443.11,7953.93,11.60,1634.14,1001.56,,4898.02,2446.48,,,,,17945.73,22920.24,40865.98,40.42,17638.45,4875.53,8.66,43.68,,,,,355915.82,,,,,,71.55,6.39,47531.09,1,6,838,19977,UA,United Air Lines Inc.,UA,United Air Lines Inc.,0A875,D,3,3,2024,1
92399.77,,7375.71,10690.96,,,137912.96,,11323.21,,,23964.71,-61.53,4517.58,5512.38,,293635.75,7915.04,8.82,3082.23,482.95,,5032.37,-3144.68,,,,,13376.73,19157.73,32534.46,128.92,17640.65,4885.04,20.01,278.60,,,,,349123.43,,,,,,76.55,6.22,51900.77,1,6,838,19977,UA,United Air Lines Inc.,UA,United Air Lines Inc.,0A875,D,3,3,2024,2
92914.00,0.00,2873.00,8103.00,0.00,0.00,134425.00,3.00,11651.00,54.00,1352.00,28334.00,0.00,4703.00,0.00,472.00,284884.00,6827.00,3205.00,15678.00,18390.00,0.00,14361.00,3979.00,0.00,0.00,0.00,0.00,62440.00,25684.00,88124.00,860.00,21888.00,11715.00,484.00,1828.00,0.00,,1562.00,0.00,411345.00,,,,,,63.61,5.53,56982.94,1,6,721,19790,DL,Delta Air Lines Inc.,DL,Delta Air Lines Inc.,01260,D,3,3,2024,4
93368.52,0.00,5930.05,14965.58,0.00,0.00,118.02,0.00,63.39,292.62,345.39,12079.74,0.00,7856.32,5469.47,1450.86,141939.93,20187.27,0.00,5877.73,36322.66,0.00,9477.76,2658.62,0.00,0.00,0.00,0.00,74524.05,17323.26,91847.31,0.00,0.00,1913.66,3173.51,0.00,801.35,,0.00,,239675.76,,,,,,130.48,21.41,82698.51,1,6,673,20304,OO,SkyWest Airlines Inc.,OO,SkyWest Airlines Inc.,06700,D,3,3,2024,1
94244.21,0.00,2908.30,5838.07,1094.65,0.00,144400.70,0.00,8777.40,4.37,233.67,24285.38,0.00,3697.13,5093.83,467.36,291045.07,9915.09,0.00,35203.46,43456.84,0.00,6018.47,308.05,0.00,0.00,0.00,0.00,94901.91,15980.59,110882.50,902.33,31422.54,13114.46,1869.46,858.78,4021.55,,0.00,,454116.68,,,,,,83.81,9.87,60166.96,1,6,694,20409,B6,JetBlue Airways,B6,JetBlue Airways,06673,D,3,3,2024,4
95713.65,,8007.57,11382.75,,,136458.04,,14096.38,,,26679.19,,2771.58,6731.90,,301841.06,8224.06,11.27,6257.69,1428.85,,4237.86,3872.77,,,,,24032.49,20814.04,44846.53,796.69,16066.70,8272.99,776.16,2152.60,,,,,374752.72,,,,,,77.03,6.42,56312.86,1,6,839,19977,UA,United Air Lines Inc.,UA,United Air Lines Inc.,0A875,D,3,3,2024,3
96459.61,0.00,7428.53,6539.02,0.00,0.00,221775.09,307.64,31038.66,0.00,120.30,28840.09,0.00,2724.23,4367.57,0.00,399600.74,16047.94,3843.72,18749.09,30669.75,0.00,10652.77,15317.75,0.00,0.00,0.00,0.00,95281.02,36675.63,131956.65,2012.43,18722.34,4241.18,2070.87,0.00,1673.07,,2101.88,,562379.15,,,,,,39.37,3.34,91046.68,1,6,627,19805,AA,American Airlines Inc.,AA,American Airlines Inc.,10049,A,3,3,2024,3
96775.39,0.00,5080.80,11708.81,0.00,0.00,242.40,0.00,90.50,269.23,354.54,12465.04,0.00,7269.08,5170.84,1665.30,141091.93,20598.15,0.00,10589.92,40068.01,0.00,11241.32,2354.79,0.00,0.00,0.00,0.00,84852.18,17827.60,102679.78,0.00,0.00,1972.89,3046.51,0.00,767.59,,0.00,,249558.70,,,,,,142.12,21.68,88689.79,1,6,673,20304,OO,SkyWest Airlines Inc.,OO,SkyWest Airlines Inc.,06700,D,3,3,2024,2
97753.40,,8165.63,10672.90,,,171455.91,,534.80,,,26960.75,,8372.56,7359.04,,331274.99,8442.76,12.30,19812.87,4778.03,,22459.97,3692.02,,,,,59197.95,28334.94,87532.89,1229.13,20448.30,8703.66,1132.31,2590.68,,,,,452911.96,,,,,,75.14,8.31,61710.83,1,6,888,19977,UA,United Air Lines Inc.,UA,United Air Lines Inc.,0A875,D,3,3,2024,1
100238.75,0.00,4355.00,13372.23,0.00,0.00,177.91,0.00,99.99,335.25,388.91,13956.04,0.00,6143.78,4475.58,1616.83,145160.28,22431.31,0.00,11253.43,41179.88,0.00,13998.86,2444.71,0.00,0.00,0.00,0.00,91308.19,20150.26,111458.45,0.00,0.00,2131.57,2909.71,0.00,2138.14,,0.00,,263798.14,,,,,,151.26,23.18,92530.48,1,6,673,20304,OO,SkyWest Airlines Inc.,OO,SkyWest Airlines Inc.,06700,D,3,3,2024,4
101392.15,0.00,8111.41,16334.94,0.00,0.00,448.80,0.00,117.23,309.25,365.49,13086.81,0.00,6620.84,5156.51,1507.20,153450.63,21590.10,0.00,15846.23,41163.53,0.00,12254.40,3314.06,0.00,0.00,0.00,0.00,94168.32,18606.14,112774.45,0.00,0.00,1932.94,2932.90,0.00,1569.79,,0.00,,272660.70,,,,,,148.15,22.66,94222.09,1,6,673,20304,OO,SkyWest Airlines Inc.,OO,SkyWest Airlines Inc.,06700,D,3,3,2024,3
101660.76,,8242.27,11840.99,,,187845.68,,558.77,,,26360.32,-68.76,4969.17,8146.38,,349555.59,8710.67,9.71,32455.00,7341.76,,23418.36,-3044.81,,,,,68890.69,25849.82,94740.50,1178.23,22171.46,9257.51,864.71,2451.79,,,,,480219.79,,,,,,85.09,8.79,70947.97,1,6,888,19977,UA,United Air Lines Inc.,UA,United Air Lines Inc.,0A875,D,3,3,2024,2
104744.86,,8151.30,12074.39,,,176255.55,,5773.99,,,29231.24,,3036.70,8439.98,,347708.01,8988.52,12.35,32453.89,11534.95,,24816.89,5561.25,,,,,83367.84,27148.43,110516.27,1102.95,23971.81,9717.96,678.55,2205.89,,,,,495901.44,,,,,,86.66,9.39,73176.47,1,6,888,19977,UA,United Air Lines Inc.,UA,United Air Lines Inc.,0A875,D,3,3,2024,3
106587.45,0.00,8312.70,7186.55,0.00,0.00,172986.20,357.24,38173.70,0.00,141.65,28173.06,0.00,8646.90,3362.99,0.00,373928.43,17348.56,4245.40,22301.53,29848.35,0.00,13654.60,13801.18,0.00,0.00,0.00,0.00,101199.62,42957.50,144157.11,2238.27,21959.48,4583.73,2223.52,0.00,2239.18,,2258.57,,553588.29,,,,,,67.57,6.36,62087.52,1,6,721,19805,AA,American Airlines Inc.,AA,American Airlines Inc.,0A050,D,3,3,2024,1
108503.70,,8314.46,12425.59,,,150129.55,,16738.59,,,30287.56,,3146.43,6892.72,,336438.60,9308.64,12.79,3836.65,1622.10,,4122.87,4342.95,,,,,23246.00,23575.77,46821.78,147.26,21208.16,5883.55,35.82,408.47,,,,,410943.64,,,,,,89.87,7.69,61866.41,1,6,838,19977,UA,United Air Lines Inc.,UA,United Air Lines Inc.,0A875,D,3,3,2024,3
110308.21,0.00,8468.68,7287.87,0.00,0.00,174324.07,297.44,36934.23,0.00,139.10,29260.15,0.00,6213.36,3572.10,0.00,376805.20,17311.41,4243.16,22265.32,29814.06,0.00,12571.38,20005.80,0.00,0.00,0.00,0.00,106211.13,40304.29,146515.42,2205.38,21502.83,4693.60,2248.30,0.00,2102.54,,2435.51,,558508.77,,,,,,70.09,6.83,66466.04,1,6,721,19805,AA,American Airlines Inc.,AA,American Airlines Inc.,0A050,D,3,3,2024,2
112447.31,,8693.47,11878.28,,,141789.83,,10630.90,,,29060.22,-4.47,2650.65,7877.25,,325023.42,11412.41,12.96,3830.46,2396.51,,8800.11,865.02,,,,,27317.46,25834.55,53152.00,152.74,22817.45,6353.14,34.78,401.59,,,,,407935.11,,,,,,91.36,7.93,61373.16,1,6,838,19977,UA,United Air Lines Inc.,UA,United Air Lines Inc.,0A875,D,3,3,2024,4
113299.49,0.00,4058.88,8087.33,1344.08,0.00,211899.00,0.00,11154.37,10.08,288.22,33026.29,0.00,4058.74,7037.49,13422.50,407686.45,12229.97,0.00,47895.33,34932.36,0.00,7887.76,403.15,0.00,0.00,0.00,0.00,103348.58,18939.87,122288.45,1030.71,39340.19,14705.70,2310.41,1044.04,5879.04,,0.00,,594284.99,,,,,,83.81,9.87,81593.76,1,6,694,20409,B6,JetBlue Airways,B6,JetBlue Airways,06673,D,3,3,2024,3
113871.21,,9063.97,12186.78,,,177914.20,,4767.41,,,29416.46,-4.66,2683.14,2847.91,,352746.42,11560.82,13.12,41129.55,9434.57,,20695.18,1356.02,,,,,84189.26,29364.44,113553.69,1264.06,26956.39,10716.82,849.92,2512.97,,,,,508600.27,,,,,,94.29,10.36,77494.92,1,6,888,19977,UA,United Air Lines Inc.,UA,United Air Lines Inc.,0A875,D,3,3,2024,4
116492.09,,8477.59,11986.61,,,164692.93,,5111.44,,,30129.37,-293.95,2748.17,7540.10,,346884.35,11815.01,13.44,50285.70,3926.83,,6066.57,2409.23,,,,,74516.78,26466.37,100983.14,1843.48,17946.33,16242.66,127.22,1875.42,,,826.36,,486728.95,,,,,,91.51,10.83,71130.21,1,6,614,19977,UA,United Air Lines Inc.,UA,United Air Lines Inc.,0A875,D,3,3,2024,4
117309.16,0.00,9035.94,7944.62,0.00,0.00,169867.06,373.43,37844.01,0.00,146.54,35282.21,0.00,3311.25,3330.94,0.00,384445.16,19520.74,4679.36,22863.26,37331.93,0.00,13018.62,18619.62,0.00,0.00,0.00,0.00,116033.53,44662.13,160695.66,2452.32,22808.62,5170.14,2524.35,0.00,2036.93,,2558.62,,582691.79,,,,,,72.98,6.70,69830.55,1,6,721,19805,AA,American Airlines Inc.,AA,American Airlines Inc.,0A050,D,3,3,2024,3
120387.37,0.00,8866.69,7585.31,0.00,0.00,154305.67,302.95,38121.02,0.00,153.69,35769.80,0.00,4527.25,3052.90,0.00,373072.65,20442.25,4910.36,26624.80,34645.92,0.00,15906.35,17519.25,0.00,0.00,0.00,0.00,120048.92,48722.04,168770.96,2663.76,23918.23,5723.98,4871.05,0.00,1764.90,,3089.90,,583875.43,,,,,,72.59,6.85,67814.58,1,6,721,19805,AA,American Airlines Inc.,AA,American Airlines Inc.,0A050,D,3,3,2024,4
123007.62,,9137.93,13813.80,,,208751.27,,4462.71,,,31936.85,-152.69,6020.40,9723.23,,406701.11,10524.44,11.76,26364.54,6785.96,,2780.15,-2995.98,,,,,43470.88,25216.53,68687.41,2090.01,15606.07,15855.99,178.43,1961.43,,,1248.95,,512329.40,,,,,,98.20,10.63,78128.78,1,6,614,19977,UA,United Air Lines Inc.,UA,United Air Lines Inc.,0A875,D,3,3,2024,2
123729.07,,9449.98,13000.62,,,200507.37,,4412.97,,,34161.80,649.62,10608.81,8872.51,,405392.74,10672.90,15.59,28166.56,11752.75,,-4143.89,4573.37,,,,,51037.29,28303.31,79340.60,2372.40,13951.65,15023.27,279.57,2135.51,,,2488.39,,520984.14,,,,,,91.87,10.49,71459.84,1,6,614,19977,UA,United Air Lines Inc.,UA,United Air Lines Inc.,0A875,D,3,3,2024,1
124435.33,,8879.89,13840.64,,,193340.00,,5395.09,,,34771.86,,3612.28,9798.00,,394073.09,10663.07,14.69,31086.85,11994.14,,-1824.26,5585.20,,,,,57519.69,25855.91,83375.60,1886.00,17037.11,16477.20,128.88,1901.80,,,772.34,,515652.01,,,,,,97.83,10.97,78909.42,1,6,614,19977,UA,United Air Lines Inc.,UA,United Air Lines Inc.,0A875,D,3,3,2024,3
128233.00,0.00,6286.00,10394.00,1.00,0.00,221860.00,7.00,15705.00,45.00,1540.00,35918.00,0.00,6462.00,0.00,499.00,426950.00,7668.00,2576.00,18312.00,27908.00,0.00,19433.00,12253.00,0.00,0.00,0.00,0.00,88150.00,30524.00,118674.00,848.00,28892.00,14425.00,805.00,2166.00,0.00,,2918.00,0.00,595678.00,,,,,,80.18,10.46,80034.74,1,6,888,19790,DL,Delta Air Lines Inc.,DL,Delta Air Lines Inc.,01260,D,3,3,2024,1
150116.00,0.00,7557.00,12497.00,1.00,0.00,289037.00,9.00,18883.00,54.00,1851.00,43185.00,0.00,7769.00,0.00,601.00,531560.00,9220.00,3097.00,22017.00,33554.00,0.00,23365.00,14732.00,0.00,0.00,0.00,0.00,105985.00,36699.00,142684.00,1019.00,34737.00,17343.00,968.00,2604.00,0.00,,3508.00,0.00,734423.00,,,,,,96.40,10.89,104268.55,1,6,699,19790,DL,Delta Air Lines Inc.,DL,Delta Air Lines Inc.,01260,D,3,3,2024,1
157482.00,0.00,6682.00,14045.00,1.00,0.00,313054.00,7.00,19326.00,11.00,2230.00,44942.00,0.00,7467.00,0.00,541.00,565788.00,11205.00,3499.00,22694.00,36249.00,0.00,24040.00,11477.00,0.00,0.00,0.00,0.00,109164.00,41017.00,150181.00,1169.00,35870.00,18422.00,886.00,2758.00,0.00,,3020.00,0.00,778094.00,,,,,,108.55,11.10,119297.63,1,6,699,19790,DL,Delta Air Lines Inc.,DL,Delta Air Lines Inc.,01260,D,3,3,2024,2
157493.00,0.00,4522.00,12756.00,1.00,0.00,238072.00,5.00,18341.00,84.00,2129.00,44605.00,0.00,7404.00,0.00,744.00,486156.00,10747.00,5045.00,24682.00,28951.00,0.00,22608.00,6264.00,0.00,0.00,0.00,0.00,98297.00,40434.00,138731.00,1353.00,34457.00,18442.00,762.00,2877.00,0.00,,2459.00,0.00,685237.00,,,,,,100.13,12.72,100918.90,1,6,888,19790,DL,Delta Air Lines Inc.,DL,Delta Air Lines Inc.,01260,D,3,3,2024,4
165774.00,0.00,3741.00,14885.00,6.00,0.00,300911.00,5.00,18882.00,245.00,1838.00,46741.00,0.00,8027.00,0.00,638.00,561693.00,11519.00,4603.00,14189.00,33693.00,0.00,25201.00,12343.00,0.00,0.00,0.00,0.00,101548.00,40406.00,141954.00,1375.00,35561.00,18401.00,881.00,2860.00,0.00,,2922.00,0.00,765647.00,,,,,,108.07,11.24,120162.27,1,6,699,19790,DL,Delta Air Lines Inc.,DL,Delta Air Lines Inc.,01260,D,3,3,2024,3
166166.00,0.00,6887.00,14476.00,1.00,0.00,298970.00,7.00,19919.00,12.00,2299.00,46321.00,0.00,7696.00,0.00,557.00,563311.00,11549.00,3606.00,23390.00,37361.00,0.00,24777.00,11830.00,0.00,0.00,0.00,0.00,112513.00,42275.00,154788.00,1205.00,36971.00,18987.00,913.00,2842.00,0.00,,3113.00,0.00,782130.00,,,,,,111.88,12.91,113930.44,1,6,888,19790,DL,Delta Air Lines Inc.,DL,Delta Air Lines Inc.,01260,D,3,3,2024,2
167485.00,0.00,4946.00,13951.00,1.00,0.00,279890.00,6.00,20059.00,92.00,2328.00,48783.00,0.00,8097.00,0.00,813.00,546451.00,11754.00,5518.00,26994.00,31663.00,0.00,24725.00,6850.00,0.00,0.00,0.00,0.00,107504.00,44221.00,151725.00,1480.00,37685.00,20169.00,833.00,3147.00,0.00,,2689.00,0.00,764179.00,,,,,,109.51,11.25,118645.63,1,6,699,19790,DL,Delta Air Lines Inc.,DL,Delta Air Lines Inc.,01260,D,3,3,2024,4
174655.00,0.00,3871.00,15404.00,6.00,0.00,289098.00,6.00,19539.00,253.00,1902.00,48369.00,0.00,8307.00,0.00,660.00,562070.00,11920.00,4763.00,14683.00,34866.00,0.00,26079.00,12773.00,0.00,0.00,0.00,0.00,105084.00,41813.00,146897.00,1423.00,36800.00,19042.00,912.00,2960.00,0.00,,3024.00,0.00,773128.00,,,,,,111.84,13.38,115445.05,1,6,888,19790,DL,Delta Air Lines Inc.,DL,Delta Air Lines Inc.,01260,D,3,3,2024,3
210998.37,0.00,16501.38,14234.30,0.00,0.00,461752.22,703.58,75546.62,0.00,280.40,55833.40,0.00,17118.02,9035.08,0.00,862003.37,34322.73,8393.63,44090.50,59189.39,0.00,26945.16,27297.90,0.00,0.00,0.00,0.00,200239.30,84973.17,285212.47,4435.48,43426.22,9068.24,4404.32,0.00,4432.81,,4473.57,,1217456.49,,,,,,167.30,21.06,165660.50,1,6,614,19805,AA,American Airlines Inc.,AA,American Airlines Inc.,0A050,D,3,3,2024,1
214723.39,0.00,16762.33,14480.40,0.00,0.00,486873.36,718.41,76893.93,0.00,285.35,56777.70,0.00,17419.85,9489.18,0.00,894423.90,34942.22,8548.78,44907.04,60168.56,0.00,27477.04,27794.85,0.00,0.00,0.00,0.00,203838.49,86516.34,290354.83,4510.74,44222.34,9232.04,4480.29,0.00,4510.92,,4550.87,,1256285.94,,,,,,157.37,17.77,174714.83,1,6,699,19805,AA,American Airlines Inc.,AA,American Airlines Inc.,0A050,D,3,3,2024,1
214786.00,0.00,4967.00,13295.00,0.00,0.00,380378.00,704.00,22470.00,0.00,1864.00,44811.00,0.00,13813.00,16409.00,0.00,713497.00,34915.00,1659.00,40200.00,106593.00,0.00,22516.00,1664.00,0.00,0.00,0.00,0.00,207547.00,32121.00,239668.00,955.00,15352.00,33399.00,5090.00,0.00,1117.00,,0.00,0.00,1009078.00,,,,,,150.88,18.35,135949.15,1,6,614,19393,WN,Southwest Airlines Co.,WN,Southwest Airlines Co.,06725,D,3,3,2024,1
220658.34,0.00,16250.91,13901.41,0.00,0.00,388639.69,555.52,69872.78,0.00,281.69,65538.59,0.00,8297.54,7689.88,0.00,791686.34,37468.30,9000.58,48792.96,63509.27,0.00,29169.25,32115.12,0.00,0.00,0.00,0.00,220055.48,89307.41,309362.89,4882.62,43839.34,10491.81,8929.27,0.00,3234.46,,5662.94,,1178089.65,,,,,,153.24,18.78,170798.25,1,6,699,19805,AA,American Airlines Inc.,AA,American Airlines Inc.,0A050,D,3,3,2024,4
222490.65,0.00,17081.02,14696.13,0.00,0.00,487722.25,598.19,74576.72,0.00,280.73,59046.96,0.00,12538.47,9983.44,0.00,899014.54,34923.37,8557.23,44893.23,60194.01,0.00,25336.58,40294.18,0.00,0.00,0.00,0.00,214198.59,81316.09,295514.67,4450.95,43397.69,9473.31,4537.92,0.00,4243.31,,4916.87,,1265549.26,,,,,,162.94,18.20,185862.76,1,6,699,19805,AA,American Airlines Inc.,AA,American Airlines Inc.,0A050,D,3,3,2024,2
224476.60,0.00,17287.45,15217.15,0.00,0.00,448919.25,715.64,72256.51,0.00,280.02,67146.12,0.00,6339.73,8835.59,0.00,861474.06,37349.26,8946.50,43649.02,71390.32,0.00,24805.70,35647.07,0.00,0.00,0.00,0.00,221787.87,85372.90,307160.76,4684.61,43580.28,9872.97,4820.55,0.00,3894.23,,4891.80,,1240379.26,,,,,,160.26,18.77,184346.61,1,6,699,19805,AA,American Airlines Inc.,AA,American Airlines Inc.,0A050,D,3,3,2024,3
225037.11,0.00,17273.79,14862.64,0.00,0.00,474625.22,607.22,75443.14,0.00,283.92,59687.27,0.00,12673.73,9725.88,0.00,890219.92,35311.48,8655.23,45471.28,60768.04,0.00,25673.95,40871.71,0.00,0.00,0.00,0.00,216751.69,82235.08,298986.77,4500.99,43890.83,9577.54,4588.56,0.00,4293.25,,4970.16,,1261028.03,,,,,,178.65,22.03,180797.89,1,6,614,19805,AA,American Airlines Inc.,AA,American Airlines Inc.,0A050,D,3,3,2024,2
226203.26,0.00,16668.07,14264.63,0.00,0.00,384526.57,567.56,71624.67,0.00,288.81,67403.63,0.00,8507.75,7594.96,0.00,797649.91,38405.75,9222.72,50081.59,65021.10,0.00,29766.44,32895.68,0.00,0.00,0.00,0.00,225393.27,91487.43,316880.70,5003.55,44941.97,10751.81,9139.48,0.00,3318.91,,5809.85,,1193496.18,,,,,,169.95,22.63,169021.14,1,6,614,19805,AA,American Airlines Inc.,AA,American Airlines Inc.,0A050,D,3,3,2024,4
233128.32,0.00,17958.42,15781.14,0.00,0.00,450698.52,742.73,75194.44,0.00,291.16,70189.38,0.00,6578.51,8826.10,0.00,879388.72,38783.42,9297.17,45422.70,74147.02,0.00,25868.61,36992.43,0.00,0.00,0.00,0.00,230511.34,88714.27,319225.61,4872.32,45320.64,10273.16,5016.70,0.00,4046.99,,5085.43,,1273229.58,,,,,,180.95,23.50,185296.00,1,6,614,19805,AA,American Airlines Inc.,AA,American Airlines Inc.,0A050,D,3,3,2024,3
235750.00,0.00,3513.00,13467.00,0.00,0.00,396480.00,764.00,21824.00,0.00,1863.00,40933.00,0.00,6505.00,17755.00,0.00,738854.00,35159.00,1076.00,45927.00,50985.00,0.00,26725.00,2417.00,0.00,0.00,0.00,0.00,162289.00,37709.00,199998.00,2527.00,15373.00,33470.00,5229.00,0.00,1116.00,,0.00,0.00,996567.00,,,,,,162.83,18.37,149844.08,1,6,614,19393,WN,Southwest Airlines Co.,WN,Southwest Airlines Co.,06725,D,3,3,2024,2
240315.00,0.00,5557.00,14875.00,0.00,0.00,372098.00,689.00,38363.00,0.00,2086.00,50137.00,0.00,15455.00,16051.00,0.00,755626.00,4890.00,110.00,5629.00,7083.00,0.00,3153.00,1862.00,0.00,0.00,0.00,0.00,22727.00,35939.00,58666.00,1070.00,12263.00,37352.00,5116.00,2128.00,1216.00,,-106.00,0.00,873331.00,,,,,,168.81,19.72,132989.62,1,6,838,19393,WN,Southwest Airlines Co.,WN,Southwest Airlines Co.,06725,D,3,3,2024,1
255721.00,0.00,3966.00,14762.00,0.00,0.00,359050.00,778.00,20665.00,0.00,1908.00,26818.00,0.00,5389.00,16201.00,0.00,705258.00,38715.00,961.00,43389.00,52223.00,0.00,26105.00,-98.00,0.00,0.00,0.00,0.00,161295.00,38155.00,199450.00,332.00,21151.00,34138.00,5633.00,0.00,1130.00,,0.00,0.00,967092.00,,,,,,160.25,18.54,149159.26,1,6,614,19393,WN,Southwest Airlines Co.,WN,Southwest Airlines Co.,06725,D,3,3,2024,3
264556.00,0.00,3977.00,14715.00,0.00,0.00,323705.00,681.00,51160.00,0.00,2042.00,36690.00,0.00,8170.00,15139.00,0.00,720835.00,36695.00,1189.00,43346.00,52049.00,0.00,23952.00,1698.00,0.00,0.00,0.00,0.00,158929.00,40341.00,199270.00,-279.00,17053.00,33553.00,5996.00,0.00,1145.00,,0.00,0.00,977573.00,,,,,,157.46,18.66,142445.41,1,6,614,19393,WN,Southwest Airlines Co.,WN,Southwest Airlines Co.,06725,D,3,3,2024,4
268134.00,0.00,3996.00,15317.00,0.00,0.00,393809.00,759.00,39481.00,0.00,2119.00,46555.00,0.00,7398.00,17637.00,0.00,795205.00,4795.00,166.00,6265.00,7839.00,0.00,3646.00,2750.00,0.00,0.00,0.00,0.00,25461.00,42890.00,68351.00,2874.00,12324.00,37830.00,5428.00,2340.00,1237.00,,-109.00,0.00,925480.00,,,,,,185.20,19.93,148834.89,1,6,838,19393,WN,Southwest Airlines Co.,WN,Southwest Airlines Co.,06725,D,3,3,2024,2
295400.00,0.00,4583.00,17056.00,0.00,0.00,363804.00,789.00,39872.00,0.00,2204.00,30978.00,0.00,6225.00,16416.00,0.00,777327.00,5413.00,149.00,6067.00,8131.00,0.00,3651.00,-113.00,0.00,0.00,0.00,0.00,23298.00,44076.00,67374.00,383.00,21591.00,40379.00,6164.00,2376.00,1312.00,,-83.00,0.00,916823.00,,,,,,185.12,21.14,151134.48,1,6,838,19393,WN,Southwest Airlines Co.,WN,Southwest Airlines Co.,06725,D,3,3,2024,3
316869.00,0.00,4763.00,17625.00,0.00,0.00,341733.00,719.00,29117.00,0.00,2447.00,43944.00,0.00,9786.00,15982.00,0.00,782985.00,6694.00,196.00,7909.00,8564.00,0.00,4368.00,2033.00,0.00,0.00,0.00,0.00,29764.00,48319.00,78083.00,-335.00,19877.00,41795.00,6810.00,2452.00,1347.00,,-66.00,0.00,932948.00,,,,,,188.60,21.80,150378.78,1,6,838,19393,WN,Southwest Airlines Co.,WN,Southwest Airlines Co.,06725,D,3,3,2024,4
392393.00,0.00,9073.00,24290.00,0.00,0.00,665497.00,1231.00,12365.00,0.00,3406.00,81865.00,0.00,25235.00,28709.00,0.00,1244064.00,63974.00,600.00,73656.00,38516.00,0.00,41255.00,3039.00,0.00,0.00,0.00,0.00,221040.00,58682.00,279722.00,1746.00,38667.00,98736.00,10613.00,11604.00,2060.00,,9602.00,0.00,1696814.00,,,,,,275.64,33.96,237852.28,1,6,612,19393,WN,Southwest Airlines Co.,WN,Southwest Airlines Co.,06725,D,3,3,2024,1
427121.00,0.00,6365.00,24399.00,0.00,0.00,688074.00,1326.00,12924.00,0.00,3376.00,74161.00,0.00,11785.00,30813.00,0.00,1280344.00,63809.00,973.00,83354.00,46044.00,0.00,48503.00,4380.00,0.00,0.00,0.00,0.00,247063.00,68321.00,315384.00,4578.00,38545.00,93641.00,10776.00,14893.00,2039.00,,8582.00,0.00,1768782.00,,,,,,295.00,33.62,260048.12,1,6,612,19393,WN,Southwest Airlines Co.,WN,Southwest Airlines Co.,06725,D,3,3,2024,2
434594.00,0.00,6533.00,24174.00,0.00,0.00,510340.00,1074.00,7957.00,0.00,3356.00,60271.00,0.00,13422.00,23868.00,0.00,1085589.00,60761.00,971.00,71776.00,42501.00,0.00,39661.00,2789.00,0.00,0.00,0.00,0.00,218459.00,66268.00,284727.00,-459.00,34447.00,85305.00,11020.00,11429.00,1927.00,,8403.00,0.00,1522388.00,,,,,,258.67,31.84,224572.92,1,6,612,19393,WN,Southwest Airlines Co.,WN,Southwest Airlines Co.,06725,D,3,3,2024,4
442242.00,0.00,6859.00,25532.00,0.00,0.00,593907.00,1287.00,13077.00,0.00,3300.00,46378.00,0.00,9321.00,26799.00,0.00,1168702.00,67161.00,1203.00,75270.00,65391.00,0.00,45288.00,-170.00,0.00,0.00,0.00,0.00,254143.00,65986.00,320129.00,575.00,46677.00,91620.00,11113.00,12463.00,1987.00,,8166.00,0.00,1661432.00,,,,,,277.14,33.37,246725.58,1,6,612,19393,WN,Southwest Airlines Co.,WN,Southwest Airlines Co.,06725,D,3,3,2024,3
